date,start_hour,phase_index,road,green_seconds,amber_seconds
2017-07-01,0,0,North,46,3
2017-07-01,0,1,South,23,3
2017-07-01,0,2,East,23,3
2017-07-01,0,3,West,16,3
2017-07-01,0,4,North,46,3
2017-07-01,0,5,South,23,3
2017-07-01,0,6,East,23,3
2017-07-01,0,7,West,16,3
2017-07-01,0,8,North,46,3
2017-07-01,0,9,South,23,3
2017-07-01,0,10,East,23,3
2017-07-01,0,11,West,16,3
2017-07-01,0,12,North,46,3
2017-07-01,0,13,South,23,3
2017-07-01,0,14,East,23,3
2017-07-01,0,15,West,16,3
2017-07-01,0,16,North,46,3
2017-07-01,0,17,South,23,3
2017-07-01,0,18,East,23,3
2017-07-01,0,19,West,16,3
2017-07-01,0,20,North,46,3
2017-07-01,0,21,South,23,3
2017-07-01,0,22,East,23,3
2017-07-01,0,23,West,16,3
2017-07-01,0,24,North,46,3
2017-07-01,0,25,South,23,3
2017-07-01,0,26,East,23,3
2017-07-01,0,27,West,16,3
2017-07-01,0,28,North,46,3
2017-07-01,0,29,South,23,3
2017-07-01,0,30,East,23,3
2017-07-01,0,31,West,16,3
2017-07-01,0,32,North,46,3
2017-07-01,0,33,South,23,3
2017-07-01,0,34,East,23,3
2017-07-01,0,35,West,16,3
2017-07-01,0,36,North,46,3
2017-07-01,0,37,South,23,3
2017-07-01,0,38,East,23,3
2017-07-01,0,39,West,16,3
2017-07-01,0,40,North,46,3
2017-07-01,0,41,South,23,3
2017-07-01,0,42,East,23,3
2017-07-01,0,43,West,16,3
2017-07-01,0,44,North,46,3
2017-07-01,0,45,South,23,3
2017-07-01,0,46,East,23,3
2017-07-01,0,47,West,16,3
2017-07-01,0,48,North,46,3
2017-07-01,0,49,South,23,3
2017-07-01,0,50,East,23,3
2017-07-01,0,51,West,16,3
2017-07-01,0,52,North,46,3
2017-07-01,0,53,South,23,3
2017-07-01,0,54,East,23,3
2017-07-01,0,55,West,16,3
2017-07-01,0,56,North,46,3
2017-07-01,0,57,South,23,3
2017-07-01,0,58,East,23,3
2017-07-01,0,59,West,16,3
2017-07-01,0,60,North,46,3
2017-07-01,0,61,South,23,3
2017-07-01,0,62,East,23,3
2017-07-01,0,63,West,16,3
2017-07-01,0,64,North,46,3
2017-07-01,0,65,South,23,3
2017-07-01,0,66,East,23,3
2017-07-01,0,67,West,16,3
2017-07-01,0,68,North,46,3
2017-07-01,0,69,South,23,3
2017-07-01,0,70,East,23,3
2017-07-01,0,71,West,16,3
2017-07-01,0,72,North,46,3
2017-07-01,0,73,South,23,3
2017-07-01,0,74,East,23,3
2017-07-01,0,75,West,16,3
2017-07-01,0,76,North,46,3
2017-07-01,0,77,South,23,3
2017-07-01,0,78,East,23,3
2017-07-01,0,79,West,16,3
2017-07-01,0,80,North,46,3
2017-07-01,0,81,South,23,3
2017-07-01,0,82,East,23,3
2017-07-01,0,83,West,16,3
2017-07-01,0,84,North,46,3
2017-07-01,0,85,South,23,3
2017-07-01,0,86,East,23,3
2017-07-01,0,87,West,16,3
2017-07-01,0,88,North,46,3
2017-07-01,0,89,South,23,3
2017-07-01,0,90,East,23,3
2017-07-01,0,91,West,16,3
2017-07-01,0,92,North,46,3
2017-07-01,0,93,South,23,3
2017-07-01,0,94,East,23,3
2017-07-01,0,95,West,16,3
2017-07-01,0,96,North,46,3
2017-07-01,0,97,South,23,3
2017-07-01,0,98,East,23,3
2017-07-01,0,99,West,16,3
2017-07-01,0,100,North,46,3
2017-07-01,0,101,South,23,3
2017-07-01,0,102,East,23,3
2017-07-01,0,103,West,16,3
2017-07-01,0,104,North,46,3
2017-07-01,0,105,South,23,3
2017-07-01,0,106,East,23,3
2017-07-01,0,107,West,16,3
2017-07-01,0,108,North,46,3
2017-07-01,0,109,South,23,3
2017-07-01,0,110,East,23,3
2017-07-01,0,111,West,16,3
2017-07-01,0,112,North,46,3
2017-07-01,0,113,South,23,3
2017-07-01,0,114,East,23,3
2017-07-01,0,115,West,16,3
2017-07-01,0,116,North,46,3
2017-07-01,0,117,South,23,3
2017-07-01,0,118,East,23,3
2017-07-01,0,119,West,16,3
2017-07-01,1,120,North,48,3
2017-07-01,1,121,South,25,3
2017-07-01,1,122,East,19,3
2017-07-01,1,123,West,16,3
2017-07-01,1,124,North,48,3
2017-07-01,1,125,South,25,3
2017-07-01,1,126,East,19,3
2017-07-01,1,127,West,16,3
2017-07-01,1,128,North,48,3
2017-07-01,1,129,South,25,3
2017-07-01,1,130,East,19,3
2017-07-01,1,131,West,16,3
2017-07-01,1,132,North,48,3
2017-07-01,1,133,South,25,3
2017-07-01,1,134,East,19,3
2017-07-01,1,135,West,16,3
2017-07-01,1,136,North,48,3
2017-07-01,1,137,South,25,3
2017-07-01,1,138,East,19,3
2017-07-01,1,139,West,16,3
2017-07-01,1,140,North,48,3
2017-07-01,1,141,South,25,3
2017-07-01,1,142,East,19,3
2017-07-01,1,143,West,16,3
2017-07-01,1,144,North,48,3
2017-07-01,1,145,South,25,3
2017-07-01,1,146,East,19,3
2017-07-01,1,147,West,16,3
2017-07-01,1,148,North,48,3
2017-07-01,1,149,South,25,3
2017-07-01,1,150,East,19,3
2017-07-01,1,151,West,16,3
2017-07-01,1,152,North,48,3
2017-07-01,1,153,South,25,3
2017-07-01,1,154,East,19,3
2017-07-01,1,155,West,16,3
2017-07-01,1,156,North,48,3
2017-07-01,1,157,South,25,3
2017-07-01,1,158,East,19,3
2017-07-01,1,159,West,16,3
2017-07-01,1,160,North,48,3
2017-07-01,1,161,South,25,3
2017-07-01,1,162,East,19,3
2017-07-01,1,163,West,16,3
2017-07-01,1,164,North,48,3
2017-07-01,1,165,South,25,3
2017-07-01,1,166,East,19,3
2017-07-01,1,167,West,16,3
2017-07-01,1,168,North,48,3
2017-07-01,1,169,South,25,3
2017-07-01,1,170,East,19,3
2017-07-01,1,171,West,16,3
2017-07-01,1,172,North,48,3
2017-07-01,1,173,South,25,3
2017-07-01,1,174,East,19,3
2017-07-01,1,175,West,16,3
2017-07-01,1,176,North,48,3
2017-07-01,1,177,South,25,3
2017-07-01,1,178,East,19,3
2017-07-01,1,179,West,16,3
2017-07-01,1,180,North,48,3
2017-07-01,1,181,South,25,3
2017-07-01,1,182,East,19,3
2017-07-01,1,183,West,16,3
2017-07-01,1,184,North,48,3
2017-07-01,1,185,South,25,3
2017-07-01,1,186,East,19,3
2017-07-01,1,187,West,16,3
2017-07-01,1,188,North,48,3
2017-07-01,1,189,South,25,3
2017-07-01,1,190,East,19,3
2017-07-01,1,191,West,16,3
2017-07-01,1,192,North,48,3
2017-07-01,1,193,South,25,3
2017-07-01,1,194,East,19,3
2017-07-01,1,195,West,16,3
2017-07-01,1,196,North,48,3
2017-07-01,1,197,South,25,3
2017-07-01,1,198,East,19,3
2017-07-01,1,199,West,16,3
2017-07-01,1,200,North,48,3
2017-07-01,1,201,South,25,3
2017-07-01,1,202,East,19,3
2017-07-01,1,203,West,16,3
2017-07-01,1,204,North,48,3
2017-07-01,1,205,South,25,3
2017-07-01,1,206,East,19,3
2017-07-01,1,207,West,16,3
2017-07-01,1,208,North,48,3
2017-07-01,1,209,South,25,3
2017-07-01,1,210,East,19,3
2017-07-01,1,211,West,16,3
2017-07-01,1,212,North,48,3
2017-07-01,1,213,South,25,3
2017-07-01,1,214,East,19,3
2017-07-01,1,215,West,16,3
2017-07-01,1,216,North,48,3
2017-07-01,1,217,South,25,3
2017-07-01,1,218,East,19,3
2017-07-01,1,219,West,16,3
2017-07-01,1,220,North,48,3
2017-07-01,1,221,South,25,3
2017-07-01,1,222,East,19,3
2017-07-01,1,223,West,16,3
2017-07-01,1,224,North,48,3
2017-07-01,1,225,South,25,3
2017-07-01,1,226,East,19,3
2017-07-01,1,227,West,16,3
2017-07-01,1,228,North,48,3
2017-07-01,1,229,South,25,3
2017-07-01,1,230,East,19,3
2017-07-01,1,231,West,16,3
2017-07-01,1,232,North,48,3
2017-07-01,1,233,South,25,3
2017-07-01,1,234,East,19,3
2017-07-01,1,235,West,16,3
2017-07-01,1,236,North,48,3
2017-07-01,1,237,South,25,3
2017-07-01,1,238,East,19,3
2017-07-01,1,239,West,16,3
2017-07-01,2,240,North,47,3
2017-07-01,2,241,South,27,3
2017-07-01,2,242,East,18,3
2017-07-01,2,243,West,16,3
2017-07-01,2,244,North,47,3
2017-07-01,2,245,South,27,3
2017-07-01,2,246,East,18,3
2017-07-01,2,247,West,16,3
2017-07-01,2,248,North,47,3
2017-07-01,2,249,South,27,3
2017-07-01,2,250,East,18,3
2017-07-01,2,251,West,16,3
2017-07-01,2,252,North,47,3
2017-07-01,2,253,South,27,3
2017-07-01,2,254,East,18,3
2017-07-01,2,255,West,16,3
2017-07-01,2,256,North,47,3
2017-07-01,2,257,South,27,3
2017-07-01,2,258,East,18,3
2017-07-01,2,259,West,16,3
2017-07-01,2,260,North,47,3
2017-07-01,2,261,South,27,3
2017-07-01,2,262,East,18,3
2017-07-01,2,263,West,16,3
2017-07-01,2,264,North,47,3
2017-07-01,2,265,South,27,3
2017-07-01,2,266,East,18,3
2017-07-01,2,267,West,16,3
2017-07-01,2,268,North,47,3
2017-07-01,2,269,South,27,3
2017-07-01,2,270,East,18,3
2017-07-01,2,271,West,16,3
2017-07-01,2,272,North,47,3
2017-07-01,2,273,South,27,3
2017-07-01,2,274,East,18,3
2017-07-01,2,275,West,16,3
2017-07-01,2,276,North,47,3
2017-07-01,2,277,South,27,3
2017-07-01,2,278,East,18,3
2017-07-01,2,279,West,16,3
2017-07-01,2,280,North,47,3
2017-07-01,2,281,South,27,3
2017-07-01,2,282,East,18,3
2017-07-01,2,283,West,16,3
2017-07-01,2,284,North,47,3
2017-07-01,2,285,South,27,3
2017-07-01,2,286,East,18,3
2017-07-01,2,287,West,16,3
2017-07-01,2,288,North,47,3
2017-07-01,2,289,South,27,3
2017-07-01,2,290,East,18,3
2017-07-01,2,291,West,16,3
2017-07-01,2,292,North,47,3
2017-07-01,2,293,South,27,3
2017-07-01,2,294,East,18,3
2017-07-01,2,295,West,16,3
2017-07-01,2,296,North,47,3
2017-07-01,2,297,South,27,3
2017-07-01,2,298,East,18,3
2017-07-01,2,299,West,16,3
2017-07-01,2,300,North,47,3
2017-07-01,2,301,South,27,3
2017-07-01,2,302,East,18,3
2017-07-01,2,303,West,16,3
2017-07-01,2,304,North,47,3
2017-07-01,2,305,South,27,3
2017-07-01,2,306,East,18,3
2017-07-01,2,307,West,16,3
2017-07-01,2,308,North,47,3
2017-07-01,2,309,South,27,3
2017-07-01,2,310,East,18,3
2017-07-01,2,311,West,16,3
2017-07-01,2,312,North,47,3
2017-07-01,2,313,South,27,3
2017-07-01,2,314,East,18,3
2017-07-01,2,315,West,16,3
2017-07-01,2,316,North,47,3
2017-07-01,2,317,South,27,3
2017-07-01,2,318,East,18,3
2017-07-01,2,319,West,16,3
2017-07-01,2,320,North,47,3
2017-07-01,2,321,South,27,3
2017-07-01,2,322,East,18,3
2017-07-01,2,323,West,16,3
2017-07-01,2,324,North,47,3
2017-07-01,2,325,South,27,3
2017-07-01,2,326,East,18,3
2017-07-01,2,327,West,16,3
2017-07-01,2,328,North,47,3
2017-07-01,2,329,South,27,3
2017-07-01,2,330,East,18,3
2017-07-01,2,331,West,16,3
2017-07-01,2,332,North,47,3
2017-07-01,2,333,South,27,3
2017-07-01,2,334,East,18,3
2017-07-01,2,335,West,16,3
2017-07-01,2,336,North,47,3
2017-07-01,2,337,South,27,3
2017-07-01,2,338,East,18,3
2017-07-01,2,339,West,16,3
2017-07-01,2,340,North,47,3
2017-07-01,2,341,South,27,3
2017-07-01,2,342,East,18,3
2017-07-01,2,343,West,16,3
2017-07-01,2,344,North,47,3
2017-07-01,2,345,South,27,3
2017-07-01,2,346,East,18,3
2017-07-01,2,347,West,16,3
2017-07-01,2,348,North,47,3
2017-07-01,2,349,South,27,3
2017-07-01,2,350,East,18,3
2017-07-01,2,351,West,16,3
2017-07-01,2,352,North,47,3
2017-07-01,2,353,South,27,3
2017-07-01,2,354,East,18,3
2017-07-01,2,355,West,16,3
2017-07-01,2,356,North,47,3
2017-07-01,2,357,South,27,3
2017-07-01,2,358,East,18,3
2017-07-01,2,359,West,16,3
2017-07-01,3,360,North,47,3
2017-07-01,3,361,South,24,3
2017-07-01,3,362,East,20,3
2017-07-01,3,363,West,17,3
2017-07-01,3,364,North,47,3
2017-07-01,3,365,South,24,3
2017-07-01,3,366,East,20,3
2017-07-01,3,367,West,17,3
2017-07-01,3,368,North,47,3
2017-07-01,3,369,South,24,3
2017-07-01,3,370,East,20,3
2017-07-01,3,371,West,17,3
2017-07-01,3,372,North,47,3
2017-07-01,3,373,South,24,3
2017-07-01,3,374,East,20,3
2017-07-01,3,375,West,17,3
2017-07-01,3,376,North,47,3
2017-07-01,3,377,South,24,3
2017-07-01,3,378,East,20,3
2017-07-01,3,379,West,17,3
2017-07-01,3,380,North,47,3
2017-07-01,3,381,South,24,3
2017-07-01,3,382,East,20,3
2017-07-01,3,383,West,17,3
2017-07-01,3,384,North,47,3
2017-07-01,3,385,South,24,3
2017-07-01,3,386,East,20,3
2017-07-01,3,387,West,17,3
2017-07-01,3,388,North,47,3
2017-07-01,3,389,South,24,3
2017-07-01,3,390,East,20,3
2017-07-01,3,391,West,17,3
2017-07-01,3,392,North,47,3
2017-07-01,3,393,South,24,3
2017-07-01,3,394,East,20,3
2017-07-01,3,395,West,17,3
2017-07-01,3,396,North,47,3
2017-07-01,3,397,South,24,3
2017-07-01,3,398,East,20,3
2017-07-01,3,399,West,17,3
2017-07-01,3,400,North,47,3
2017-07-01,3,401,South,24,3
2017-07-01,3,402,East,20,3
2017-07-01,3,403,West,17,3
2017-07-01,3,404,North,47,3
2017-07-01,3,405,South,24,3
2017-07-01,3,406,East,20,3
2017-07-01,3,407,West,17,3
2017-07-01,3,408,North,47,3
2017-07-01,3,409,South,24,3
2017-07-01,3,410,East,20,3
2017-07-01,3,411,West,17,3
2017-07-01,3,412,North,47,3
2017-07-01,3,413,South,24,3
2017-07-01,3,414,East,20,3
2017-07-01,3,415,West,17,3
2017-07-01,3,416,North,47,3
2017-07-01,3,417,South,24,3
2017-07-01,3,418,East,20,3
2017-07-01,3,419,West,17,3
2017-07-01,3,420,North,47,3
2017-07-01,3,421,South,24,3
2017-07-01,3,422,East,20,3
2017-07-01,3,423,West,17,3
2017-07-01,3,424,North,47,3
2017-07-01,3,425,South,24,3
2017-07-01,3,426,East,20,3
2017-07-01,3,427,West,17,3
2017-07-01,3,428,North,47,3
2017-07-01,3,429,South,24,3
2017-07-01,3,430,East,20,3
2017-07-01,3,431,West,17,3
2017-07-01,3,432,North,47,3
2017-07-01,3,433,South,24,3
2017-07-01,3,434,East,20,3
2017-07-01,3,435,West,17,3
2017-07-01,3,436,North,47,3
2017-07-01,3,437,South,24,3
2017-07-01,3,438,East,20,3
2017-07-01,3,439,West,17,3
2017-07-01,3,440,North,47,3
2017-07-01,3,441,South,24,3
2017-07-01,3,442,East,20,3
2017-07-01,3,443,West,17,3
2017-07-01,3,444,North,47,3
2017-07-01,3,445,South,24,3
2017-07-01,3,446,East,20,3
2017-07-01,3,447,West,17,3
2017-07-01,3,448,North,47,3
2017-07-01,3,449,South,24,3
2017-07-01,3,450,East,20,3
2017-07-01,3,451,West,17,3
2017-07-01,3,452,North,47,3
2017-07-01,3,453,South,24,3
2017-07-01,3,454,East,20,3
2017-07-01,3,455,West,17,3
2017-07-01,3,456,North,47,3
2017-07-01,3,457,South,24,3
2017-07-01,3,458,East,20,3
2017-07-01,3,459,West,17,3
2017-07-01,3,460,North,47,3
2017-07-01,3,461,South,24,3
2017-07-01,3,462,East,20,3
2017-07-01,3,463,West,17,3
2017-07-01,3,464,North,47,3
2017-07-01,3,465,South,24,3
2017-07-01,3,466,East,20,3
2017-07-01,3,467,West,17,3
2017-07-01,3,468,North,47,3
2017-07-01,3,469,South,24,3
2017-07-01,3,470,East,20,3
2017-07-01,3,471,West,17,3
2017-07-01,3,472,North,47,3
2017-07-01,3,473,South,24,3
2017-07-01,3,474,East,20,3
2017-07-01,3,475,West,17,3
2017-07-01,3,476,North,47,3
2017-07-01,3,477,South,24,3
2017-07-01,3,478,East,20,3
2017-07-01,3,479,West,17,3
2017-07-01,4,480,North,46,3
2017-07-01,4,481,South,25,3
2017-07-01,4,482,East,20,3
2017-07-01,4,483,West,17,3
2017-07-01,4,484,North,46,3
2017-07-01,4,485,South,25,3
2017-07-01,4,486,East,20,3
2017-07-01,4,487,West,17,3
2017-07-01,4,488,North,46,3
2017-07-01,4,489,South,25,3
2017-07-01,4,490,East,20,3
2017-07-01,4,491,West,17,3
2017-07-01,4,492,North,46,3
2017-07-01,4,493,South,25,3
2017-07-01,4,494,East,20,3
2017-07-01,4,495,West,17,3
2017-07-01,4,496,North,46,3
2017-07-01,4,497,South,25,3
2017-07-01,4,498,East,20,3
2017-07-01,4,499,West,17,3
2017-07-01,4,500,North,46,3
2017-07-01,4,501,South,25,3
2017-07-01,4,502,East,20,3
2017-07-01,4,503,West,17,3
2017-07-01,4,504,North,46,3
2017-07-01,4,505,South,25,3
2017-07-01,4,506,East,20,3
2017-07-01,4,507,West,17,3
2017-07-01,4,508,North,46,3
2017-07-01,4,509,South,25,3
2017-07-01,4,510,East,20,3
2017-07-01,4,511,West,17,3
2017-07-01,4,512,North,46,3
2017-07-01,4,513,South,25,3
2017-07-01,4,514,East,20,3
2017-07-01,4,515,West,17,3
2017-07-01,4,516,North,46,3
2017-07-01,4,517,South,25,3
2017-07-01,4,518,East,20,3
2017-07-01,4,519,West,17,3
2017-07-01,4,520,North,46,3
2017-07-01,4,521,South,25,3
2017-07-01,4,522,East,20,3
2017-07-01,4,523,West,17,3
2017-07-01,4,524,North,46,3
2017-07-01,4,525,South,25,3
2017-07-01,4,526,East,20,3
2017-07-01,4,527,West,17,3
2017-07-01,4,528,North,46,3
2017-07-01,4,529,South,25,3
2017-07-01,4,530,East,20,3
2017-07-01,4,531,West,17,3
2017-07-01,4,532,North,46,3
2017-07-01,4,533,South,25,3
2017-07-01,4,534,East,20,3
2017-07-01,4,535,West,17,3
2017-07-01,4,536,North,46,3
2017-07-01,4,537,South,25,3
2017-07-01,4,538,East,20,3
2017-07-01,4,539,West,17,3
2017-07-01,4,540,North,46,3
2017-07-01,4,541,South,25,3
2017-07-01,4,542,East,20,3
2017-07-01,4,543,West,17,3
2017-07-01,4,544,North,46,3
2017-07-01,4,545,South,25,3
2017-07-01,4,546,East,20,3
2017-07-01,4,547,West,17,3
2017-07-01,4,548,North,46,3
2017-07-01,4,549,South,25,3
2017-07-01,4,550,East,20,3
2017-07-01,4,551,West,17,3
2017-07-01,4,552,North,46,3
2017-07-01,4,553,South,25,3
2017-07-01,4,554,East,20,3
2017-07-01,4,555,West,17,3
2017-07-01,4,556,North,46,3
2017-07-01,4,557,South,25,3
2017-07-01,4,558,East,20,3
2017-07-01,4,559,West,17,3
2017-07-01,4,560,North,46,3
2017-07-01,4,561,South,25,3
2017-07-01,4,562,East,20,3
2017-07-01,4,563,West,17,3
2017-07-01,4,564,North,46,3
2017-07-01,4,565,South,25,3
2017-07-01,4,566,East,20,3
2017-07-01,4,567,West,17,3
2017-07-01,4,568,North,46,3
2017-07-01,4,569,South,25,3
2017-07-01,4,570,East,20,3
2017-07-01,4,571,West,17,3
2017-07-01,4,572,North,46,3
2017-07-01,4,573,South,25,3
2017-07-01,4,574,East,20,3
2017-07-01,4,575,West,17,3
2017-07-01,4,576,North,46,3
2017-07-01,4,577,South,25,3
2017-07-01,4,578,East,20,3
2017-07-01,4,579,West,17,3
2017-07-01,4,580,North,46,3
2017-07-01,4,581,South,25,3
2017-07-01,4,582,East,20,3
2017-07-01,4,583,West,17,3
2017-07-01,4,584,North,46,3
2017-07-01,4,585,South,25,3
2017-07-01,4,586,East,20,3
2017-07-01,4,587,West,17,3
2017-07-01,4,588,North,46,3
2017-07-01,4,589,South,25,3
2017-07-01,4,590,East,20,3
2017-07-01,4,591,West,17,3
2017-07-01,4,592,North,46,3
2017-07-01,4,593,South,25,3
2017-07-01,4,594,East,20,3
2017-07-01,4,595,West,17,3
2017-07-01,4,596,North,46,3
2017-07-01,4,597,South,25,3
2017-07-01,4,598,East,20,3
2017-07-01,4,599,West,17,3
2017-07-01,5,600,North,44,3
2017-07-01,5,601,South,26,3
2017-07-01,5,602,East,20,3
2017-07-01,5,603,West,18,3
2017-07-01,5,604,North,44,3
2017-07-01,5,605,South,26,3
2017-07-01,5,606,East,20,3
2017-07-01,5,607,West,18,3
2017-07-01,5,608,North,44,3
2017-07-01,5,609,South,26,3
2017-07-01,5,610,East,20,3
2017-07-01,5,611,West,18,3
2017-07-01,5,612,North,44,3
2017-07-01,5,613,South,26,3
2017-07-01,5,614,East,20,3
2017-07-01,5,615,West,18,3
2017-07-01,5,616,North,44,3
2017-07-01,5,617,South,26,3
2017-07-01,5,618,East,20,3
2017-07-01,5,619,West,18,3
2017-07-01,5,620,North,44,3
2017-07-01,5,621,South,26,3
2017-07-01,5,622,East,20,3
2017-07-01,5,623,West,18,3
2017-07-01,5,624,North,44,3
2017-07-01,5,625,South,26,3
2017-07-01,5,626,East,20,3
2017-07-01,5,627,West,18,3
2017-07-01,5,628,North,44,3
2017-07-01,5,629,South,26,3
2017-07-01,5,630,East,20,3
2017-07-01,5,631,West,18,3
2017-07-01,5,632,North,44,3
2017-07-01,5,633,South,26,3
2017-07-01,5,634,East,20,3
2017-07-01,5,635,West,18,3
2017-07-01,5,636,North,44,3
2017-07-01,5,637,South,26,3
2017-07-01,5,638,East,20,3
2017-07-01,5,639,West,18,3
2017-07-01,5,640,North,44,3
2017-07-01,5,641,South,26,3
2017-07-01,5,642,East,20,3
2017-07-01,5,643,West,18,3
2017-07-01,5,644,North,44,3
2017-07-01,5,645,South,26,3
2017-07-01,5,646,East,20,3
2017-07-01,5,647,West,18,3
2017-07-01,5,648,North,44,3
2017-07-01,5,649,South,26,3
2017-07-01,5,650,East,20,3
2017-07-01,5,651,West,18,3
2017-07-01,5,652,North,44,3
2017-07-01,5,653,South,26,3
2017-07-01,5,654,East,20,3
2017-07-01,5,655,West,18,3
2017-07-01,5,656,North,44,3
2017-07-01,5,657,South,26,3
2017-07-01,5,658,East,20,3
2017-07-01,5,659,West,18,3
2017-07-01,5,660,North,44,3
2017-07-01,5,661,South,26,3
2017-07-01,5,662,East,20,3
2017-07-01,5,663,West,18,3
2017-07-01,5,664,North,44,3
2017-07-01,5,665,South,26,3
2017-07-01,5,666,East,20,3
2017-07-01,5,667,West,18,3
2017-07-01,5,668,North,44,3
2017-07-01,5,669,South,26,3
2017-07-01,5,670,East,20,3
2017-07-01,5,671,West,18,3
2017-07-01,5,672,North,44,3
2017-07-01,5,673,South,26,3
2017-07-01,5,674,East,20,3
2017-07-01,5,675,West,18,3
2017-07-01,5,676,North,44,3
2017-07-01,5,677,South,26,3
2017-07-01,5,678,East,20,3
2017-07-01,5,679,West,18,3
2017-07-01,5,680,North,44,3
2017-07-01,5,681,South,26,3
2017-07-01,5,682,East,20,3
2017-07-01,5,683,West,18,3
2017-07-01,5,684,North,44,3
2017-07-01,5,685,South,26,3
2017-07-01,5,686,East,20,3
2017-07-01,5,687,West,18,3
2017-07-01,5,688,North,44,3
2017-07-01,5,689,South,26,3
2017-07-01,5,690,East,20,3
2017-07-01,5,691,West,18,3
2017-07-01,5,692,North,44,3
2017-07-01,5,693,South,26,3
2017-07-01,5,694,East,20,3
2017-07-01,5,695,West,18,3
2017-07-01,5,696,North,44,3
2017-07-01,5,697,South,26,3
2017-07-01,5,698,East,20,3
2017-07-01,5,699,West,18,3
2017-07-01,5,700,North,44,3
2017-07-01,5,701,South,26,3
2017-07-01,5,702,East,20,3
2017-07-01,5,703,West,18,3
2017-07-01,5,704,North,44,3
2017-07-01,5,705,South,26,3
2017-07-01,5,706,East,20,3
2017-07-01,5,707,West,18,3
2017-07-01,5,708,North,44,3
2017-07-01,5,709,South,26,3
2017-07-01,5,710,East,20,3
2017-07-01,5,711,West,18,3
2017-07-01,5,712,North,44,3
2017-07-01,5,713,South,26,3
2017-07-01,5,714,East,20,3
2017-07-01,5,715,West,18,3
2017-07-01,5,716,North,44,3
2017-07-01,5,717,South,26,3
2017-07-01,5,718,East,20,3
2017-07-01,5,719,West,18,3
2017-07-01,6,720,North,47,3
2017-07-01,6,721,South,24,3
2017-07-01,6,722,East,20,3
2017-07-01,6,723,West,17,3
2017-07-01,6,724,North,47,3
2017-07-01,6,725,South,24,3
2017-07-01,6,726,East,20,3
2017-07-01,6,727,West,17,3
2017-07-01,6,728,North,47,3
2017-07-01,6,729,South,24,3
2017-07-01,6,730,East,20,3
2017-07-01,6,731,West,17,3
2017-07-01,6,732,North,47,3
2017-07-01,6,733,South,24,3
2017-07-01,6,734,East,20,3
2017-07-01,6,735,West,17,3
2017-07-01,6,736,North,47,3
2017-07-01,6,737,South,24,3
2017-07-01,6,738,East,20,3
2017-07-01,6,739,West,17,3
2017-07-01,6,740,North,47,3
2017-07-01,6,741,South,24,3
2017-07-01,6,742,East,20,3
2017-07-01,6,743,West,17,3
2017-07-01,6,744,North,47,3
2017-07-01,6,745,South,24,3
2017-07-01,6,746,East,20,3
2017-07-01,6,747,West,17,3
2017-07-01,6,748,North,47,3
2017-07-01,6,749,South,24,3
2017-07-01,6,750,East,20,3
2017-07-01,6,751,West,17,3
2017-07-01,6,752,North,47,3
2017-07-01,6,753,South,24,3
2017-07-01,6,754,East,20,3
2017-07-01,6,755,West,17,3
2017-07-01,6,756,North,47,3
2017-07-01,6,757,South,24,3
2017-07-01,6,758,East,20,3
2017-07-01,6,759,West,17,3
2017-07-01,6,760,North,47,3
2017-07-01,6,761,South,24,3
2017-07-01,6,762,East,20,3
2017-07-01,6,763,West,17,3
2017-07-01,6,764,North,47,3
2017-07-01,6,765,South,24,3
2017-07-01,6,766,East,20,3
2017-07-01,6,767,West,17,3
2017-07-01,6,768,North,47,3
2017-07-01,6,769,South,24,3
2017-07-01,6,770,East,20,3
2017-07-01,6,771,West,17,3
2017-07-01,6,772,North,47,3
2017-07-01,6,773,South,24,3
2017-07-01,6,774,East,20,3
2017-07-01,6,775,West,17,3
2017-07-01,6,776,North,47,3
2017-07-01,6,777,South,24,3
2017-07-01,6,778,East,20,3
2017-07-01,6,779,West,17,3
2017-07-01,6,780,North,47,3
2017-07-01,6,781,South,24,3
2017-07-01,6,782,East,20,3
2017-07-01,6,783,West,17,3
2017-07-01,6,784,North,47,3
2017-07-01,6,785,South,24,3
2017-07-01,6,786,East,20,3
2017-07-01,6,787,West,17,3
2017-07-01,6,788,North,47,3
2017-07-01,6,789,South,24,3
2017-07-01,6,790,East,20,3
2017-07-01,6,791,West,17,3
2017-07-01,6,792,North,47,3
2017-07-01,6,793,South,24,3
2017-07-01,6,794,East,20,3
2017-07-01,6,795,West,17,3
2017-07-01,6,796,North,47,3
2017-07-01,6,797,South,24,3
2017-07-01,6,798,East,20,3
2017-07-01,6,799,West,17,3
2017-07-01,6,800,North,47,3
2017-07-01,6,801,South,24,3
2017-07-01,6,802,East,20,3
2017-07-01,6,803,West,17,3
2017-07-01,6,804,North,47,3
2017-07-01,6,805,South,24,3
2017-07-01,6,806,East,20,3
2017-07-01,6,807,West,17,3
2017-07-01,6,808,North,47,3
2017-07-01,6,809,South,24,3
2017-07-01,6,810,East,20,3
2017-07-01,6,811,West,17,3
2017-07-01,6,812,North,47,3
2017-07-01,6,813,South,24,3
2017-07-01,6,814,East,20,3
2017-07-01,6,815,West,17,3
2017-07-01,6,816,North,47,3
2017-07-01,6,817,South,24,3
2017-07-01,6,818,East,20,3
2017-07-01,6,819,West,17,3
2017-07-01,6,820,North,47,3
2017-07-01,6,821,South,24,3
2017-07-01,6,822,East,20,3
2017-07-01,6,823,West,17,3
2017-07-01,6,824,North,47,3
2017-07-01,6,825,South,24,3
2017-07-01,6,826,East,20,3
2017-07-01,6,827,West,17,3
2017-07-01,6,828,North,47,3
2017-07-01,6,829,South,24,3
2017-07-01,6,830,East,20,3
2017-07-01,6,831,West,17,3
2017-07-01,6,832,North,47,3
2017-07-01,6,833,South,24,3
2017-07-01,6,834,East,20,3
2017-07-01,6,835,West,17,3
2017-07-01,6,836,North,47,3
2017-07-01,6,837,South,24,3
2017-07-01,6,838,East,20,3
2017-07-01,6,839,West,17,3
2017-07-01,7,840,North,47,3
2017-07-01,7,841,South,22,3
2017-07-01,7,842,East,21,3
2017-07-01,7,843,West,18,3
2017-07-01,7,844,North,47,3
2017-07-01,7,845,South,22,3
2017-07-01,7,846,East,21,3
2017-07-01,7,847,West,18,3
2017-07-01,7,848,North,47,3
2017-07-01,7,849,South,22,3
2017-07-01,7,850,East,21,3
2017-07-01,7,851,West,18,3
2017-07-01,7,852,North,47,3
2017-07-01,7,853,South,22,3
2017-07-01,7,854,East,21,3
2017-07-01,7,855,West,18,3
2017-07-01,7,856,North,47,3
2017-07-01,7,857,South,22,3
2017-07-01,7,858,East,21,3
2017-07-01,7,859,West,18,3
2017-07-01,7,860,North,47,3
2017-07-01,7,861,South,22,3
2017-07-01,7,862,East,21,3
2017-07-01,7,863,West,18,3
2017-07-01,7,864,North,47,3
2017-07-01,7,865,South,22,3
2017-07-01,7,866,East,21,3
2017-07-01,7,867,West,18,3
2017-07-01,7,868,North,47,3
2017-07-01,7,869,South,22,3
2017-07-01,7,870,East,21,3
2017-07-01,7,871,West,18,3
2017-07-01,7,872,North,47,3
2017-07-01,7,873,South,22,3
2017-07-01,7,874,East,21,3
2017-07-01,7,875,West,18,3
2017-07-01,7,876,North,47,3
2017-07-01,7,877,South,22,3
2017-07-01,7,878,East,21,3
2017-07-01,7,879,West,18,3
2017-07-01,7,880,North,47,3
2017-07-01,7,881,South,22,3
2017-07-01,7,882,East,21,3
2017-07-01,7,883,West,18,3
2017-07-01,7,884,North,47,3
2017-07-01,7,885,South,22,3
2017-07-01,7,886,East,21,3
2017-07-01,7,887,West,18,3
2017-07-01,7,888,North,47,3
2017-07-01,7,889,South,22,3
2017-07-01,7,890,East,21,3
2017-07-01,7,891,West,18,3
2017-07-01,7,892,North,47,3
2017-07-01,7,893,South,22,3
2017-07-01,7,894,East,21,3
2017-07-01,7,895,West,18,3
2017-07-01,7,896,North,47,3
2017-07-01,7,897,South,22,3
2017-07-01,7,898,East,21,3
2017-07-01,7,899,West,18,3
2017-07-01,7,900,North,47,3
2017-07-01,7,901,South,22,3
2017-07-01,7,902,East,21,3
2017-07-01,7,903,West,18,3
2017-07-01,7,904,North,47,3
2017-07-01,7,905,South,22,3
2017-07-01,7,906,East,21,3
2017-07-01,7,907,West,18,3
2017-07-01,7,908,North,47,3
2017-07-01,7,909,South,22,3
2017-07-01,7,910,East,21,3
2017-07-01,7,911,West,18,3
2017-07-01,7,912,North,47,3
2017-07-01,7,913,South,22,3
2017-07-01,7,914,East,21,3
2017-07-01,7,915,West,18,3
2017-07-01,7,916,North,47,3
2017-07-01,7,917,South,22,3
2017-07-01,7,918,East,21,3
2017-07-01,7,919,West,18,3
2017-07-01,7,920,North,47,3
2017-07-01,7,921,South,22,3
2017-07-01,7,922,East,21,3
2017-07-01,7,923,West,18,3
2017-07-01,7,924,North,47,3
2017-07-01,7,925,South,22,3
2017-07-01,7,926,East,21,3
2017-07-01,7,927,West,18,3
2017-07-01,7,928,North,47,3
2017-07-01,7,929,South,22,3
2017-07-01,7,930,East,21,3
2017-07-01,7,931,West,18,3
2017-07-01,7,932,North,47,3
2017-07-01,7,933,South,22,3
2017-07-01,7,934,East,21,3
2017-07-01,7,935,West,18,3
2017-07-01,7,936,North,47,3
2017-07-01,7,937,South,22,3
2017-07-01,7,938,East,21,3
2017-07-01,7,939,West,18,3
2017-07-01,7,940,North,47,3
2017-07-01,7,941,South,22,3
2017-07-01,7,942,East,21,3
2017-07-01,7,943,West,18,3
2017-07-01,7,944,North,47,3
2017-07-01,7,945,South,22,3
2017-07-01,7,946,East,21,3
2017-07-01,7,947,West,18,3
2017-07-01,7,948,North,47,3
2017-07-01,7,949,South,22,3
2017-07-01,7,950,East,21,3
2017-07-01,7,951,West,18,3
2017-07-01,7,952,North,47,3
2017-07-01,7,953,South,22,3
2017-07-01,7,954,East,21,3
2017-07-01,7,955,West,18,3
2017-07-01,7,956,North,47,3
2017-07-01,7,957,South,22,3
2017-07-01,7,958,East,21,3
2017-07-01,7,959,West,18,3
2017-07-01,8,960,North,47,3
2017-07-01,8,961,South,23,3
2017-07-01,8,962,East,20,3
2017-07-01,8,963,West,18,3
2017-07-01,8,964,North,47,3
2017-07-01,8,965,South,23,3
2017-07-01,8,966,East,20,3
2017-07-01,8,967,West,18,3
2017-07-01,8,968,North,47,3
2017-07-01,8,969,South,23,3
2017-07-01,8,970,East,20,3
2017-07-01,8,971,West,18,3
2017-07-01,8,972,North,47,3
2017-07-01,8,973,South,23,3
2017-07-01,8,974,East,20,3
2017-07-01,8,975,West,18,3
2017-07-01,8,976,North,47,3
2017-07-01,8,977,South,23,3
2017-07-01,8,978,East,20,3
2017-07-01,8,979,West,18,3
2017-07-01,8,980,North,47,3
2017-07-01,8,981,South,23,3
2017-07-01,8,982,East,20,3
2017-07-01,8,983,West,18,3
2017-07-01,8,984,North,47,3
2017-07-01,8,985,South,23,3
2017-07-01,8,986,East,20,3
2017-07-01,8,987,West,18,3
2017-07-01,8,988,North,47,3
2017-07-01,8,989,South,23,3
2017-07-01,8,990,East,20,3
2017-07-01,8,991,West,18,3
2017-07-01,8,992,North,47,3
2017-07-01,8,993,South,23,3
2017-07-01,8,994,East,20,3
2017-07-01,8,995,West,18,3
2017-07-01,8,996,North,47,3
2017-07-01,8,997,South,23,3
2017-07-01,8,998,East,20,3
2017-07-01,8,999,West,18,3
2017-07-01,8,1000,North,47,3
2017-07-01,8,1001,South,23,3
2017-07-01,8,1002,East,20,3
2017-07-01,8,1003,West,18,3
2017-07-01,8,1004,North,47,3
2017-07-01,8,1005,South,23,3
2017-07-01,8,1006,East,20,3
2017-07-01,8,1007,West,18,3
2017-07-01,8,1008,North,47,3
2017-07-01,8,1009,South,23,3
2017-07-01,8,1010,East,20,3
2017-07-01,8,1011,West,18,3
2017-07-01,8,1012,North,47,3
2017-07-01,8,1013,South,23,3
2017-07-01,8,1014,East,20,3
2017-07-01,8,1015,West,18,3
2017-07-01,8,1016,North,47,3
2017-07-01,8,1017,South,23,3
2017-07-01,8,1018,East,20,3
2017-07-01,8,1019,West,18,3
2017-07-01,8,1020,North,47,3
2017-07-01,8,1021,South,23,3
2017-07-01,8,1022,East,20,3
2017-07-01,8,1023,West,18,3
2017-07-01,8,1024,North,47,3
2017-07-01,8,1025,South,23,3
2017-07-01,8,1026,East,20,3
2017-07-01,8,1027,West,18,3
2017-07-01,8,1028,North,47,3
2017-07-01,8,1029,South,23,3
2017-07-01,8,1030,East,20,3
2017-07-01,8,1031,West,18,3
2017-07-01,8,1032,North,47,3
2017-07-01,8,1033,South,23,3
2017-07-01,8,1034,East,20,3
2017-07-01,8,1035,West,18,3
2017-07-01,8,1036,North,47,3
2017-07-01,8,1037,South,23,3
2017-07-01,8,1038,East,20,3
2017-07-01,8,1039,West,18,3
2017-07-01,8,1040,North,47,3
2017-07-01,8,1041,South,23,3
2017-07-01,8,1042,East,20,3
2017-07-01,8,1043,West,18,3
2017-07-01,8,1044,North,47,3
2017-07-01,8,1045,South,23,3
2017-07-01,8,1046,East,20,3
2017-07-01,8,1047,West,18,3
2017-07-01,8,1048,North,47,3
2017-07-01,8,1049,South,23,3
2017-07-01,8,1050,East,20,3
2017-07-01,8,1051,West,18,3
2017-07-01,8,1052,North,47,3
2017-07-01,8,1053,South,23,3
2017-07-01,8,1054,East,20,3
2017-07-01,8,1055,West,18,3
2017-07-01,8,1056,North,47,3
2017-07-01,8,1057,South,23,3
2017-07-01,8,1058,East,20,3
2017-07-01,8,1059,West,18,3
2017-07-01,8,1060,North,47,3
2017-07-01,8,1061,South,23,3
2017-07-01,8,1062,East,20,3
2017-07-01,8,1063,West,18,3
2017-07-01,8,1064,North,47,3
2017-07-01,8,1065,South,23,3
2017-07-01,8,1066,East,20,3
2017-07-01,8,1067,West,18,3
2017-07-01,8,1068,North,47,3
2017-07-01,8,1069,South,23,3
2017-07-01,8,1070,East,20,3
2017-07-01,8,1071,West,18,3
2017-07-01,8,1072,North,47,3
2017-07-01,8,1073,South,23,3
2017-07-01,8,1074,East,20,3
2017-07-01,8,1075,West,18,3
2017-07-01,8,1076,North,47,3
2017-07-01,8,1077,South,23,3
2017-07-01,8,1078,East,20,3
2017-07-01,8,1079,West,18,3
2017-07-01,9,1080,North,46,3
2017-07-01,9,1081,South,23,3
2017-07-01,9,1082,East,22,3
2017-07-01,9,1083,West,17,3
2017-07-01,9,1084,North,46,3
2017-07-01,9,1085,South,23,3
2017-07-01,9,1086,East,22,3
2017-07-01,9,1087,West,17,3
2017-07-01,9,1088,North,46,3
2017-07-01,9,1089,South,23,3
2017-07-01,9,1090,East,22,3
2017-07-01,9,1091,West,17,3
2017-07-01,9,1092,North,46,3
2017-07-01,9,1093,South,23,3
2017-07-01,9,1094,East,22,3
2017-07-01,9,1095,West,17,3
2017-07-01,9,1096,North,46,3
2017-07-01,9,1097,South,23,3
2017-07-01,9,1098,East,22,3
2017-07-01,9,1099,West,17,3
2017-07-01,9,1100,North,46,3
2017-07-01,9,1101,South,23,3
2017-07-01,9,1102,East,22,3
2017-07-01,9,1103,West,17,3
2017-07-01,9,1104,North,46,3
2017-07-01,9,1105,South,23,3
2017-07-01,9,1106,East,22,3
2017-07-01,9,1107,West,17,3
2017-07-01,9,1108,North,46,3
2017-07-01,9,1109,South,23,3
2017-07-01,9,1110,East,22,3
2017-07-01,9,1111,West,17,3
2017-07-01,9,1112,North,46,3
2017-07-01,9,1113,South,23,3
2017-07-01,9,1114,East,22,3
2017-07-01,9,1115,West,17,3
2017-07-01,9,1116,North,46,3
2017-07-01,9,1117,South,23,3
2017-07-01,9,1118,East,22,3
2017-07-01,9,1119,West,17,3
2017-07-01,9,1120,North,46,3
2017-07-01,9,1121,South,23,3
2017-07-01,9,1122,East,22,3
2017-07-01,9,1123,West,17,3
2017-07-01,9,1124,North,46,3
2017-07-01,9,1125,South,23,3
2017-07-01,9,1126,East,22,3
2017-07-01,9,1127,West,17,3
2017-07-01,9,1128,North,46,3
2017-07-01,9,1129,South,23,3
2017-07-01,9,1130,East,22,3
2017-07-01,9,1131,West,17,3
2017-07-01,9,1132,North,46,3
2017-07-01,9,1133,South,23,3
2017-07-01,9,1134,East,22,3
2017-07-01,9,1135,West,17,3
2017-07-01,9,1136,North,46,3
2017-07-01,9,1137,South,23,3
2017-07-01,9,1138,East,22,3
2017-07-01,9,1139,West,17,3
2017-07-01,9,1140,North,46,3
2017-07-01,9,1141,South,23,3
2017-07-01,9,1142,East,22,3
2017-07-01,9,1143,West,17,3
2017-07-01,9,1144,North,46,3
2017-07-01,9,1145,South,23,3
2017-07-01,9,1146,East,22,3
2017-07-01,9,1147,West,17,3
2017-07-01,9,1148,North,46,3
2017-07-01,9,1149,South,23,3
2017-07-01,9,1150,East,22,3
2017-07-01,9,1151,West,17,3
2017-07-01,9,1152,North,46,3
2017-07-01,9,1153,South,23,3
2017-07-01,9,1154,East,22,3
2017-07-01,9,1155,West,17,3
2017-07-01,9,1156,North,46,3
2017-07-01,9,1157,South,23,3
2017-07-01,9,1158,East,22,3
2017-07-01,9,1159,West,17,3
2017-07-01,9,1160,North,46,3
2017-07-01,9,1161,South,23,3
2017-07-01,9,1162,East,22,3
2017-07-01,9,1163,West,17,3
2017-07-01,9,1164,North,46,3
2017-07-01,9,1165,South,23,3
2017-07-01,9,1166,East,22,3
2017-07-01,9,1167,West,17,3
2017-07-01,9,1168,North,46,3
2017-07-01,9,1169,South,23,3
2017-07-01,9,1170,East,22,3
2017-07-01,9,1171,West,17,3
2017-07-01,9,1172,North,46,3
2017-07-01,9,1173,South,23,3
2017-07-01,9,1174,East,22,3
2017-07-01,9,1175,West,17,3
2017-07-01,9,1176,North,46,3
2017-07-01,9,1177,South,23,3
2017-07-01,9,1178,East,22,3
2017-07-01,9,1179,West,17,3
2017-07-01,9,1180,North,46,3
2017-07-01,9,1181,South,23,3
2017-07-01,9,1182,East,22,3
2017-07-01,9,1183,West,17,3
2017-07-01,9,1184,North,46,3
2017-07-01,9,1185,South,23,3
2017-07-01,9,1186,East,22,3
2017-07-01,9,1187,West,17,3
2017-07-01,9,1188,North,46,3
2017-07-01,9,1189,South,23,3
2017-07-01,9,1190,East,22,3
2017-07-01,9,1191,West,17,3
2017-07-01,9,1192,North,46,3
2017-07-01,9,1193,South,23,3
2017-07-01,9,1194,East,22,3
2017-07-01,9,1195,West,17,3
2017-07-01,9,1196,North,46,3
2017-07-01,9,1197,South,23,3
2017-07-01,9,1198,East,22,3
2017-07-01,9,1199,West,17,3
2017-07-01,10,1200,North,47,3
2017-07-01,10,1201,South,22,3
2017-07-01,10,1202,East,22,3
2017-07-01,10,1203,West,17,3
2017-07-01,10,1204,North,47,3
2017-07-01,10,1205,South,22,3
2017-07-01,10,1206,East,22,3
2017-07-01,10,1207,West,17,3
2017-07-01,10,1208,North,47,3
2017-07-01,10,1209,South,22,3
2017-07-01,10,1210,East,22,3
2017-07-01,10,1211,West,17,3
2017-07-01,10,1212,North,47,3
2017-07-01,10,1213,South,22,3
2017-07-01,10,1214,East,22,3
2017-07-01,10,1215,West,17,3
2017-07-01,10,1216,North,47,3
2017-07-01,10,1217,South,22,3
2017-07-01,10,1218,East,22,3
2017-07-01,10,1219,West,17,3
2017-07-01,10,1220,North,47,3
2017-07-01,10,1221,South,22,3
2017-07-01,10,1222,East,22,3
2017-07-01,10,1223,West,17,3
2017-07-01,10,1224,North,47,3
2017-07-01,10,1225,South,22,3
2017-07-01,10,1226,East,22,3
2017-07-01,10,1227,West,17,3
2017-07-01,10,1228,North,47,3
2017-07-01,10,1229,South,22,3
2017-07-01,10,1230,East,22,3
2017-07-01,10,1231,West,17,3
2017-07-01,10,1232,North,47,3
2017-07-01,10,1233,South,22,3
2017-07-01,10,1234,East,22,3
2017-07-01,10,1235,West,17,3
2017-07-01,10,1236,North,47,3
2017-07-01,10,1237,South,22,3
2017-07-01,10,1238,East,22,3
2017-07-01,10,1239,West,17,3
2017-07-01,10,1240,North,47,3
2017-07-01,10,1241,South,22,3
2017-07-01,10,1242,East,22,3
2017-07-01,10,1243,West,17,3
2017-07-01,10,1244,North,47,3
2017-07-01,10,1245,South,22,3
2017-07-01,10,1246,East,22,3
2017-07-01,10,1247,West,17,3
2017-07-01,10,1248,North,47,3
2017-07-01,10,1249,South,22,3
2017-07-01,10,1250,East,22,3
2017-07-01,10,1251,West,17,3
2017-07-01,10,1252,North,47,3
2017-07-01,10,1253,South,22,3
2017-07-01,10,1254,East,22,3
2017-07-01,10,1255,West,17,3
2017-07-01,10,1256,North,47,3
2017-07-01,10,1257,South,22,3
2017-07-01,10,1258,East,22,3
2017-07-01,10,1259,West,17,3
2017-07-01,10,1260,North,47,3
2017-07-01,10,1261,South,22,3
2017-07-01,10,1262,East,22,3
2017-07-01,10,1263,West,17,3
2017-07-01,10,1264,North,47,3
2017-07-01,10,1265,South,22,3
2017-07-01,10,1266,East,22,3
2017-07-01,10,1267,West,17,3
2017-07-01,10,1268,North,47,3
2017-07-01,10,1269,South,22,3
2017-07-01,10,1270,East,22,3
2017-07-01,10,1271,West,17,3
2017-07-01,10,1272,North,47,3
2017-07-01,10,1273,South,22,3
2017-07-01,10,1274,East,22,3
2017-07-01,10,1275,West,17,3
2017-07-01,10,1276,North,47,3
2017-07-01,10,1277,South,22,3
2017-07-01,10,1278,East,22,3
2017-07-01,10,1279,West,17,3
2017-07-01,10,1280,North,47,3
2017-07-01,10,1281,South,22,3
2017-07-01,10,1282,East,22,3
2017-07-01,10,1283,West,17,3
2017-07-01,10,1284,North,47,3
2017-07-01,10,1285,South,22,3
2017-07-01,10,1286,East,22,3
2017-07-01,10,1287,West,17,3
2017-07-01,10,1288,North,47,3
2017-07-01,10,1289,South,22,3
2017-07-01,10,1290,East,22,3
2017-07-01,10,1291,West,17,3
2017-07-01,10,1292,North,47,3
2017-07-01,10,1293,South,22,3
2017-07-01,10,1294,East,22,3
2017-07-01,10,1295,West,17,3
2017-07-01,10,1296,North,47,3
2017-07-01,10,1297,South,22,3
2017-07-01,10,1298,East,22,3
2017-07-01,10,1299,West,17,3
2017-07-01,10,1300,North,47,3
2017-07-01,10,1301,South,22,3
2017-07-01,10,1302,East,22,3
2017-07-01,10,1303,West,17,3
2017-07-01,10,1304,North,47,3
2017-07-01,10,1305,South,22,3
2017-07-01,10,1306,East,22,3
2017-07-01,10,1307,West,17,3
2017-07-01,10,1308,North,47,3
2017-07-01,10,1309,South,22,3
2017-07-01,10,1310,East,22,3
2017-07-01,10,1311,West,17,3
2017-07-01,10,1312,North,47,3
2017-07-01,10,1313,South,22,3
2017-07-01,10,1314,East,22,3
2017-07-01,10,1315,West,17,3
2017-07-01,10,1316,North,47,3
2017-07-01,10,1317,South,22,3
2017-07-01,10,1318,East,22,3
2017-07-01,10,1319,West,17,3
2017-07-01,11,1320,North,48,3
2017-07-01,11,1321,South,22,3
2017-07-01,11,1322,East,20,3
2017-07-01,11,1323,West,18,3
2017-07-01,11,1324,North,48,3
2017-07-01,11,1325,South,22,3
2017-07-01,11,1326,East,20,3
2017-07-01,11,1327,West,18,3
2017-07-01,11,1328,North,48,3
2017-07-01,11,1329,South,22,3
2017-07-01,11,1330,East,20,3
2017-07-01,11,1331,West,18,3
2017-07-01,11,1332,North,48,3
2017-07-01,11,1333,South,22,3
2017-07-01,11,1334,East,20,3
2017-07-01,11,1335,West,18,3
2017-07-01,11,1336,North,48,3
2017-07-01,11,1337,South,22,3
2017-07-01,11,1338,East,20,3
2017-07-01,11,1339,West,18,3
2017-07-01,11,1340,North,48,3
2017-07-01,11,1341,South,22,3
2017-07-01,11,1342,East,20,3
2017-07-01,11,1343,West,18,3
2017-07-01,11,1344,North,48,3
2017-07-01,11,1345,South,22,3
2017-07-01,11,1346,East,20,3
2017-07-01,11,1347,West,18,3
2017-07-01,11,1348,North,48,3
2017-07-01,11,1349,South,22,3
2017-07-01,11,1350,East,20,3
2017-07-01,11,1351,West,18,3
2017-07-01,11,1352,North,48,3
2017-07-01,11,1353,South,22,3
2017-07-01,11,1354,East,20,3
2017-07-01,11,1355,West,18,3
2017-07-01,11,1356,North,48,3
2017-07-01,11,1357,South,22,3
2017-07-01,11,1358,East,20,3
2017-07-01,11,1359,West,18,3
2017-07-01,11,1360,North,48,3
2017-07-01,11,1361,South,22,3
2017-07-01,11,1362,East,20,3
2017-07-01,11,1363,West,18,3
2017-07-01,11,1364,North,48,3
2017-07-01,11,1365,South,22,3
2017-07-01,11,1366,East,20,3
2017-07-01,11,1367,West,18,3
2017-07-01,11,1368,North,48,3
2017-07-01,11,1369,South,22,3
2017-07-01,11,1370,East,20,3
2017-07-01,11,1371,West,18,3
2017-07-01,11,1372,North,48,3
2017-07-01,11,1373,South,22,3
2017-07-01,11,1374,East,20,3
2017-07-01,11,1375,West,18,3
2017-07-01,11,1376,North,48,3
2017-07-01,11,1377,South,22,3
2017-07-01,11,1378,East,20,3
2017-07-01,11,1379,West,18,3
2017-07-01,11,1380,North,48,3
2017-07-01,11,1381,South,22,3
2017-07-01,11,1382,East,20,3
2017-07-01,11,1383,West,18,3
2017-07-01,11,1384,North,48,3
2017-07-01,11,1385,South,22,3
2017-07-01,11,1386,East,20,3
2017-07-01,11,1387,West,18,3
2017-07-01,11,1388,North,48,3
2017-07-01,11,1389,South,22,3
2017-07-01,11,1390,East,20,3
2017-07-01,11,1391,West,18,3
2017-07-01,11,1392,North,48,3
2017-07-01,11,1393,South,22,3
2017-07-01,11,1394,East,20,3
2017-07-01,11,1395,West,18,3
2017-07-01,11,1396,North,48,3
2017-07-01,11,1397,South,22,3
2017-07-01,11,1398,East,20,3
2017-07-01,11,1399,West,18,3
2017-07-01,11,1400,North,48,3
2017-07-01,11,1401,South,22,3
2017-07-01,11,1402,East,20,3
2017-07-01,11,1403,West,18,3
2017-07-01,11,1404,North,48,3
2017-07-01,11,1405,South,22,3
2017-07-01,11,1406,East,20,3
2017-07-01,11,1407,West,18,3
2017-07-01,11,1408,North,48,3
2017-07-01,11,1409,South,22,3
2017-07-01,11,1410,East,20,3
2017-07-01,11,1411,West,18,3
2017-07-01,11,1412,North,48,3
2017-07-01,11,1413,South,22,3
2017-07-01,11,1414,East,20,3
2017-07-01,11,1415,West,18,3
2017-07-01,11,1416,North,48,3
2017-07-01,11,1417,South,22,3
2017-07-01,11,1418,East,20,3
2017-07-01,11,1419,West,18,3
2017-07-01,11,1420,North,48,3
2017-07-01,11,1421,South,22,3
2017-07-01,11,1422,East,20,3
2017-07-01,11,1423,West,18,3
2017-07-01,11,1424,North,48,3
2017-07-01,11,1425,South,22,3
2017-07-01,11,1426,East,20,3
2017-07-01,11,1427,West,18,3
2017-07-01,11,1428,North,48,3
2017-07-01,11,1429,South,22,3
2017-07-01,11,1430,East,20,3
2017-07-01,11,1431,West,18,3
2017-07-01,11,1432,North,48,3
2017-07-01,11,1433,South,22,3
2017-07-01,11,1434,East,20,3
2017-07-01,11,1435,West,18,3
2017-07-01,11,1436,North,48,3
2017-07-01,11,1437,South,22,3
2017-07-01,11,1438,East,20,3
2017-07-01,11,1439,West,18,3
2017-07-01,12,1440,North,46,3
2017-07-01,12,1441,South,22,3
2017-07-01,12,1442,East,22,3
2017-07-01,12,1443,West,18,3
2017-07-01,12,1444,North,46,3
2017-07-01,12,1445,South,22,3
2017-07-01,12,1446,East,22,3
2017-07-01,12,1447,West,18,3
2017-07-01,12,1448,North,46,3
2017-07-01,12,1449,South,22,3
2017-07-01,12,1450,East,22,3
2017-07-01,12,1451,West,18,3
2017-07-01,12,1452,North,46,3
2017-07-01,12,1453,South,22,3
2017-07-01,12,1454,East,22,3
2017-07-01,12,1455,West,18,3
2017-07-01,12,1456,North,46,3
2017-07-01,12,1457,South,22,3
2017-07-01,12,1458,East,22,3
2017-07-01,12,1459,West,18,3
2017-07-01,12,1460,North,46,3
2017-07-01,12,1461,South,22,3
2017-07-01,12,1462,East,22,3
2017-07-01,12,1463,West,18,3
2017-07-01,12,1464,North,46,3
2017-07-01,12,1465,South,22,3
2017-07-01,12,1466,East,22,3
2017-07-01,12,1467,West,18,3
2017-07-01,12,1468,North,46,3
2017-07-01,12,1469,South,22,3
2017-07-01,12,1470,East,22,3
2017-07-01,12,1471,West,18,3
2017-07-01,12,1472,North,46,3
2017-07-01,12,1473,South,22,3
2017-07-01,12,1474,East,22,3
2017-07-01,12,1475,West,18,3
2017-07-01,12,1476,North,46,3
2017-07-01,12,1477,South,22,3
2017-07-01,12,1478,East,22,3
2017-07-01,12,1479,West,18,3
2017-07-01,12,1480,North,46,3
2017-07-01,12,1481,South,22,3
2017-07-01,12,1482,East,22,3
2017-07-01,12,1483,West,18,3
2017-07-01,12,1484,North,46,3
2017-07-01,12,1485,South,22,3
2017-07-01,12,1486,East,22,3
2017-07-01,12,1487,West,18,3
2017-07-01,12,1488,North,46,3
2017-07-01,12,1489,South,22,3
2017-07-01,12,1490,East,22,3
2017-07-01,12,1491,West,18,3
2017-07-01,12,1492,North,46,3
2017-07-01,12,1493,South,22,3
2017-07-01,12,1494,East,22,3
2017-07-01,12,1495,West,18,3
2017-07-01,12,1496,North,46,3
2017-07-01,12,1497,South,22,3
2017-07-01,12,1498,East,22,3
2017-07-01,12,1499,West,18,3
2017-07-01,12,1500,North,46,3
2017-07-01,12,1501,South,22,3
2017-07-01,12,1502,East,22,3
2017-07-01,12,1503,West,18,3
2017-07-01,12,1504,North,46,3
2017-07-01,12,1505,South,22,3
2017-07-01,12,1506,East,22,3
2017-07-01,12,1507,West,18,3
2017-07-01,12,1508,North,46,3
2017-07-01,12,1509,South,22,3
2017-07-01,12,1510,East,22,3
2017-07-01,12,1511,West,18,3
2017-07-01,12,1512,North,46,3
2017-07-01,12,1513,South,22,3
2017-07-01,12,1514,East,22,3
2017-07-01,12,1515,West,18,3
2017-07-01,12,1516,North,46,3
2017-07-01,12,1517,South,22,3
2017-07-01,12,1518,East,22,3
2017-07-01,12,1519,West,18,3
2017-07-01,12,1520,North,46,3
2017-07-01,12,1521,South,22,3
2017-07-01,12,1522,East,22,3
2017-07-01,12,1523,West,18,3
2017-07-01,12,1524,North,46,3
2017-07-01,12,1525,South,22,3
2017-07-01,12,1526,East,22,3
2017-07-01,12,1527,West,18,3
2017-07-01,12,1528,North,46,3
2017-07-01,12,1529,South,22,3
2017-07-01,12,1530,East,22,3
2017-07-01,12,1531,West,18,3
2017-07-01,12,1532,North,46,3
2017-07-01,12,1533,South,22,3
2017-07-01,12,1534,East,22,3
2017-07-01,12,1535,West,18,3
2017-07-01,12,1536,North,46,3
2017-07-01,12,1537,South,22,3
2017-07-01,12,1538,East,22,3
2017-07-01,12,1539,West,18,3
2017-07-01,12,1540,North,46,3
2017-07-01,12,1541,South,22,3
2017-07-01,12,1542,East,22,3
2017-07-01,12,1543,West,18,3
2017-07-01,12,1544,North,46,3
2017-07-01,12,1545,South,22,3
2017-07-01,12,1546,East,22,3
2017-07-01,12,1547,West,18,3
2017-07-01,12,1548,North,46,3
2017-07-01,12,1549,South,22,3
2017-07-01,12,1550,East,22,3
2017-07-01,12,1551,West,18,3
2017-07-01,12,1552,North,46,3
2017-07-01,12,1553,South,22,3
2017-07-01,12,1554,East,22,3
2017-07-01,12,1555,West,18,3
2017-07-01,12,1556,North,46,3
2017-07-01,12,1557,South,22,3
2017-07-01,12,1558,East,22,3
2017-07-01,12,1559,West,18,3
2017-07-01,13,1560,North,46,3
2017-07-01,13,1561,South,23,3
2017-07-01,13,1562,East,21,3
2017-07-01,13,1563,West,18,3
2017-07-01,13,1564,North,46,3
2017-07-01,13,1565,South,23,3
2017-07-01,13,1566,East,21,3
2017-07-01,13,1567,West,18,3
2017-07-01,13,1568,North,46,3
2017-07-01,13,1569,South,23,3
2017-07-01,13,1570,East,21,3
2017-07-01,13,1571,West,18,3
2017-07-01,13,1572,North,46,3
2017-07-01,13,1573,South,23,3
2017-07-01,13,1574,East,21,3
2017-07-01,13,1575,West,18,3
2017-07-01,13,1576,North,46,3
2017-07-01,13,1577,South,23,3
2017-07-01,13,1578,East,21,3
2017-07-01,13,1579,West,18,3
2017-07-01,13,1580,North,46,3
2017-07-01,13,1581,South,23,3
2017-07-01,13,1582,East,21,3
2017-07-01,13,1583,West,18,3
2017-07-01,13,1584,North,46,3
2017-07-01,13,1585,South,23,3
2017-07-01,13,1586,East,21,3
2017-07-01,13,1587,West,18,3
2017-07-01,13,1588,North,46,3
2017-07-01,13,1589,South,23,3
2017-07-01,13,1590,East,21,3
2017-07-01,13,1591,West,18,3
2017-07-01,13,1592,North,46,3
2017-07-01,13,1593,South,23,3
2017-07-01,13,1594,East,21,3
2017-07-01,13,1595,West,18,3
2017-07-01,13,1596,North,46,3
2017-07-01,13,1597,South,23,3
2017-07-01,13,1598,East,21,3
2017-07-01,13,1599,West,18,3
2017-07-01,13,1600,North,46,3
2017-07-01,13,1601,South,23,3
2017-07-01,13,1602,East,21,3
2017-07-01,13,1603,West,18,3
2017-07-01,13,1604,North,46,3
2017-07-01,13,1605,South,23,3
2017-07-01,13,1606,East,21,3
2017-07-01,13,1607,West,18,3
2017-07-01,13,1608,North,46,3
2017-07-01,13,1609,South,23,3
2017-07-01,13,1610,East,21,3
2017-07-01,13,1611,West,18,3
2017-07-01,13,1612,North,46,3
2017-07-01,13,1613,South,23,3
2017-07-01,13,1614,East,21,3
2017-07-01,13,1615,West,18,3
2017-07-01,13,1616,North,46,3
2017-07-01,13,1617,South,23,3
2017-07-01,13,1618,East,21,3
2017-07-01,13,1619,West,18,3
2017-07-01,13,1620,North,46,3
2017-07-01,13,1621,South,23,3
2017-07-01,13,1622,East,21,3
2017-07-01,13,1623,West,18,3
2017-07-01,13,1624,North,46,3
2017-07-01,13,1625,South,23,3
2017-07-01,13,1626,East,21,3
2017-07-01,13,1627,West,18,3
2017-07-01,13,1628,North,46,3
2017-07-01,13,1629,South,23,3
2017-07-01,13,1630,East,21,3
2017-07-01,13,1631,West,18,3
2017-07-01,13,1632,North,46,3
2017-07-01,13,1633,South,23,3
2017-07-01,13,1634,East,21,3
2017-07-01,13,1635,West,18,3
2017-07-01,13,1636,North,46,3
2017-07-01,13,1637,South,23,3
2017-07-01,13,1638,East,21,3
2017-07-01,13,1639,West,18,3
2017-07-01,13,1640,North,46,3
2017-07-01,13,1641,South,23,3
2017-07-01,13,1642,East,21,3
2017-07-01,13,1643,West,18,3
2017-07-01,13,1644,North,46,3
2017-07-01,13,1645,South,23,3
2017-07-01,13,1646,East,21,3
2017-07-01,13,1647,West,18,3
2017-07-01,13,1648,North,46,3
2017-07-01,13,1649,South,23,3
2017-07-01,13,1650,East,21,3
2017-07-01,13,1651,West,18,3
2017-07-01,13,1652,North,46,3
2017-07-01,13,1653,South,23,3
2017-07-01,13,1654,East,21,3
2017-07-01,13,1655,West,18,3
2017-07-01,13,1656,North,46,3
2017-07-01,13,1657,South,23,3
2017-07-01,13,1658,East,21,3
2017-07-01,13,1659,West,18,3
2017-07-01,13,1660,North,46,3
2017-07-01,13,1661,South,23,3
2017-07-01,13,1662,East,21,3
2017-07-01,13,1663,West,18,3
2017-07-01,13,1664,North,46,3
2017-07-01,13,1665,South,23,3
2017-07-01,13,1666,East,21,3
2017-07-01,13,1667,West,18,3
2017-07-01,13,1668,North,46,3
2017-07-01,13,1669,South,23,3
2017-07-01,13,1670,East,21,3
2017-07-01,13,1671,West,18,3
2017-07-01,13,1672,North,46,3
2017-07-01,13,1673,South,23,3
2017-07-01,13,1674,East,21,3
2017-07-01,13,1675,West,18,3
2017-07-01,13,1676,North,46,3
2017-07-01,13,1677,South,23,3
2017-07-01,13,1678,East,21,3
2017-07-01,13,1679,West,18,3
2017-07-01,14,1680,North,47,3
2017-07-01,14,1681,South,21,3
2017-07-01,14,1682,East,22,3
2017-07-01,14,1683,West,18,3
2017-07-01,14,1684,North,47,3
2017-07-01,14,1685,South,21,3
2017-07-01,14,1686,East,22,3
2017-07-01,14,1687,West,18,3
2017-07-01,14,1688,North,47,3
2017-07-01,14,1689,South,21,3
2017-07-01,14,1690,East,22,3
2017-07-01,14,1691,West,18,3
2017-07-01,14,1692,North,47,3
2017-07-01,14,1693,South,21,3
2017-07-01,14,1694,East,22,3
2017-07-01,14,1695,West,18,3
2017-07-01,14,1696,North,47,3
2017-07-01,14,1697,South,21,3
2017-07-01,14,1698,East,22,3
2017-07-01,14,1699,West,18,3
2017-07-01,14,1700,North,47,3
2017-07-01,14,1701,South,21,3
2017-07-01,14,1702,East,22,3
2017-07-01,14,1703,West,18,3
2017-07-01,14,1704,North,47,3
2017-07-01,14,1705,South,21,3
2017-07-01,14,1706,East,22,3
2017-07-01,14,1707,West,18,3
2017-07-01,14,1708,North,47,3
2017-07-01,14,1709,South,21,3
2017-07-01,14,1710,East,22,3
2017-07-01,14,1711,West,18,3
2017-07-01,14,1712,North,47,3
2017-07-01,14,1713,South,21,3
2017-07-01,14,1714,East,22,3
2017-07-01,14,1715,West,18,3
2017-07-01,14,1716,North,47,3
2017-07-01,14,1717,South,21,3
2017-07-01,14,1718,East,22,3
2017-07-01,14,1719,West,18,3
2017-07-01,14,1720,North,47,3
2017-07-01,14,1721,South,21,3
2017-07-01,14,1722,East,22,3
2017-07-01,14,1723,West,18,3
2017-07-01,14,1724,North,47,3
2017-07-01,14,1725,South,21,3
2017-07-01,14,1726,East,22,3
2017-07-01,14,1727,West,18,3
2017-07-01,14,1728,North,47,3
2017-07-01,14,1729,South,21,3
2017-07-01,14,1730,East,22,3
2017-07-01,14,1731,West,18,3
2017-07-01,14,1732,North,47,3
2017-07-01,14,1733,South,21,3
2017-07-01,14,1734,East,22,3
2017-07-01,14,1735,West,18,3
2017-07-01,14,1736,North,47,3
2017-07-01,14,1737,South,21,3
2017-07-01,14,1738,East,22,3
2017-07-01,14,1739,West,18,3
2017-07-01,14,1740,North,47,3
2017-07-01,14,1741,South,21,3
2017-07-01,14,1742,East,22,3
2017-07-01,14,1743,West,18,3
2017-07-01,14,1744,North,47,3
2017-07-01,14,1745,South,21,3
2017-07-01,14,1746,East,22,3
2017-07-01,14,1747,West,18,3
2017-07-01,14,1748,North,47,3
2017-07-01,14,1749,South,21,3
2017-07-01,14,1750,East,22,3
2017-07-01,14,1751,West,18,3
2017-07-01,14,1752,North,47,3
2017-07-01,14,1753,South,21,3
2017-07-01,14,1754,East,22,3
2017-07-01,14,1755,West,18,3
2017-07-01,14,1756,North,47,3
2017-07-01,14,1757,South,21,3
2017-07-01,14,1758,East,22,3
2017-07-01,14,1759,West,18,3
2017-07-01,14,1760,North,47,3
2017-07-01,14,1761,South,21,3
2017-07-01,14,1762,East,22,3
2017-07-01,14,1763,West,18,3
2017-07-01,14,1764,North,47,3
2017-07-01,14,1765,South,21,3
2017-07-01,14,1766,East,22,3
2017-07-01,14,1767,West,18,3
2017-07-01,14,1768,North,47,3
2017-07-01,14,1769,South,21,3
2017-07-01,14,1770,East,22,3
2017-07-01,14,1771,West,18,3
2017-07-01,14,1772,North,47,3
2017-07-01,14,1773,South,21,3
2017-07-01,14,1774,East,22,3
2017-07-01,14,1775,West,18,3
2017-07-01,14,1776,North,47,3
2017-07-01,14,1777,South,21,3
2017-07-01,14,1778,East,22,3
2017-07-01,14,1779,West,18,3
2017-07-01,14,1780,North,47,3
2017-07-01,14,1781,South,21,3
2017-07-01,14,1782,East,22,3
2017-07-01,14,1783,West,18,3
2017-07-01,14,1784,North,47,3
2017-07-01,14,1785,South,21,3
2017-07-01,14,1786,East,22,3
2017-07-01,14,1787,West,18,3
2017-07-01,14,1788,North,47,3
2017-07-01,14,1789,South,21,3
2017-07-01,14,1790,East,22,3
2017-07-01,14,1791,West,18,3
2017-07-01,14,1792,North,47,3
2017-07-01,14,1793,South,21,3
2017-07-01,14,1794,East,22,3
2017-07-01,14,1795,West,18,3
2017-07-01,14,1796,North,47,3
2017-07-01,14,1797,South,21,3
2017-07-01,14,1798,East,22,3
2017-07-01,14,1799,West,18,3
2017-07-01,15,1800,North,47,3
2017-07-01,15,1801,South,22,3
2017-07-01,15,1802,East,22,3
2017-07-01,15,1803,West,17,3
2017-07-01,15,1804,North,47,3
2017-07-01,15,1805,South,22,3
2017-07-01,15,1806,East,22,3
2017-07-01,15,1807,West,17,3
2017-07-01,15,1808,North,47,3
2017-07-01,15,1809,South,22,3
2017-07-01,15,1810,East,22,3
2017-07-01,15,1811,West,17,3
2017-07-01,15,1812,North,47,3
2017-07-01,15,1813,South,22,3
2017-07-01,15,1814,East,22,3
2017-07-01,15,1815,West,17,3
2017-07-01,15,1816,North,47,3
2017-07-01,15,1817,South,22,3
2017-07-01,15,1818,East,22,3
2017-07-01,15,1819,West,17,3
2017-07-01,15,1820,North,47,3
2017-07-01,15,1821,South,22,3
2017-07-01,15,1822,East,22,3
2017-07-01,15,1823,West,17,3
2017-07-01,15,1824,North,47,3
2017-07-01,15,1825,South,22,3
2017-07-01,15,1826,East,22,3
2017-07-01,15,1827,West,17,3
2017-07-01,15,1828,North,47,3
2017-07-01,15,1829,South,22,3
2017-07-01,15,1830,East,22,3
2017-07-01,15,1831,West,17,3
2017-07-01,15,1832,North,47,3
2017-07-01,15,1833,South,22,3
2017-07-01,15,1834,East,22,3
2017-07-01,15,1835,West,17,3
2017-07-01,15,1836,North,47,3
2017-07-01,15,1837,South,22,3
2017-07-01,15,1838,East,22,3
2017-07-01,15,1839,West,17,3
2017-07-01,15,1840,North,47,3
2017-07-01,15,1841,South,22,3
2017-07-01,15,1842,East,22,3
2017-07-01,15,1843,West,17,3
2017-07-01,15,1844,North,47,3
2017-07-01,15,1845,South,22,3
2017-07-01,15,1846,East,22,3
2017-07-01,15,1847,West,17,3
2017-07-01,15,1848,North,47,3
2017-07-01,15,1849,South,22,3
2017-07-01,15,1850,East,22,3
2017-07-01,15,1851,West,17,3
2017-07-01,15,1852,North,47,3
2017-07-01,15,1853,South,22,3
2017-07-01,15,1854,East,22,3
2017-07-01,15,1855,West,17,3
2017-07-01,15,1856,North,47,3
2017-07-01,15,1857,South,22,3
2017-07-01,15,1858,East,22,3
2017-07-01,15,1859,West,17,3
2017-07-01,15,1860,North,47,3
2017-07-01,15,1861,South,22,3
2017-07-01,15,1862,East,22,3
2017-07-01,15,1863,West,17,3
2017-07-01,15,1864,North,47,3
2017-07-01,15,1865,South,22,3
2017-07-01,15,1866,East,22,3
2017-07-01,15,1867,West,17,3
2017-07-01,15,1868,North,47,3
2017-07-01,15,1869,South,22,3
2017-07-01,15,1870,East,22,3
2017-07-01,15,1871,West,17,3
2017-07-01,15,1872,North,47,3
2017-07-01,15,1873,South,22,3
2017-07-01,15,1874,East,22,3
2017-07-01,15,1875,West,17,3
2017-07-01,15,1876,North,47,3
2017-07-01,15,1877,South,22,3
2017-07-01,15,1878,East,22,3
2017-07-01,15,1879,West,17,3
2017-07-01,15,1880,North,47,3
2017-07-01,15,1881,South,22,3
2017-07-01,15,1882,East,22,3
2017-07-01,15,1883,West,17,3
2017-07-01,15,1884,North,47,3
2017-07-01,15,1885,South,22,3
2017-07-01,15,1886,East,22,3
2017-07-01,15,1887,West,17,3
2017-07-01,15,1888,North,47,3
2017-07-01,15,1889,South,22,3
2017-07-01,15,1890,East,22,3
2017-07-01,15,1891,West,17,3
2017-07-01,15,1892,North,47,3
2017-07-01,15,1893,South,22,3
2017-07-01,15,1894,East,22,3
2017-07-01,15,1895,West,17,3
2017-07-01,15,1896,North,47,3
2017-07-01,15,1897,South,22,3
2017-07-01,15,1898,East,22,3
2017-07-01,15,1899,West,17,3
2017-07-01,15,1900,North,47,3
2017-07-01,15,1901,South,22,3
2017-07-01,15,1902,East,22,3
2017-07-01,15,1903,West,17,3
2017-07-01,15,1904,North,47,3
2017-07-01,15,1905,South,22,3
2017-07-01,15,1906,East,22,3
2017-07-01,15,1907,West,17,3
2017-07-01,15,1908,North,47,3
2017-07-01,15,1909,South,22,3
2017-07-01,15,1910,East,22,3
2017-07-01,15,1911,West,17,3
2017-07-01,15,1912,North,47,3
2017-07-01,15,1913,South,22,3
2017-07-01,15,1914,East,22,3
2017-07-01,15,1915,West,17,3
2017-07-01,15,1916,North,47,3
2017-07-01,15,1917,South,22,3
2017-07-01,15,1918,East,22,3
2017-07-01,15,1919,West,17,3
2017-07-01,16,1920,North,45,3
2017-07-01,16,1921,South,22,3
2017-07-01,16,1922,East,24,3
2017-07-01,16,1923,West,17,3
2017-07-01,16,1924,North,45,3
2017-07-01,16,1925,South,22,3
2017-07-01,16,1926,East,24,3
2017-07-01,16,1927,West,17,3
2017-07-01,16,1928,North,45,3
2017-07-01,16,1929,South,22,3
2017-07-01,16,1930,East,24,3
2017-07-01,16,1931,West,17,3
2017-07-01,16,1932,North,45,3
2017-07-01,16,1933,South,22,3
2017-07-01,16,1934,East,24,3
2017-07-01,16,1935,West,17,3
2017-07-01,16,1936,North,45,3
2017-07-01,16,1937,South,22,3
2017-07-01,16,1938,East,24,3
2017-07-01,16,1939,West,17,3
2017-07-01,16,1940,North,45,3
2017-07-01,16,1941,South,22,3
2017-07-01,16,1942,East,24,3
2017-07-01,16,1943,West,17,3
2017-07-01,16,1944,North,45,3
2017-07-01,16,1945,South,22,3
2017-07-01,16,1946,East,24,3
2017-07-01,16,1947,West,17,3
2017-07-01,16,1948,North,45,3
2017-07-01,16,1949,South,22,3
2017-07-01,16,1950,East,24,3
2017-07-01,16,1951,West,17,3
2017-07-01,16,1952,North,45,3
2017-07-01,16,1953,South,22,3
2017-07-01,16,1954,East,24,3
2017-07-01,16,1955,West,17,3
2017-07-01,16,1956,North,45,3
2017-07-01,16,1957,South,22,3
2017-07-01,16,1958,East,24,3
2017-07-01,16,1959,West,17,3
2017-07-01,16,1960,North,45,3
2017-07-01,16,1961,South,22,3
2017-07-01,16,1962,East,24,3
2017-07-01,16,1963,West,17,3
2017-07-01,16,1964,North,45,3
2017-07-01,16,1965,South,22,3
2017-07-01,16,1966,East,24,3
2017-07-01,16,1967,West,17,3
2017-07-01,16,1968,North,45,3
2017-07-01,16,1969,South,22,3
2017-07-01,16,1970,East,24,3
2017-07-01,16,1971,West,17,3
2017-07-01,16,1972,North,45,3
2017-07-01,16,1973,South,22,3
2017-07-01,16,1974,East,24,3
2017-07-01,16,1975,West,17,3
2017-07-01,16,1976,North,45,3
2017-07-01,16,1977,South,22,3
2017-07-01,16,1978,East,24,3
2017-07-01,16,1979,West,17,3
2017-07-01,16,1980,North,45,3
2017-07-01,16,1981,South,22,3
2017-07-01,16,1982,East,24,3
2017-07-01,16,1983,West,17,3
2017-07-01,16,1984,North,45,3
2017-07-01,16,1985,South,22,3
2017-07-01,16,1986,East,24,3
2017-07-01,16,1987,West,17,3
2017-07-01,16,1988,North,45,3
2017-07-01,16,1989,South,22,3
2017-07-01,16,1990,East,24,3
2017-07-01,16,1991,West,17,3
2017-07-01,16,1992,North,45,3
2017-07-01,16,1993,South,22,3
2017-07-01,16,1994,East,24,3
2017-07-01,16,1995,West,17,3
2017-07-01,16,1996,North,45,3
2017-07-01,16,1997,South,22,3
2017-07-01,16,1998,East,24,3
2017-07-01,16,1999,West,17,3
2017-07-01,16,2000,North,45,3
2017-07-01,16,2001,South,22,3
2017-07-01,16,2002,East,24,3
2017-07-01,16,2003,West,17,3
2017-07-01,16,2004,North,45,3
2017-07-01,16,2005,South,22,3
2017-07-01,16,2006,East,24,3
2017-07-01,16,2007,West,17,3
2017-07-01,16,2008,North,45,3
2017-07-01,16,2009,South,22,3
2017-07-01,16,2010,East,24,3
2017-07-01,16,2011,West,17,3
2017-07-01,16,2012,North,45,3
2017-07-01,16,2013,South,22,3
2017-07-01,16,2014,East,24,3
2017-07-01,16,2015,West,17,3
2017-07-01,16,2016,North,45,3
2017-07-01,16,2017,South,22,3
2017-07-01,16,2018,East,24,3
2017-07-01,16,2019,West,17,3
2017-07-01,16,2020,North,45,3
2017-07-01,16,2021,South,22,3
2017-07-01,16,2022,East,24,3
2017-07-01,16,2023,West,17,3
2017-07-01,16,2024,North,45,3
2017-07-01,16,2025,South,22,3
2017-07-01,16,2026,East,24,3
2017-07-01,16,2027,West,17,3
2017-07-01,16,2028,North,45,3
2017-07-01,16,2029,South,22,3
2017-07-01,16,2030,East,24,3
2017-07-01,16,2031,West,17,3
2017-07-01,16,2032,North,45,3
2017-07-01,16,2033,South,22,3
2017-07-01,16,2034,East,24,3
2017-07-01,16,2035,West,17,3
2017-07-01,16,2036,North,45,3
2017-07-01,16,2037,South,22,3
2017-07-01,16,2038,East,24,3
2017-07-01,16,2039,West,17,3
2017-07-01,17,2040,North,46,3
2017-07-01,17,2041,South,24,3
2017-07-01,17,2042,East,21,3
2017-07-01,17,2043,West,17,3
2017-07-01,17,2044,North,46,3
2017-07-01,17,2045,South,24,3
2017-07-01,17,2046,East,21,3
2017-07-01,17,2047,West,17,3
2017-07-01,17,2048,North,46,3
2017-07-01,17,2049,South,24,3
2017-07-01,17,2050,East,21,3
2017-07-01,17,2051,West,17,3
2017-07-01,17,2052,North,46,3
2017-07-01,17,2053,South,24,3
2017-07-01,17,2054,East,21,3
2017-07-01,17,2055,West,17,3
2017-07-01,17,2056,North,46,3
2017-07-01,17,2057,South,24,3
2017-07-01,17,2058,East,21,3
2017-07-01,17,2059,West,17,3
2017-07-01,17,2060,North,46,3
2017-07-01,17,2061,South,24,3
2017-07-01,17,2062,East,21,3
2017-07-01,17,2063,West,17,3
2017-07-01,17,2064,North,46,3
2017-07-01,17,2065,South,24,3
2017-07-01,17,2066,East,21,3
2017-07-01,17,2067,West,17,3
2017-07-01,17,2068,North,46,3
2017-07-01,17,2069,South,24,3
2017-07-01,17,2070,East,21,3
2017-07-01,17,2071,West,17,3
2017-07-01,17,2072,North,46,3
2017-07-01,17,2073,South,24,3
2017-07-01,17,2074,East,21,3
2017-07-01,17,2075,West,17,3
2017-07-01,17,2076,North,46,3
2017-07-01,17,2077,South,24,3
2017-07-01,17,2078,East,21,3
2017-07-01,17,2079,West,17,3
2017-07-01,17,2080,North,46,3
2017-07-01,17,2081,South,24,3
2017-07-01,17,2082,East,21,3
2017-07-01,17,2083,West,17,3
2017-07-01,17,2084,North,46,3
2017-07-01,17,2085,South,24,3
2017-07-01,17,2086,East,21,3
2017-07-01,17,2087,West,17,3
2017-07-01,17,2088,North,46,3
2017-07-01,17,2089,South,24,3
2017-07-01,17,2090,East,21,3
2017-07-01,17,2091,West,17,3
2017-07-01,17,2092,North,46,3
2017-07-01,17,2093,South,24,3
2017-07-01,17,2094,East,21,3
2017-07-01,17,2095,West,17,3
2017-07-01,17,2096,North,46,3
2017-07-01,17,2097,South,24,3
2017-07-01,17,2098,East,21,3
2017-07-01,17,2099,West,17,3
2017-07-01,17,2100,North,46,3
2017-07-01,17,2101,South,24,3
2017-07-01,17,2102,East,21,3
2017-07-01,17,2103,West,17,3
2017-07-01,17,2104,North,46,3
2017-07-01,17,2105,South,24,3
2017-07-01,17,2106,East,21,3
2017-07-01,17,2107,West,17,3
2017-07-01,17,2108,North,46,3
2017-07-01,17,2109,South,24,3
2017-07-01,17,2110,East,21,3
2017-07-01,17,2111,West,17,3
2017-07-01,17,2112,North,46,3
2017-07-01,17,2113,South,24,3
2017-07-01,17,2114,East,21,3
2017-07-01,17,2115,West,17,3
2017-07-01,17,2116,North,46,3
2017-07-01,17,2117,South,24,3
2017-07-01,17,2118,East,21,3
2017-07-01,17,2119,West,17,3
2017-07-01,17,2120,North,46,3
2017-07-01,17,2121,South,24,3
2017-07-01,17,2122,East,21,3
2017-07-01,17,2123,West,17,3
2017-07-01,17,2124,North,46,3
2017-07-01,17,2125,South,24,3
2017-07-01,17,2126,East,21,3
2017-07-01,17,2127,West,17,3
2017-07-01,17,2128,North,46,3
2017-07-01,17,2129,South,24,3
2017-07-01,17,2130,East,21,3
2017-07-01,17,2131,West,17,3
2017-07-01,17,2132,North,46,3
2017-07-01,17,2133,South,24,3
2017-07-01,17,2134,East,21,3
2017-07-01,17,2135,West,17,3
2017-07-01,17,2136,North,46,3
2017-07-01,17,2137,South,24,3
2017-07-01,17,2138,East,21,3
2017-07-01,17,2139,West,17,3
2017-07-01,17,2140,North,46,3
2017-07-01,17,2141,South,24,3
2017-07-01,17,2142,East,21,3
2017-07-01,17,2143,West,17,3
2017-07-01,17,2144,North,46,3
2017-07-01,17,2145,South,24,3
2017-07-01,17,2146,East,21,3
2017-07-01,17,2147,West,17,3
2017-07-01,17,2148,North,46,3
2017-07-01,17,2149,South,24,3
2017-07-01,17,2150,East,21,3
2017-07-01,17,2151,West,17,3
2017-07-01,17,2152,North,46,3
2017-07-01,17,2153,South,24,3
2017-07-01,17,2154,East,21,3
2017-07-01,17,2155,West,17,3
2017-07-01,17,2156,North,46,3
2017-07-01,17,2157,South,24,3
2017-07-01,17,2158,East,21,3
2017-07-01,17,2159,West,17,3
2017-07-01,18,2160,North,47,3
2017-07-01,18,2161,South,23,3
2017-07-01,18,2162,East,21,3
2017-07-01,18,2163,West,17,3
2017-07-01,18,2164,North,47,3
2017-07-01,18,2165,South,23,3
2017-07-01,18,2166,East,21,3
2017-07-01,18,2167,West,17,3
2017-07-01,18,2168,North,47,3
2017-07-01,18,2169,South,23,3
2017-07-01,18,2170,East,21,3
2017-07-01,18,2171,West,17,3
2017-07-01,18,2172,North,47,3
2017-07-01,18,2173,South,23,3
2017-07-01,18,2174,East,21,3
2017-07-01,18,2175,West,17,3
2017-07-01,18,2176,North,47,3
2017-07-01,18,2177,South,23,3
2017-07-01,18,2178,East,21,3
2017-07-01,18,2179,West,17,3
2017-07-01,18,2180,North,47,3
2017-07-01,18,2181,South,23,3
2017-07-01,18,2182,East,21,3
2017-07-01,18,2183,West,17,3
2017-07-01,18,2184,North,47,3
2017-07-01,18,2185,South,23,3
2017-07-01,18,2186,East,21,3
2017-07-01,18,2187,West,17,3
2017-07-01,18,2188,North,47,3
2017-07-01,18,2189,South,23,3
2017-07-01,18,2190,East,21,3
2017-07-01,18,2191,West,17,3
2017-07-01,18,2192,North,47,3
2017-07-01,18,2193,South,23,3
2017-07-01,18,2194,East,21,3
2017-07-01,18,2195,West,17,3
2017-07-01,18,2196,North,47,3
2017-07-01,18,2197,South,23,3
2017-07-01,18,2198,East,21,3
2017-07-01,18,2199,West,17,3
2017-07-01,18,2200,North,47,3
2017-07-01,18,2201,South,23,3
2017-07-01,18,2202,East,21,3
2017-07-01,18,2203,West,17,3
2017-07-01,18,2204,North,47,3
2017-07-01,18,2205,South,23,3
2017-07-01,18,2206,East,21,3
2017-07-01,18,2207,West,17,3
2017-07-01,18,2208,North,47,3
2017-07-01,18,2209,South,23,3
2017-07-01,18,2210,East,21,3
2017-07-01,18,2211,West,17,3
2017-07-01,18,2212,North,47,3
2017-07-01,18,2213,South,23,3
2017-07-01,18,2214,East,21,3
2017-07-01,18,2215,West,17,3
2017-07-01,18,2216,North,47,3
2017-07-01,18,2217,South,23,3
2017-07-01,18,2218,East,21,3
2017-07-01,18,2219,West,17,3
2017-07-01,18,2220,North,47,3
2017-07-01,18,2221,South,23,3
2017-07-01,18,2222,East,21,3
2017-07-01,18,2223,West,17,3
2017-07-01,18,2224,North,47,3
2017-07-01,18,2225,South,23,3
2017-07-01,18,2226,East,21,3
2017-07-01,18,2227,West,17,3
2017-07-01,18,2228,North,47,3
2017-07-01,18,2229,South,23,3
2017-07-01,18,2230,East,21,3
2017-07-01,18,2231,West,17,3
2017-07-01,18,2232,North,47,3
2017-07-01,18,2233,South,23,3
2017-07-01,18,2234,East,21,3
2017-07-01,18,2235,West,17,3
2017-07-01,18,2236,North,47,3
2017-07-01,18,2237,South,23,3
2017-07-01,18,2238,East,21,3
2017-07-01,18,2239,West,17,3
2017-07-01,18,2240,North,47,3
2017-07-01,18,2241,South,23,3
2017-07-01,18,2242,East,21,3
2017-07-01,18,2243,West,17,3
2017-07-01,18,2244,North,47,3
2017-07-01,18,2245,South,23,3
2017-07-01,18,2246,East,21,3
2017-07-01,18,2247,West,17,3
2017-07-01,18,2248,North,47,3
2017-07-01,18,2249,South,23,3
2017-07-01,18,2250,East,21,3
2017-07-01,18,2251,West,17,3
2017-07-01,18,2252,North,47,3
2017-07-01,18,2253,South,23,3
2017-07-01,18,2254,East,21,3
2017-07-01,18,2255,West,17,3
2017-07-01,18,2256,North,47,3
2017-07-01,18,2257,South,23,3
2017-07-01,18,2258,East,21,3
2017-07-01,18,2259,West,17,3
2017-07-01,18,2260,North,47,3
2017-07-01,18,2261,South,23,3
2017-07-01,18,2262,East,21,3
2017-07-01,18,2263,West,17,3
2017-07-01,18,2264,North,47,3
2017-07-01,18,2265,South,23,3
2017-07-01,18,2266,East,21,3
2017-07-01,18,2267,West,17,3
2017-07-01,18,2268,North,47,3
2017-07-01,18,2269,South,23,3
2017-07-01,18,2270,East,21,3
2017-07-01,18,2271,West,17,3
2017-07-01,18,2272,North,47,3
2017-07-01,18,2273,South,23,3
2017-07-01,18,2274,East,21,3
2017-07-01,18,2275,West,17,3
2017-07-01,18,2276,North,47,3
2017-07-01,18,2277,South,23,3
2017-07-01,18,2278,East,21,3
2017-07-01,18,2279,West,17,3
2017-07-01,19,2280,North,48,3
2017-07-01,19,2281,South,22,3
2017-07-01,19,2282,East,21,3
2017-07-01,19,2283,West,17,3
2017-07-01,19,2284,North,48,3
2017-07-01,19,2285,South,22,3
2017-07-01,19,2286,East,21,3
2017-07-01,19,2287,West,17,3
2017-07-01,19,2288,North,48,3
2017-07-01,19,2289,South,22,3
2017-07-01,19,2290,East,21,3
2017-07-01,19,2291,West,17,3
2017-07-01,19,2292,North,48,3
2017-07-01,19,2293,South,22,3
2017-07-01,19,2294,East,21,3
2017-07-01,19,2295,West,17,3
2017-07-01,19,2296,North,48,3
2017-07-01,19,2297,South,22,3
2017-07-01,19,2298,East,21,3
2017-07-01,19,2299,West,17,3
2017-07-01,19,2300,North,48,3
2017-07-01,19,2301,South,22,3
2017-07-01,19,2302,East,21,3
2017-07-01,19,2303,West,17,3
2017-07-01,19,2304,North,48,3
2017-07-01,19,2305,South,22,3
2017-07-01,19,2306,East,21,3
2017-07-01,19,2307,West,17,3
2017-07-01,19,2308,North,48,3
2017-07-01,19,2309,South,22,3
2017-07-01,19,2310,East,21,3
2017-07-01,19,2311,West,17,3
2017-07-01,19,2312,North,48,3
2017-07-01,19,2313,South,22,3
2017-07-01,19,2314,East,21,3
2017-07-01,19,2315,West,17,3
2017-07-01,19,2316,North,48,3
2017-07-01,19,2317,South,22,3
2017-07-01,19,2318,East,21,3
2017-07-01,19,2319,West,17,3
2017-07-01,19,2320,North,48,3
2017-07-01,19,2321,South,22,3
2017-07-01,19,2322,East,21,3
2017-07-01,19,2323,West,17,3
2017-07-01,19,2324,North,48,3
2017-07-01,19,2325,South,22,3
2017-07-01,19,2326,East,21,3
2017-07-01,19,2327,West,17,3
2017-07-01,19,2328,North,48,3
2017-07-01,19,2329,South,22,3
2017-07-01,19,2330,East,21,3
2017-07-01,19,2331,West,17,3
2017-07-01,19,2332,North,48,3
2017-07-01,19,2333,South,22,3
2017-07-01,19,2334,East,21,3
2017-07-01,19,2335,West,17,3
2017-07-01,19,2336,North,48,3
2017-07-01,19,2337,South,22,3
2017-07-01,19,2338,East,21,3
2017-07-01,19,2339,West,17,3
2017-07-01,19,2340,North,48,3
2017-07-01,19,2341,South,22,3
2017-07-01,19,2342,East,21,3
2017-07-01,19,2343,West,17,3
2017-07-01,19,2344,North,48,3
2017-07-01,19,2345,South,22,3
2017-07-01,19,2346,East,21,3
2017-07-01,19,2347,West,17,3
2017-07-01,19,2348,North,48,3
2017-07-01,19,2349,South,22,3
2017-07-01,19,2350,East,21,3
2017-07-01,19,2351,West,17,3
2017-07-01,19,2352,North,48,3
2017-07-01,19,2353,South,22,3
2017-07-01,19,2354,East,21,3
2017-07-01,19,2355,West,17,3
2017-07-01,19,2356,North,48,3
2017-07-01,19,2357,South,22,3
2017-07-01,19,2358,East,21,3
2017-07-01,19,2359,West,17,3
2017-07-01,19,2360,North,48,3
2017-07-01,19,2361,South,22,3
2017-07-01,19,2362,East,21,3
2017-07-01,19,2363,West,17,3
2017-07-01,19,2364,North,48,3
2017-07-01,19,2365,South,22,3
2017-07-01,19,2366,East,21,3
2017-07-01,19,2367,West,17,3
2017-07-01,19,2368,North,48,3
2017-07-01,19,2369,South,22,3
2017-07-01,19,2370,East,21,3
2017-07-01,19,2371,West,17,3
2017-07-01,19,2372,North,48,3
2017-07-01,19,2373,South,22,3
2017-07-01,19,2374,East,21,3
2017-07-01,19,2375,West,17,3
2017-07-01,19,2376,North,48,3
2017-07-01,19,2377,South,22,3
2017-07-01,19,2378,East,21,3
2017-07-01,19,2379,West,17,3
2017-07-01,19,2380,North,48,3
2017-07-01,19,2381,South,22,3
2017-07-01,19,2382,East,21,3
2017-07-01,19,2383,West,17,3
2017-07-01,19,2384,North,48,3
2017-07-01,19,2385,South,22,3
2017-07-01,19,2386,East,21,3
2017-07-01,19,2387,West,17,3
2017-07-01,19,2388,North,48,3
2017-07-01,19,2389,South,22,3
2017-07-01,19,2390,East,21,3
2017-07-01,19,2391,West,17,3
2017-07-01,19,2392,North,48,3
2017-07-01,19,2393,South,22,3
2017-07-01,19,2394,East,21,3
2017-07-01,19,2395,West,17,3
2017-07-01,19,2396,North,48,3
2017-07-01,19,2397,South,22,3
2017-07-01,19,2398,East,21,3
2017-07-01,19,2399,West,17,3
2017-07-01,20,2400,North,48,3
2017-07-01,20,2401,South,22,3
2017-07-01,20,2402,East,21,3
2017-07-01,20,2403,West,17,3
2017-07-01,20,2404,North,48,3
2017-07-01,20,2405,South,22,3
2017-07-01,20,2406,East,21,3
2017-07-01,20,2407,West,17,3
2017-07-01,20,2408,North,48,3
2017-07-01,20,2409,South,22,3
2017-07-01,20,2410,East,21,3
2017-07-01,20,2411,West,17,3
2017-07-01,20,2412,North,48,3
2017-07-01,20,2413,South,22,3
2017-07-01,20,2414,East,21,3
2017-07-01,20,2415,West,17,3
2017-07-01,20,2416,North,48,3
2017-07-01,20,2417,South,22,3
2017-07-01,20,2418,East,21,3
2017-07-01,20,2419,West,17,3
2017-07-01,20,2420,North,48,3
2017-07-01,20,2421,South,22,3
2017-07-01,20,2422,East,21,3
2017-07-01,20,2423,West,17,3
2017-07-01,20,2424,North,48,3
2017-07-01,20,2425,South,22,3
2017-07-01,20,2426,East,21,3
2017-07-01,20,2427,West,17,3
2017-07-01,20,2428,North,48,3
2017-07-01,20,2429,South,22,3
2017-07-01,20,2430,East,21,3
2017-07-01,20,2431,West,17,3
2017-07-01,20,2432,North,48,3
2017-07-01,20,2433,South,22,3
2017-07-01,20,2434,East,21,3
2017-07-01,20,2435,West,17,3
2017-07-01,20,2436,North,48,3
2017-07-01,20,2437,South,22,3
2017-07-01,20,2438,East,21,3
2017-07-01,20,2439,West,17,3
2017-07-01,20,2440,North,48,3
2017-07-01,20,2441,South,22,3
2017-07-01,20,2442,East,21,3
2017-07-01,20,2443,West,17,3
2017-07-01,20,2444,North,48,3
2017-07-01,20,2445,South,22,3
2017-07-01,20,2446,East,21,3
2017-07-01,20,2447,West,17,3
2017-07-01,20,2448,North,48,3
2017-07-01,20,2449,South,22,3
2017-07-01,20,2450,East,21,3
2017-07-01,20,2451,West,17,3
2017-07-01,20,2452,North,48,3
2017-07-01,20,2453,South,22,3
2017-07-01,20,2454,East,21,3
2017-07-01,20,2455,West,17,3
2017-07-01,20,2456,North,48,3
2017-07-01,20,2457,South,22,3
2017-07-01,20,2458,East,21,3
2017-07-01,20,2459,West,17,3
2017-07-01,20,2460,North,48,3
2017-07-01,20,2461,South,22,3
2017-07-01,20,2462,East,21,3
2017-07-01,20,2463,West,17,3
2017-07-01,20,2464,North,48,3
2017-07-01,20,2465,South,22,3
2017-07-01,20,2466,East,21,3
2017-07-01,20,2467,West,17,3
2017-07-01,20,2468,North,48,3
2017-07-01,20,2469,South,22,3
2017-07-01,20,2470,East,21,3
2017-07-01,20,2471,West,17,3
2017-07-01,20,2472,North,48,3
2017-07-01,20,2473,South,22,3
2017-07-01,20,2474,East,21,3
2017-07-01,20,2475,West,17,3
2017-07-01,20,2476,North,48,3
2017-07-01,20,2477,South,22,3
2017-07-01,20,2478,East,21,3
2017-07-01,20,2479,West,17,3
2017-07-01,20,2480,North,48,3
2017-07-01,20,2481,South,22,3
2017-07-01,20,2482,East,21,3
2017-07-01,20,2483,West,17,3
2017-07-01,20,2484,North,48,3
2017-07-01,20,2485,South,22,3
2017-07-01,20,2486,East,21,3
2017-07-01,20,2487,West,17,3
2017-07-01,20,2488,North,48,3
2017-07-01,20,2489,South,22,3
2017-07-01,20,2490,East,21,3
2017-07-01,20,2491,West,17,3
2017-07-01,20,2492,North,48,3
2017-07-01,20,2493,South,22,3
2017-07-01,20,2494,East,21,3
2017-07-01,20,2495,West,17,3
2017-07-01,20,2496,North,48,3
2017-07-01,20,2497,South,22,3
2017-07-01,20,2498,East,21,3
2017-07-01,20,2499,West,17,3
2017-07-01,20,2500,North,48,3
2017-07-01,20,2501,South,22,3
2017-07-01,20,2502,East,21,3
2017-07-01,20,2503,West,17,3
2017-07-01,20,2504,North,48,3
2017-07-01,20,2505,South,22,3
2017-07-01,20,2506,East,21,3
2017-07-01,20,2507,West,17,3
2017-07-01,20,2508,North,48,3
2017-07-01,20,2509,South,22,3
2017-07-01,20,2510,East,21,3
2017-07-01,20,2511,West,17,3
2017-07-01,20,2512,North,48,3
2017-07-01,20,2513,South,22,3
2017-07-01,20,2514,East,21,3
2017-07-01,20,2515,West,17,3
2017-07-01,20,2516,North,48,3
2017-07-01,20,2517,South,22,3
2017-07-01,20,2518,East,21,3
2017-07-01,20,2519,West,17,3
2017-07-01,21,2520,North,49,3
2017-07-01,21,2521,South,21,3
2017-07-01,21,2522,East,21,3
2017-07-01,21,2523,West,17,3
2017-07-01,21,2524,North,49,3
2017-07-01,21,2525,South,21,3
2017-07-01,21,2526,East,21,3
2017-07-01,21,2527,West,17,3
2017-07-01,21,2528,North,49,3
2017-07-01,21,2529,South,21,3
2017-07-01,21,2530,East,21,3
2017-07-01,21,2531,West,17,3
2017-07-01,21,2532,North,49,3
2017-07-01,21,2533,South,21,3
2017-07-01,21,2534,East,21,3
2017-07-01,21,2535,West,17,3
2017-07-01,21,2536,North,49,3
2017-07-01,21,2537,South,21,3
2017-07-01,21,2538,East,21,3
2017-07-01,21,2539,West,17,3
2017-07-01,21,2540,North,49,3
2017-07-01,21,2541,South,21,3
2017-07-01,21,2542,East,21,3
2017-07-01,21,2543,West,17,3
2017-07-01,21,2544,North,49,3
2017-07-01,21,2545,South,21,3
2017-07-01,21,2546,East,21,3
2017-07-01,21,2547,West,17,3
2017-07-01,21,2548,North,49,3
2017-07-01,21,2549,South,21,3
2017-07-01,21,2550,East,21,3
2017-07-01,21,2551,West,17,3
2017-07-01,21,2552,North,49,3
2017-07-01,21,2553,South,21,3
2017-07-01,21,2554,East,21,3
2017-07-01,21,2555,West,17,3
2017-07-01,21,2556,North,49,3
2017-07-01,21,2557,South,21,3
2017-07-01,21,2558,East,21,3
2017-07-01,21,2559,West,17,3
2017-07-01,21,2560,North,49,3
2017-07-01,21,2561,South,21,3
2017-07-01,21,2562,East,21,3
2017-07-01,21,2563,West,17,3
2017-07-01,21,2564,North,49,3
2017-07-01,21,2565,South,21,3
2017-07-01,21,2566,East,21,3
2017-07-01,21,2567,West,17,3
2017-07-01,21,2568,North,49,3
2017-07-01,21,2569,South,21,3
2017-07-01,21,2570,East,21,3
2017-07-01,21,2571,West,17,3
2017-07-01,21,2572,North,49,3
2017-07-01,21,2573,South,21,3
2017-07-01,21,2574,East,21,3
2017-07-01,21,2575,West,17,3
2017-07-01,21,2576,North,49,3
2017-07-01,21,2577,South,21,3
2017-07-01,21,2578,East,21,3
2017-07-01,21,2579,West,17,3
2017-07-01,21,2580,North,49,3
2017-07-01,21,2581,South,21,3
2017-07-01,21,2582,East,21,3
2017-07-01,21,2583,West,17,3
2017-07-01,21,2584,North,49,3
2017-07-01,21,2585,South,21,3
2017-07-01,21,2586,East,21,3
2017-07-01,21,2587,West,17,3
2017-07-01,21,2588,North,49,3
2017-07-01,21,2589,South,21,3
2017-07-01,21,2590,East,21,3
2017-07-01,21,2591,West,17,3
2017-07-01,21,2592,North,49,3
2017-07-01,21,2593,South,21,3
2017-07-01,21,2594,East,21,3
2017-07-01,21,2595,West,17,3
2017-07-01,21,2596,North,49,3
2017-07-01,21,2597,South,21,3
2017-07-01,21,2598,East,21,3
2017-07-01,21,2599,West,17,3
2017-07-01,21,2600,North,49,3
2017-07-01,21,2601,South,21,3
2017-07-01,21,2602,East,21,3
2017-07-01,21,2603,West,17,3
2017-07-01,21,2604,North,49,3
2017-07-01,21,2605,South,21,3
2017-07-01,21,2606,East,21,3
2017-07-01,21,2607,West,17,3
2017-07-01,21,2608,North,49,3
2017-07-01,21,2609,South,21,3
2017-07-01,21,2610,East,21,3
2017-07-01,21,2611,West,17,3
2017-07-01,21,2612,North,49,3
2017-07-01,21,2613,South,21,3
2017-07-01,21,2614,East,21,3
2017-07-01,21,2615,West,17,3
2017-07-01,21,2616,North,49,3
2017-07-01,21,2617,South,21,3
2017-07-01,21,2618,East,21,3
2017-07-01,21,2619,West,17,3
2017-07-01,21,2620,North,49,3
2017-07-01,21,2621,South,21,3
2017-07-01,21,2622,East,21,3
2017-07-01,21,2623,West,17,3
2017-07-01,21,2624,North,49,3
2017-07-01,21,2625,South,21,3
2017-07-01,21,2626,East,21,3
2017-07-01,21,2627,West,17,3
2017-07-01,21,2628,North,49,3
2017-07-01,21,2629,South,21,3
2017-07-01,21,2630,East,21,3
2017-07-01,21,2631,West,17,3
2017-07-01,21,2632,North,49,3
2017-07-01,21,2633,South,21,3
2017-07-01,21,2634,East,21,3
2017-07-01,21,2635,West,17,3
2017-07-01,21,2636,North,49,3
2017-07-01,21,2637,South,21,3
2017-07-01,21,2638,East,21,3
2017-07-01,21,2639,West,17,3
2017-07-01,22,2640,North,48,3
2017-07-01,22,2641,South,23,3
2017-07-01,22,2642,East,20,3
2017-07-01,22,2643,West,17,3
2017-07-01,22,2644,North,48,3
2017-07-01,22,2645,South,23,3
2017-07-01,22,2646,East,20,3
2017-07-01,22,2647,West,17,3
2017-07-01,22,2648,North,48,3
2017-07-01,22,2649,South,23,3
2017-07-01,22,2650,East,20,3
2017-07-01,22,2651,West,17,3
2017-07-01,22,2652,North,48,3
2017-07-01,22,2653,South,23,3
2017-07-01,22,2654,East,20,3
2017-07-01,22,2655,West,17,3
2017-07-01,22,2656,North,48,3
2017-07-01,22,2657,South,23,3
2017-07-01,22,2658,East,20,3
2017-07-01,22,2659,West,17,3
2017-07-01,22,2660,North,48,3
2017-07-01,22,2661,South,23,3
2017-07-01,22,2662,East,20,3
2017-07-01,22,2663,West,17,3
2017-07-01,22,2664,North,48,3
2017-07-01,22,2665,South,23,3
2017-07-01,22,2666,East,20,3
2017-07-01,22,2667,West,17,3
2017-07-01,22,2668,North,48,3
2017-07-01,22,2669,South,23,3
2017-07-01,22,2670,East,20,3
2017-07-01,22,2671,West,17,3
2017-07-01,22,2672,North,48,3
2017-07-01,22,2673,South,23,3
2017-07-01,22,2674,East,20,3
2017-07-01,22,2675,West,17,3
2017-07-01,22,2676,North,48,3
2017-07-01,22,2677,South,23,3
2017-07-01,22,2678,East,20,3
2017-07-01,22,2679,West,17,3
2017-07-01,22,2680,North,48,3
2017-07-01,22,2681,South,23,3
2017-07-01,22,2682,East,20,3
2017-07-01,22,2683,West,17,3
2017-07-01,22,2684,North,48,3
2017-07-01,22,2685,South,23,3
2017-07-01,22,2686,East,20,3
2017-07-01,22,2687,West,17,3
2017-07-01,22,2688,North,48,3
2017-07-01,22,2689,South,23,3
2017-07-01,22,2690,East,20,3
2017-07-01,22,2691,West,17,3
2017-07-01,22,2692,North,48,3
2017-07-01,22,2693,South,23,3
2017-07-01,22,2694,East,20,3
2017-07-01,22,2695,West,17,3
2017-07-01,22,2696,North,48,3
2017-07-01,22,2697,South,23,3
2017-07-01,22,2698,East,20,3
2017-07-01,22,2699,West,17,3
2017-07-01,22,2700,North,48,3
2017-07-01,22,2701,South,23,3
2017-07-01,22,2702,East,20,3
2017-07-01,22,2703,West,17,3
2017-07-01,22,2704,North,48,3
2017-07-01,22,2705,South,23,3
2017-07-01,22,2706,East,20,3
2017-07-01,22,2707,West,17,3
2017-07-01,22,2708,North,48,3
2017-07-01,22,2709,South,23,3
2017-07-01,22,2710,East,20,3
2017-07-01,22,2711,West,17,3
2017-07-01,22,2712,North,48,3
2017-07-01,22,2713,South,23,3
2017-07-01,22,2714,East,20,3
2017-07-01,22,2715,West,17,3
2017-07-01,22,2716,North,48,3
2017-07-01,22,2717,South,23,3
2017-07-01,22,2718,East,20,3
2017-07-01,22,2719,West,17,3
2017-07-01,22,2720,North,48,3
2017-07-01,22,2721,South,23,3
2017-07-01,22,2722,East,20,3
2017-07-01,22,2723,West,17,3
2017-07-01,22,2724,North,48,3
2017-07-01,22,2725,South,23,3
2017-07-01,22,2726,East,20,3
2017-07-01,22,2727,West,17,3
2017-07-01,22,2728,North,48,3
2017-07-01,22,2729,South,23,3
2017-07-01,22,2730,East,20,3
2017-07-01,22,2731,West,17,3
2017-07-01,22,2732,North,48,3
2017-07-01,22,2733,South,23,3
2017-07-01,22,2734,East,20,3
2017-07-01,22,2735,West,17,3
2017-07-01,22,2736,North,48,3
2017-07-01,22,2737,South,23,3
2017-07-01,22,2738,East,20,3
2017-07-01,22,2739,West,17,3
2017-07-01,22,2740,North,48,3
2017-07-01,22,2741,South,23,3
2017-07-01,22,2742,East,20,3
2017-07-01,22,2743,West,17,3
2017-07-01,22,2744,North,48,3
2017-07-01,22,2745,South,23,3
2017-07-01,22,2746,East,20,3
2017-07-01,22,2747,West,17,3
2017-07-01,22,2748,North,48,3
2017-07-01,22,2749,South,23,3
2017-07-01,22,2750,East,20,3
2017-07-01,22,2751,West,17,3
2017-07-01,22,2752,North,48,3
2017-07-01,22,2753,South,23,3
2017-07-01,22,2754,East,20,3
2017-07-01,22,2755,West,17,3
2017-07-01,22,2756,North,48,3
2017-07-01,22,2757,South,23,3
2017-07-01,22,2758,East,20,3
2017-07-01,22,2759,West,17,3
2017-07-01,23,2760,North,47,3
2017-07-01,23,2761,South,23,3
2017-07-01,23,2762,East,21,3
2017-07-01,23,2763,West,17,3
2017-07-01,23,2764,North,47,3
2017-07-01,23,2765,South,23,3
2017-07-01,23,2766,East,21,3
2017-07-01,23,2767,West,17,3
2017-07-01,23,2768,North,47,3
2017-07-01,23,2769,South,23,3
2017-07-01,23,2770,East,21,3
2017-07-01,23,2771,West,17,3
2017-07-01,23,2772,North,47,3
2017-07-01,23,2773,South,23,3
2017-07-01,23,2774,East,21,3
2017-07-01,23,2775,West,17,3
2017-07-01,23,2776,North,47,3
2017-07-01,23,2777,South,23,3
2017-07-01,23,2778,East,21,3
2017-07-01,23,2779,West,17,3
2017-07-01,23,2780,North,47,3
2017-07-01,23,2781,South,23,3
2017-07-01,23,2782,East,21,3
2017-07-01,23,2783,West,17,3
2017-07-01,23,2784,North,47,3
2017-07-01,23,2785,South,23,3
2017-07-01,23,2786,East,21,3
2017-07-01,23,2787,West,17,3
2017-07-01,23,2788,North,47,3
2017-07-01,23,2789,South,23,3
2017-07-01,23,2790,East,21,3
2017-07-01,23,2791,West,17,3
2017-07-01,23,2792,North,47,3
2017-07-01,23,2793,South,23,3
2017-07-01,23,2794,East,21,3
2017-07-01,23,2795,West,17,3
2017-07-01,23,2796,North,47,3
2017-07-01,23,2797,South,23,3
2017-07-01,23,2798,East,21,3
2017-07-01,23,2799,West,17,3
2017-07-01,23,2800,North,47,3
2017-07-01,23,2801,South,23,3
2017-07-01,23,2802,East,21,3
2017-07-01,23,2803,West,17,3
2017-07-01,23,2804,North,47,3
2017-07-01,23,2805,South,23,3
2017-07-01,23,2806,East,21,3
2017-07-01,23,2807,West,17,3
2017-07-01,23,2808,North,47,3
2017-07-01,23,2809,South,23,3
2017-07-01,23,2810,East,21,3
2017-07-01,23,2811,West,17,3
2017-07-01,23,2812,North,47,3
2017-07-01,23,2813,South,23,3
2017-07-01,23,2814,East,21,3
2017-07-01,23,2815,West,17,3
2017-07-01,23,2816,North,47,3
2017-07-01,23,2817,South,23,3
2017-07-01,23,2818,East,21,3
2017-07-01,23,2819,West,17,3
2017-07-01,23,2820,North,47,3
2017-07-01,23,2821,South,23,3
2017-07-01,23,2822,East,21,3
2017-07-01,23,2823,West,17,3
2017-07-01,23,2824,North,47,3
2017-07-01,23,2825,South,23,3
2017-07-01,23,2826,East,21,3
2017-07-01,23,2827,West,17,3
2017-07-01,23,2828,North,47,3
2017-07-01,23,2829,South,23,3
2017-07-01,23,2830,East,21,3
2017-07-01,23,2831,West,17,3
2017-07-01,23,2832,North,47,3
2017-07-01,23,2833,South,23,3
2017-07-01,23,2834,East,21,3
2017-07-01,23,2835,West,17,3
2017-07-01,23,2836,North,47,3
2017-07-01,23,2837,South,23,3
2017-07-01,23,2838,East,21,3
2017-07-01,23,2839,West,17,3
2017-07-01,23,2840,North,47,3
2017-07-01,23,2841,South,23,3
2017-07-01,23,2842,East,21,3
2017-07-01,23,2843,West,17,3
2017-07-01,23,2844,North,47,3
2017-07-01,23,2845,South,23,3
2017-07-01,23,2846,East,21,3
2017-07-01,23,2847,West,17,3
2017-07-01,23,2848,North,47,3
2017-07-01,23,2849,South,23,3
2017-07-01,23,2850,East,21,3
2017-07-01,23,2851,West,17,3
2017-07-01,23,2852,North,47,3
2017-07-01,23,2853,South,23,3
2017-07-01,23,2854,East,21,3
2017-07-01,23,2855,West,17,3
2017-07-01,23,2856,North,47,3
2017-07-01,23,2857,South,23,3
2017-07-01,23,2858,East,21,3
2017-07-01,23,2859,West,17,3
2017-07-01,23,2860,North,47,3
2017-07-01,23,2861,South,23,3
2017-07-01,23,2862,East,21,3
2017-07-01,23,2863,West,17,3
2017-07-01,23,2864,North,47,3
2017-07-01,23,2865,South,23,3
2017-07-01,23,2866,East,21,3
2017-07-01,23,2867,West,17,3
2017-07-01,23,2868,North,47,3
2017-07-01,23,2869,South,23,3
2017-07-01,23,2870,East,21,3
2017-07-01,23,2871,West,17,3
2017-07-01,23,2872,North,47,3
2017-07-01,23,2873,South,23,3
2017-07-01,23,2874,East,21,3
2017-07-01,23,2875,West,17,3
2017-07-01,23,2876,North,47,3
2017-07-01,23,2877,South,23,3
2017-07-01,23,2878,East,21,3
2017-07-01,23,2879,West,17,3
2017-07-02,0,2880,North,46,3
2017-07-02,0,2881,South,24,3
2017-07-02,0,2882,East,21,3
2017-07-02,0,2883,West,17,3
2017-07-02,0,2884,North,46,3
2017-07-02,0,2885,South,24,3
2017-07-02,0,2886,East,21,3
2017-07-02,0,2887,West,17,3
2017-07-02,0,2888,North,46,3
2017-07-02,0,2889,South,24,3
2017-07-02,0,2890,East,21,3
2017-07-02,0,2891,West,17,3
2017-07-02,0,2892,North,46,3
2017-07-02,0,2893,South,24,3
2017-07-02,0,2894,East,21,3
2017-07-02,0,2895,West,17,3
2017-07-02,0,2896,North,46,3
2017-07-02,0,2897,South,24,3
2017-07-02,0,2898,East,21,3
2017-07-02,0,2899,West,17,3
2017-07-02,0,2900,North,46,3
2017-07-02,0,2901,South,24,3
2017-07-02,0,2902,East,21,3
2017-07-02,0,2903,West,17,3
2017-07-02,0,2904,North,46,3
2017-07-02,0,2905,South,24,3
2017-07-02,0,2906,East,21,3
2017-07-02,0,2907,West,17,3
2017-07-02,0,2908,North,46,3
2017-07-02,0,2909,South,24,3
2017-07-02,0,2910,East,21,3
2017-07-02,0,2911,West,17,3
2017-07-02,0,2912,North,46,3
2017-07-02,0,2913,South,24,3
2017-07-02,0,2914,East,21,3
2017-07-02,0,2915,West,17,3
2017-07-02,0,2916,North,46,3
2017-07-02,0,2917,South,24,3
2017-07-02,0,2918,East,21,3
2017-07-02,0,2919,West,17,3
2017-07-02,0,2920,North,46,3
2017-07-02,0,2921,South,24,3
2017-07-02,0,2922,East,21,3
2017-07-02,0,2923,West,17,3
2017-07-02,0,2924,North,46,3
2017-07-02,0,2925,South,24,3
2017-07-02,0,2926,East,21,3
2017-07-02,0,2927,West,17,3
2017-07-02,0,2928,North,46,3
2017-07-02,0,2929,South,24,3
2017-07-02,0,2930,East,21,3
2017-07-02,0,2931,West,17,3
2017-07-02,0,2932,North,46,3
2017-07-02,0,2933,South,24,3
2017-07-02,0,2934,East,21,3
2017-07-02,0,2935,West,17,3
2017-07-02,0,2936,North,46,3
2017-07-02,0,2937,South,24,3
2017-07-02,0,2938,East,21,3
2017-07-02,0,2939,West,17,3
2017-07-02,0,2940,North,46,3
2017-07-02,0,2941,South,24,3
2017-07-02,0,2942,East,21,3
2017-07-02,0,2943,West,17,3
2017-07-02,0,2944,North,46,3
2017-07-02,0,2945,South,24,3
2017-07-02,0,2946,East,21,3
2017-07-02,0,2947,West,17,3
2017-07-02,0,2948,North,46,3
2017-07-02,0,2949,South,24,3
2017-07-02,0,2950,East,21,3
2017-07-02,0,2951,West,17,3
2017-07-02,0,2952,North,46,3
2017-07-02,0,2953,South,24,3
2017-07-02,0,2954,East,21,3
2017-07-02,0,2955,West,17,3
2017-07-02,0,2956,North,46,3
2017-07-02,0,2957,South,24,3
2017-07-02,0,2958,East,21,3
2017-07-02,0,2959,West,17,3
2017-07-02,0,2960,North,46,3
2017-07-02,0,2961,South,24,3
2017-07-02,0,2962,East,21,3
2017-07-02,0,2963,West,17,3
2017-07-02,0,2964,North,46,3
2017-07-02,0,2965,South,24,3
2017-07-02,0,2966,East,21,3
2017-07-02,0,2967,West,17,3
2017-07-02,0,2968,North,46,3
2017-07-02,0,2969,South,24,3
2017-07-02,0,2970,East,21,3
2017-07-02,0,2971,West,17,3
2017-07-02,0,2972,North,46,3
2017-07-02,0,2973,South,24,3
2017-07-02,0,2974,East,21,3
2017-07-02,0,2975,West,17,3
2017-07-02,0,2976,North,46,3
2017-07-02,0,2977,South,24,3
2017-07-02,0,2978,East,21,3
2017-07-02,0,2979,West,17,3
2017-07-02,0,2980,North,46,3
2017-07-02,0,2981,South,24,3
2017-07-02,0,2982,East,21,3
2017-07-02,0,2983,West,17,3
2017-07-02,0,2984,North,46,3
2017-07-02,0,2985,South,24,3
2017-07-02,0,2986,East,21,3
2017-07-02,0,2987,West,17,3
2017-07-02,0,2988,North,46,3
2017-07-02,0,2989,South,24,3
2017-07-02,0,2990,East,21,3
2017-07-02,0,2991,West,17,3
2017-07-02,0,2992,North,46,3
2017-07-02,0,2993,South,24,3
2017-07-02,0,2994,East,21,3
2017-07-02,0,2995,West,17,3
2017-07-02,0,2996,North,46,3
2017-07-02,0,2997,South,24,3
2017-07-02,0,2998,East,21,3
2017-07-02,0,2999,West,17,3
2017-07-02,1,3000,North,46,3
2017-07-02,1,3001,South,25,3
2017-07-02,1,3002,East,20,3
2017-07-02,1,3003,West,17,3
2017-07-02,1,3004,North,46,3
2017-07-02,1,3005,South,25,3
2017-07-02,1,3006,East,20,3
2017-07-02,1,3007,West,17,3
2017-07-02,1,3008,North,46,3
2017-07-02,1,3009,South,25,3
2017-07-02,1,3010,East,20,3
2017-07-02,1,3011,West,17,3
2017-07-02,1,3012,North,46,3
2017-07-02,1,3013,South,25,3
2017-07-02,1,3014,East,20,3
2017-07-02,1,3015,West,17,3
2017-07-02,1,3016,North,46,3
2017-07-02,1,3017,South,25,3
2017-07-02,1,3018,East,20,3
2017-07-02,1,3019,West,17,3
2017-07-02,1,3020,North,46,3
2017-07-02,1,3021,South,25,3
2017-07-02,1,3022,East,20,3
2017-07-02,1,3023,West,17,3
2017-07-02,1,3024,North,46,3
2017-07-02,1,3025,South,25,3
2017-07-02,1,3026,East,20,3
2017-07-02,1,3027,West,17,3
2017-07-02,1,3028,North,46,3
2017-07-02,1,3029,South,25,3
2017-07-02,1,3030,East,20,3
2017-07-02,1,3031,West,17,3
2017-07-02,1,3032,North,46,3
2017-07-02,1,3033,South,25,3
2017-07-02,1,3034,East,20,3
2017-07-02,1,3035,West,17,3
2017-07-02,1,3036,North,46,3
2017-07-02,1,3037,South,25,3
2017-07-02,1,3038,East,20,3
2017-07-02,1,3039,West,17,3
2017-07-02,1,3040,North,46,3
2017-07-02,1,3041,South,25,3
2017-07-02,1,3042,East,20,3
2017-07-02,1,3043,West,17,3
2017-07-02,1,3044,North,46,3
2017-07-02,1,3045,South,25,3
2017-07-02,1,3046,East,20,3
2017-07-02,1,3047,West,17,3
2017-07-02,1,3048,North,46,3
2017-07-02,1,3049,South,25,3
2017-07-02,1,3050,East,20,3
2017-07-02,1,3051,West,17,3
2017-07-02,1,3052,North,46,3
2017-07-02,1,3053,South,25,3
2017-07-02,1,3054,East,20,3
2017-07-02,1,3055,West,17,3
2017-07-02,1,3056,North,46,3
2017-07-02,1,3057,South,25,3
2017-07-02,1,3058,East,20,3
2017-07-02,1,3059,West,17,3
2017-07-02,1,3060,North,46,3
2017-07-02,1,3061,South,25,3
2017-07-02,1,3062,East,20,3
2017-07-02,1,3063,West,17,3
2017-07-02,1,3064,North,46,3
2017-07-02,1,3065,South,25,3
2017-07-02,1,3066,East,20,3
2017-07-02,1,3067,West,17,3
2017-07-02,1,3068,North,46,3
2017-07-02,1,3069,South,25,3
2017-07-02,1,3070,East,20,3
2017-07-02,1,3071,West,17,3
2017-07-02,1,3072,North,46,3
2017-07-02,1,3073,South,25,3
2017-07-02,1,3074,East,20,3
2017-07-02,1,3075,West,17,3
2017-07-02,1,3076,North,46,3
2017-07-02,1,3077,South,25,3
2017-07-02,1,3078,East,20,3
2017-07-02,1,3079,West,17,3
2017-07-02,1,3080,North,46,3
2017-07-02,1,3081,South,25,3
2017-07-02,1,3082,East,20,3
2017-07-02,1,3083,West,17,3
2017-07-02,1,3084,North,46,3
2017-07-02,1,3085,South,25,3
2017-07-02,1,3086,East,20,3
2017-07-02,1,3087,West,17,3
2017-07-02,1,3088,North,46,3
2017-07-02,1,3089,South,25,3
2017-07-02,1,3090,East,20,3
2017-07-02,1,3091,West,17,3
2017-07-02,1,3092,North,46,3
2017-07-02,1,3093,South,25,3
2017-07-02,1,3094,East,20,3
2017-07-02,1,3095,West,17,3
2017-07-02,1,3096,North,46,3
2017-07-02,1,3097,South,25,3
2017-07-02,1,3098,East,20,3
2017-07-02,1,3099,West,17,3
2017-07-02,1,3100,North,46,3
2017-07-02,1,3101,South,25,3
2017-07-02,1,3102,East,20,3
2017-07-02,1,3103,West,17,3
2017-07-02,1,3104,North,46,3
2017-07-02,1,3105,South,25,3
2017-07-02,1,3106,East,20,3
2017-07-02,1,3107,West,17,3
2017-07-02,1,3108,North,46,3
2017-07-02,1,3109,South,25,3
2017-07-02,1,3110,East,20,3
2017-07-02,1,3111,West,17,3
2017-07-02,1,3112,North,46,3
2017-07-02,1,3113,South,25,3
2017-07-02,1,3114,East,20,3
2017-07-02,1,3115,West,17,3
2017-07-02,1,3116,North,46,3
2017-07-02,1,3117,South,25,3
2017-07-02,1,3118,East,20,3
2017-07-02,1,3119,West,17,3
2017-07-02,2,3120,North,44,3
2017-07-02,2,3121,South,26,3
2017-07-02,2,3122,East,20,3
2017-07-02,2,3123,West,18,3
2017-07-02,2,3124,North,44,3
2017-07-02,2,3125,South,26,3
2017-07-02,2,3126,East,20,3
2017-07-02,2,3127,West,18,3
2017-07-02,2,3128,North,44,3
2017-07-02,2,3129,South,26,3
2017-07-02,2,3130,East,20,3
2017-07-02,2,3131,West,18,3
2017-07-02,2,3132,North,44,3
2017-07-02,2,3133,South,26,3
2017-07-02,2,3134,East,20,3
2017-07-02,2,3135,West,18,3
2017-07-02,2,3136,North,44,3
2017-07-02,2,3137,South,26,3
2017-07-02,2,3138,East,20,3
2017-07-02,2,3139,West,18,3
2017-07-02,2,3140,North,44,3
2017-07-02,2,3141,South,26,3
2017-07-02,2,3142,East,20,3
2017-07-02,2,3143,West,18,3
2017-07-02,2,3144,North,44,3
2017-07-02,2,3145,South,26,3
2017-07-02,2,3146,East,20,3
2017-07-02,2,3147,West,18,3
2017-07-02,2,3148,North,44,3
2017-07-02,2,3149,South,26,3
2017-07-02,2,3150,East,20,3
2017-07-02,2,3151,West,18,3
2017-07-02,2,3152,North,44,3
2017-07-02,2,3153,South,26,3
2017-07-02,2,3154,East,20,3
2017-07-02,2,3155,West,18,3
2017-07-02,2,3156,North,44,3
2017-07-02,2,3157,South,26,3
2017-07-02,2,3158,East,20,3
2017-07-02,2,3159,West,18,3
2017-07-02,2,3160,North,44,3
2017-07-02,2,3161,South,26,3
2017-07-02,2,3162,East,20,3
2017-07-02,2,3163,West,18,3
2017-07-02,2,3164,North,44,3
2017-07-02,2,3165,South,26,3
2017-07-02,2,3166,East,20,3
2017-07-02,2,3167,West,18,3
2017-07-02,2,3168,North,44,3
2017-07-02,2,3169,South,26,3
2017-07-02,2,3170,East,20,3
2017-07-02,2,3171,West,18,3
2017-07-02,2,3172,North,44,3
2017-07-02,2,3173,South,26,3
2017-07-02,2,3174,East,20,3
2017-07-02,2,3175,West,18,3
2017-07-02,2,3176,North,44,3
2017-07-02,2,3177,South,26,3
2017-07-02,2,3178,East,20,3
2017-07-02,2,3179,West,18,3
2017-07-02,2,3180,North,44,3
2017-07-02,2,3181,South,26,3
2017-07-02,2,3182,East,20,3
2017-07-02,2,3183,West,18,3
2017-07-02,2,3184,North,44,3
2017-07-02,2,3185,South,26,3
2017-07-02,2,3186,East,20,3
2017-07-02,2,3187,West,18,3
2017-07-02,2,3188,North,44,3
2017-07-02,2,3189,South,26,3
2017-07-02,2,3190,East,20,3
2017-07-02,2,3191,West,18,3
2017-07-02,2,3192,North,44,3
2017-07-02,2,3193,South,26,3
2017-07-02,2,3194,East,20,3
2017-07-02,2,3195,West,18,3
2017-07-02,2,3196,North,44,3
2017-07-02,2,3197,South,26,3
2017-07-02,2,3198,East,20,3
2017-07-02,2,3199,West,18,3
2017-07-02,2,3200,North,44,3
2017-07-02,2,3201,South,26,3
2017-07-02,2,3202,East,20,3
2017-07-02,2,3203,West,18,3
2017-07-02,2,3204,North,44,3
2017-07-02,2,3205,South,26,3
2017-07-02,2,3206,East,20,3
2017-07-02,2,3207,West,18,3
2017-07-02,2,3208,North,44,3
2017-07-02,2,3209,South,26,3
2017-07-02,2,3210,East,20,3
2017-07-02,2,3211,West,18,3
2017-07-02,2,3212,North,44,3
2017-07-02,2,3213,South,26,3
2017-07-02,2,3214,East,20,3
2017-07-02,2,3215,West,18,3
2017-07-02,2,3216,North,44,3
2017-07-02,2,3217,South,26,3
2017-07-02,2,3218,East,20,3
2017-07-02,2,3219,West,18,3
2017-07-02,2,3220,North,44,3
2017-07-02,2,3221,South,26,3
2017-07-02,2,3222,East,20,3
2017-07-02,2,3223,West,18,3
2017-07-02,2,3224,North,44,3
2017-07-02,2,3225,South,26,3
2017-07-02,2,3226,East,20,3
2017-07-02,2,3227,West,18,3
2017-07-02,2,3228,North,44,3
2017-07-02,2,3229,South,26,3
2017-07-02,2,3230,East,20,3
2017-07-02,2,3231,West,18,3
2017-07-02,2,3232,North,44,3
2017-07-02,2,3233,South,26,3
2017-07-02,2,3234,East,20,3
2017-07-02,2,3235,West,18,3
2017-07-02,2,3236,North,44,3
2017-07-02,2,3237,South,26,3
2017-07-02,2,3238,East,20,3
2017-07-02,2,3239,West,18,3
2017-07-02,3,3240,North,47,3
2017-07-02,3,3241,South,22,3
2017-07-02,3,3242,East,21,3
2017-07-02,3,3243,West,18,3
2017-07-02,3,3244,North,47,3
2017-07-02,3,3245,South,22,3
2017-07-02,3,3246,East,21,3
2017-07-02,3,3247,West,18,3
2017-07-02,3,3248,North,47,3
2017-07-02,3,3249,South,22,3
2017-07-02,3,3250,East,21,3
2017-07-02,3,3251,West,18,3
2017-07-02,3,3252,North,47,3
2017-07-02,3,3253,South,22,3
2017-07-02,3,3254,East,21,3
2017-07-02,3,3255,West,18,3
2017-07-02,3,3256,North,47,3
2017-07-02,3,3257,South,22,3
2017-07-02,3,3258,East,21,3
2017-07-02,3,3259,West,18,3
2017-07-02,3,3260,North,47,3
2017-07-02,3,3261,South,22,3
2017-07-02,3,3262,East,21,3
2017-07-02,3,3263,West,18,3
2017-07-02,3,3264,North,47,3
2017-07-02,3,3265,South,22,3
2017-07-02,3,3266,East,21,3
2017-07-02,3,3267,West,18,3
2017-07-02,3,3268,North,47,3
2017-07-02,3,3269,South,22,3
2017-07-02,3,3270,East,21,3
2017-07-02,3,3271,West,18,3
2017-07-02,3,3272,North,47,3
2017-07-02,3,3273,South,22,3
2017-07-02,3,3274,East,21,3
2017-07-02,3,3275,West,18,3
2017-07-02,3,3276,North,47,3
2017-07-02,3,3277,South,22,3
2017-07-02,3,3278,East,21,3
2017-07-02,3,3279,West,18,3
2017-07-02,3,3280,North,47,3
2017-07-02,3,3281,South,22,3
2017-07-02,3,3282,East,21,3
2017-07-02,3,3283,West,18,3
2017-07-02,3,3284,North,47,3
2017-07-02,3,3285,South,22,3
2017-07-02,3,3286,East,21,3
2017-07-02,3,3287,West,18,3
2017-07-02,3,3288,North,47,3
2017-07-02,3,3289,South,22,3
2017-07-02,3,3290,East,21,3
2017-07-02,3,3291,West,18,3
2017-07-02,3,3292,North,47,3
2017-07-02,3,3293,South,22,3
2017-07-02,3,3294,East,21,3
2017-07-02,3,3295,West,18,3
2017-07-02,3,3296,North,47,3
2017-07-02,3,3297,South,22,3
2017-07-02,3,3298,East,21,3
2017-07-02,3,3299,West,18,3
2017-07-02,3,3300,North,47,3
2017-07-02,3,3301,South,22,3
2017-07-02,3,3302,East,21,3
2017-07-02,3,3303,West,18,3
2017-07-02,3,3304,North,47,3
2017-07-02,3,3305,South,22,3
2017-07-02,3,3306,East,21,3
2017-07-02,3,3307,West,18,3
2017-07-02,3,3308,North,47,3
2017-07-02,3,3309,South,22,3
2017-07-02,3,3310,East,21,3
2017-07-02,3,3311,West,18,3
2017-07-02,3,3312,North,47,3
2017-07-02,3,3313,South,22,3
2017-07-02,3,3314,East,21,3
2017-07-02,3,3315,West,18,3
2017-07-02,3,3316,North,47,3
2017-07-02,3,3317,South,22,3
2017-07-02,3,3318,East,21,3
2017-07-02,3,3319,West,18,3
2017-07-02,3,3320,North,47,3
2017-07-02,3,3321,South,22,3
2017-07-02,3,3322,East,21,3
2017-07-02,3,3323,West,18,3
2017-07-02,3,3324,North,47,3
2017-07-02,3,3325,South,22,3
2017-07-02,3,3326,East,21,3
2017-07-02,3,3327,West,18,3
2017-07-02,3,3328,North,47,3
2017-07-02,3,3329,South,22,3
2017-07-02,3,3330,East,21,3
2017-07-02,3,3331,West,18,3
2017-07-02,3,3332,North,47,3
2017-07-02,3,3333,South,22,3
2017-07-02,3,3334,East,21,3
2017-07-02,3,3335,West,18,3
2017-07-02,3,3336,North,47,3
2017-07-02,3,3337,South,22,3
2017-07-02,3,3338,East,21,3
2017-07-02,3,3339,West,18,3
2017-07-02,3,3340,North,47,3
2017-07-02,3,3341,South,22,3
2017-07-02,3,3342,East,21,3
2017-07-02,3,3343,West,18,3
2017-07-02,3,3344,North,47,3
2017-07-02,3,3345,South,22,3
2017-07-02,3,3346,East,21,3
2017-07-02,3,3347,West,18,3
2017-07-02,3,3348,North,47,3
2017-07-02,3,3349,South,22,3
2017-07-02,3,3350,East,21,3
2017-07-02,3,3351,West,18,3
2017-07-02,3,3352,North,47,3
2017-07-02,3,3353,South,22,3
2017-07-02,3,3354,East,21,3
2017-07-02,3,3355,West,18,3
2017-07-02,3,3356,North,47,3
2017-07-02,3,3357,South,22,3
2017-07-02,3,3358,East,21,3
2017-07-02,3,3359,West,18,3
2017-07-02,4,3360,North,44,3
2017-07-02,4,3361,South,25,3
2017-07-02,4,3362,East,21,3
2017-07-02,4,3363,West,18,3
2017-07-02,4,3364,North,44,3
2017-07-02,4,3365,South,25,3
2017-07-02,4,3366,East,21,3
2017-07-02,4,3367,West,18,3
2017-07-02,4,3368,North,44,3
2017-07-02,4,3369,South,25,3
2017-07-02,4,3370,East,21,3
2017-07-02,4,3371,West,18,3
2017-07-02,4,3372,North,44,3
2017-07-02,4,3373,South,25,3
2017-07-02,4,3374,East,21,3
2017-07-02,4,3375,West,18,3
2017-07-02,4,3376,North,44,3
2017-07-02,4,3377,South,25,3
2017-07-02,4,3378,East,21,3
2017-07-02,4,3379,West,18,3
2017-07-02,4,3380,North,44,3
2017-07-02,4,3381,South,25,3
2017-07-02,4,3382,East,21,3
2017-07-02,4,3383,West,18,3
2017-07-02,4,3384,North,44,3
2017-07-02,4,3385,South,25,3
2017-07-02,4,3386,East,21,3
2017-07-02,4,3387,West,18,3
2017-07-02,4,3388,North,44,3
2017-07-02,4,3389,South,25,3
2017-07-02,4,3390,East,21,3
2017-07-02,4,3391,West,18,3
2017-07-02,4,3392,North,44,3
2017-07-02,4,3393,South,25,3
2017-07-02,4,3394,East,21,3
2017-07-02,4,3395,West,18,3
2017-07-02,4,3396,North,44,3
2017-07-02,4,3397,South,25,3
2017-07-02,4,3398,East,21,3
2017-07-02,4,3399,West,18,3
2017-07-02,4,3400,North,44,3
2017-07-02,4,3401,South,25,3
2017-07-02,4,3402,East,21,3
2017-07-02,4,3403,West,18,3
2017-07-02,4,3404,North,44,3
2017-07-02,4,3405,South,25,3
2017-07-02,4,3406,East,21,3
2017-07-02,4,3407,West,18,3
2017-07-02,4,3408,North,44,3
2017-07-02,4,3409,South,25,3
2017-07-02,4,3410,East,21,3
2017-07-02,4,3411,West,18,3
2017-07-02,4,3412,North,44,3
2017-07-02,4,3413,South,25,3
2017-07-02,4,3414,East,21,3
2017-07-02,4,3415,West,18,3
2017-07-02,4,3416,North,44,3
2017-07-02,4,3417,South,25,3
2017-07-02,4,3418,East,21,3
2017-07-02,4,3419,West,18,3
2017-07-02,4,3420,North,44,3
2017-07-02,4,3421,South,25,3
2017-07-02,4,3422,East,21,3
2017-07-02,4,3423,West,18,3
2017-07-02,4,3424,North,44,3
2017-07-02,4,3425,South,25,3
2017-07-02,4,3426,East,21,3
2017-07-02,4,3427,West,18,3
2017-07-02,4,3428,North,44,3
2017-07-02,4,3429,South,25,3
2017-07-02,4,3430,East,21,3
2017-07-02,4,3431,West,18,3
2017-07-02,4,3432,North,44,3
2017-07-02,4,3433,South,25,3
2017-07-02,4,3434,East,21,3
2017-07-02,4,3435,West,18,3
2017-07-02,4,3436,North,44,3
2017-07-02,4,3437,South,25,3
2017-07-02,4,3438,East,21,3
2017-07-02,4,3439,West,18,3
2017-07-02,4,3440,North,44,3
2017-07-02,4,3441,South,25,3
2017-07-02,4,3442,East,21,3
2017-07-02,4,3443,West,18,3
2017-07-02,4,3444,North,44,3
2017-07-02,4,3445,South,25,3
2017-07-02,4,3446,East,21,3
2017-07-02,4,3447,West,18,3
2017-07-02,4,3448,North,44,3
2017-07-02,4,3449,South,25,3
2017-07-02,4,3450,East,21,3
2017-07-02,4,3451,West,18,3
2017-07-02,4,3452,North,44,3
2017-07-02,4,3453,South,25,3
2017-07-02,4,3454,East,21,3
2017-07-02,4,3455,West,18,3
2017-07-02,4,3456,North,44,3
2017-07-02,4,3457,South,25,3
2017-07-02,4,3458,East,21,3
2017-07-02,4,3459,West,18,3
2017-07-02,4,3460,North,44,3
2017-07-02,4,3461,South,25,3
2017-07-02,4,3462,East,21,3
2017-07-02,4,3463,West,18,3
2017-07-02,4,3464,North,44,3
2017-07-02,4,3465,South,25,3
2017-07-02,4,3466,East,21,3
2017-07-02,4,3467,West,18,3
2017-07-02,4,3468,North,44,3
2017-07-02,4,3469,South,25,3
2017-07-02,4,3470,East,21,3
2017-07-02,4,3471,West,18,3
2017-07-02,4,3472,North,44,3
2017-07-02,4,3473,South,25,3
2017-07-02,4,3474,East,21,3
2017-07-02,4,3475,West,18,3
2017-07-02,4,3476,North,44,3
2017-07-02,4,3477,South,25,3
2017-07-02,4,3478,East,21,3
2017-07-02,4,3479,West,18,3
2017-07-02,5,3480,North,41,3
2017-07-02,5,3481,South,27,3
2017-07-02,5,3482,East,22,3
2017-07-02,5,3483,West,18,3
2017-07-02,5,3484,North,41,3
2017-07-02,5,3485,South,27,3
2017-07-02,5,3486,East,22,3
2017-07-02,5,3487,West,18,3
2017-07-02,5,3488,North,41,3
2017-07-02,5,3489,South,27,3
2017-07-02,5,3490,East,22,3
2017-07-02,5,3491,West,18,3
2017-07-02,5,3492,North,41,3
2017-07-02,5,3493,South,27,3
2017-07-02,5,3494,East,22,3
2017-07-02,5,3495,West,18,3
2017-07-02,5,3496,North,41,3
2017-07-02,5,3497,South,27,3
2017-07-02,5,3498,East,22,3
2017-07-02,5,3499,West,18,3
2017-07-02,5,3500,North,41,3
2017-07-02,5,3501,South,27,3
2017-07-02,5,3502,East,22,3
2017-07-02,5,3503,West,18,3
2017-07-02,5,3504,North,41,3
2017-07-02,5,3505,South,27,3
2017-07-02,5,3506,East,22,3
2017-07-02,5,3507,West,18,3
2017-07-02,5,3508,North,41,3
2017-07-02,5,3509,South,27,3
2017-07-02,5,3510,East,22,3
2017-07-02,5,3511,West,18,3
2017-07-02,5,3512,North,41,3
2017-07-02,5,3513,South,27,3
2017-07-02,5,3514,East,22,3
2017-07-02,5,3515,West,18,3
2017-07-02,5,3516,North,41,3
2017-07-02,5,3517,South,27,3
2017-07-02,5,3518,East,22,3
2017-07-02,5,3519,West,18,3
2017-07-02,5,3520,North,41,3
2017-07-02,5,3521,South,27,3
2017-07-02,5,3522,East,22,3
2017-07-02,5,3523,West,18,3
2017-07-02,5,3524,North,41,3
2017-07-02,5,3525,South,27,3
2017-07-02,5,3526,East,22,3
2017-07-02,5,3527,West,18,3
2017-07-02,5,3528,North,41,3
2017-07-02,5,3529,South,27,3
2017-07-02,5,3530,East,22,3
2017-07-02,5,3531,West,18,3
2017-07-02,5,3532,North,41,3
2017-07-02,5,3533,South,27,3
2017-07-02,5,3534,East,22,3
2017-07-02,5,3535,West,18,3
2017-07-02,5,3536,North,41,3
2017-07-02,5,3537,South,27,3
2017-07-02,5,3538,East,22,3
2017-07-02,5,3539,West,18,3
2017-07-02,5,3540,North,41,3
2017-07-02,5,3541,South,27,3
2017-07-02,5,3542,East,22,3
2017-07-02,5,3543,West,18,3
2017-07-02,5,3544,North,41,3
2017-07-02,5,3545,South,27,3
2017-07-02,5,3546,East,22,3
2017-07-02,5,3547,West,18,3
2017-07-02,5,3548,North,41,3
2017-07-02,5,3549,South,27,3
2017-07-02,5,3550,East,22,3
2017-07-02,5,3551,West,18,3
2017-07-02,5,3552,North,41,3
2017-07-02,5,3553,South,27,3
2017-07-02,5,3554,East,22,3
2017-07-02,5,3555,West,18,3
2017-07-02,5,3556,North,41,3
2017-07-02,5,3557,South,27,3
2017-07-02,5,3558,East,22,3
2017-07-02,5,3559,West,18,3
2017-07-02,5,3560,North,41,3
2017-07-02,5,3561,South,27,3
2017-07-02,5,3562,East,22,3
2017-07-02,5,3563,West,18,3
2017-07-02,5,3564,North,41,3
2017-07-02,5,3565,South,27,3
2017-07-02,5,3566,East,22,3
2017-07-02,5,3567,West,18,3
2017-07-02,5,3568,North,41,3
2017-07-02,5,3569,South,27,3
2017-07-02,5,3570,East,22,3
2017-07-02,5,3571,West,18,3
2017-07-02,5,3572,North,41,3
2017-07-02,5,3573,South,27,3
2017-07-02,5,3574,East,22,3
2017-07-02,5,3575,West,18,3
2017-07-02,5,3576,North,41,3
2017-07-02,5,3577,South,27,3
2017-07-02,5,3578,East,22,3
2017-07-02,5,3579,West,18,3
2017-07-02,5,3580,North,41,3
2017-07-02,5,3581,South,27,3
2017-07-02,5,3582,East,22,3
2017-07-02,5,3583,West,18,3
2017-07-02,5,3584,North,41,3
2017-07-02,5,3585,South,27,3
2017-07-02,5,3586,East,22,3
2017-07-02,5,3587,West,18,3
2017-07-02,5,3588,North,41,3
2017-07-02,5,3589,South,27,3
2017-07-02,5,3590,East,22,3
2017-07-02,5,3591,West,18,3
2017-07-02,5,3592,North,41,3
2017-07-02,5,3593,South,27,3
2017-07-02,5,3594,East,22,3
2017-07-02,5,3595,West,18,3
2017-07-02,5,3596,North,41,3
2017-07-02,5,3597,South,27,3
2017-07-02,5,3598,East,22,3
2017-07-02,5,3599,West,18,3
2017-07-02,6,3600,North,44,3
2017-07-02,6,3601,South,24,3
2017-07-02,6,3602,East,21,3
2017-07-02,6,3603,West,19,3
2017-07-02,6,3604,North,44,3
2017-07-02,6,3605,South,24,3
2017-07-02,6,3606,East,21,3
2017-07-02,6,3607,West,19,3
2017-07-02,6,3608,North,44,3
2017-07-02,6,3609,South,24,3
2017-07-02,6,3610,East,21,3
2017-07-02,6,3611,West,19,3
2017-07-02,6,3612,North,44,3
2017-07-02,6,3613,South,24,3
2017-07-02,6,3614,East,21,3
2017-07-02,6,3615,West,19,3
2017-07-02,6,3616,North,44,3
2017-07-02,6,3617,South,24,3
2017-07-02,6,3618,East,21,3
2017-07-02,6,3619,West,19,3
2017-07-02,6,3620,North,44,3
2017-07-02,6,3621,South,24,3
2017-07-02,6,3622,East,21,3
2017-07-02,6,3623,West,19,3
2017-07-02,6,3624,North,44,3
2017-07-02,6,3625,South,24,3
2017-07-02,6,3626,East,21,3
2017-07-02,6,3627,West,19,3
2017-07-02,6,3628,North,44,3
2017-07-02,6,3629,South,24,3
2017-07-02,6,3630,East,21,3
2017-07-02,6,3631,West,19,3
2017-07-02,6,3632,North,44,3
2017-07-02,6,3633,South,24,3
2017-07-02,6,3634,East,21,3
2017-07-02,6,3635,West,19,3
2017-07-02,6,3636,North,44,3
2017-07-02,6,3637,South,24,3
2017-07-02,6,3638,East,21,3
2017-07-02,6,3639,West,19,3
2017-07-02,6,3640,North,44,3
2017-07-02,6,3641,South,24,3
2017-07-02,6,3642,East,21,3
2017-07-02,6,3643,West,19,3
2017-07-02,6,3644,North,44,3
2017-07-02,6,3645,South,24,3
2017-07-02,6,3646,East,21,3
2017-07-02,6,3647,West,19,3
2017-07-02,6,3648,North,44,3
2017-07-02,6,3649,South,24,3
2017-07-02,6,3650,East,21,3
2017-07-02,6,3651,West,19,3
2017-07-02,6,3652,North,44,3
2017-07-02,6,3653,South,24,3
2017-07-02,6,3654,East,21,3
2017-07-02,6,3655,West,19,3
2017-07-02,6,3656,North,44,3
2017-07-02,6,3657,South,24,3
2017-07-02,6,3658,East,21,3
2017-07-02,6,3659,West,19,3
2017-07-02,6,3660,North,44,3
2017-07-02,6,3661,South,24,3
2017-07-02,6,3662,East,21,3
2017-07-02,6,3663,West,19,3
2017-07-02,6,3664,North,44,3
2017-07-02,6,3665,South,24,3
2017-07-02,6,3666,East,21,3
2017-07-02,6,3667,West,19,3
2017-07-02,6,3668,North,44,3
2017-07-02,6,3669,South,24,3
2017-07-02,6,3670,East,21,3
2017-07-02,6,3671,West,19,3
2017-07-02,6,3672,North,44,3
2017-07-02,6,3673,South,24,3
2017-07-02,6,3674,East,21,3
2017-07-02,6,3675,West,19,3
2017-07-02,6,3676,North,44,3
2017-07-02,6,3677,South,24,3
2017-07-02,6,3678,East,21,3
2017-07-02,6,3679,West,19,3
2017-07-02,6,3680,North,44,3
2017-07-02,6,3681,South,24,3
2017-07-02,6,3682,East,21,3
2017-07-02,6,3683,West,19,3
2017-07-02,6,3684,North,44,3
2017-07-02,6,3685,South,24,3
2017-07-02,6,3686,East,21,3
2017-07-02,6,3687,West,19,3
2017-07-02,6,3688,North,44,3
2017-07-02,6,3689,South,24,3
2017-07-02,6,3690,East,21,3
2017-07-02,6,3691,West,19,3
2017-07-02,6,3692,North,44,3
2017-07-02,6,3693,South,24,3
2017-07-02,6,3694,East,21,3
2017-07-02,6,3695,West,19,3
2017-07-02,6,3696,North,44,3
2017-07-02,6,3697,South,24,3
2017-07-02,6,3698,East,21,3
2017-07-02,6,3699,West,19,3
2017-07-02,6,3700,North,44,3
2017-07-02,6,3701,South,24,3
2017-07-02,6,3702,East,21,3
2017-07-02,6,3703,West,19,3
2017-07-02,6,3704,North,44,3
2017-07-02,6,3705,South,24,3
2017-07-02,6,3706,East,21,3
2017-07-02,6,3707,West,19,3
2017-07-02,6,3708,North,44,3
2017-07-02,6,3709,South,24,3
2017-07-02,6,3710,East,21,3
2017-07-02,6,3711,West,19,3
2017-07-02,6,3712,North,44,3
2017-07-02,6,3713,South,24,3
2017-07-02,6,3714,East,21,3
2017-07-02,6,3715,West,19,3
2017-07-02,6,3716,North,44,3
2017-07-02,6,3717,South,24,3
2017-07-02,6,3718,East,21,3
2017-07-02,6,3719,West,19,3
2017-07-02,7,3720,North,46,3
2017-07-02,7,3721,South,22,3
2017-07-02,7,3722,East,22,3
2017-07-02,7,3723,West,18,3
2017-07-02,7,3724,North,46,3
2017-07-02,7,3725,South,22,3
2017-07-02,7,3726,East,22,3
2017-07-02,7,3727,West,18,3
2017-07-02,7,3728,North,46,3
2017-07-02,7,3729,South,22,3
2017-07-02,7,3730,East,22,3
2017-07-02,7,3731,West,18,3
2017-07-02,7,3732,North,46,3
2017-07-02,7,3733,South,22,3
2017-07-02,7,3734,East,22,3
2017-07-02,7,3735,West,18,3
2017-07-02,7,3736,North,46,3
2017-07-02,7,3737,South,22,3
2017-07-02,7,3738,East,22,3
2017-07-02,7,3739,West,18,3
2017-07-02,7,3740,North,46,3
2017-07-02,7,3741,South,22,3
2017-07-02,7,3742,East,22,3
2017-07-02,7,3743,West,18,3
2017-07-02,7,3744,North,46,3
2017-07-02,7,3745,South,22,3
2017-07-02,7,3746,East,22,3
2017-07-02,7,3747,West,18,3
2017-07-02,7,3748,North,46,3
2017-07-02,7,3749,South,22,3
2017-07-02,7,3750,East,22,3
2017-07-02,7,3751,West,18,3
2017-07-02,7,3752,North,46,3
2017-07-02,7,3753,South,22,3
2017-07-02,7,3754,East,22,3
2017-07-02,7,3755,West,18,3
2017-07-02,7,3756,North,46,3
2017-07-02,7,3757,South,22,3
2017-07-02,7,3758,East,22,3
2017-07-02,7,3759,West,18,3
2017-07-02,7,3760,North,46,3
2017-07-02,7,3761,South,22,3
2017-07-02,7,3762,East,22,3
2017-07-02,7,3763,West,18,3
2017-07-02,7,3764,North,46,3
2017-07-02,7,3765,South,22,3
2017-07-02,7,3766,East,22,3
2017-07-02,7,3767,West,18,3
2017-07-02,7,3768,North,46,3
2017-07-02,7,3769,South,22,3
2017-07-02,7,3770,East,22,3
2017-07-02,7,3771,West,18,3
2017-07-02,7,3772,North,46,3
2017-07-02,7,3773,South,22,3
2017-07-02,7,3774,East,22,3
2017-07-02,7,3775,West,18,3
2017-07-02,7,3776,North,46,3
2017-07-02,7,3777,South,22,3
2017-07-02,7,3778,East,22,3
2017-07-02,7,3779,West,18,3
2017-07-02,7,3780,North,46,3
2017-07-02,7,3781,South,22,3
2017-07-02,7,3782,East,22,3
2017-07-02,7,3783,West,18,3
2017-07-02,7,3784,North,46,3
2017-07-02,7,3785,South,22,3
2017-07-02,7,3786,East,22,3
2017-07-02,7,3787,West,18,3
2017-07-02,7,3788,North,46,3
2017-07-02,7,3789,South,22,3
2017-07-02,7,3790,East,22,3
2017-07-02,7,3791,West,18,3
2017-07-02,7,3792,North,46,3
2017-07-02,7,3793,South,22,3
2017-07-02,7,3794,East,22,3
2017-07-02,7,3795,West,18,3
2017-07-02,7,3796,North,46,3
2017-07-02,7,3797,South,22,3
2017-07-02,7,3798,East,22,3
2017-07-02,7,3799,West,18,3
2017-07-02,7,3800,North,46,3
2017-07-02,7,3801,South,22,3
2017-07-02,7,3802,East,22,3
2017-07-02,7,3803,West,18,3
2017-07-02,7,3804,North,46,3
2017-07-02,7,3805,South,22,3
2017-07-02,7,3806,East,22,3
2017-07-02,7,3807,West,18,3
2017-07-02,7,3808,North,46,3
2017-07-02,7,3809,South,22,3
2017-07-02,7,3810,East,22,3
2017-07-02,7,3811,West,18,3
2017-07-02,7,3812,North,46,3
2017-07-02,7,3813,South,22,3
2017-07-02,7,3814,East,22,3
2017-07-02,7,3815,West,18,3
2017-07-02,7,3816,North,46,3
2017-07-02,7,3817,South,22,3
2017-07-02,7,3818,East,22,3
2017-07-02,7,3819,West,18,3
2017-07-02,7,3820,North,46,3
2017-07-02,7,3821,South,22,3
2017-07-02,7,3822,East,22,3
2017-07-02,7,3823,West,18,3
2017-07-02,7,3824,North,46,3
2017-07-02,7,3825,South,22,3
2017-07-02,7,3826,East,22,3
2017-07-02,7,3827,West,18,3
2017-07-02,7,3828,North,46,3
2017-07-02,7,3829,South,22,3
2017-07-02,7,3830,East,22,3
2017-07-02,7,3831,West,18,3
2017-07-02,7,3832,North,46,3
2017-07-02,7,3833,South,22,3
2017-07-02,7,3834,East,22,3
2017-07-02,7,3835,West,18,3
2017-07-02,7,3836,North,46,3
2017-07-02,7,3837,South,22,3
2017-07-02,7,3838,East,22,3
2017-07-02,7,3839,West,18,3
2017-07-02,8,3840,North,46,3
2017-07-02,8,3841,South,24,3
2017-07-02,8,3842,East,20,3
2017-07-02,8,3843,West,18,3
2017-07-02,8,3844,North,46,3
2017-07-02,8,3845,South,24,3
2017-07-02,8,3846,East,20,3
2017-07-02,8,3847,West,18,3
2017-07-02,8,3848,North,46,3
2017-07-02,8,3849,South,24,3
2017-07-02,8,3850,East,20,3
2017-07-02,8,3851,West,18,3
2017-07-02,8,3852,North,46,3
2017-07-02,8,3853,South,24,3
2017-07-02,8,3854,East,20,3
2017-07-02,8,3855,West,18,3
2017-07-02,8,3856,North,46,3
2017-07-02,8,3857,South,24,3
2017-07-02,8,3858,East,20,3
2017-07-02,8,3859,West,18,3
2017-07-02,8,3860,North,46,3
2017-07-02,8,3861,South,24,3
2017-07-02,8,3862,East,20,3
2017-07-02,8,3863,West,18,3
2017-07-02,8,3864,North,46,3
2017-07-02,8,3865,South,24,3
2017-07-02,8,3866,East,20,3
2017-07-02,8,3867,West,18,3
2017-07-02,8,3868,North,46,3
2017-07-02,8,3869,South,24,3
2017-07-02,8,3870,East,20,3
2017-07-02,8,3871,West,18,3
2017-07-02,8,3872,North,46,3
2017-07-02,8,3873,South,24,3
2017-07-02,8,3874,East,20,3
2017-07-02,8,3875,West,18,3
2017-07-02,8,3876,North,46,3
2017-07-02,8,3877,South,24,3
2017-07-02,8,3878,East,20,3
2017-07-02,8,3879,West,18,3
2017-07-02,8,3880,North,46,3
2017-07-02,8,3881,South,24,3
2017-07-02,8,3882,East,20,3
2017-07-02,8,3883,West,18,3
2017-07-02,8,3884,North,46,3
2017-07-02,8,3885,South,24,3
2017-07-02,8,3886,East,20,3
2017-07-02,8,3887,West,18,3
2017-07-02,8,3888,North,46,3
2017-07-02,8,3889,South,24,3
2017-07-02,8,3890,East,20,3
2017-07-02,8,3891,West,18,3
2017-07-02,8,3892,North,46,3
2017-07-02,8,3893,South,24,3
2017-07-02,8,3894,East,20,3
2017-07-02,8,3895,West,18,3
2017-07-02,8,3896,North,46,3
2017-07-02,8,3897,South,24,3
2017-07-02,8,3898,East,20,3
2017-07-02,8,3899,West,18,3
2017-07-02,8,3900,North,46,3
2017-07-02,8,3901,South,24,3
2017-07-02,8,3902,East,20,3
2017-07-02,8,3903,West,18,3
2017-07-02,8,3904,North,46,3
2017-07-02,8,3905,South,24,3
2017-07-02,8,3906,East,20,3
2017-07-02,8,3907,West,18,3
2017-07-02,8,3908,North,46,3
2017-07-02,8,3909,South,24,3
2017-07-02,8,3910,East,20,3
2017-07-02,8,3911,West,18,3
2017-07-02,8,3912,North,46,3
2017-07-02,8,3913,South,24,3
2017-07-02,8,3914,East,20,3
2017-07-02,8,3915,West,18,3
2017-07-02,8,3916,North,46,3
2017-07-02,8,3917,South,24,3
2017-07-02,8,3918,East,20,3
2017-07-02,8,3919,West,18,3
2017-07-02,8,3920,North,46,3
2017-07-02,8,3921,South,24,3
2017-07-02,8,3922,East,20,3
2017-07-02,8,3923,West,18,3
2017-07-02,8,3924,North,46,3
2017-07-02,8,3925,South,24,3
2017-07-02,8,3926,East,20,3
2017-07-02,8,3927,West,18,3
2017-07-02,8,3928,North,46,3
2017-07-02,8,3929,South,24,3
2017-07-02,8,3930,East,20,3
2017-07-02,8,3931,West,18,3
2017-07-02,8,3932,North,46,3
2017-07-02,8,3933,South,24,3
2017-07-02,8,3934,East,20,3
2017-07-02,8,3935,West,18,3
2017-07-02,8,3936,North,46,3
2017-07-02,8,3937,South,24,3
2017-07-02,8,3938,East,20,3
2017-07-02,8,3939,West,18,3
2017-07-02,8,3940,North,46,3
2017-07-02,8,3941,South,24,3
2017-07-02,8,3942,East,20,3
2017-07-02,8,3943,West,18,3
2017-07-02,8,3944,North,46,3
2017-07-02,8,3945,South,24,3
2017-07-02,8,3946,East,20,3
2017-07-02,8,3947,West,18,3
2017-07-02,8,3948,North,46,3
2017-07-02,8,3949,South,24,3
2017-07-02,8,3950,East,20,3
2017-07-02,8,3951,West,18,3
2017-07-02,8,3952,North,46,3
2017-07-02,8,3953,South,24,3
2017-07-02,8,3954,East,20,3
2017-07-02,8,3955,West,18,3
2017-07-02,8,3956,North,46,3
2017-07-02,8,3957,South,24,3
2017-07-02,8,3958,East,20,3
2017-07-02,8,3959,West,18,3
2017-07-02,9,3960,North,48,3
2017-07-02,9,3961,South,21,3
2017-07-02,9,3962,East,21,3
2017-07-02,9,3963,West,18,3
2017-07-02,9,3964,North,48,3
2017-07-02,9,3965,South,21,3
2017-07-02,9,3966,East,21,3
2017-07-02,9,3967,West,18,3
2017-07-02,9,3968,North,48,3
2017-07-02,9,3969,South,21,3
2017-07-02,9,3970,East,21,3
2017-07-02,9,3971,West,18,3
2017-07-02,9,3972,North,48,3
2017-07-02,9,3973,South,21,3
2017-07-02,9,3974,East,21,3
2017-07-02,9,3975,West,18,3
2017-07-02,9,3976,North,48,3
2017-07-02,9,3977,South,21,3
2017-07-02,9,3978,East,21,3
2017-07-02,9,3979,West,18,3
2017-07-02,9,3980,North,48,3
2017-07-02,9,3981,South,21,3
2017-07-02,9,3982,East,21,3
2017-07-02,9,3983,West,18,3
2017-07-02,9,3984,North,48,3
2017-07-02,9,3985,South,21,3
2017-07-02,9,3986,East,21,3
2017-07-02,9,3987,West,18,3
2017-07-02,9,3988,North,48,3
2017-07-02,9,3989,South,21,3
2017-07-02,9,3990,East,21,3
2017-07-02,9,3991,West,18,3
2017-07-02,9,3992,North,48,3
2017-07-02,9,3993,South,21,3
2017-07-02,9,3994,East,21,3
2017-07-02,9,3995,West,18,3
2017-07-02,9,3996,North,48,3
2017-07-02,9,3997,South,21,3
2017-07-02,9,3998,East,21,3
2017-07-02,9,3999,West,18,3
2017-07-02,9,4000,North,48,3
2017-07-02,9,4001,South,21,3
2017-07-02,9,4002,East,21,3
2017-07-02,9,4003,West,18,3
2017-07-02,9,4004,North,48,3
2017-07-02,9,4005,South,21,3
2017-07-02,9,4006,East,21,3
2017-07-02,9,4007,West,18,3
2017-07-02,9,4008,North,48,3
2017-07-02,9,4009,South,21,3
2017-07-02,9,4010,East,21,3
2017-07-02,9,4011,West,18,3
2017-07-02,9,4012,North,48,3
2017-07-02,9,4013,South,21,3
2017-07-02,9,4014,East,21,3
2017-07-02,9,4015,West,18,3
2017-07-02,9,4016,North,48,3
2017-07-02,9,4017,South,21,3
2017-07-02,9,4018,East,21,3
2017-07-02,9,4019,West,18,3
2017-07-02,9,4020,North,48,3
2017-07-02,9,4021,South,21,3
2017-07-02,9,4022,East,21,3
2017-07-02,9,4023,West,18,3
2017-07-02,9,4024,North,48,3
2017-07-02,9,4025,South,21,3
2017-07-02,9,4026,East,21,3
2017-07-02,9,4027,West,18,3
2017-07-02,9,4028,North,48,3
2017-07-02,9,4029,South,21,3
2017-07-02,9,4030,East,21,3
2017-07-02,9,4031,West,18,3
2017-07-02,9,4032,North,48,3
2017-07-02,9,4033,South,21,3
2017-07-02,9,4034,East,21,3
2017-07-02,9,4035,West,18,3
2017-07-02,9,4036,North,48,3
2017-07-02,9,4037,South,21,3
2017-07-02,9,4038,East,21,3
2017-07-02,9,4039,West,18,3
2017-07-02,9,4040,North,48,3
2017-07-02,9,4041,South,21,3
2017-07-02,9,4042,East,21,3
2017-07-02,9,4043,West,18,3
2017-07-02,9,4044,North,48,3
2017-07-02,9,4045,South,21,3
2017-07-02,9,4046,East,21,3
2017-07-02,9,4047,West,18,3
2017-07-02,9,4048,North,48,3
2017-07-02,9,4049,South,21,3
2017-07-02,9,4050,East,21,3
2017-07-02,9,4051,West,18,3
2017-07-02,9,4052,North,48,3
2017-07-02,9,4053,South,21,3
2017-07-02,9,4054,East,21,3
2017-07-02,9,4055,West,18,3
2017-07-02,9,4056,North,48,3
2017-07-02,9,4057,South,21,3
2017-07-02,9,4058,East,21,3
2017-07-02,9,4059,West,18,3
2017-07-02,9,4060,North,48,3
2017-07-02,9,4061,South,21,3
2017-07-02,9,4062,East,21,3
2017-07-02,9,4063,West,18,3
2017-07-02,9,4064,North,48,3
2017-07-02,9,4065,South,21,3
2017-07-02,9,4066,East,21,3
2017-07-02,9,4067,West,18,3
2017-07-02,9,4068,North,48,3
2017-07-02,9,4069,South,21,3
2017-07-02,9,4070,East,21,3
2017-07-02,9,4071,West,18,3
2017-07-02,9,4072,North,48,3
2017-07-02,9,4073,South,21,3
2017-07-02,9,4074,East,21,3
2017-07-02,9,4075,West,18,3
2017-07-02,9,4076,North,48,3
2017-07-02,9,4077,South,21,3
2017-07-02,9,4078,East,21,3
2017-07-02,9,4079,West,18,3
2017-07-02,10,4080,North,49,3
2017-07-02,10,4081,South,21,3
2017-07-02,10,4082,East,21,3
2017-07-02,10,4083,West,17,3
2017-07-02,10,4084,North,49,3
2017-07-02,10,4085,South,21,3
2017-07-02,10,4086,East,21,3
2017-07-02,10,4087,West,17,3
2017-07-02,10,4088,North,49,3
2017-07-02,10,4089,South,21,3
2017-07-02,10,4090,East,21,3
2017-07-02,10,4091,West,17,3
2017-07-02,10,4092,North,49,3
2017-07-02,10,4093,South,21,3
2017-07-02,10,4094,East,21,3
2017-07-02,10,4095,West,17,3
2017-07-02,10,4096,North,49,3
2017-07-02,10,4097,South,21,3
2017-07-02,10,4098,East,21,3
2017-07-02,10,4099,West,17,3
2017-07-02,10,4100,North,49,3
2017-07-02,10,4101,South,21,3
2017-07-02,10,4102,East,21,3
2017-07-02,10,4103,West,17,3
2017-07-02,10,4104,North,49,3
2017-07-02,10,4105,South,21,3
2017-07-02,10,4106,East,21,3
2017-07-02,10,4107,West,17,3
2017-07-02,10,4108,North,49,3
2017-07-02,10,4109,South,21,3
2017-07-02,10,4110,East,21,3
2017-07-02,10,4111,West,17,3
2017-07-02,10,4112,North,49,3
2017-07-02,10,4113,South,21,3
2017-07-02,10,4114,East,21,3
2017-07-02,10,4115,West,17,3
2017-07-02,10,4116,North,49,3
2017-07-02,10,4117,South,21,3
2017-07-02,10,4118,East,21,3
2017-07-02,10,4119,West,17,3
2017-07-02,10,4120,North,49,3
2017-07-02,10,4121,South,21,3
2017-07-02,10,4122,East,21,3
2017-07-02,10,4123,West,17,3
2017-07-02,10,4124,North,49,3
2017-07-02,10,4125,South,21,3
2017-07-02,10,4126,East,21,3
2017-07-02,10,4127,West,17,3
2017-07-02,10,4128,North,49,3
2017-07-02,10,4129,South,21,3
2017-07-02,10,4130,East,21,3
2017-07-02,10,4131,West,17,3
2017-07-02,10,4132,North,49,3
2017-07-02,10,4133,South,21,3
2017-07-02,10,4134,East,21,3
2017-07-02,10,4135,West,17,3
2017-07-02,10,4136,North,49,3
2017-07-02,10,4137,South,21,3
2017-07-02,10,4138,East,21,3
2017-07-02,10,4139,West,17,3
2017-07-02,10,4140,North,49,3
2017-07-02,10,4141,South,21,3
2017-07-02,10,4142,East,21,3
2017-07-02,10,4143,West,17,3
2017-07-02,10,4144,North,49,3
2017-07-02,10,4145,South,21,3
2017-07-02,10,4146,East,21,3
2017-07-02,10,4147,West,17,3
2017-07-02,10,4148,North,49,3
2017-07-02,10,4149,South,21,3
2017-07-02,10,4150,East,21,3
2017-07-02,10,4151,West,17,3
2017-07-02,10,4152,North,49,3
2017-07-02,10,4153,South,21,3
2017-07-02,10,4154,East,21,3
2017-07-02,10,4155,West,17,3
2017-07-02,10,4156,North,49,3
2017-07-02,10,4157,South,21,3
2017-07-02,10,4158,East,21,3
2017-07-02,10,4159,West,17,3
2017-07-02,10,4160,North,49,3
2017-07-02,10,4161,South,21,3
2017-07-02,10,4162,East,21,3
2017-07-02,10,4163,West,17,3
2017-07-02,10,4164,North,49,3
2017-07-02,10,4165,South,21,3
2017-07-02,10,4166,East,21,3
2017-07-02,10,4167,West,17,3
2017-07-02,10,4168,North,49,3
2017-07-02,10,4169,South,21,3
2017-07-02,10,4170,East,21,3
2017-07-02,10,4171,West,17,3
2017-07-02,10,4172,North,49,3
2017-07-02,10,4173,South,21,3
2017-07-02,10,4174,East,21,3
2017-07-02,10,4175,West,17,3
2017-07-02,10,4176,North,49,3
2017-07-02,10,4177,South,21,3
2017-07-02,10,4178,East,21,3
2017-07-02,10,4179,West,17,3
2017-07-02,10,4180,North,49,3
2017-07-02,10,4181,South,21,3
2017-07-02,10,4182,East,21,3
2017-07-02,10,4183,West,17,3
2017-07-02,10,4184,North,49,3
2017-07-02,10,4185,South,21,3
2017-07-02,10,4186,East,21,3
2017-07-02,10,4187,West,17,3
2017-07-02,10,4188,North,49,3
2017-07-02,10,4189,South,21,3
2017-07-02,10,4190,East,21,3
2017-07-02,10,4191,West,17,3
2017-07-02,10,4192,North,49,3
2017-07-02,10,4193,South,21,3
2017-07-02,10,4194,East,21,3
2017-07-02,10,4195,West,17,3
2017-07-02,10,4196,North,49,3
2017-07-02,10,4197,South,21,3
2017-07-02,10,4198,East,21,3
2017-07-02,10,4199,West,17,3
2017-07-02,11,4200,North,48,3
2017-07-02,11,4201,South,23,3
2017-07-02,11,4202,East,20,3
2017-07-02,11,4203,West,17,3
2017-07-02,11,4204,North,48,3
2017-07-02,11,4205,South,23,3
2017-07-02,11,4206,East,20,3
2017-07-02,11,4207,West,17,3
2017-07-02,11,4208,North,48,3
2017-07-02,11,4209,South,23,3
2017-07-02,11,4210,East,20,3
2017-07-02,11,4211,West,17,3
2017-07-02,11,4212,North,48,3
2017-07-02,11,4213,South,23,3
2017-07-02,11,4214,East,20,3
2017-07-02,11,4215,West,17,3
2017-07-02,11,4216,North,48,3
2017-07-02,11,4217,South,23,3
2017-07-02,11,4218,East,20,3
2017-07-02,11,4219,West,17,3
2017-07-02,11,4220,North,48,3
2017-07-02,11,4221,South,23,3
2017-07-02,11,4222,East,20,3
2017-07-02,11,4223,West,17,3
2017-07-02,11,4224,North,48,3
2017-07-02,11,4225,South,23,3
2017-07-02,11,4226,East,20,3
2017-07-02,11,4227,West,17,3
2017-07-02,11,4228,North,48,3
2017-07-02,11,4229,South,23,3
2017-07-02,11,4230,East,20,3
2017-07-02,11,4231,West,17,3
2017-07-02,11,4232,North,48,3
2017-07-02,11,4233,South,23,3
2017-07-02,11,4234,East,20,3
2017-07-02,11,4235,West,17,3
2017-07-02,11,4236,North,48,3
2017-07-02,11,4237,South,23,3
2017-07-02,11,4238,East,20,3
2017-07-02,11,4239,West,17,3
2017-07-02,11,4240,North,48,3
2017-07-02,11,4241,South,23,3
2017-07-02,11,4242,East,20,3
2017-07-02,11,4243,West,17,3
2017-07-02,11,4244,North,48,3
2017-07-02,11,4245,South,23,3
2017-07-02,11,4246,East,20,3
2017-07-02,11,4247,West,17,3
2017-07-02,11,4248,North,48,3
2017-07-02,11,4249,South,23,3
2017-07-02,11,4250,East,20,3
2017-07-02,11,4251,West,17,3
2017-07-02,11,4252,North,48,3
2017-07-02,11,4253,South,23,3
2017-07-02,11,4254,East,20,3
2017-07-02,11,4255,West,17,3
2017-07-02,11,4256,North,48,3
2017-07-02,11,4257,South,23,3
2017-07-02,11,4258,East,20,3
2017-07-02,11,4259,West,17,3
2017-07-02,11,4260,North,48,3
2017-07-02,11,4261,South,23,3
2017-07-02,11,4262,East,20,3
2017-07-02,11,4263,West,17,3
2017-07-02,11,4264,North,48,3
2017-07-02,11,4265,South,23,3
2017-07-02,11,4266,East,20,3
2017-07-02,11,4267,West,17,3
2017-07-02,11,4268,North,48,3
2017-07-02,11,4269,South,23,3
2017-07-02,11,4270,East,20,3
2017-07-02,11,4271,West,17,3
2017-07-02,11,4272,North,48,3
2017-07-02,11,4273,South,23,3
2017-07-02,11,4274,East,20,3
2017-07-02,11,4275,West,17,3
2017-07-02,11,4276,North,48,3
2017-07-02,11,4277,South,23,3
2017-07-02,11,4278,East,20,3
2017-07-02,11,4279,West,17,3
2017-07-02,11,4280,North,48,3
2017-07-02,11,4281,South,23,3
2017-07-02,11,4282,East,20,3
2017-07-02,11,4283,West,17,3
2017-07-02,11,4284,North,48,3
2017-07-02,11,4285,South,23,3
2017-07-02,11,4286,East,20,3
2017-07-02,11,4287,West,17,3
2017-07-02,11,4288,North,48,3
2017-07-02,11,4289,South,23,3
2017-07-02,11,4290,East,20,3
2017-07-02,11,4291,West,17,3
2017-07-02,11,4292,North,48,3
2017-07-02,11,4293,South,23,3
2017-07-02,11,4294,East,20,3
2017-07-02,11,4295,West,17,3
2017-07-02,11,4296,North,48,3
2017-07-02,11,4297,South,23,3
2017-07-02,11,4298,East,20,3
2017-07-02,11,4299,West,17,3
2017-07-02,11,4300,North,48,3
2017-07-02,11,4301,South,23,3
2017-07-02,11,4302,East,20,3
2017-07-02,11,4303,West,17,3
2017-07-02,11,4304,North,48,3
2017-07-02,11,4305,South,23,3
2017-07-02,11,4306,East,20,3
2017-07-02,11,4307,West,17,3
2017-07-02,11,4308,North,48,3
2017-07-02,11,4309,South,23,3
2017-07-02,11,4310,East,20,3
2017-07-02,11,4311,West,17,3
2017-07-02,11,4312,North,48,3
2017-07-02,11,4313,South,23,3
2017-07-02,11,4314,East,20,3
2017-07-02,11,4315,West,17,3
2017-07-02,11,4316,North,48,3
2017-07-02,11,4317,South,23,3
2017-07-02,11,4318,East,20,3
2017-07-02,11,4319,West,17,3
2017-07-02,12,4320,North,49,3
2017-07-02,12,4321,South,22,3
2017-07-02,12,4322,East,20,3
2017-07-02,12,4323,West,17,3
2017-07-02,12,4324,North,49,3
2017-07-02,12,4325,South,22,3
2017-07-02,12,4326,East,20,3
2017-07-02,12,4327,West,17,3
2017-07-02,12,4328,North,49,3
2017-07-02,12,4329,South,22,3
2017-07-02,12,4330,East,20,3
2017-07-02,12,4331,West,17,3
2017-07-02,12,4332,North,49,3
2017-07-02,12,4333,South,22,3
2017-07-02,12,4334,East,20,3
2017-07-02,12,4335,West,17,3
2017-07-02,12,4336,North,49,3
2017-07-02,12,4337,South,22,3
2017-07-02,12,4338,East,20,3
2017-07-02,12,4339,West,17,3
2017-07-02,12,4340,North,49,3
2017-07-02,12,4341,South,22,3
2017-07-02,12,4342,East,20,3
2017-07-02,12,4343,West,17,3
2017-07-02,12,4344,North,49,3
2017-07-02,12,4345,South,22,3
2017-07-02,12,4346,East,20,3
2017-07-02,12,4347,West,17,3
2017-07-02,12,4348,North,49,3
2017-07-02,12,4349,South,22,3
2017-07-02,12,4350,East,20,3
2017-07-02,12,4351,West,17,3
2017-07-02,12,4352,North,49,3
2017-07-02,12,4353,South,22,3
2017-07-02,12,4354,East,20,3
2017-07-02,12,4355,West,17,3
2017-07-02,12,4356,North,49,3
2017-07-02,12,4357,South,22,3
2017-07-02,12,4358,East,20,3
2017-07-02,12,4359,West,17,3
2017-07-02,12,4360,North,49,3
2017-07-02,12,4361,South,22,3
2017-07-02,12,4362,East,20,3
2017-07-02,12,4363,West,17,3
2017-07-02,12,4364,North,49,3
2017-07-02,12,4365,South,22,3
2017-07-02,12,4366,East,20,3
2017-07-02,12,4367,West,17,3
2017-07-02,12,4368,North,49,3
2017-07-02,12,4369,South,22,3
2017-07-02,12,4370,East,20,3
2017-07-02,12,4371,West,17,3
2017-07-02,12,4372,North,49,3
2017-07-02,12,4373,South,22,3
2017-07-02,12,4374,East,20,3
2017-07-02,12,4375,West,17,3
2017-07-02,12,4376,North,49,3
2017-07-02,12,4377,South,22,3
2017-07-02,12,4378,East,20,3
2017-07-02,12,4379,West,17,3
2017-07-02,12,4380,North,49,3
2017-07-02,12,4381,South,22,3
2017-07-02,12,4382,East,20,3
2017-07-02,12,4383,West,17,3
2017-07-02,12,4384,North,49,3
2017-07-02,12,4385,South,22,3
2017-07-02,12,4386,East,20,3
2017-07-02,12,4387,West,17,3
2017-07-02,12,4388,North,49,3
2017-07-02,12,4389,South,22,3
2017-07-02,12,4390,East,20,3
2017-07-02,12,4391,West,17,3
2017-07-02,12,4392,North,49,3
2017-07-02,12,4393,South,22,3
2017-07-02,12,4394,East,20,3
2017-07-02,12,4395,West,17,3
2017-07-02,12,4396,North,49,3
2017-07-02,12,4397,South,22,3
2017-07-02,12,4398,East,20,3
2017-07-02,12,4399,West,17,3
2017-07-02,12,4400,North,49,3
2017-07-02,12,4401,South,22,3
2017-07-02,12,4402,East,20,3
2017-07-02,12,4403,West,17,3
2017-07-02,12,4404,North,49,3
2017-07-02,12,4405,South,22,3
2017-07-02,12,4406,East,20,3
2017-07-02,12,4407,West,17,3
2017-07-02,12,4408,North,49,3
2017-07-02,12,4409,South,22,3
2017-07-02,12,4410,East,20,3
2017-07-02,12,4411,West,17,3
2017-07-02,12,4412,North,49,3
2017-07-02,12,4413,South,22,3
2017-07-02,12,4414,East,20,3
2017-07-02,12,4415,West,17,3
2017-07-02,12,4416,North,49,3
2017-07-02,12,4417,South,22,3
2017-07-02,12,4418,East,20,3
2017-07-02,12,4419,West,17,3
2017-07-02,12,4420,North,49,3
2017-07-02,12,4421,South,22,3
2017-07-02,12,4422,East,20,3
2017-07-02,12,4423,West,17,3
2017-07-02,12,4424,North,49,3
2017-07-02,12,4425,South,22,3
2017-07-02,12,4426,East,20,3
2017-07-02,12,4427,West,17,3
2017-07-02,12,4428,North,49,3
2017-07-02,12,4429,South,22,3
2017-07-02,12,4430,East,20,3
2017-07-02,12,4431,West,17,3
2017-07-02,12,4432,North,49,3
2017-07-02,12,4433,South,22,3
2017-07-02,12,4434,East,20,3
2017-07-02,12,4435,West,17,3
2017-07-02,12,4436,North,49,3
2017-07-02,12,4437,South,22,3
2017-07-02,12,4438,East,20,3
2017-07-02,12,4439,West,17,3
2017-07-02,13,4440,North,48,3
2017-07-02,13,4441,South,22,3
2017-07-02,13,4442,East,21,3
2017-07-02,13,4443,West,17,3
2017-07-02,13,4444,North,48,3
2017-07-02,13,4445,South,22,3
2017-07-02,13,4446,East,21,3
2017-07-02,13,4447,West,17,3
2017-07-02,13,4448,North,48,3
2017-07-02,13,4449,South,22,3
2017-07-02,13,4450,East,21,3
2017-07-02,13,4451,West,17,3
2017-07-02,13,4452,North,48,3
2017-07-02,13,4453,South,22,3
2017-07-02,13,4454,East,21,3
2017-07-02,13,4455,West,17,3
2017-07-02,13,4456,North,48,3
2017-07-02,13,4457,South,22,3
2017-07-02,13,4458,East,21,3
2017-07-02,13,4459,West,17,3
2017-07-02,13,4460,North,48,3
2017-07-02,13,4461,South,22,3
2017-07-02,13,4462,East,21,3
2017-07-02,13,4463,West,17,3
2017-07-02,13,4464,North,48,3
2017-07-02,13,4465,South,22,3
2017-07-02,13,4466,East,21,3
2017-07-02,13,4467,West,17,3
2017-07-02,13,4468,North,48,3
2017-07-02,13,4469,South,22,3
2017-07-02,13,4470,East,21,3
2017-07-02,13,4471,West,17,3
2017-07-02,13,4472,North,48,3
2017-07-02,13,4473,South,22,3
2017-07-02,13,4474,East,21,3
2017-07-02,13,4475,West,17,3
2017-07-02,13,4476,North,48,3
2017-07-02,13,4477,South,22,3
2017-07-02,13,4478,East,21,3
2017-07-02,13,4479,West,17,3
2017-07-02,13,4480,North,48,3
2017-07-02,13,4481,South,22,3
2017-07-02,13,4482,East,21,3
2017-07-02,13,4483,West,17,3
2017-07-02,13,4484,North,48,3
2017-07-02,13,4485,South,22,3
2017-07-02,13,4486,East,21,3
2017-07-02,13,4487,West,17,3
2017-07-02,13,4488,North,48,3
2017-07-02,13,4489,South,22,3
2017-07-02,13,4490,East,21,3
2017-07-02,13,4491,West,17,3
2017-07-02,13,4492,North,48,3
2017-07-02,13,4493,South,22,3
2017-07-02,13,4494,East,21,3
2017-07-02,13,4495,West,17,3
2017-07-02,13,4496,North,48,3
2017-07-02,13,4497,South,22,3
2017-07-02,13,4498,East,21,3
2017-07-02,13,4499,West,17,3
2017-07-02,13,4500,North,48,3
2017-07-02,13,4501,South,22,3
2017-07-02,13,4502,East,21,3
2017-07-02,13,4503,West,17,3
2017-07-02,13,4504,North,48,3
2017-07-02,13,4505,South,22,3
2017-07-02,13,4506,East,21,3
2017-07-02,13,4507,West,17,3
2017-07-02,13,4508,North,48,3
2017-07-02,13,4509,South,22,3
2017-07-02,13,4510,East,21,3
2017-07-02,13,4511,West,17,3
2017-07-02,13,4512,North,48,3
2017-07-02,13,4513,South,22,3
2017-07-02,13,4514,East,21,3
2017-07-02,13,4515,West,17,3
2017-07-02,13,4516,North,48,3
2017-07-02,13,4517,South,22,3
2017-07-02,13,4518,East,21,3
2017-07-02,13,4519,West,17,3
2017-07-02,13,4520,North,48,3
2017-07-02,13,4521,South,22,3
2017-07-02,13,4522,East,21,3
2017-07-02,13,4523,West,17,3
2017-07-02,13,4524,North,48,3
2017-07-02,13,4525,South,22,3
2017-07-02,13,4526,East,21,3
2017-07-02,13,4527,West,17,3
2017-07-02,13,4528,North,48,3
2017-07-02,13,4529,South,22,3
2017-07-02,13,4530,East,21,3
2017-07-02,13,4531,West,17,3
2017-07-02,13,4532,North,48,3
2017-07-02,13,4533,South,22,3
2017-07-02,13,4534,East,21,3
2017-07-02,13,4535,West,17,3
2017-07-02,13,4536,North,48,3
2017-07-02,13,4537,South,22,3
2017-07-02,13,4538,East,21,3
2017-07-02,13,4539,West,17,3
2017-07-02,13,4540,North,48,3
2017-07-02,13,4541,South,22,3
2017-07-02,13,4542,East,21,3
2017-07-02,13,4543,West,17,3
2017-07-02,13,4544,North,48,3
2017-07-02,13,4545,South,22,3
2017-07-02,13,4546,East,21,3
2017-07-02,13,4547,West,17,3
2017-07-02,13,4548,North,48,3
2017-07-02,13,4549,South,22,3
2017-07-02,13,4550,East,21,3
2017-07-02,13,4551,West,17,3
2017-07-02,13,4552,North,48,3
2017-07-02,13,4553,South,22,3
2017-07-02,13,4554,East,21,3
2017-07-02,13,4555,West,17,3
2017-07-02,13,4556,North,48,3
2017-07-02,13,4557,South,22,3
2017-07-02,13,4558,East,21,3
2017-07-02,13,4559,West,17,3
2017-07-02,14,4560,North,46,3
2017-07-02,14,4561,South,21,3
2017-07-02,14,4562,East,24,3
2017-07-02,14,4563,West,17,3
2017-07-02,14,4564,North,46,3
2017-07-02,14,4565,South,21,3
2017-07-02,14,4566,East,24,3
2017-07-02,14,4567,West,17,3
2017-07-02,14,4568,North,46,3
2017-07-02,14,4569,South,21,3
2017-07-02,14,4570,East,24,3
2017-07-02,14,4571,West,17,3
2017-07-02,14,4572,North,46,3
2017-07-02,14,4573,South,21,3
2017-07-02,14,4574,East,24,3
2017-07-02,14,4575,West,17,3
2017-07-02,14,4576,North,46,3
2017-07-02,14,4577,South,21,3
2017-07-02,14,4578,East,24,3
2017-07-02,14,4579,West,17,3
2017-07-02,14,4580,North,46,3
2017-07-02,14,4581,South,21,3
2017-07-02,14,4582,East,24,3
2017-07-02,14,4583,West,17,3
2017-07-02,14,4584,North,46,3
2017-07-02,14,4585,South,21,3
2017-07-02,14,4586,East,24,3
2017-07-02,14,4587,West,17,3
2017-07-02,14,4588,North,46,3
2017-07-02,14,4589,South,21,3
2017-07-02,14,4590,East,24,3
2017-07-02,14,4591,West,17,3
2017-07-02,14,4592,North,46,3
2017-07-02,14,4593,South,21,3
2017-07-02,14,4594,East,24,3
2017-07-02,14,4595,West,17,3
2017-07-02,14,4596,North,46,3
2017-07-02,14,4597,South,21,3
2017-07-02,14,4598,East,24,3
2017-07-02,14,4599,West,17,3
2017-07-02,14,4600,North,46,3
2017-07-02,14,4601,South,21,3
2017-07-02,14,4602,East,24,3
2017-07-02,14,4603,West,17,3
2017-07-02,14,4604,North,46,3
2017-07-02,14,4605,South,21,3
2017-07-02,14,4606,East,24,3
2017-07-02,14,4607,West,17,3
2017-07-02,14,4608,North,46,3
2017-07-02,14,4609,South,21,3
2017-07-02,14,4610,East,24,3
2017-07-02,14,4611,West,17,3
2017-07-02,14,4612,North,46,3
2017-07-02,14,4613,South,21,3
2017-07-02,14,4614,East,24,3
2017-07-02,14,4615,West,17,3
2017-07-02,14,4616,North,46,3
2017-07-02,14,4617,South,21,3
2017-07-02,14,4618,East,24,3
2017-07-02,14,4619,West,17,3
2017-07-02,14,4620,North,46,3
2017-07-02,14,4621,South,21,3
2017-07-02,14,4622,East,24,3
2017-07-02,14,4623,West,17,3
2017-07-02,14,4624,North,46,3
2017-07-02,14,4625,South,21,3
2017-07-02,14,4626,East,24,3
2017-07-02,14,4627,West,17,3
2017-07-02,14,4628,North,46,3
2017-07-02,14,4629,South,21,3
2017-07-02,14,4630,East,24,3
2017-07-02,14,4631,West,17,3
2017-07-02,14,4632,North,46,3
2017-07-02,14,4633,South,21,3
2017-07-02,14,4634,East,24,3
2017-07-02,14,4635,West,17,3
2017-07-02,14,4636,North,46,3
2017-07-02,14,4637,South,21,3
2017-07-02,14,4638,East,24,3
2017-07-02,14,4639,West,17,3
2017-07-02,14,4640,North,46,3
2017-07-02,14,4641,South,21,3
2017-07-02,14,4642,East,24,3
2017-07-02,14,4643,West,17,3
2017-07-02,14,4644,North,46,3
2017-07-02,14,4645,South,21,3
2017-07-02,14,4646,East,24,3
2017-07-02,14,4647,West,17,3
2017-07-02,14,4648,North,46,3
2017-07-02,14,4649,South,21,3
2017-07-02,14,4650,East,24,3
2017-07-02,14,4651,West,17,3
2017-07-02,14,4652,North,46,3
2017-07-02,14,4653,South,21,3
2017-07-02,14,4654,East,24,3
2017-07-02,14,4655,West,17,3
2017-07-02,14,4656,North,46,3
2017-07-02,14,4657,South,21,3
2017-07-02,14,4658,East,24,3
2017-07-02,14,4659,West,17,3
2017-07-02,14,4660,North,46,3
2017-07-02,14,4661,South,21,3
2017-07-02,14,4662,East,24,3
2017-07-02,14,4663,West,17,3
2017-07-02,14,4664,North,46,3
2017-07-02,14,4665,South,21,3
2017-07-02,14,4666,East,24,3
2017-07-02,14,4667,West,17,3
2017-07-02,14,4668,North,46,3
2017-07-02,14,4669,South,21,3
2017-07-02,14,4670,East,24,3
2017-07-02,14,4671,West,17,3
2017-07-02,14,4672,North,46,3
2017-07-02,14,4673,South,21,3
2017-07-02,14,4674,East,24,3
2017-07-02,14,4675,West,17,3
2017-07-02,14,4676,North,46,3
2017-07-02,14,4677,South,21,3
2017-07-02,14,4678,East,24,3
2017-07-02,14,4679,West,17,3
2017-07-02,15,4680,North,46,3
2017-07-02,15,4681,South,22,3
2017-07-02,15,4682,East,23,3
2017-07-02,15,4683,West,17,3
2017-07-02,15,4684,North,46,3
2017-07-02,15,4685,South,22,3
2017-07-02,15,4686,East,23,3
2017-07-02,15,4687,West,17,3
2017-07-02,15,4688,North,46,3
2017-07-02,15,4689,South,22,3
2017-07-02,15,4690,East,23,3
2017-07-02,15,4691,West,17,3
2017-07-02,15,4692,North,46,3
2017-07-02,15,4693,South,22,3
2017-07-02,15,4694,East,23,3
2017-07-02,15,4695,West,17,3
2017-07-02,15,4696,North,46,3
2017-07-02,15,4697,South,22,3
2017-07-02,15,4698,East,23,3
2017-07-02,15,4699,West,17,3
2017-07-02,15,4700,North,46,3
2017-07-02,15,4701,South,22,3
2017-07-02,15,4702,East,23,3
2017-07-02,15,4703,West,17,3
2017-07-02,15,4704,North,46,3
2017-07-02,15,4705,South,22,3
2017-07-02,15,4706,East,23,3
2017-07-02,15,4707,West,17,3
2017-07-02,15,4708,North,46,3
2017-07-02,15,4709,South,22,3
2017-07-02,15,4710,East,23,3
2017-07-02,15,4711,West,17,3
2017-07-02,15,4712,North,46,3
2017-07-02,15,4713,South,22,3
2017-07-02,15,4714,East,23,3
2017-07-02,15,4715,West,17,3
2017-07-02,15,4716,North,46,3
2017-07-02,15,4717,South,22,3
2017-07-02,15,4718,East,23,3
2017-07-02,15,4719,West,17,3
2017-07-02,15,4720,North,46,3
2017-07-02,15,4721,South,22,3
2017-07-02,15,4722,East,23,3
2017-07-02,15,4723,West,17,3
2017-07-02,15,4724,North,46,3
2017-07-02,15,4725,South,22,3
2017-07-02,15,4726,East,23,3
2017-07-02,15,4727,West,17,3
2017-07-02,15,4728,North,46,3
2017-07-02,15,4729,South,22,3
2017-07-02,15,4730,East,23,3
2017-07-02,15,4731,West,17,3
2017-07-02,15,4732,North,46,3
2017-07-02,15,4733,South,22,3
2017-07-02,15,4734,East,23,3
2017-07-02,15,4735,West,17,3
2017-07-02,15,4736,North,46,3
2017-07-02,15,4737,South,22,3
2017-07-02,15,4738,East,23,3
2017-07-02,15,4739,West,17,3
2017-07-02,15,4740,North,46,3
2017-07-02,15,4741,South,22,3
2017-07-02,15,4742,East,23,3
2017-07-02,15,4743,West,17,3
2017-07-02,15,4744,North,46,3
2017-07-02,15,4745,South,22,3
2017-07-02,15,4746,East,23,3
2017-07-02,15,4747,West,17,3
2017-07-02,15,4748,North,46,3
2017-07-02,15,4749,South,22,3
2017-07-02,15,4750,East,23,3
2017-07-02,15,4751,West,17,3
2017-07-02,15,4752,North,46,3
2017-07-02,15,4753,South,22,3
2017-07-02,15,4754,East,23,3
2017-07-02,15,4755,West,17,3
2017-07-02,15,4756,North,46,3
2017-07-02,15,4757,South,22,3
2017-07-02,15,4758,East,23,3
2017-07-02,15,4759,West,17,3
2017-07-02,15,4760,North,46,3
2017-07-02,15,4761,South,22,3
2017-07-02,15,4762,East,23,3
2017-07-02,15,4763,West,17,3
2017-07-02,15,4764,North,46,3
2017-07-02,15,4765,South,22,3
2017-07-02,15,4766,East,23,3
2017-07-02,15,4767,West,17,3
2017-07-02,15,4768,North,46,3
2017-07-02,15,4769,South,22,3
2017-07-02,15,4770,East,23,3
2017-07-02,15,4771,West,17,3
2017-07-02,15,4772,North,46,3
2017-07-02,15,4773,South,22,3
2017-07-02,15,4774,East,23,3
2017-07-02,15,4775,West,17,3
2017-07-02,15,4776,North,46,3
2017-07-02,15,4777,South,22,3
2017-07-02,15,4778,East,23,3
2017-07-02,15,4779,West,17,3
2017-07-02,15,4780,North,46,3
2017-07-02,15,4781,South,22,3
2017-07-02,15,4782,East,23,3
2017-07-02,15,4783,West,17,3
2017-07-02,15,4784,North,46,3
2017-07-02,15,4785,South,22,3
2017-07-02,15,4786,East,23,3
2017-07-02,15,4787,West,17,3
2017-07-02,15,4788,North,46,3
2017-07-02,15,4789,South,22,3
2017-07-02,15,4790,East,23,3
2017-07-02,15,4791,West,17,3
2017-07-02,15,4792,North,46,3
2017-07-02,15,4793,South,22,3
2017-07-02,15,4794,East,23,3
2017-07-02,15,4795,West,17,3
2017-07-02,15,4796,North,46,3
2017-07-02,15,4797,South,22,3
2017-07-02,15,4798,East,23,3
2017-07-02,15,4799,West,17,3
2017-07-02,16,4800,North,46,3
2017-07-02,16,4801,South,22,3
2017-07-02,16,4802,East,23,3
2017-07-02,16,4803,West,17,3
2017-07-02,16,4804,North,46,3
2017-07-02,16,4805,South,22,3
2017-07-02,16,4806,East,23,3
2017-07-02,16,4807,West,17,3
2017-07-02,16,4808,North,46,3
2017-07-02,16,4809,South,22,3
2017-07-02,16,4810,East,23,3
2017-07-02,16,4811,West,17,3
2017-07-02,16,4812,North,46,3
2017-07-02,16,4813,South,22,3
2017-07-02,16,4814,East,23,3
2017-07-02,16,4815,West,17,3
2017-07-02,16,4816,North,46,3
2017-07-02,16,4817,South,22,3
2017-07-02,16,4818,East,23,3
2017-07-02,16,4819,West,17,3
2017-07-02,16,4820,North,46,3
2017-07-02,16,4821,South,22,3
2017-07-02,16,4822,East,23,3
2017-07-02,16,4823,West,17,3
2017-07-02,16,4824,North,46,3
2017-07-02,16,4825,South,22,3
2017-07-02,16,4826,East,23,3
2017-07-02,16,4827,West,17,3
2017-07-02,16,4828,North,46,3
2017-07-02,16,4829,South,22,3
2017-07-02,16,4830,East,23,3
2017-07-02,16,4831,West,17,3
2017-07-02,16,4832,North,46,3
2017-07-02,16,4833,South,22,3
2017-07-02,16,4834,East,23,3
2017-07-02,16,4835,West,17,3
2017-07-02,16,4836,North,46,3
2017-07-02,16,4837,South,22,3
2017-07-02,16,4838,East,23,3
2017-07-02,16,4839,West,17,3
2017-07-02,16,4840,North,46,3
2017-07-02,16,4841,South,22,3
2017-07-02,16,4842,East,23,3
2017-07-02,16,4843,West,17,3
2017-07-02,16,4844,North,46,3
2017-07-02,16,4845,South,22,3
2017-07-02,16,4846,East,23,3
2017-07-02,16,4847,West,17,3
2017-07-02,16,4848,North,46,3
2017-07-02,16,4849,South,22,3
2017-07-02,16,4850,East,23,3
2017-07-02,16,4851,West,17,3
2017-07-02,16,4852,North,46,3
2017-07-02,16,4853,South,22,3
2017-07-02,16,4854,East,23,3
2017-07-02,16,4855,West,17,3
2017-07-02,16,4856,North,46,3
2017-07-02,16,4857,South,22,3
2017-07-02,16,4858,East,23,3
2017-07-02,16,4859,West,17,3
2017-07-02,16,4860,North,46,3
2017-07-02,16,4861,South,22,3
2017-07-02,16,4862,East,23,3
2017-07-02,16,4863,West,17,3
2017-07-02,16,4864,North,46,3
2017-07-02,16,4865,South,22,3
2017-07-02,16,4866,East,23,3
2017-07-02,16,4867,West,17,3
2017-07-02,16,4868,North,46,3
2017-07-02,16,4869,South,22,3
2017-07-02,16,4870,East,23,3
2017-07-02,16,4871,West,17,3
2017-07-02,16,4872,North,46,3
2017-07-02,16,4873,South,22,3
2017-07-02,16,4874,East,23,3
2017-07-02,16,4875,West,17,3
2017-07-02,16,4876,North,46,3
2017-07-02,16,4877,South,22,3
2017-07-02,16,4878,East,23,3
2017-07-02,16,4879,West,17,3
2017-07-02,16,4880,North,46,3
2017-07-02,16,4881,South,22,3
2017-07-02,16,4882,East,23,3
2017-07-02,16,4883,West,17,3
2017-07-02,16,4884,North,46,3
2017-07-02,16,4885,South,22,3
2017-07-02,16,4886,East,23,3
2017-07-02,16,4887,West,17,3
2017-07-02,16,4888,North,46,3
2017-07-02,16,4889,South,22,3
2017-07-02,16,4890,East,23,3
2017-07-02,16,4891,West,17,3
2017-07-02,16,4892,North,46,3
2017-07-02,16,4893,South,22,3
2017-07-02,16,4894,East,23,3
2017-07-02,16,4895,West,17,3
2017-07-02,16,4896,North,46,3
2017-07-02,16,4897,South,22,3
2017-07-02,16,4898,East,23,3
2017-07-02,16,4899,West,17,3
2017-07-02,16,4900,North,46,3
2017-07-02,16,4901,South,22,3
2017-07-02,16,4902,East,23,3
2017-07-02,16,4903,West,17,3
2017-07-02,16,4904,North,46,3
2017-07-02,16,4905,South,22,3
2017-07-02,16,4906,East,23,3
2017-07-02,16,4907,West,17,3
2017-07-02,16,4908,North,46,3
2017-07-02,16,4909,South,22,3
2017-07-02,16,4910,East,23,3
2017-07-02,16,4911,West,17,3
2017-07-02,16,4912,North,46,3
2017-07-02,16,4913,South,22,3
2017-07-02,16,4914,East,23,3
2017-07-02,16,4915,West,17,3
2017-07-02,16,4916,North,46,3
2017-07-02,16,4917,South,22,3
2017-07-02,16,4918,East,23,3
2017-07-02,16,4919,West,17,3
2017-07-02,17,4920,North,46,3
2017-07-02,17,4921,South,23,3
2017-07-02,17,4922,East,22,3
2017-07-02,17,4923,West,17,3
2017-07-02,17,4924,North,46,3
2017-07-02,17,4925,South,23,3
2017-07-02,17,4926,East,22,3
2017-07-02,17,4927,West,17,3
2017-07-02,17,4928,North,46,3
2017-07-02,17,4929,South,23,3
2017-07-02,17,4930,East,22,3
2017-07-02,17,4931,West,17,3
2017-07-02,17,4932,North,46,3
2017-07-02,17,4933,South,23,3
2017-07-02,17,4934,East,22,3
2017-07-02,17,4935,West,17,3
2017-07-02,17,4936,North,46,3
2017-07-02,17,4937,South,23,3
2017-07-02,17,4938,East,22,3
2017-07-02,17,4939,West,17,3
2017-07-02,17,4940,North,46,3
2017-07-02,17,4941,South,23,3
2017-07-02,17,4942,East,22,3
2017-07-02,17,4943,West,17,3
2017-07-02,17,4944,North,46,3
2017-07-02,17,4945,South,23,3
2017-07-02,17,4946,East,22,3
2017-07-02,17,4947,West,17,3
2017-07-02,17,4948,North,46,3
2017-07-02,17,4949,South,23,3
2017-07-02,17,4950,East,22,3
2017-07-02,17,4951,West,17,3
2017-07-02,17,4952,North,46,3
2017-07-02,17,4953,South,23,3
2017-07-02,17,4954,East,22,3
2017-07-02,17,4955,West,17,3
2017-07-02,17,4956,North,46,3
2017-07-02,17,4957,South,23,3
2017-07-02,17,4958,East,22,3
2017-07-02,17,4959,West,17,3
2017-07-02,17,4960,North,46,3
2017-07-02,17,4961,South,23,3
2017-07-02,17,4962,East,22,3
2017-07-02,17,4963,West,17,3
2017-07-02,17,4964,North,46,3
2017-07-02,17,4965,South,23,3
2017-07-02,17,4966,East,22,3
2017-07-02,17,4967,West,17,3
2017-07-02,17,4968,North,46,3
2017-07-02,17,4969,South,23,3
2017-07-02,17,4970,East,22,3
2017-07-02,17,4971,West,17,3
2017-07-02,17,4972,North,46,3
2017-07-02,17,4973,South,23,3
2017-07-02,17,4974,East,22,3
2017-07-02,17,4975,West,17,3
2017-07-02,17,4976,North,46,3
2017-07-02,17,4977,South,23,3
2017-07-02,17,4978,East,22,3
2017-07-02,17,4979,West,17,3
2017-07-02,17,4980,North,46,3
2017-07-02,17,4981,South,23,3
2017-07-02,17,4982,East,22,3
2017-07-02,17,4983,West,17,3
2017-07-02,17,4984,North,46,3
2017-07-02,17,4985,South,23,3
2017-07-02,17,4986,East,22,3
2017-07-02,17,4987,West,17,3
2017-07-02,17,4988,North,46,3
2017-07-02,17,4989,South,23,3
2017-07-02,17,4990,East,22,3
2017-07-02,17,4991,West,17,3
2017-07-02,17,4992,North,46,3
2017-07-02,17,4993,South,23,3
2017-07-02,17,4994,East,22,3
2017-07-02,17,4995,West,17,3
2017-07-02,17,4996,North,46,3
2017-07-02,17,4997,South,23,3
2017-07-02,17,4998,East,22,3
2017-07-02,17,4999,West,17,3
2017-07-02,17,5000,North,46,3
2017-07-02,17,5001,South,23,3
2017-07-02,17,5002,East,22,3
2017-07-02,17,5003,West,17,3
2017-07-02,17,5004,North,46,3
2017-07-02,17,5005,South,23,3
2017-07-02,17,5006,East,22,3
2017-07-02,17,5007,West,17,3
2017-07-02,17,5008,North,46,3
2017-07-02,17,5009,South,23,3
2017-07-02,17,5010,East,22,3
2017-07-02,17,5011,West,17,3
2017-07-02,17,5012,North,46,3
2017-07-02,17,5013,South,23,3
2017-07-02,17,5014,East,22,3
2017-07-02,17,5015,West,17,3
2017-07-02,17,5016,North,46,3
2017-07-02,17,5017,South,23,3
2017-07-02,17,5018,East,22,3
2017-07-02,17,5019,West,17,3
2017-07-02,17,5020,North,46,3
2017-07-02,17,5021,South,23,3
2017-07-02,17,5022,East,22,3
2017-07-02,17,5023,West,17,3
2017-07-02,17,5024,North,46,3
2017-07-02,17,5025,South,23,3
2017-07-02,17,5026,East,22,3
2017-07-02,17,5027,West,17,3
2017-07-02,17,5028,North,46,3
2017-07-02,17,5029,South,23,3
2017-07-02,17,5030,East,22,3
2017-07-02,17,5031,West,17,3
2017-07-02,17,5032,North,46,3
2017-07-02,17,5033,South,23,3
2017-07-02,17,5034,East,22,3
2017-07-02,17,5035,West,17,3
2017-07-02,17,5036,North,46,3
2017-07-02,17,5037,South,23,3
2017-07-02,17,5038,East,22,3
2017-07-02,17,5039,West,17,3
2017-07-02,18,5040,North,48,3
2017-07-02,18,5041,South,22,3
2017-07-02,18,5042,East,21,3
2017-07-02,18,5043,West,17,3
2017-07-02,18,5044,North,48,3
2017-07-02,18,5045,South,22,3
2017-07-02,18,5046,East,21,3
2017-07-02,18,5047,West,17,3
2017-07-02,18,5048,North,48,3
2017-07-02,18,5049,South,22,3
2017-07-02,18,5050,East,21,3
2017-07-02,18,5051,West,17,3
2017-07-02,18,5052,North,48,3
2017-07-02,18,5053,South,22,3
2017-07-02,18,5054,East,21,3
2017-07-02,18,5055,West,17,3
2017-07-02,18,5056,North,48,3
2017-07-02,18,5057,South,22,3
2017-07-02,18,5058,East,21,3
2017-07-02,18,5059,West,17,3
2017-07-02,18,5060,North,48,3
2017-07-02,18,5061,South,22,3
2017-07-02,18,5062,East,21,3
2017-07-02,18,5063,West,17,3
2017-07-02,18,5064,North,48,3
2017-07-02,18,5065,South,22,3
2017-07-02,18,5066,East,21,3
2017-07-02,18,5067,West,17,3
2017-07-02,18,5068,North,48,3
2017-07-02,18,5069,South,22,3
2017-07-02,18,5070,East,21,3
2017-07-02,18,5071,West,17,3
2017-07-02,18,5072,North,48,3
2017-07-02,18,5073,South,22,3
2017-07-02,18,5074,East,21,3
2017-07-02,18,5075,West,17,3
2017-07-02,18,5076,North,48,3
2017-07-02,18,5077,South,22,3
2017-07-02,18,5078,East,21,3
2017-07-02,18,5079,West,17,3
2017-07-02,18,5080,North,48,3
2017-07-02,18,5081,South,22,3
2017-07-02,18,5082,East,21,3
2017-07-02,18,5083,West,17,3
2017-07-02,18,5084,North,48,3
2017-07-02,18,5085,South,22,3
2017-07-02,18,5086,East,21,3
2017-07-02,18,5087,West,17,3
2017-07-02,18,5088,North,48,3
2017-07-02,18,5089,South,22,3
2017-07-02,18,5090,East,21,3
2017-07-02,18,5091,West,17,3
2017-07-02,18,5092,North,48,3
2017-07-02,18,5093,South,22,3
2017-07-02,18,5094,East,21,3
2017-07-02,18,5095,West,17,3
2017-07-02,18,5096,North,48,3
2017-07-02,18,5097,South,22,3
2017-07-02,18,5098,East,21,3
2017-07-02,18,5099,West,17,3
2017-07-02,18,5100,North,48,3
2017-07-02,18,5101,South,22,3
2017-07-02,18,5102,East,21,3
2017-07-02,18,5103,West,17,3
2017-07-02,18,5104,North,48,3
2017-07-02,18,5105,South,22,3
2017-07-02,18,5106,East,21,3
2017-07-02,18,5107,West,17,3
2017-07-02,18,5108,North,48,3
2017-07-02,18,5109,South,22,3
2017-07-02,18,5110,East,21,3
2017-07-02,18,5111,West,17,3
2017-07-02,18,5112,North,48,3
2017-07-02,18,5113,South,22,3
2017-07-02,18,5114,East,21,3
2017-07-02,18,5115,West,17,3
2017-07-02,18,5116,North,48,3
2017-07-02,18,5117,South,22,3
2017-07-02,18,5118,East,21,3
2017-07-02,18,5119,West,17,3
2017-07-02,18,5120,North,48,3
2017-07-02,18,5121,South,22,3
2017-07-02,18,5122,East,21,3
2017-07-02,18,5123,West,17,3
2017-07-02,18,5124,North,48,3
2017-07-02,18,5125,South,22,3
2017-07-02,18,5126,East,21,3
2017-07-02,18,5127,West,17,3
2017-07-02,18,5128,North,48,3
2017-07-02,18,5129,South,22,3
2017-07-02,18,5130,East,21,3
2017-07-02,18,5131,West,17,3
2017-07-02,18,5132,North,48,3
2017-07-02,18,5133,South,22,3
2017-07-02,18,5134,East,21,3
2017-07-02,18,5135,West,17,3
2017-07-02,18,5136,North,48,3
2017-07-02,18,5137,South,22,3
2017-07-02,18,5138,East,21,3
2017-07-02,18,5139,West,17,3
2017-07-02,18,5140,North,48,3
2017-07-02,18,5141,South,22,3
2017-07-02,18,5142,East,21,3
2017-07-02,18,5143,West,17,3
2017-07-02,18,5144,North,48,3
2017-07-02,18,5145,South,22,3
2017-07-02,18,5146,East,21,3
2017-07-02,18,5147,West,17,3
2017-07-02,18,5148,North,48,3
2017-07-02,18,5149,South,22,3
2017-07-02,18,5150,East,21,3
2017-07-02,18,5151,West,17,3
2017-07-02,18,5152,North,48,3
2017-07-02,18,5153,South,22,3
2017-07-02,18,5154,East,21,3
2017-07-02,18,5155,West,17,3
2017-07-02,18,5156,North,48,3
2017-07-02,18,5157,South,22,3
2017-07-02,18,5158,East,21,3
2017-07-02,18,5159,West,17,3
2017-07-02,19,5160,North,48,3
2017-07-02,19,5161,South,23,3
2017-07-02,19,5162,East,21,3
2017-07-02,19,5163,West,16,3
2017-07-02,19,5164,North,48,3
2017-07-02,19,5165,South,23,3
2017-07-02,19,5166,East,21,3
2017-07-02,19,5167,West,16,3
2017-07-02,19,5168,North,48,3
2017-07-02,19,5169,South,23,3
2017-07-02,19,5170,East,21,3
2017-07-02,19,5171,West,16,3
2017-07-02,19,5172,North,48,3
2017-07-02,19,5173,South,23,3
2017-07-02,19,5174,East,21,3
2017-07-02,19,5175,West,16,3
2017-07-02,19,5176,North,48,3
2017-07-02,19,5177,South,23,3
2017-07-02,19,5178,East,21,3
2017-07-02,19,5179,West,16,3
2017-07-02,19,5180,North,48,3
2017-07-02,19,5181,South,23,3
2017-07-02,19,5182,East,21,3
2017-07-02,19,5183,West,16,3
2017-07-02,19,5184,North,48,3
2017-07-02,19,5185,South,23,3
2017-07-02,19,5186,East,21,3
2017-07-02,19,5187,West,16,3
2017-07-02,19,5188,North,48,3
2017-07-02,19,5189,South,23,3
2017-07-02,19,5190,East,21,3
2017-07-02,19,5191,West,16,3
2017-07-02,19,5192,North,48,3
2017-07-02,19,5193,South,23,3
2017-07-02,19,5194,East,21,3
2017-07-02,19,5195,West,16,3
2017-07-02,19,5196,North,48,3
2017-07-02,19,5197,South,23,3
2017-07-02,19,5198,East,21,3
2017-07-02,19,5199,West,16,3
2017-07-02,19,5200,North,48,3
2017-07-02,19,5201,South,23,3
2017-07-02,19,5202,East,21,3
2017-07-02,19,5203,West,16,3
2017-07-02,19,5204,North,48,3
2017-07-02,19,5205,South,23,3
2017-07-02,19,5206,East,21,3
2017-07-02,19,5207,West,16,3
2017-07-02,19,5208,North,48,3
2017-07-02,19,5209,South,23,3
2017-07-02,19,5210,East,21,3
2017-07-02,19,5211,West,16,3
2017-07-02,19,5212,North,48,3
2017-07-02,19,5213,South,23,3
2017-07-02,19,5214,East,21,3
2017-07-02,19,5215,West,16,3
2017-07-02,19,5216,North,48,3
2017-07-02,19,5217,South,23,3
2017-07-02,19,5218,East,21,3
2017-07-02,19,5219,West,16,3
2017-07-02,19,5220,North,48,3
2017-07-02,19,5221,South,23,3
2017-07-02,19,5222,East,21,3
2017-07-02,19,5223,West,16,3
2017-07-02,19,5224,North,48,3
2017-07-02,19,5225,South,23,3
2017-07-02,19,5226,East,21,3
2017-07-02,19,5227,West,16,3
2017-07-02,19,5228,North,48,3
2017-07-02,19,5229,South,23,3
2017-07-02,19,5230,East,21,3
2017-07-02,19,5231,West,16,3
2017-07-02,19,5232,North,48,3
2017-07-02,19,5233,South,23,3
2017-07-02,19,5234,East,21,3
2017-07-02,19,5235,West,16,3
2017-07-02,19,5236,North,48,3
2017-07-02,19,5237,South,23,3
2017-07-02,19,5238,East,21,3
2017-07-02,19,5239,West,16,3
2017-07-02,19,5240,North,48,3
2017-07-02,19,5241,South,23,3
2017-07-02,19,5242,East,21,3
2017-07-02,19,5243,West,16,3
2017-07-02,19,5244,North,48,3
2017-07-02,19,5245,South,23,3
2017-07-02,19,5246,East,21,3
2017-07-02,19,5247,West,16,3
2017-07-02,19,5248,North,48,3
2017-07-02,19,5249,South,23,3
2017-07-02,19,5250,East,21,3
2017-07-02,19,5251,West,16,3
2017-07-02,19,5252,North,48,3
2017-07-02,19,5253,South,23,3
2017-07-02,19,5254,East,21,3
2017-07-02,19,5255,West,16,3
2017-07-02,19,5256,North,48,3
2017-07-02,19,5257,South,23,3
2017-07-02,19,5258,East,21,3
2017-07-02,19,5259,West,16,3
2017-07-02,19,5260,North,48,3
2017-07-02,19,5261,South,23,3
2017-07-02,19,5262,East,21,3
2017-07-02,19,5263,West,16,3
2017-07-02,19,5264,North,48,3
2017-07-02,19,5265,South,23,3
2017-07-02,19,5266,East,21,3
2017-07-02,19,5267,West,16,3
2017-07-02,19,5268,North,48,3
2017-07-02,19,5269,South,23,3
2017-07-02,19,5270,East,21,3
2017-07-02,19,5271,West,16,3
2017-07-02,19,5272,North,48,3
2017-07-02,19,5273,South,23,3
2017-07-02,19,5274,East,21,3
2017-07-02,19,5275,West,16,3
2017-07-02,19,5276,North,48,3
2017-07-02,19,5277,South,23,3
2017-07-02,19,5278,East,21,3
2017-07-02,19,5279,West,16,3
2017-07-02,20,5280,North,47,3
2017-07-02,20,5281,South,22,3
2017-07-02,20,5282,East,22,3
2017-07-02,20,5283,West,17,3
2017-07-02,20,5284,North,47,3
2017-07-02,20,5285,South,22,3
2017-07-02,20,5286,East,22,3
2017-07-02,20,5287,West,17,3
2017-07-02,20,5288,North,47,3
2017-07-02,20,5289,South,22,3
2017-07-02,20,5290,East,22,3
2017-07-02,20,5291,West,17,3
2017-07-02,20,5292,North,47,3
2017-07-02,20,5293,South,22,3
2017-07-02,20,5294,East,22,3
2017-07-02,20,5295,West,17,3
2017-07-02,20,5296,North,47,3
2017-07-02,20,5297,South,22,3
2017-07-02,20,5298,East,22,3
2017-07-02,20,5299,West,17,3
2017-07-02,20,5300,North,47,3
2017-07-02,20,5301,South,22,3
2017-07-02,20,5302,East,22,3
2017-07-02,20,5303,West,17,3
2017-07-02,20,5304,North,47,3
2017-07-02,20,5305,South,22,3
2017-07-02,20,5306,East,22,3
2017-07-02,20,5307,West,17,3
2017-07-02,20,5308,North,47,3
2017-07-02,20,5309,South,22,3
2017-07-02,20,5310,East,22,3
2017-07-02,20,5311,West,17,3
2017-07-02,20,5312,North,47,3
2017-07-02,20,5313,South,22,3
2017-07-02,20,5314,East,22,3
2017-07-02,20,5315,West,17,3
2017-07-02,20,5316,North,47,3
2017-07-02,20,5317,South,22,3
2017-07-02,20,5318,East,22,3
2017-07-02,20,5319,West,17,3
2017-07-02,20,5320,North,47,3
2017-07-02,20,5321,South,22,3
2017-07-02,20,5322,East,22,3
2017-07-02,20,5323,West,17,3
2017-07-02,20,5324,North,47,3
2017-07-02,20,5325,South,22,3
2017-07-02,20,5326,East,22,3
2017-07-02,20,5327,West,17,3
2017-07-02,20,5328,North,47,3
2017-07-02,20,5329,South,22,3
2017-07-02,20,5330,East,22,3
2017-07-02,20,5331,West,17,3
2017-07-02,20,5332,North,47,3
2017-07-02,20,5333,South,22,3
2017-07-02,20,5334,East,22,3
2017-07-02,20,5335,West,17,3
2017-07-02,20,5336,North,47,3
2017-07-02,20,5337,South,22,3
2017-07-02,20,5338,East,22,3
2017-07-02,20,5339,West,17,3
2017-07-02,20,5340,North,47,3
2017-07-02,20,5341,South,22,3
2017-07-02,20,5342,East,22,3
2017-07-02,20,5343,West,17,3
2017-07-02,20,5344,North,47,3
2017-07-02,20,5345,South,22,3
2017-07-02,20,5346,East,22,3
2017-07-02,20,5347,West,17,3
2017-07-02,20,5348,North,47,3
2017-07-02,20,5349,South,22,3
2017-07-02,20,5350,East,22,3
2017-07-02,20,5351,West,17,3
2017-07-02,20,5352,North,47,3
2017-07-02,20,5353,South,22,3
2017-07-02,20,5354,East,22,3
2017-07-02,20,5355,West,17,3
2017-07-02,20,5356,North,47,3
2017-07-02,20,5357,South,22,3
2017-07-02,20,5358,East,22,3
2017-07-02,20,5359,West,17,3
2017-07-02,20,5360,North,47,3
2017-07-02,20,5361,South,22,3
2017-07-02,20,5362,East,22,3
2017-07-02,20,5363,West,17,3
2017-07-02,20,5364,North,47,3
2017-07-02,20,5365,South,22,3
2017-07-02,20,5366,East,22,3
2017-07-02,20,5367,West,17,3
2017-07-02,20,5368,North,47,3
2017-07-02,20,5369,South,22,3
2017-07-02,20,5370,East,22,3
2017-07-02,20,5371,West,17,3
2017-07-02,20,5372,North,47,3
2017-07-02,20,5373,South,22,3
2017-07-02,20,5374,East,22,3
2017-07-02,20,5375,West,17,3
2017-07-02,20,5376,North,47,3
2017-07-02,20,5377,South,22,3
2017-07-02,20,5378,East,22,3
2017-07-02,20,5379,West,17,3
2017-07-02,20,5380,North,47,3
2017-07-02,20,5381,South,22,3
2017-07-02,20,5382,East,22,3
2017-07-02,20,5383,West,17,3
2017-07-02,20,5384,North,47,3
2017-07-02,20,5385,South,22,3
2017-07-02,20,5386,East,22,3
2017-07-02,20,5387,West,17,3
2017-07-02,20,5388,North,47,3
2017-07-02,20,5389,South,22,3
2017-07-02,20,5390,East,22,3
2017-07-02,20,5391,West,17,3
2017-07-02,20,5392,North,47,3
2017-07-02,20,5393,South,22,3
2017-07-02,20,5394,East,22,3
2017-07-02,20,5395,West,17,3
2017-07-02,20,5396,North,47,3
2017-07-02,20,5397,South,22,3
2017-07-02,20,5398,East,22,3
2017-07-02,20,5399,West,17,3
2017-07-02,21,5400,North,47,3
2017-07-02,21,5401,South,22,3
2017-07-02,21,5402,East,22,3
2017-07-02,21,5403,West,17,3
2017-07-02,21,5404,North,47,3
2017-07-02,21,5405,South,22,3
2017-07-02,21,5406,East,22,3
2017-07-02,21,5407,West,17,3
2017-07-02,21,5408,North,47,3
2017-07-02,21,5409,South,22,3
2017-07-02,21,5410,East,22,3
2017-07-02,21,5411,West,17,3
2017-07-02,21,5412,North,47,3
2017-07-02,21,5413,South,22,3
2017-07-02,21,5414,East,22,3
2017-07-02,21,5415,West,17,3
2017-07-02,21,5416,North,47,3
2017-07-02,21,5417,South,22,3
2017-07-02,21,5418,East,22,3
2017-07-02,21,5419,West,17,3
2017-07-02,21,5420,North,47,3
2017-07-02,21,5421,South,22,3
2017-07-02,21,5422,East,22,3
2017-07-02,21,5423,West,17,3
2017-07-02,21,5424,North,47,3
2017-07-02,21,5425,South,22,3
2017-07-02,21,5426,East,22,3
2017-07-02,21,5427,West,17,3
2017-07-02,21,5428,North,47,3
2017-07-02,21,5429,South,22,3
2017-07-02,21,5430,East,22,3
2017-07-02,21,5431,West,17,3
2017-07-02,21,5432,North,47,3
2017-07-02,21,5433,South,22,3
2017-07-02,21,5434,East,22,3
2017-07-02,21,5435,West,17,3
2017-07-02,21,5436,North,47,3
2017-07-02,21,5437,South,22,3
2017-07-02,21,5438,East,22,3
2017-07-02,21,5439,West,17,3
2017-07-02,21,5440,North,47,3
2017-07-02,21,5441,South,22,3
2017-07-02,21,5442,East,22,3
2017-07-02,21,5443,West,17,3
2017-07-02,21,5444,North,47,3
2017-07-02,21,5445,South,22,3
2017-07-02,21,5446,East,22,3
2017-07-02,21,5447,West,17,3
2017-07-02,21,5448,North,47,3
2017-07-02,21,5449,South,22,3
2017-07-02,21,5450,East,22,3
2017-07-02,21,5451,West,17,3
2017-07-02,21,5452,North,47,3
2017-07-02,21,5453,South,22,3
2017-07-02,21,5454,East,22,3
2017-07-02,21,5455,West,17,3
2017-07-02,21,5456,North,47,3
2017-07-02,21,5457,South,22,3
2017-07-02,21,5458,East,22,3
2017-07-02,21,5459,West,17,3
2017-07-02,21,5460,North,47,3
2017-07-02,21,5461,South,22,3
2017-07-02,21,5462,East,22,3
2017-07-02,21,5463,West,17,3
2017-07-02,21,5464,North,47,3
2017-07-02,21,5465,South,22,3
2017-07-02,21,5466,East,22,3
2017-07-02,21,5467,West,17,3
2017-07-02,21,5468,North,47,3
2017-07-02,21,5469,South,22,3
2017-07-02,21,5470,East,22,3
2017-07-02,21,5471,West,17,3
2017-07-02,21,5472,North,47,3
2017-07-02,21,5473,South,22,3
2017-07-02,21,5474,East,22,3
2017-07-02,21,5475,West,17,3
2017-07-02,21,5476,North,47,3
2017-07-02,21,5477,South,22,3
2017-07-02,21,5478,East,22,3
2017-07-02,21,5479,West,17,3
2017-07-02,21,5480,North,47,3
2017-07-02,21,5481,South,22,3
2017-07-02,21,5482,East,22,3
2017-07-02,21,5483,West,17,3
2017-07-02,21,5484,North,47,3
2017-07-02,21,5485,South,22,3
2017-07-02,21,5486,East,22,3
2017-07-02,21,5487,West,17,3
2017-07-02,21,5488,North,47,3
2017-07-02,21,5489,South,22,3
2017-07-02,21,5490,East,22,3
2017-07-02,21,5491,West,17,3
2017-07-02,21,5492,North,47,3
2017-07-02,21,5493,South,22,3
2017-07-02,21,5494,East,22,3
2017-07-02,21,5495,West,17,3
2017-07-02,21,5496,North,47,3
2017-07-02,21,5497,South,22,3
2017-07-02,21,5498,East,22,3
2017-07-02,21,5499,West,17,3
2017-07-02,21,5500,North,47,3
2017-07-02,21,5501,South,22,3
2017-07-02,21,5502,East,22,3
2017-07-02,21,5503,West,17,3
2017-07-02,21,5504,North,47,3
2017-07-02,21,5505,South,22,3
2017-07-02,21,5506,East,22,3
2017-07-02,21,5507,West,17,3
2017-07-02,21,5508,North,47,3
2017-07-02,21,5509,South,22,3
2017-07-02,21,5510,East,22,3
2017-07-02,21,5511,West,17,3
2017-07-02,21,5512,North,47,3
2017-07-02,21,5513,South,22,3
2017-07-02,21,5514,East,22,3
2017-07-02,21,5515,West,17,3
2017-07-02,21,5516,North,47,3
2017-07-02,21,5517,South,22,3
2017-07-02,21,5518,East,22,3
2017-07-02,21,5519,West,17,3
2017-07-02,22,5520,North,46,3
2017-07-02,22,5521,South,23,3
2017-07-02,22,5522,East,23,3
2017-07-02,22,5523,West,16,3
2017-07-02,22,5524,North,46,3
2017-07-02,22,5525,South,23,3
2017-07-02,22,5526,East,23,3
2017-07-02,22,5527,West,16,3
2017-07-02,22,5528,North,46,3
2017-07-02,22,5529,South,23,3
2017-07-02,22,5530,East,23,3
2017-07-02,22,5531,West,16,3
2017-07-02,22,5532,North,46,3
2017-07-02,22,5533,South,23,3
2017-07-02,22,5534,East,23,3
2017-07-02,22,5535,West,16,3
2017-07-02,22,5536,North,46,3
2017-07-02,22,5537,South,23,3
2017-07-02,22,5538,East,23,3
2017-07-02,22,5539,West,16,3
2017-07-02,22,5540,North,46,3
2017-07-02,22,5541,South,23,3
2017-07-02,22,5542,East,23,3
2017-07-02,22,5543,West,16,3
2017-07-02,22,5544,North,46,3
2017-07-02,22,5545,South,23,3
2017-07-02,22,5546,East,23,3
2017-07-02,22,5547,West,16,3
2017-07-02,22,5548,North,46,3
2017-07-02,22,5549,South,23,3
2017-07-02,22,5550,East,23,3
2017-07-02,22,5551,West,16,3
2017-07-02,22,5552,North,46,3
2017-07-02,22,5553,South,23,3
2017-07-02,22,5554,East,23,3
2017-07-02,22,5555,West,16,3
2017-07-02,22,5556,North,46,3
2017-07-02,22,5557,South,23,3
2017-07-02,22,5558,East,23,3
2017-07-02,22,5559,West,16,3
2017-07-02,22,5560,North,46,3
2017-07-02,22,5561,South,23,3
2017-07-02,22,5562,East,23,3
2017-07-02,22,5563,West,16,3
2017-07-02,22,5564,North,46,3
2017-07-02,22,5565,South,23,3
2017-07-02,22,5566,East,23,3
2017-07-02,22,5567,West,16,3
2017-07-02,22,5568,North,46,3
2017-07-02,22,5569,South,23,3
2017-07-02,22,5570,East,23,3
2017-07-02,22,5571,West,16,3
2017-07-02,22,5572,North,46,3
2017-07-02,22,5573,South,23,3
2017-07-02,22,5574,East,23,3
2017-07-02,22,5575,West,16,3
2017-07-02,22,5576,North,46,3
2017-07-02,22,5577,South,23,3
2017-07-02,22,5578,East,23,3
2017-07-02,22,5579,West,16,3
2017-07-02,22,5580,North,46,3
2017-07-02,22,5581,South,23,3
2017-07-02,22,5582,East,23,3
2017-07-02,22,5583,West,16,3
2017-07-02,22,5584,North,46,3
2017-07-02,22,5585,South,23,3
2017-07-02,22,5586,East,23,3
2017-07-02,22,5587,West,16,3
2017-07-02,22,5588,North,46,3
2017-07-02,22,5589,South,23,3
2017-07-02,22,5590,East,23,3
2017-07-02,22,5591,West,16,3
2017-07-02,22,5592,North,46,3
2017-07-02,22,5593,South,23,3
2017-07-02,22,5594,East,23,3
2017-07-02,22,5595,West,16,3
2017-07-02,22,5596,North,46,3
2017-07-02,22,5597,South,23,3
2017-07-02,22,5598,East,23,3
2017-07-02,22,5599,West,16,3
2017-07-02,22,5600,North,46,3
2017-07-02,22,5601,South,23,3
2017-07-02,22,5602,East,23,3
2017-07-02,22,5603,West,16,3
2017-07-02,22,5604,North,46,3
2017-07-02,22,5605,South,23,3
2017-07-02,22,5606,East,23,3
2017-07-02,22,5607,West,16,3
2017-07-02,22,5608,North,46,3
2017-07-02,22,5609,South,23,3
2017-07-02,22,5610,East,23,3
2017-07-02,22,5611,West,16,3
2017-07-02,22,5612,North,46,3
2017-07-02,22,5613,South,23,3
2017-07-02,22,5614,East,23,3
2017-07-02,22,5615,West,16,3
2017-07-02,22,5616,North,46,3
2017-07-02,22,5617,South,23,3
2017-07-02,22,5618,East,23,3
2017-07-02,22,5619,West,16,3
2017-07-02,22,5620,North,46,3
2017-07-02,22,5621,South,23,3
2017-07-02,22,5622,East,23,3
2017-07-02,22,5623,West,16,3
2017-07-02,22,5624,North,46,3
2017-07-02,22,5625,South,23,3
2017-07-02,22,5626,East,23,3
2017-07-02,22,5627,West,16,3
2017-07-02,22,5628,North,46,3
2017-07-02,22,5629,South,23,3
2017-07-02,22,5630,East,23,3
2017-07-02,22,5631,West,16,3
2017-07-02,22,5632,North,46,3
2017-07-02,22,5633,South,23,3
2017-07-02,22,5634,East,23,3
2017-07-02,22,5635,West,16,3
2017-07-02,22,5636,North,46,3
2017-07-02,22,5637,South,23,3
2017-07-02,22,5638,East,23,3
2017-07-02,22,5639,West,16,3
2017-07-02,23,5640,North,46,3
2017-07-02,23,5641,South,23,3
2017-07-02,23,5642,East,22,3
2017-07-02,23,5643,West,17,3
2017-07-02,23,5644,North,46,3
2017-07-02,23,5645,South,23,3
2017-07-02,23,5646,East,22,3
2017-07-02,23,5647,West,17,3
2017-07-02,23,5648,North,46,3
2017-07-02,23,5649,South,23,3
2017-07-02,23,5650,East,22,3
2017-07-02,23,5651,West,17,3
2017-07-02,23,5652,North,46,3
2017-07-02,23,5653,South,23,3
2017-07-02,23,5654,East,22,3
2017-07-02,23,5655,West,17,3
2017-07-02,23,5656,North,46,3
2017-07-02,23,5657,South,23,3
2017-07-02,23,5658,East,22,3
2017-07-02,23,5659,West,17,3
2017-07-02,23,5660,North,46,3
2017-07-02,23,5661,South,23,3
2017-07-02,23,5662,East,22,3
2017-07-02,23,5663,West,17,3
2017-07-02,23,5664,North,46,3
2017-07-02,23,5665,South,23,3
2017-07-02,23,5666,East,22,3
2017-07-02,23,5667,West,17,3
2017-07-02,23,5668,North,46,3
2017-07-02,23,5669,South,23,3
2017-07-02,23,5670,East,22,3
2017-07-02,23,5671,West,17,3
2017-07-02,23,5672,North,46,3
2017-07-02,23,5673,South,23,3
2017-07-02,23,5674,East,22,3
2017-07-02,23,5675,West,17,3
2017-07-02,23,5676,North,46,3
2017-07-02,23,5677,South,23,3
2017-07-02,23,5678,East,22,3
2017-07-02,23,5679,West,17,3
2017-07-02,23,5680,North,46,3
2017-07-02,23,5681,South,23,3
2017-07-02,23,5682,East,22,3
2017-07-02,23,5683,West,17,3
2017-07-02,23,5684,North,46,3
2017-07-02,23,5685,South,23,3
2017-07-02,23,5686,East,22,3
2017-07-02,23,5687,West,17,3
2017-07-02,23,5688,North,46,3
2017-07-02,23,5689,South,23,3
2017-07-02,23,5690,East,22,3
2017-07-02,23,5691,West,17,3
2017-07-02,23,5692,North,46,3
2017-07-02,23,5693,South,23,3
2017-07-02,23,5694,East,22,3
2017-07-02,23,5695,West,17,3
2017-07-02,23,5696,North,46,3
2017-07-02,23,5697,South,23,3
2017-07-02,23,5698,East,22,3
2017-07-02,23,5699,West,17,3
2017-07-02,23,5700,North,46,3
2017-07-02,23,5701,South,23,3
2017-07-02,23,5702,East,22,3
2017-07-02,23,5703,West,17,3
2017-07-02,23,5704,North,46,3
2017-07-02,23,5705,South,23,3
2017-07-02,23,5706,East,22,3
2017-07-02,23,5707,West,17,3
2017-07-02,23,5708,North,46,3
2017-07-02,23,5709,South,23,3
2017-07-02,23,5710,East,22,3
2017-07-02,23,5711,West,17,3
2017-07-02,23,5712,North,46,3
2017-07-02,23,5713,South,23,3
2017-07-02,23,5714,East,22,3
2017-07-02,23,5715,West,17,3
2017-07-02,23,5716,North,46,3
2017-07-02,23,5717,South,23,3
2017-07-02,23,5718,East,22,3
2017-07-02,23,5719,West,17,3
2017-07-02,23,5720,North,46,3
2017-07-02,23,5721,South,23,3
2017-07-02,23,5722,East,22,3
2017-07-02,23,5723,West,17,3
2017-07-02,23,5724,North,46,3
2017-07-02,23,5725,South,23,3
2017-07-02,23,5726,East,22,3
2017-07-02,23,5727,West,17,3
2017-07-02,23,5728,North,46,3
2017-07-02,23,5729,South,23,3
2017-07-02,23,5730,East,22,3
2017-07-02,23,5731,West,17,3
2017-07-02,23,5732,North,46,3
2017-07-02,23,5733,South,23,3
2017-07-02,23,5734,East,22,3
2017-07-02,23,5735,West,17,3
2017-07-02,23,5736,North,46,3
2017-07-02,23,5737,South,23,3
2017-07-02,23,5738,East,22,3
2017-07-02,23,5739,West,17,3
2017-07-02,23,5740,North,46,3
2017-07-02,23,5741,South,23,3
2017-07-02,23,5742,East,22,3
2017-07-02,23,5743,West,17,3
2017-07-02,23,5744,North,46,3
2017-07-02,23,5745,South,23,3
2017-07-02,23,5746,East,22,3
2017-07-02,23,5747,West,17,3
2017-07-02,23,5748,North,46,3
2017-07-02,23,5749,South,23,3
2017-07-02,23,5750,East,22,3
2017-07-02,23,5751,West,17,3
2017-07-02,23,5752,North,46,3
2017-07-02,23,5753,South,23,3
2017-07-02,23,5754,East,22,3
2017-07-02,23,5755,West,17,3
2017-07-02,23,5756,North,46,3
2017-07-02,23,5757,South,23,3
2017-07-02,23,5758,East,22,3
2017-07-02,23,5759,West,17,3
2017-07-03,0,5760,North,45,3
2017-07-03,0,5761,South,24,3
2017-07-03,0,5762,East,21,3
2017-07-03,0,5763,West,18,3
2017-07-03,0,5764,North,45,3
2017-07-03,0,5765,South,24,3
2017-07-03,0,5766,East,21,3
2017-07-03,0,5767,West,18,3
2017-07-03,0,5768,North,45,3
2017-07-03,0,5769,South,24,3
2017-07-03,0,5770,East,21,3
2017-07-03,0,5771,West,18,3
2017-07-03,0,5772,North,45,3
2017-07-03,0,5773,South,24,3
2017-07-03,0,5774,East,21,3
2017-07-03,0,5775,West,18,3
2017-07-03,0,5776,North,45,3
2017-07-03,0,5777,South,24,3
2017-07-03,0,5778,East,21,3
2017-07-03,0,5779,West,18,3
2017-07-03,0,5780,North,45,3
2017-07-03,0,5781,South,24,3
2017-07-03,0,5782,East,21,3
2017-07-03,0,5783,West,18,3
2017-07-03,0,5784,North,45,3
2017-07-03,0,5785,South,24,3
2017-07-03,0,5786,East,21,3
2017-07-03,0,5787,West,18,3
2017-07-03,0,5788,North,45,3
2017-07-03,0,5789,South,24,3
2017-07-03,0,5790,East,21,3
2017-07-03,0,5791,West,18,3
2017-07-03,0,5792,North,45,3
2017-07-03,0,5793,South,24,3
2017-07-03,0,5794,East,21,3
2017-07-03,0,5795,West,18,3
2017-07-03,0,5796,North,45,3
2017-07-03,0,5797,South,24,3
2017-07-03,0,5798,East,21,3
2017-07-03,0,5799,West,18,3
2017-07-03,0,5800,North,45,3
2017-07-03,0,5801,South,24,3
2017-07-03,0,5802,East,21,3
2017-07-03,0,5803,West,18,3
2017-07-03,0,5804,North,45,3
2017-07-03,0,5805,South,24,3
2017-07-03,0,5806,East,21,3
2017-07-03,0,5807,West,18,3
2017-07-03,0,5808,North,45,3
2017-07-03,0,5809,South,24,3
2017-07-03,0,5810,East,21,3
2017-07-03,0,5811,West,18,3
2017-07-03,0,5812,North,45,3
2017-07-03,0,5813,South,24,3
2017-07-03,0,5814,East,21,3
2017-07-03,0,5815,West,18,3
2017-07-03,0,5816,North,45,3
2017-07-03,0,5817,South,24,3
2017-07-03,0,5818,East,21,3
2017-07-03,0,5819,West,18,3
2017-07-03,0,5820,North,45,3
2017-07-03,0,5821,South,24,3
2017-07-03,0,5822,East,21,3
2017-07-03,0,5823,West,18,3
2017-07-03,0,5824,North,45,3
2017-07-03,0,5825,South,24,3
2017-07-03,0,5826,East,21,3
2017-07-03,0,5827,West,18,3
2017-07-03,0,5828,North,45,3
2017-07-03,0,5829,South,24,3
2017-07-03,0,5830,East,21,3
2017-07-03,0,5831,West,18,3
2017-07-03,0,5832,North,45,3
2017-07-03,0,5833,South,24,3
2017-07-03,0,5834,East,21,3
2017-07-03,0,5835,West,18,3
2017-07-03,0,5836,North,45,3
2017-07-03,0,5837,South,24,3
2017-07-03,0,5838,East,21,3
2017-07-03,0,5839,West,18,3
2017-07-03,0,5840,North,45,3
2017-07-03,0,5841,South,24,3
2017-07-03,0,5842,East,21,3
2017-07-03,0,5843,West,18,3
2017-07-03,0,5844,North,45,3
2017-07-03,0,5845,South,24,3
2017-07-03,0,5846,East,21,3
2017-07-03,0,5847,West,18,3
2017-07-03,0,5848,North,45,3
2017-07-03,0,5849,South,24,3
2017-07-03,0,5850,East,21,3
2017-07-03,0,5851,West,18,3
2017-07-03,0,5852,North,45,3
2017-07-03,0,5853,South,24,3
2017-07-03,0,5854,East,21,3
2017-07-03,0,5855,West,18,3
2017-07-03,0,5856,North,45,3
2017-07-03,0,5857,South,24,3
2017-07-03,0,5858,East,21,3
2017-07-03,0,5859,West,18,3
2017-07-03,0,5860,North,45,3
2017-07-03,0,5861,South,24,3
2017-07-03,0,5862,East,21,3
2017-07-03,0,5863,West,18,3
2017-07-03,0,5864,North,45,3
2017-07-03,0,5865,South,24,3
2017-07-03,0,5866,East,21,3
2017-07-03,0,5867,West,18,3
2017-07-03,0,5868,North,45,3
2017-07-03,0,5869,South,24,3
2017-07-03,0,5870,East,21,3
2017-07-03,0,5871,West,18,3
2017-07-03,0,5872,North,45,3
2017-07-03,0,5873,South,24,3
2017-07-03,0,5874,East,21,3
2017-07-03,0,5875,West,18,3
2017-07-03,0,5876,North,45,3
2017-07-03,0,5877,South,24,3
2017-07-03,0,5878,East,21,3
2017-07-03,0,5879,West,18,3
2017-07-03,1,5880,North,47,3
2017-07-03,1,5881,South,24,3
2017-07-03,1,5882,East,20,3
2017-07-03,1,5883,West,17,3
2017-07-03,1,5884,North,47,3
2017-07-03,1,5885,South,24,3
2017-07-03,1,5886,East,20,3
2017-07-03,1,5887,West,17,3
2017-07-03,1,5888,North,47,3
2017-07-03,1,5889,South,24,3
2017-07-03,1,5890,East,20,3
2017-07-03,1,5891,West,17,3
2017-07-03,1,5892,North,47,3
2017-07-03,1,5893,South,24,3
2017-07-03,1,5894,East,20,3
2017-07-03,1,5895,West,17,3
2017-07-03,1,5896,North,47,3
2017-07-03,1,5897,South,24,3
2017-07-03,1,5898,East,20,3
2017-07-03,1,5899,West,17,3
2017-07-03,1,5900,North,47,3
2017-07-03,1,5901,South,24,3
2017-07-03,1,5902,East,20,3
2017-07-03,1,5903,West,17,3
2017-07-03,1,5904,North,47,3
2017-07-03,1,5905,South,24,3
2017-07-03,1,5906,East,20,3
2017-07-03,1,5907,West,17,3
2017-07-03,1,5908,North,47,3
2017-07-03,1,5909,South,24,3
2017-07-03,1,5910,East,20,3
2017-07-03,1,5911,West,17,3
2017-07-03,1,5912,North,47,3
2017-07-03,1,5913,South,24,3
2017-07-03,1,5914,East,20,3
2017-07-03,1,5915,West,17,3
2017-07-03,1,5916,North,47,3
2017-07-03,1,5917,South,24,3
2017-07-03,1,5918,East,20,3
2017-07-03,1,5919,West,17,3
2017-07-03,1,5920,North,47,3
2017-07-03,1,5921,South,24,3
2017-07-03,1,5922,East,20,3
2017-07-03,1,5923,West,17,3
2017-07-03,1,5924,North,47,3
2017-07-03,1,5925,South,24,3
2017-07-03,1,5926,East,20,3
2017-07-03,1,5927,West,17,3
2017-07-03,1,5928,North,47,3
2017-07-03,1,5929,South,24,3
2017-07-03,1,5930,East,20,3
2017-07-03,1,5931,West,17,3
2017-07-03,1,5932,North,47,3
2017-07-03,1,5933,South,24,3
2017-07-03,1,5934,East,20,3
2017-07-03,1,5935,West,17,3
2017-07-03,1,5936,North,47,3
2017-07-03,1,5937,South,24,3
2017-07-03,1,5938,East,20,3
2017-07-03,1,5939,West,17,3
2017-07-03,1,5940,North,47,3
2017-07-03,1,5941,South,24,3
2017-07-03,1,5942,East,20,3
2017-07-03,1,5943,West,17,3
2017-07-03,1,5944,North,47,3
2017-07-03,1,5945,South,24,3
2017-07-03,1,5946,East,20,3
2017-07-03,1,5947,West,17,3
2017-07-03,1,5948,North,47,3
2017-07-03,1,5949,South,24,3
2017-07-03,1,5950,East,20,3
2017-07-03,1,5951,West,17,3
2017-07-03,1,5952,North,47,3
2017-07-03,1,5953,South,24,3
2017-07-03,1,5954,East,20,3
2017-07-03,1,5955,West,17,3
2017-07-03,1,5956,North,47,3
2017-07-03,1,5957,South,24,3
2017-07-03,1,5958,East,20,3
2017-07-03,1,5959,West,17,3
2017-07-03,1,5960,North,47,3
2017-07-03,1,5961,South,24,3
2017-07-03,1,5962,East,20,3
2017-07-03,1,5963,West,17,3
2017-07-03,1,5964,North,47,3
2017-07-03,1,5965,South,24,3
2017-07-03,1,5966,East,20,3
2017-07-03,1,5967,West,17,3
2017-07-03,1,5968,North,47,3
2017-07-03,1,5969,South,24,3
2017-07-03,1,5970,East,20,3
2017-07-03,1,5971,West,17,3
2017-07-03,1,5972,North,47,3
2017-07-03,1,5973,South,24,3
2017-07-03,1,5974,East,20,3
2017-07-03,1,5975,West,17,3
2017-07-03,1,5976,North,47,3
2017-07-03,1,5977,South,24,3
2017-07-03,1,5978,East,20,3
2017-07-03,1,5979,West,17,3
2017-07-03,1,5980,North,47,3
2017-07-03,1,5981,South,24,3
2017-07-03,1,5982,East,20,3
2017-07-03,1,5983,West,17,3
2017-07-03,1,5984,North,47,3
2017-07-03,1,5985,South,24,3
2017-07-03,1,5986,East,20,3
2017-07-03,1,5987,West,17,3
2017-07-03,1,5988,North,47,3
2017-07-03,1,5989,South,24,3
2017-07-03,1,5990,East,20,3
2017-07-03,1,5991,West,17,3
2017-07-03,1,5992,North,47,3
2017-07-03,1,5993,South,24,3
2017-07-03,1,5994,East,20,3
2017-07-03,1,5995,West,17,3
2017-07-03,1,5996,North,47,3
2017-07-03,1,5997,South,24,3
2017-07-03,1,5998,East,20,3
2017-07-03,1,5999,West,17,3
2017-07-03,2,6000,North,49,3
2017-07-03,2,6001,South,24,3
2017-07-03,2,6002,East,18,3
2017-07-03,2,6003,West,17,3
2017-07-03,2,6004,North,49,3
2017-07-03,2,6005,South,24,3
2017-07-03,2,6006,East,18,3
2017-07-03,2,6007,West,17,3
2017-07-03,2,6008,North,49,3
2017-07-03,2,6009,South,24,3
2017-07-03,2,6010,East,18,3
2017-07-03,2,6011,West,17,3
2017-07-03,2,6012,North,49,3
2017-07-03,2,6013,South,24,3
2017-07-03,2,6014,East,18,3
2017-07-03,2,6015,West,17,3
2017-07-03,2,6016,North,49,3
2017-07-03,2,6017,South,24,3
2017-07-03,2,6018,East,18,3
2017-07-03,2,6019,West,17,3
2017-07-03,2,6020,North,49,3
2017-07-03,2,6021,South,24,3
2017-07-03,2,6022,East,18,3
2017-07-03,2,6023,West,17,3
2017-07-03,2,6024,North,49,3
2017-07-03,2,6025,South,24,3
2017-07-03,2,6026,East,18,3
2017-07-03,2,6027,West,17,3
2017-07-03,2,6028,North,49,3
2017-07-03,2,6029,South,24,3
2017-07-03,2,6030,East,18,3
2017-07-03,2,6031,West,17,3
2017-07-03,2,6032,North,49,3
2017-07-03,2,6033,South,24,3
2017-07-03,2,6034,East,18,3
2017-07-03,2,6035,West,17,3
2017-07-03,2,6036,North,49,3
2017-07-03,2,6037,South,24,3
2017-07-03,2,6038,East,18,3
2017-07-03,2,6039,West,17,3
2017-07-03,2,6040,North,49,3
2017-07-03,2,6041,South,24,3
2017-07-03,2,6042,East,18,3
2017-07-03,2,6043,West,17,3
2017-07-03,2,6044,North,49,3
2017-07-03,2,6045,South,24,3
2017-07-03,2,6046,East,18,3
2017-07-03,2,6047,West,17,3
2017-07-03,2,6048,North,49,3
2017-07-03,2,6049,South,24,3
2017-07-03,2,6050,East,18,3
2017-07-03,2,6051,West,17,3
2017-07-03,2,6052,North,49,3
2017-07-03,2,6053,South,24,3
2017-07-03,2,6054,East,18,3
2017-07-03,2,6055,West,17,3
2017-07-03,2,6056,North,49,3
2017-07-03,2,6057,South,24,3
2017-07-03,2,6058,East,18,3
2017-07-03,2,6059,West,17,3
2017-07-03,2,6060,North,49,3
2017-07-03,2,6061,South,24,3
2017-07-03,2,6062,East,18,3
2017-07-03,2,6063,West,17,3
2017-07-03,2,6064,North,49,3
2017-07-03,2,6065,South,24,3
2017-07-03,2,6066,East,18,3
2017-07-03,2,6067,West,17,3
2017-07-03,2,6068,North,49,3
2017-07-03,2,6069,South,24,3
2017-07-03,2,6070,East,18,3
2017-07-03,2,6071,West,17,3
2017-07-03,2,6072,North,49,3
2017-07-03,2,6073,South,24,3
2017-07-03,2,6074,East,18,3
2017-07-03,2,6075,West,17,3
2017-07-03,2,6076,North,49,3
2017-07-03,2,6077,South,24,3
2017-07-03,2,6078,East,18,3
2017-07-03,2,6079,West,17,3
2017-07-03,2,6080,North,49,3
2017-07-03,2,6081,South,24,3
2017-07-03,2,6082,East,18,3
2017-07-03,2,6083,West,17,3
2017-07-03,2,6084,North,49,3
2017-07-03,2,6085,South,24,3
2017-07-03,2,6086,East,18,3
2017-07-03,2,6087,West,17,3
2017-07-03,2,6088,North,49,3
2017-07-03,2,6089,South,24,3
2017-07-03,2,6090,East,18,3
2017-07-03,2,6091,West,17,3
2017-07-03,2,6092,North,49,3
2017-07-03,2,6093,South,24,3
2017-07-03,2,6094,East,18,3
2017-07-03,2,6095,West,17,3
2017-07-03,2,6096,North,49,3
2017-07-03,2,6097,South,24,3
2017-07-03,2,6098,East,18,3
2017-07-03,2,6099,West,17,3
2017-07-03,2,6100,North,49,3
2017-07-03,2,6101,South,24,3
2017-07-03,2,6102,East,18,3
2017-07-03,2,6103,West,17,3
2017-07-03,2,6104,North,49,3
2017-07-03,2,6105,South,24,3
2017-07-03,2,6106,East,18,3
2017-07-03,2,6107,West,17,3
2017-07-03,2,6108,North,49,3
2017-07-03,2,6109,South,24,3
2017-07-03,2,6110,East,18,3
2017-07-03,2,6111,West,17,3
2017-07-03,2,6112,North,49,3
2017-07-03,2,6113,South,24,3
2017-07-03,2,6114,East,18,3
2017-07-03,2,6115,West,17,3
2017-07-03,2,6116,North,49,3
2017-07-03,2,6117,South,24,3
2017-07-03,2,6118,East,18,3
2017-07-03,2,6119,West,17,3
2017-07-03,3,6120,North,49,3
2017-07-03,3,6121,South,24,3
2017-07-03,3,6122,East,18,3
2017-07-03,3,6123,West,17,3
2017-07-03,3,6124,North,49,3
2017-07-03,3,6125,South,24,3
2017-07-03,3,6126,East,18,3
2017-07-03,3,6127,West,17,3
2017-07-03,3,6128,North,49,3
2017-07-03,3,6129,South,24,3
2017-07-03,3,6130,East,18,3
2017-07-03,3,6131,West,17,3
2017-07-03,3,6132,North,49,3
2017-07-03,3,6133,South,24,3
2017-07-03,3,6134,East,18,3
2017-07-03,3,6135,West,17,3
2017-07-03,3,6136,North,49,3
2017-07-03,3,6137,South,24,3
2017-07-03,3,6138,East,18,3
2017-07-03,3,6139,West,17,3
2017-07-03,3,6140,North,49,3
2017-07-03,3,6141,South,24,3
2017-07-03,3,6142,East,18,3
2017-07-03,3,6143,West,17,3
2017-07-03,3,6144,North,49,3
2017-07-03,3,6145,South,24,3
2017-07-03,3,6146,East,18,3
2017-07-03,3,6147,West,17,3
2017-07-03,3,6148,North,49,3
2017-07-03,3,6149,South,24,3
2017-07-03,3,6150,East,18,3
2017-07-03,3,6151,West,17,3
2017-07-03,3,6152,North,49,3
2017-07-03,3,6153,South,24,3
2017-07-03,3,6154,East,18,3
2017-07-03,3,6155,West,17,3
2017-07-03,3,6156,North,49,3
2017-07-03,3,6157,South,24,3
2017-07-03,3,6158,East,18,3
2017-07-03,3,6159,West,17,3
2017-07-03,3,6160,North,49,3
2017-07-03,3,6161,South,24,3
2017-07-03,3,6162,East,18,3
2017-07-03,3,6163,West,17,3
2017-07-03,3,6164,North,49,3
2017-07-03,3,6165,South,24,3
2017-07-03,3,6166,East,18,3
2017-07-03,3,6167,West,17,3
2017-07-03,3,6168,North,49,3
2017-07-03,3,6169,South,24,3
2017-07-03,3,6170,East,18,3
2017-07-03,3,6171,West,17,3
2017-07-03,3,6172,North,49,3
2017-07-03,3,6173,South,24,3
2017-07-03,3,6174,East,18,3
2017-07-03,3,6175,West,17,3
2017-07-03,3,6176,North,49,3
2017-07-03,3,6177,South,24,3
2017-07-03,3,6178,East,18,3
2017-07-03,3,6179,West,17,3
2017-07-03,3,6180,North,49,3
2017-07-03,3,6181,South,24,3
2017-07-03,3,6182,East,18,3
2017-07-03,3,6183,West,17,3
2017-07-03,3,6184,North,49,3
2017-07-03,3,6185,South,24,3
2017-07-03,3,6186,East,18,3
2017-07-03,3,6187,West,17,3
2017-07-03,3,6188,North,49,3
2017-07-03,3,6189,South,24,3
2017-07-03,3,6190,East,18,3
2017-07-03,3,6191,West,17,3
2017-07-03,3,6192,North,49,3
2017-07-03,3,6193,South,24,3
2017-07-03,3,6194,East,18,3
2017-07-03,3,6195,West,17,3
2017-07-03,3,6196,North,49,3
2017-07-03,3,6197,South,24,3
2017-07-03,3,6198,East,18,3
2017-07-03,3,6199,West,17,3
2017-07-03,3,6200,North,49,3
2017-07-03,3,6201,South,24,3
2017-07-03,3,6202,East,18,3
2017-07-03,3,6203,West,17,3
2017-07-03,3,6204,North,49,3
2017-07-03,3,6205,South,24,3
2017-07-03,3,6206,East,18,3
2017-07-03,3,6207,West,17,3
2017-07-03,3,6208,North,49,3
2017-07-03,3,6209,South,24,3
2017-07-03,3,6210,East,18,3
2017-07-03,3,6211,West,17,3
2017-07-03,3,6212,North,49,3
2017-07-03,3,6213,South,24,3
2017-07-03,3,6214,East,18,3
2017-07-03,3,6215,West,17,3
2017-07-03,3,6216,North,49,3
2017-07-03,3,6217,South,24,3
2017-07-03,3,6218,East,18,3
2017-07-03,3,6219,West,17,3
2017-07-03,3,6220,North,49,3
2017-07-03,3,6221,South,24,3
2017-07-03,3,6222,East,18,3
2017-07-03,3,6223,West,17,3
2017-07-03,3,6224,North,49,3
2017-07-03,3,6225,South,24,3
2017-07-03,3,6226,East,18,3
2017-07-03,3,6227,West,17,3
2017-07-03,3,6228,North,49,3
2017-07-03,3,6229,South,24,3
2017-07-03,3,6230,East,18,3
2017-07-03,3,6231,West,17,3
2017-07-03,3,6232,North,49,3
2017-07-03,3,6233,South,24,3
2017-07-03,3,6234,East,18,3
2017-07-03,3,6235,West,17,3
2017-07-03,3,6236,North,49,3
2017-07-03,3,6237,South,24,3
2017-07-03,3,6238,East,18,3
2017-07-03,3,6239,West,17,3
2017-07-03,4,6240,North,46,3
2017-07-03,4,6241,South,25,3
2017-07-03,4,6242,East,20,3
2017-07-03,4,6243,West,17,3
2017-07-03,4,6244,North,46,3
2017-07-03,4,6245,South,25,3
2017-07-03,4,6246,East,20,3
2017-07-03,4,6247,West,17,3
2017-07-03,4,6248,North,46,3
2017-07-03,4,6249,South,25,3
2017-07-03,4,6250,East,20,3
2017-07-03,4,6251,West,17,3
2017-07-03,4,6252,North,46,3
2017-07-03,4,6253,South,25,3
2017-07-03,4,6254,East,20,3
2017-07-03,4,6255,West,17,3
2017-07-03,4,6256,North,46,3
2017-07-03,4,6257,South,25,3
2017-07-03,4,6258,East,20,3
2017-07-03,4,6259,West,17,3
2017-07-03,4,6260,North,46,3
2017-07-03,4,6261,South,25,3
2017-07-03,4,6262,East,20,3
2017-07-03,4,6263,West,17,3
2017-07-03,4,6264,North,46,3
2017-07-03,4,6265,South,25,3
2017-07-03,4,6266,East,20,3
2017-07-03,4,6267,West,17,3
2017-07-03,4,6268,North,46,3
2017-07-03,4,6269,South,25,3
2017-07-03,4,6270,East,20,3
2017-07-03,4,6271,West,17,3
2017-07-03,4,6272,North,46,3
2017-07-03,4,6273,South,25,3
2017-07-03,4,6274,East,20,3
2017-07-03,4,6275,West,17,3
2017-07-03,4,6276,North,46,3
2017-07-03,4,6277,South,25,3
2017-07-03,4,6278,East,20,3
2017-07-03,4,6279,West,17,3
2017-07-03,4,6280,North,46,3
2017-07-03,4,6281,South,25,3
2017-07-03,4,6282,East,20,3
2017-07-03,4,6283,West,17,3
2017-07-03,4,6284,North,46,3
2017-07-03,4,6285,South,25,3
2017-07-03,4,6286,East,20,3
2017-07-03,4,6287,West,17,3
2017-07-03,4,6288,North,46,3
2017-07-03,4,6289,South,25,3
2017-07-03,4,6290,East,20,3
2017-07-03,4,6291,West,17,3
2017-07-03,4,6292,North,46,3
2017-07-03,4,6293,South,25,3
2017-07-03,4,6294,East,20,3
2017-07-03,4,6295,West,17,3
2017-07-03,4,6296,North,46,3
2017-07-03,4,6297,South,25,3
2017-07-03,4,6298,East,20,3
2017-07-03,4,6299,West,17,3
2017-07-03,4,6300,North,46,3
2017-07-03,4,6301,South,25,3
2017-07-03,4,6302,East,20,3
2017-07-03,4,6303,West,17,3
2017-07-03,4,6304,North,46,3
2017-07-03,4,6305,South,25,3
2017-07-03,4,6306,East,20,3
2017-07-03,4,6307,West,17,3
2017-07-03,4,6308,North,46,3
2017-07-03,4,6309,South,25,3
2017-07-03,4,6310,East,20,3
2017-07-03,4,6311,West,17,3
2017-07-03,4,6312,North,46,3
2017-07-03,4,6313,South,25,3
2017-07-03,4,6314,East,20,3
2017-07-03,4,6315,West,17,3
2017-07-03,4,6316,North,46,3
2017-07-03,4,6317,South,25,3
2017-07-03,4,6318,East,20,3
2017-07-03,4,6319,West,17,3
2017-07-03,4,6320,North,46,3
2017-07-03,4,6321,South,25,3
2017-07-03,4,6322,East,20,3
2017-07-03,4,6323,West,17,3
2017-07-03,4,6324,North,46,3
2017-07-03,4,6325,South,25,3
2017-07-03,4,6326,East,20,3
2017-07-03,4,6327,West,17,3
2017-07-03,4,6328,North,46,3
2017-07-03,4,6329,South,25,3
2017-07-03,4,6330,East,20,3
2017-07-03,4,6331,West,17,3
2017-07-03,4,6332,North,46,3
2017-07-03,4,6333,South,25,3
2017-07-03,4,6334,East,20,3
2017-07-03,4,6335,West,17,3
2017-07-03,4,6336,North,46,3
2017-07-03,4,6337,South,25,3
2017-07-03,4,6338,East,20,3
2017-07-03,4,6339,West,17,3
2017-07-03,4,6340,North,46,3
2017-07-03,4,6341,South,25,3
2017-07-03,4,6342,East,20,3
2017-07-03,4,6343,West,17,3
2017-07-03,4,6344,North,46,3
2017-07-03,4,6345,South,25,3
2017-07-03,4,6346,East,20,3
2017-07-03,4,6347,West,17,3
2017-07-03,4,6348,North,46,3
2017-07-03,4,6349,South,25,3
2017-07-03,4,6350,East,20,3
2017-07-03,4,6351,West,17,3
2017-07-03,4,6352,North,46,3
2017-07-03,4,6353,South,25,3
2017-07-03,4,6354,East,20,3
2017-07-03,4,6355,West,17,3
2017-07-03,4,6356,North,46,3
2017-07-03,4,6357,South,25,3
2017-07-03,4,6358,East,20,3
2017-07-03,4,6359,West,17,3
2017-07-03,5,6360,North,45,3
2017-07-03,5,6361,South,25,3
2017-07-03,5,6362,East,20,3
2017-07-03,5,6363,West,18,3
2017-07-03,5,6364,North,45,3
2017-07-03,5,6365,South,25,3
2017-07-03,5,6366,East,20,3
2017-07-03,5,6367,West,18,3
2017-07-03,5,6368,North,45,3
2017-07-03,5,6369,South,25,3
2017-07-03,5,6370,East,20,3
2017-07-03,5,6371,West,18,3
2017-07-03,5,6372,North,45,3
2017-07-03,5,6373,South,25,3
2017-07-03,5,6374,East,20,3
2017-07-03,5,6375,West,18,3
2017-07-03,5,6376,North,45,3
2017-07-03,5,6377,South,25,3
2017-07-03,5,6378,East,20,3
2017-07-03,5,6379,West,18,3
2017-07-03,5,6380,North,45,3
2017-07-03,5,6381,South,25,3
2017-07-03,5,6382,East,20,3
2017-07-03,5,6383,West,18,3
2017-07-03,5,6384,North,45,3
2017-07-03,5,6385,South,25,3
2017-07-03,5,6386,East,20,3
2017-07-03,5,6387,West,18,3
2017-07-03,5,6388,North,45,3
2017-07-03,5,6389,South,25,3
2017-07-03,5,6390,East,20,3
2017-07-03,5,6391,West,18,3
2017-07-03,5,6392,North,45,3
2017-07-03,5,6393,South,25,3
2017-07-03,5,6394,East,20,3
2017-07-03,5,6395,West,18,3
2017-07-03,5,6396,North,45,3
2017-07-03,5,6397,South,25,3
2017-07-03,5,6398,East,20,3
2017-07-03,5,6399,West,18,3
2017-07-03,5,6400,North,45,3
2017-07-03,5,6401,South,25,3
2017-07-03,5,6402,East,20,3
2017-07-03,5,6403,West,18,3
2017-07-03,5,6404,North,45,3
2017-07-03,5,6405,South,25,3
2017-07-03,5,6406,East,20,3
2017-07-03,5,6407,West,18,3
2017-07-03,5,6408,North,45,3
2017-07-03,5,6409,South,25,3
2017-07-03,5,6410,East,20,3
2017-07-03,5,6411,West,18,3
2017-07-03,5,6412,North,45,3
2017-07-03,5,6413,South,25,3
2017-07-03,5,6414,East,20,3
2017-07-03,5,6415,West,18,3
2017-07-03,5,6416,North,45,3
2017-07-03,5,6417,South,25,3
2017-07-03,5,6418,East,20,3
2017-07-03,5,6419,West,18,3
2017-07-03,5,6420,North,45,3
2017-07-03,5,6421,South,25,3
2017-07-03,5,6422,East,20,3
2017-07-03,5,6423,West,18,3
2017-07-03,5,6424,North,45,3
2017-07-03,5,6425,South,25,3
2017-07-03,5,6426,East,20,3
2017-07-03,5,6427,West,18,3
2017-07-03,5,6428,North,45,3
2017-07-03,5,6429,South,25,3
2017-07-03,5,6430,East,20,3
2017-07-03,5,6431,West,18,3
2017-07-03,5,6432,North,45,3
2017-07-03,5,6433,South,25,3
2017-07-03,5,6434,East,20,3
2017-07-03,5,6435,West,18,3
2017-07-03,5,6436,North,45,3
2017-07-03,5,6437,South,25,3
2017-07-03,5,6438,East,20,3
2017-07-03,5,6439,West,18,3
2017-07-03,5,6440,North,45,3
2017-07-03,5,6441,South,25,3
2017-07-03,5,6442,East,20,3
2017-07-03,5,6443,West,18,3
2017-07-03,5,6444,North,45,3
2017-07-03,5,6445,South,25,3
2017-07-03,5,6446,East,20,3
2017-07-03,5,6447,West,18,3
2017-07-03,5,6448,North,45,3
2017-07-03,5,6449,South,25,3
2017-07-03,5,6450,East,20,3
2017-07-03,5,6451,West,18,3
2017-07-03,5,6452,North,45,3
2017-07-03,5,6453,South,25,3
2017-07-03,5,6454,East,20,3
2017-07-03,5,6455,West,18,3
2017-07-03,5,6456,North,45,3
2017-07-03,5,6457,South,25,3
2017-07-03,5,6458,East,20,3
2017-07-03,5,6459,West,18,3
2017-07-03,5,6460,North,45,3
2017-07-03,5,6461,South,25,3
2017-07-03,5,6462,East,20,3
2017-07-03,5,6463,West,18,3
2017-07-03,5,6464,North,45,3
2017-07-03,5,6465,South,25,3
2017-07-03,5,6466,East,20,3
2017-07-03,5,6467,West,18,3
2017-07-03,5,6468,North,45,3
2017-07-03,5,6469,South,25,3
2017-07-03,5,6470,East,20,3
2017-07-03,5,6471,West,18,3
2017-07-03,5,6472,North,45,3
2017-07-03,5,6473,South,25,3
2017-07-03,5,6474,East,20,3
2017-07-03,5,6475,West,18,3
2017-07-03,5,6476,North,45,3
2017-07-03,5,6477,South,25,3
2017-07-03,5,6478,East,20,3
2017-07-03,5,6479,West,18,3
2017-07-03,6,6480,North,49,3
2017-07-03,6,6481,South,24,3
2017-07-03,6,6482,East,19,3
2017-07-03,6,6483,West,16,3
2017-07-03,6,6484,North,49,3
2017-07-03,6,6485,South,24,3
2017-07-03,6,6486,East,19,3
2017-07-03,6,6487,West,16,3
2017-07-03,6,6488,North,49,3
2017-07-03,6,6489,South,24,3
2017-07-03,6,6490,East,19,3
2017-07-03,6,6491,West,16,3
2017-07-03,6,6492,North,49,3
2017-07-03,6,6493,South,24,3
2017-07-03,6,6494,East,19,3
2017-07-03,6,6495,West,16,3
2017-07-03,6,6496,North,49,3
2017-07-03,6,6497,South,24,3
2017-07-03,6,6498,East,19,3
2017-07-03,6,6499,West,16,3
2017-07-03,6,6500,North,49,3
2017-07-03,6,6501,South,24,3
2017-07-03,6,6502,East,19,3
2017-07-03,6,6503,West,16,3
2017-07-03,6,6504,North,49,3
2017-07-03,6,6505,South,24,3
2017-07-03,6,6506,East,19,3
2017-07-03,6,6507,West,16,3
2017-07-03,6,6508,North,49,3
2017-07-03,6,6509,South,24,3
2017-07-03,6,6510,East,19,3
2017-07-03,6,6511,West,16,3
2017-07-03,6,6512,North,49,3
2017-07-03,6,6513,South,24,3
2017-07-03,6,6514,East,19,3
2017-07-03,6,6515,West,16,3
2017-07-03,6,6516,North,49,3
2017-07-03,6,6517,South,24,3
2017-07-03,6,6518,East,19,3
2017-07-03,6,6519,West,16,3
2017-07-03,6,6520,North,49,3
2017-07-03,6,6521,South,24,3
2017-07-03,6,6522,East,19,3
2017-07-03,6,6523,West,16,3
2017-07-03,6,6524,North,49,3
2017-07-03,6,6525,South,24,3
2017-07-03,6,6526,East,19,3
2017-07-03,6,6527,West,16,3
2017-07-03,6,6528,North,49,3
2017-07-03,6,6529,South,24,3
2017-07-03,6,6530,East,19,3
2017-07-03,6,6531,West,16,3
2017-07-03,6,6532,North,49,3
2017-07-03,6,6533,South,24,3
2017-07-03,6,6534,East,19,3
2017-07-03,6,6535,West,16,3
2017-07-03,6,6536,North,49,3
2017-07-03,6,6537,South,24,3
2017-07-03,6,6538,East,19,3
2017-07-03,6,6539,West,16,3
2017-07-03,6,6540,North,49,3
2017-07-03,6,6541,South,24,3
2017-07-03,6,6542,East,19,3
2017-07-03,6,6543,West,16,3
2017-07-03,6,6544,North,49,3
2017-07-03,6,6545,South,24,3
2017-07-03,6,6546,East,19,3
2017-07-03,6,6547,West,16,3
2017-07-03,6,6548,North,49,3
2017-07-03,6,6549,South,24,3
2017-07-03,6,6550,East,19,3
2017-07-03,6,6551,West,16,3
2017-07-03,6,6552,North,49,3
2017-07-03,6,6553,South,24,3
2017-07-03,6,6554,East,19,3
2017-07-03,6,6555,West,16,3
2017-07-03,6,6556,North,49,3
2017-07-03,6,6557,South,24,3
2017-07-03,6,6558,East,19,3
2017-07-03,6,6559,West,16,3
2017-07-03,6,6560,North,49,3
2017-07-03,6,6561,South,24,3
2017-07-03,6,6562,East,19,3
2017-07-03,6,6563,West,16,3
2017-07-03,6,6564,North,49,3
2017-07-03,6,6565,South,24,3
2017-07-03,6,6566,East,19,3
2017-07-03,6,6567,West,16,3
2017-07-03,6,6568,North,49,3
2017-07-03,6,6569,South,24,3
2017-07-03,6,6570,East,19,3
2017-07-03,6,6571,West,16,3
2017-07-03,6,6572,North,49,3
2017-07-03,6,6573,South,24,3
2017-07-03,6,6574,East,19,3
2017-07-03,6,6575,West,16,3
2017-07-03,6,6576,North,49,3
2017-07-03,6,6577,South,24,3
2017-07-03,6,6578,East,19,3
2017-07-03,6,6579,West,16,3
2017-07-03,6,6580,North,49,3
2017-07-03,6,6581,South,24,3
2017-07-03,6,6582,East,19,3
2017-07-03,6,6583,West,16,3
2017-07-03,6,6584,North,49,3
2017-07-03,6,6585,South,24,3
2017-07-03,6,6586,East,19,3
2017-07-03,6,6587,West,16,3
2017-07-03,6,6588,North,49,3
2017-07-03,6,6589,South,24,3
2017-07-03,6,6590,East,19,3
2017-07-03,6,6591,West,16,3
2017-07-03,6,6592,North,49,3
2017-07-03,6,6593,South,24,3
2017-07-03,6,6594,East,19,3
2017-07-03,6,6595,West,16,3
2017-07-03,6,6596,North,49,3
2017-07-03,6,6597,South,24,3
2017-07-03,6,6598,East,19,3
2017-07-03,6,6599,West,16,3
2017-07-03,7,6600,North,49,3
2017-07-03,7,6601,South,23,3
2017-07-03,7,6602,East,19,3
2017-07-03,7,6603,West,17,3
2017-07-03,7,6604,North,49,3
2017-07-03,7,6605,South,23,3
2017-07-03,7,6606,East,19,3
2017-07-03,7,6607,West,17,3
2017-07-03,7,6608,North,49,3
2017-07-03,7,6609,South,23,3
2017-07-03,7,6610,East,19,3
2017-07-03,7,6611,West,17,3
2017-07-03,7,6612,North,49,3
2017-07-03,7,6613,South,23,3
2017-07-03,7,6614,East,19,3
2017-07-03,7,6615,West,17,3
2017-07-03,7,6616,North,49,3
2017-07-03,7,6617,South,23,3
2017-07-03,7,6618,East,19,3
2017-07-03,7,6619,West,17,3
2017-07-03,7,6620,North,49,3
2017-07-03,7,6621,South,23,3
2017-07-03,7,6622,East,19,3
2017-07-03,7,6623,West,17,3
2017-07-03,7,6624,North,49,3
2017-07-03,7,6625,South,23,3
2017-07-03,7,6626,East,19,3
2017-07-03,7,6627,West,17,3
2017-07-03,7,6628,North,49,3
2017-07-03,7,6629,South,23,3
2017-07-03,7,6630,East,19,3
2017-07-03,7,6631,West,17,3
2017-07-03,7,6632,North,49,3
2017-07-03,7,6633,South,23,3
2017-07-03,7,6634,East,19,3
2017-07-03,7,6635,West,17,3
2017-07-03,7,6636,North,49,3
2017-07-03,7,6637,South,23,3
2017-07-03,7,6638,East,19,3
2017-07-03,7,6639,West,17,3
2017-07-03,7,6640,North,49,3
2017-07-03,7,6641,South,23,3
2017-07-03,7,6642,East,19,3
2017-07-03,7,6643,West,17,3
2017-07-03,7,6644,North,49,3
2017-07-03,7,6645,South,23,3
2017-07-03,7,6646,East,19,3
2017-07-03,7,6647,West,17,3
2017-07-03,7,6648,North,49,3
2017-07-03,7,6649,South,23,3
2017-07-03,7,6650,East,19,3
2017-07-03,7,6651,West,17,3
2017-07-03,7,6652,North,49,3
2017-07-03,7,6653,South,23,3
2017-07-03,7,6654,East,19,3
2017-07-03,7,6655,West,17,3
2017-07-03,7,6656,North,49,3
2017-07-03,7,6657,South,23,3
2017-07-03,7,6658,East,19,3
2017-07-03,7,6659,West,17,3
2017-07-03,7,6660,North,49,3
2017-07-03,7,6661,South,23,3
2017-07-03,7,6662,East,19,3
2017-07-03,7,6663,West,17,3
2017-07-03,7,6664,North,49,3
2017-07-03,7,6665,South,23,3
2017-07-03,7,6666,East,19,3
2017-07-03,7,6667,West,17,3
2017-07-03,7,6668,North,49,3
2017-07-03,7,6669,South,23,3
2017-07-03,7,6670,East,19,3
2017-07-03,7,6671,West,17,3
2017-07-03,7,6672,North,49,3
2017-07-03,7,6673,South,23,3
2017-07-03,7,6674,East,19,3
2017-07-03,7,6675,West,17,3
2017-07-03,7,6676,North,49,3
2017-07-03,7,6677,South,23,3
2017-07-03,7,6678,East,19,3
2017-07-03,7,6679,West,17,3
2017-07-03,7,6680,North,49,3
2017-07-03,7,6681,South,23,3
2017-07-03,7,6682,East,19,3
2017-07-03,7,6683,West,17,3
2017-07-03,7,6684,North,49,3
2017-07-03,7,6685,South,23,3
2017-07-03,7,6686,East,19,3
2017-07-03,7,6687,West,17,3
2017-07-03,7,6688,North,49,3
2017-07-03,7,6689,South,23,3
2017-07-03,7,6690,East,19,3
2017-07-03,7,6691,West,17,3
2017-07-03,7,6692,North,49,3
2017-07-03,7,6693,South,23,3
2017-07-03,7,6694,East,19,3
2017-07-03,7,6695,West,17,3
2017-07-03,7,6696,North,49,3
2017-07-03,7,6697,South,23,3
2017-07-03,7,6698,East,19,3
2017-07-03,7,6699,West,17,3
2017-07-03,7,6700,North,49,3
2017-07-03,7,6701,South,23,3
2017-07-03,7,6702,East,19,3
2017-07-03,7,6703,West,17,3
2017-07-03,7,6704,North,49,3
2017-07-03,7,6705,South,23,3
2017-07-03,7,6706,East,19,3
2017-07-03,7,6707,West,17,3
2017-07-03,7,6708,North,49,3
2017-07-03,7,6709,South,23,3
2017-07-03,7,6710,East,19,3
2017-07-03,7,6711,West,17,3
2017-07-03,7,6712,North,49,3
2017-07-03,7,6713,South,23,3
2017-07-03,7,6714,East,19,3
2017-07-03,7,6715,West,17,3
2017-07-03,7,6716,North,49,3
2017-07-03,7,6717,South,23,3
2017-07-03,7,6718,East,19,3
2017-07-03,7,6719,West,17,3
2017-07-03,8,6720,North,51,3
2017-07-03,8,6721,South,23,3
2017-07-03,8,6722,East,18,3
2017-07-03,8,6723,West,16,3
2017-07-03,8,6724,North,51,3
2017-07-03,8,6725,South,23,3
2017-07-03,8,6726,East,18,3
2017-07-03,8,6727,West,16,3
2017-07-03,8,6728,North,51,3
2017-07-03,8,6729,South,23,3
2017-07-03,8,6730,East,18,3
2017-07-03,8,6731,West,16,3
2017-07-03,8,6732,North,51,3
2017-07-03,8,6733,South,23,3
2017-07-03,8,6734,East,18,3
2017-07-03,8,6735,West,16,3
2017-07-03,8,6736,North,51,3
2017-07-03,8,6737,South,23,3
2017-07-03,8,6738,East,18,3
2017-07-03,8,6739,West,16,3
2017-07-03,8,6740,North,51,3
2017-07-03,8,6741,South,23,3
2017-07-03,8,6742,East,18,3
2017-07-03,8,6743,West,16,3
2017-07-03,8,6744,North,51,3
2017-07-03,8,6745,South,23,3
2017-07-03,8,6746,East,18,3
2017-07-03,8,6747,West,16,3
2017-07-03,8,6748,North,51,3
2017-07-03,8,6749,South,23,3
2017-07-03,8,6750,East,18,3
2017-07-03,8,6751,West,16,3
2017-07-03,8,6752,North,51,3
2017-07-03,8,6753,South,23,3
2017-07-03,8,6754,East,18,3
2017-07-03,8,6755,West,16,3
2017-07-03,8,6756,North,51,3
2017-07-03,8,6757,South,23,3
2017-07-03,8,6758,East,18,3
2017-07-03,8,6759,West,16,3
2017-07-03,8,6760,North,51,3
2017-07-03,8,6761,South,23,3
2017-07-03,8,6762,East,18,3
2017-07-03,8,6763,West,16,3
2017-07-03,8,6764,North,51,3
2017-07-03,8,6765,South,23,3
2017-07-03,8,6766,East,18,3
2017-07-03,8,6767,West,16,3
2017-07-03,8,6768,North,51,3
2017-07-03,8,6769,South,23,3
2017-07-03,8,6770,East,18,3
2017-07-03,8,6771,West,16,3
2017-07-03,8,6772,North,51,3
2017-07-03,8,6773,South,23,3
2017-07-03,8,6774,East,18,3
2017-07-03,8,6775,West,16,3
2017-07-03,8,6776,North,51,3
2017-07-03,8,6777,South,23,3
2017-07-03,8,6778,East,18,3
2017-07-03,8,6779,West,16,3
2017-07-03,8,6780,North,51,3
2017-07-03,8,6781,South,23,3
2017-07-03,8,6782,East,18,3
2017-07-03,8,6783,West,16,3
2017-07-03,8,6784,North,51,3
2017-07-03,8,6785,South,23,3
2017-07-03,8,6786,East,18,3
2017-07-03,8,6787,West,16,3
2017-07-03,8,6788,North,51,3
2017-07-03,8,6789,South,23,3
2017-07-03,8,6790,East,18,3
2017-07-03,8,6791,West,16,3
2017-07-03,8,6792,North,51,3
2017-07-03,8,6793,South,23,3
2017-07-03,8,6794,East,18,3
2017-07-03,8,6795,West,16,3
2017-07-03,8,6796,North,51,3
2017-07-03,8,6797,South,23,3
2017-07-03,8,6798,East,18,3
2017-07-03,8,6799,West,16,3
2017-07-03,8,6800,North,51,3
2017-07-03,8,6801,South,23,3
2017-07-03,8,6802,East,18,3
2017-07-03,8,6803,West,16,3
2017-07-03,8,6804,North,51,3
2017-07-03,8,6805,South,23,3
2017-07-03,8,6806,East,18,3
2017-07-03,8,6807,West,16,3
2017-07-03,8,6808,North,51,3
2017-07-03,8,6809,South,23,3
2017-07-03,8,6810,East,18,3
2017-07-03,8,6811,West,16,3
2017-07-03,8,6812,North,51,3
2017-07-03,8,6813,South,23,3
2017-07-03,8,6814,East,18,3
2017-07-03,8,6815,West,16,3
2017-07-03,8,6816,North,51,3
2017-07-03,8,6817,South,23,3
2017-07-03,8,6818,East,18,3
2017-07-03,8,6819,West,16,3
2017-07-03,8,6820,North,51,3
2017-07-03,8,6821,South,23,3
2017-07-03,8,6822,East,18,3
2017-07-03,8,6823,West,16,3
2017-07-03,8,6824,North,51,3
2017-07-03,8,6825,South,23,3
2017-07-03,8,6826,East,18,3
2017-07-03,8,6827,West,16,3
2017-07-03,8,6828,North,51,3
2017-07-03,8,6829,South,23,3
2017-07-03,8,6830,East,18,3
2017-07-03,8,6831,West,16,3
2017-07-03,8,6832,North,51,3
2017-07-03,8,6833,South,23,3
2017-07-03,8,6834,East,18,3
2017-07-03,8,6835,West,16,3
2017-07-03,8,6836,North,51,3
2017-07-03,8,6837,South,23,3
2017-07-03,8,6838,East,18,3
2017-07-03,8,6839,West,16,3
2017-07-03,9,6840,North,51,3
2017-07-03,9,6841,South,21,3
2017-07-03,9,6842,East,19,3
2017-07-03,9,6843,West,17,3
2017-07-03,9,6844,North,51,3
2017-07-03,9,6845,South,21,3
2017-07-03,9,6846,East,19,3
2017-07-03,9,6847,West,17,3
2017-07-03,9,6848,North,51,3
2017-07-03,9,6849,South,21,3
2017-07-03,9,6850,East,19,3
2017-07-03,9,6851,West,17,3
2017-07-03,9,6852,North,51,3
2017-07-03,9,6853,South,21,3
2017-07-03,9,6854,East,19,3
2017-07-03,9,6855,West,17,3
2017-07-03,9,6856,North,51,3
2017-07-03,9,6857,South,21,3
2017-07-03,9,6858,East,19,3
2017-07-03,9,6859,West,17,3
2017-07-03,9,6860,North,51,3
2017-07-03,9,6861,South,21,3
2017-07-03,9,6862,East,19,3
2017-07-03,9,6863,West,17,3
2017-07-03,9,6864,North,51,3
2017-07-03,9,6865,South,21,3
2017-07-03,9,6866,East,19,3
2017-07-03,9,6867,West,17,3
2017-07-03,9,6868,North,51,3
2017-07-03,9,6869,South,21,3
2017-07-03,9,6870,East,19,3
2017-07-03,9,6871,West,17,3
2017-07-03,9,6872,North,51,3
2017-07-03,9,6873,South,21,3
2017-07-03,9,6874,East,19,3
2017-07-03,9,6875,West,17,3
2017-07-03,9,6876,North,51,3
2017-07-03,9,6877,South,21,3
2017-07-03,9,6878,East,19,3
2017-07-03,9,6879,West,17,3
2017-07-03,9,6880,North,51,3
2017-07-03,9,6881,South,21,3
2017-07-03,9,6882,East,19,3
2017-07-03,9,6883,West,17,3
2017-07-03,9,6884,North,51,3
2017-07-03,9,6885,South,21,3
2017-07-03,9,6886,East,19,3
2017-07-03,9,6887,West,17,3
2017-07-03,9,6888,North,51,3
2017-07-03,9,6889,South,21,3
2017-07-03,9,6890,East,19,3
2017-07-03,9,6891,West,17,3
2017-07-03,9,6892,North,51,3
2017-07-03,9,6893,South,21,3
2017-07-03,9,6894,East,19,3
2017-07-03,9,6895,West,17,3
2017-07-03,9,6896,North,51,3
2017-07-03,9,6897,South,21,3
2017-07-03,9,6898,East,19,3
2017-07-03,9,6899,West,17,3
2017-07-03,9,6900,North,51,3
2017-07-03,9,6901,South,21,3
2017-07-03,9,6902,East,19,3
2017-07-03,9,6903,West,17,3
2017-07-03,9,6904,North,51,3
2017-07-03,9,6905,South,21,3
2017-07-03,9,6906,East,19,3
2017-07-03,9,6907,West,17,3
2017-07-03,9,6908,North,51,3
2017-07-03,9,6909,South,21,3
2017-07-03,9,6910,East,19,3
2017-07-03,9,6911,West,17,3
2017-07-03,9,6912,North,51,3
2017-07-03,9,6913,South,21,3
2017-07-03,9,6914,East,19,3
2017-07-03,9,6915,West,17,3
2017-07-03,9,6916,North,51,3
2017-07-03,9,6917,South,21,3
2017-07-03,9,6918,East,19,3
2017-07-03,9,6919,West,17,3
2017-07-03,9,6920,North,51,3
2017-07-03,9,6921,South,21,3
2017-07-03,9,6922,East,19,3
2017-07-03,9,6923,West,17,3
2017-07-03,9,6924,North,51,3
2017-07-03,9,6925,South,21,3
2017-07-03,9,6926,East,19,3
2017-07-03,9,6927,West,17,3
2017-07-03,9,6928,North,51,3
2017-07-03,9,6929,South,21,3
2017-07-03,9,6930,East,19,3
2017-07-03,9,6931,West,17,3
2017-07-03,9,6932,North,51,3
2017-07-03,9,6933,South,21,3
2017-07-03,9,6934,East,19,3
2017-07-03,9,6935,West,17,3
2017-07-03,9,6936,North,51,3
2017-07-03,9,6937,South,21,3
2017-07-03,9,6938,East,19,3
2017-07-03,9,6939,West,17,3
2017-07-03,9,6940,North,51,3
2017-07-03,9,6941,South,21,3
2017-07-03,9,6942,East,19,3
2017-07-03,9,6943,West,17,3
2017-07-03,9,6944,North,51,3
2017-07-03,9,6945,South,21,3
2017-07-03,9,6946,East,19,3
2017-07-03,9,6947,West,17,3
2017-07-03,9,6948,North,51,3
2017-07-03,9,6949,South,21,3
2017-07-03,9,6950,East,19,3
2017-07-03,9,6951,West,17,3
2017-07-03,9,6952,North,51,3
2017-07-03,9,6953,South,21,3
2017-07-03,9,6954,East,19,3
2017-07-03,9,6955,West,17,3
2017-07-03,9,6956,North,51,3
2017-07-03,9,6957,South,21,3
2017-07-03,9,6958,East,19,3
2017-07-03,9,6959,West,17,3
2017-07-03,10,6960,North,52,3
2017-07-03,10,6961,South,20,3
2017-07-03,10,6962,East,20,3
2017-07-03,10,6963,West,16,3
2017-07-03,10,6964,North,52,3
2017-07-03,10,6965,South,20,3
2017-07-03,10,6966,East,20,3
2017-07-03,10,6967,West,16,3
2017-07-03,10,6968,North,52,3
2017-07-03,10,6969,South,20,3
2017-07-03,10,6970,East,20,3
2017-07-03,10,6971,West,16,3
2017-07-03,10,6972,North,52,3
2017-07-03,10,6973,South,20,3
2017-07-03,10,6974,East,20,3
2017-07-03,10,6975,West,16,3
2017-07-03,10,6976,North,52,3
2017-07-03,10,6977,South,20,3
2017-07-03,10,6978,East,20,3
2017-07-03,10,6979,West,16,3
2017-07-03,10,6980,North,52,3
2017-07-03,10,6981,South,20,3
2017-07-03,10,6982,East,20,3
2017-07-03,10,6983,West,16,3
2017-07-03,10,6984,North,52,3
2017-07-03,10,6985,South,20,3
2017-07-03,10,6986,East,20,3
2017-07-03,10,6987,West,16,3
2017-07-03,10,6988,North,52,3
2017-07-03,10,6989,South,20,3
2017-07-03,10,6990,East,20,3
2017-07-03,10,6991,West,16,3
2017-07-03,10,6992,North,52,3
2017-07-03,10,6993,South,20,3
2017-07-03,10,6994,East,20,3
2017-07-03,10,6995,West,16,3
2017-07-03,10,6996,North,52,3
2017-07-03,10,6997,South,20,3
2017-07-03,10,6998,East,20,3
2017-07-03,10,6999,West,16,3
2017-07-03,10,7000,North,52,3
2017-07-03,10,7001,South,20,3
2017-07-03,10,7002,East,20,3
2017-07-03,10,7003,West,16,3
2017-07-03,10,7004,North,52,3
2017-07-03,10,7005,South,20,3
2017-07-03,10,7006,East,20,3
2017-07-03,10,7007,West,16,3
2017-07-03,10,7008,North,52,3
2017-07-03,10,7009,South,20,3
2017-07-03,10,7010,East,20,3
2017-07-03,10,7011,West,16,3
2017-07-03,10,7012,North,52,3
2017-07-03,10,7013,South,20,3
2017-07-03,10,7014,East,20,3
2017-07-03,10,7015,West,16,3
2017-07-03,10,7016,North,52,3
2017-07-03,10,7017,South,20,3
2017-07-03,10,7018,East,20,3
2017-07-03,10,7019,West,16,3
2017-07-03,10,7020,North,52,3
2017-07-03,10,7021,South,20,3
2017-07-03,10,7022,East,20,3
2017-07-03,10,7023,West,16,3
2017-07-03,10,7024,North,52,3
2017-07-03,10,7025,South,20,3
2017-07-03,10,7026,East,20,3
2017-07-03,10,7027,West,16,3
2017-07-03,10,7028,North,52,3
2017-07-03,10,7029,South,20,3
2017-07-03,10,7030,East,20,3
2017-07-03,10,7031,West,16,3
2017-07-03,10,7032,North,52,3
2017-07-03,10,7033,South,20,3
2017-07-03,10,7034,East,20,3
2017-07-03,10,7035,West,16,3
2017-07-03,10,7036,North,52,3
2017-07-03,10,7037,South,20,3
2017-07-03,10,7038,East,20,3
2017-07-03,10,7039,West,16,3
2017-07-03,10,7040,North,52,3
2017-07-03,10,7041,South,20,3
2017-07-03,10,7042,East,20,3
2017-07-03,10,7043,West,16,3
2017-07-03,10,7044,North,52,3
2017-07-03,10,7045,South,20,3
2017-07-03,10,7046,East,20,3
2017-07-03,10,7047,West,16,3
2017-07-03,10,7048,North,52,3
2017-07-03,10,7049,South,20,3
2017-07-03,10,7050,East,20,3
2017-07-03,10,7051,West,16,3
2017-07-03,10,7052,North,52,3
2017-07-03,10,7053,South,20,3
2017-07-03,10,7054,East,20,3
2017-07-03,10,7055,West,16,3
2017-07-03,10,7056,North,52,3
2017-07-03,10,7057,South,20,3
2017-07-03,10,7058,East,20,3
2017-07-03,10,7059,West,16,3
2017-07-03,10,7060,North,52,3
2017-07-03,10,7061,South,20,3
2017-07-03,10,7062,East,20,3
2017-07-03,10,7063,West,16,3
2017-07-03,10,7064,North,52,3
2017-07-03,10,7065,South,20,3
2017-07-03,10,7066,East,20,3
2017-07-03,10,7067,West,16,3
2017-07-03,10,7068,North,52,3
2017-07-03,10,7069,South,20,3
2017-07-03,10,7070,East,20,3
2017-07-03,10,7071,West,16,3
2017-07-03,10,7072,North,52,3
2017-07-03,10,7073,South,20,3
2017-07-03,10,7074,East,20,3
2017-07-03,10,7075,West,16,3
2017-07-03,10,7076,North,52,3
2017-07-03,10,7077,South,20,3
2017-07-03,10,7078,East,20,3
2017-07-03,10,7079,West,16,3
2017-07-03,11,7080,North,49,3
2017-07-03,11,7081,South,22,3
2017-07-03,11,7082,East,20,3
2017-07-03,11,7083,West,17,3
2017-07-03,11,7084,North,49,3
2017-07-03,11,7085,South,22,3
2017-07-03,11,7086,East,20,3
2017-07-03,11,7087,West,17,3
2017-07-03,11,7088,North,49,3
2017-07-03,11,7089,South,22,3
2017-07-03,11,7090,East,20,3
2017-07-03,11,7091,West,17,3
2017-07-03,11,7092,North,49,3
2017-07-03,11,7093,South,22,3
2017-07-03,11,7094,East,20,3
2017-07-03,11,7095,West,17,3
2017-07-03,11,7096,North,49,3
2017-07-03,11,7097,South,22,3
2017-07-03,11,7098,East,20,3
2017-07-03,11,7099,West,17,3
2017-07-03,11,7100,North,49,3
2017-07-03,11,7101,South,22,3
2017-07-03,11,7102,East,20,3
2017-07-03,11,7103,West,17,3
2017-07-03,11,7104,North,49,3
2017-07-03,11,7105,South,22,3
2017-07-03,11,7106,East,20,3
2017-07-03,11,7107,West,17,3
2017-07-03,11,7108,North,49,3
2017-07-03,11,7109,South,22,3
2017-07-03,11,7110,East,20,3
2017-07-03,11,7111,West,17,3
2017-07-03,11,7112,North,49,3
2017-07-03,11,7113,South,22,3
2017-07-03,11,7114,East,20,3
2017-07-03,11,7115,West,17,3
2017-07-03,11,7116,North,49,3
2017-07-03,11,7117,South,22,3
2017-07-03,11,7118,East,20,3
2017-07-03,11,7119,West,17,3
2017-07-03,11,7120,North,49,3
2017-07-03,11,7121,South,22,3
2017-07-03,11,7122,East,20,3
2017-07-03,11,7123,West,17,3
2017-07-03,11,7124,North,49,3
2017-07-03,11,7125,South,22,3
2017-07-03,11,7126,East,20,3
2017-07-03,11,7127,West,17,3
2017-07-03,11,7128,North,49,3
2017-07-03,11,7129,South,22,3
2017-07-03,11,7130,East,20,3
2017-07-03,11,7131,West,17,3
2017-07-03,11,7132,North,49,3
2017-07-03,11,7133,South,22,3
2017-07-03,11,7134,East,20,3
2017-07-03,11,7135,West,17,3
2017-07-03,11,7136,North,49,3
2017-07-03,11,7137,South,22,3
2017-07-03,11,7138,East,20,3
2017-07-03,11,7139,West,17,3
2017-07-03,11,7140,North,49,3
2017-07-03,11,7141,South,22,3
2017-07-03,11,7142,East,20,3
2017-07-03,11,7143,West,17,3
2017-07-03,11,7144,North,49,3
2017-07-03,11,7145,South,22,3
2017-07-03,11,7146,East,20,3
2017-07-03,11,7147,West,17,3
2017-07-03,11,7148,North,49,3
2017-07-03,11,7149,South,22,3
2017-07-03,11,7150,East,20,3
2017-07-03,11,7151,West,17,3
2017-07-03,11,7152,North,49,3
2017-07-03,11,7153,South,22,3
2017-07-03,11,7154,East,20,3
2017-07-03,11,7155,West,17,3
2017-07-03,11,7156,North,49,3
2017-07-03,11,7157,South,22,3
2017-07-03,11,7158,East,20,3
2017-07-03,11,7159,West,17,3
2017-07-03,11,7160,North,49,3
2017-07-03,11,7161,South,22,3
2017-07-03,11,7162,East,20,3
2017-07-03,11,7163,West,17,3
2017-07-03,11,7164,North,49,3
2017-07-03,11,7165,South,22,3
2017-07-03,11,7166,East,20,3
2017-07-03,11,7167,West,17,3
2017-07-03,11,7168,North,49,3
2017-07-03,11,7169,South,22,3
2017-07-03,11,7170,East,20,3
2017-07-03,11,7171,West,17,3
2017-07-03,11,7172,North,49,3
2017-07-03,11,7173,South,22,3
2017-07-03,11,7174,East,20,3
2017-07-03,11,7175,West,17,3
2017-07-03,11,7176,North,49,3
2017-07-03,11,7177,South,22,3
2017-07-03,11,7178,East,20,3
2017-07-03,11,7179,West,17,3
2017-07-03,11,7180,North,49,3
2017-07-03,11,7181,South,22,3
2017-07-03,11,7182,East,20,3
2017-07-03,11,7183,West,17,3
2017-07-03,11,7184,North,49,3
2017-07-03,11,7185,South,22,3
2017-07-03,11,7186,East,20,3
2017-07-03,11,7187,West,17,3
2017-07-03,11,7188,North,49,3
2017-07-03,11,7189,South,22,3
2017-07-03,11,7190,East,20,3
2017-07-03,11,7191,West,17,3
2017-07-03,11,7192,North,49,3
2017-07-03,11,7193,South,22,3
2017-07-03,11,7194,East,20,3
2017-07-03,11,7195,West,17,3
2017-07-03,11,7196,North,49,3
2017-07-03,11,7197,South,22,3
2017-07-03,11,7198,East,20,3
2017-07-03,11,7199,West,17,3
2017-07-03,12,7200,North,48,3
2017-07-03,12,7201,South,22,3
2017-07-03,12,7202,East,20,3
2017-07-03,12,7203,West,18,3
2017-07-03,12,7204,North,48,3
2017-07-03,12,7205,South,22,3
2017-07-03,12,7206,East,20,3
2017-07-03,12,7207,West,18,3
2017-07-03,12,7208,North,48,3
2017-07-03,12,7209,South,22,3
2017-07-03,12,7210,East,20,3
2017-07-03,12,7211,West,18,3
2017-07-03,12,7212,North,48,3
2017-07-03,12,7213,South,22,3
2017-07-03,12,7214,East,20,3
2017-07-03,12,7215,West,18,3
2017-07-03,12,7216,North,48,3
2017-07-03,12,7217,South,22,3
2017-07-03,12,7218,East,20,3
2017-07-03,12,7219,West,18,3
2017-07-03,12,7220,North,48,3
2017-07-03,12,7221,South,22,3
2017-07-03,12,7222,East,20,3
2017-07-03,12,7223,West,18,3
2017-07-03,12,7224,North,48,3
2017-07-03,12,7225,South,22,3
2017-07-03,12,7226,East,20,3
2017-07-03,12,7227,West,18,3
2017-07-03,12,7228,North,48,3
2017-07-03,12,7229,South,22,3
2017-07-03,12,7230,East,20,3
2017-07-03,12,7231,West,18,3
2017-07-03,12,7232,North,48,3
2017-07-03,12,7233,South,22,3
2017-07-03,12,7234,East,20,3
2017-07-03,12,7235,West,18,3
2017-07-03,12,7236,North,48,3
2017-07-03,12,7237,South,22,3
2017-07-03,12,7238,East,20,3
2017-07-03,12,7239,West,18,3
2017-07-03,12,7240,North,48,3
2017-07-03,12,7241,South,22,3
2017-07-03,12,7242,East,20,3
2017-07-03,12,7243,West,18,3
2017-07-03,12,7244,North,48,3
2017-07-03,12,7245,South,22,3
2017-07-03,12,7246,East,20,3
2017-07-03,12,7247,West,18,3
2017-07-03,12,7248,North,48,3
2017-07-03,12,7249,South,22,3
2017-07-03,12,7250,East,20,3
2017-07-03,12,7251,West,18,3
2017-07-03,12,7252,North,48,3
2017-07-03,12,7253,South,22,3
2017-07-03,12,7254,East,20,3
2017-07-03,12,7255,West,18,3
2017-07-03,12,7256,North,48,3
2017-07-03,12,7257,South,22,3
2017-07-03,12,7258,East,20,3
2017-07-03,12,7259,West,18,3
2017-07-03,12,7260,North,48,3
2017-07-03,12,7261,South,22,3
2017-07-03,12,7262,East,20,3
2017-07-03,12,7263,West,18,3
2017-07-03,12,7264,North,48,3
2017-07-03,12,7265,South,22,3
2017-07-03,12,7266,East,20,3
2017-07-03,12,7267,West,18,3
2017-07-03,12,7268,North,48,3
2017-07-03,12,7269,South,22,3
2017-07-03,12,7270,East,20,3
2017-07-03,12,7271,West,18,3
2017-07-03,12,7272,North,48,3
2017-07-03,12,7273,South,22,3
2017-07-03,12,7274,East,20,3
2017-07-03,12,7275,West,18,3
2017-07-03,12,7276,North,48,3
2017-07-03,12,7277,South,22,3
2017-07-03,12,7278,East,20,3
2017-07-03,12,7279,West,18,3
2017-07-03,12,7280,North,48,3
2017-07-03,12,7281,South,22,3
2017-07-03,12,7282,East,20,3
2017-07-03,12,7283,West,18,3
2017-07-03,12,7284,North,48,3
2017-07-03,12,7285,South,22,3
2017-07-03,12,7286,East,20,3
2017-07-03,12,7287,West,18,3
2017-07-03,12,7288,North,48,3
2017-07-03,12,7289,South,22,3
2017-07-03,12,7290,East,20,3
2017-07-03,12,7291,West,18,3
2017-07-03,12,7292,North,48,3
2017-07-03,12,7293,South,22,3
2017-07-03,12,7294,East,20,3
2017-07-03,12,7295,West,18,3
2017-07-03,12,7296,North,48,3
2017-07-03,12,7297,South,22,3
2017-07-03,12,7298,East,20,3
2017-07-03,12,7299,West,18,3
2017-07-03,12,7300,North,48,3
2017-07-03,12,7301,South,22,3
2017-07-03,12,7302,East,20,3
2017-07-03,12,7303,West,18,3
2017-07-03,12,7304,North,48,3
2017-07-03,12,7305,South,22,3
2017-07-03,12,7306,East,20,3
2017-07-03,12,7307,West,18,3
2017-07-03,12,7308,North,48,3
2017-07-03,12,7309,South,22,3
2017-07-03,12,7310,East,20,3
2017-07-03,12,7311,West,18,3
2017-07-03,12,7312,North,48,3
2017-07-03,12,7313,South,22,3
2017-07-03,12,7314,East,20,3
2017-07-03,12,7315,West,18,3
2017-07-03,12,7316,North,48,3
2017-07-03,12,7317,South,22,3
2017-07-03,12,7318,East,20,3
2017-07-03,12,7319,West,18,3
2017-07-03,13,7320,North,49,3
2017-07-03,13,7321,South,22,3
2017-07-03,13,7322,East,20,3
2017-07-03,13,7323,West,17,3
2017-07-03,13,7324,North,49,3
2017-07-03,13,7325,South,22,3
2017-07-03,13,7326,East,20,3
2017-07-03,13,7327,West,17,3
2017-07-03,13,7328,North,49,3
2017-07-03,13,7329,South,22,3
2017-07-03,13,7330,East,20,3
2017-07-03,13,7331,West,17,3
2017-07-03,13,7332,North,49,3
2017-07-03,13,7333,South,22,3
2017-07-03,13,7334,East,20,3
2017-07-03,13,7335,West,17,3
2017-07-03,13,7336,North,49,3
2017-07-03,13,7337,South,22,3
2017-07-03,13,7338,East,20,3
2017-07-03,13,7339,West,17,3
2017-07-03,13,7340,North,49,3
2017-07-03,13,7341,South,22,3
2017-07-03,13,7342,East,20,3
2017-07-03,13,7343,West,17,3
2017-07-03,13,7344,North,49,3
2017-07-03,13,7345,South,22,3
2017-07-03,13,7346,East,20,3
2017-07-03,13,7347,West,17,3
2017-07-03,13,7348,North,49,3
2017-07-03,13,7349,South,22,3
2017-07-03,13,7350,East,20,3
2017-07-03,13,7351,West,17,3
2017-07-03,13,7352,North,49,3
2017-07-03,13,7353,South,22,3
2017-07-03,13,7354,East,20,3
2017-07-03,13,7355,West,17,3
2017-07-03,13,7356,North,49,3
2017-07-03,13,7357,South,22,3
2017-07-03,13,7358,East,20,3
2017-07-03,13,7359,West,17,3
2017-07-03,13,7360,North,49,3
2017-07-03,13,7361,South,22,3
2017-07-03,13,7362,East,20,3
2017-07-03,13,7363,West,17,3
2017-07-03,13,7364,North,49,3
2017-07-03,13,7365,South,22,3
2017-07-03,13,7366,East,20,3
2017-07-03,13,7367,West,17,3
2017-07-03,13,7368,North,49,3
2017-07-03,13,7369,South,22,3
2017-07-03,13,7370,East,20,3
2017-07-03,13,7371,West,17,3
2017-07-03,13,7372,North,49,3
2017-07-03,13,7373,South,22,3
2017-07-03,13,7374,East,20,3
2017-07-03,13,7375,West,17,3
2017-07-03,13,7376,North,49,3
2017-07-03,13,7377,South,22,3
2017-07-03,13,7378,East,20,3
2017-07-03,13,7379,West,17,3
2017-07-03,13,7380,North,49,3
2017-07-03,13,7381,South,22,3
2017-07-03,13,7382,East,20,3
2017-07-03,13,7383,West,17,3
2017-07-03,13,7384,North,49,3
2017-07-03,13,7385,South,22,3
2017-07-03,13,7386,East,20,3
2017-07-03,13,7387,West,17,3
2017-07-03,13,7388,North,49,3
2017-07-03,13,7389,South,22,3
2017-07-03,13,7390,East,20,3
2017-07-03,13,7391,West,17,3
2017-07-03,13,7392,North,49,3
2017-07-03,13,7393,South,22,3
2017-07-03,13,7394,East,20,3
2017-07-03,13,7395,West,17,3
2017-07-03,13,7396,North,49,3
2017-07-03,13,7397,South,22,3
2017-07-03,13,7398,East,20,3
2017-07-03,13,7399,West,17,3
2017-07-03,13,7400,North,49,3
2017-07-03,13,7401,South,22,3
2017-07-03,13,7402,East,20,3
2017-07-03,13,7403,West,17,3
2017-07-03,13,7404,North,49,3
2017-07-03,13,7405,South,22,3
2017-07-03,13,7406,East,20,3
2017-07-03,13,7407,West,17,3
2017-07-03,13,7408,North,49,3
2017-07-03,13,7409,South,22,3
2017-07-03,13,7410,East,20,3
2017-07-03,13,7411,West,17,3
2017-07-03,13,7412,North,49,3
2017-07-03,13,7413,South,22,3
2017-07-03,13,7414,East,20,3
2017-07-03,13,7415,West,17,3
2017-07-03,13,7416,North,49,3
2017-07-03,13,7417,South,22,3
2017-07-03,13,7418,East,20,3
2017-07-03,13,7419,West,17,3
2017-07-03,13,7420,North,49,3
2017-07-03,13,7421,South,22,3
2017-07-03,13,7422,East,20,3
2017-07-03,13,7423,West,17,3
2017-07-03,13,7424,North,49,3
2017-07-03,13,7425,South,22,3
2017-07-03,13,7426,East,20,3
2017-07-03,13,7427,West,17,3
2017-07-03,13,7428,North,49,3
2017-07-03,13,7429,South,22,3
2017-07-03,13,7430,East,20,3
2017-07-03,13,7431,West,17,3
2017-07-03,13,7432,North,49,3
2017-07-03,13,7433,South,22,3
2017-07-03,13,7434,East,20,3
2017-07-03,13,7435,West,17,3
2017-07-03,13,7436,North,49,3
2017-07-03,13,7437,South,22,3
2017-07-03,13,7438,East,20,3
2017-07-03,13,7439,West,17,3
2017-07-03,14,7440,North,48,3
2017-07-03,14,7441,South,23,3
2017-07-03,14,7442,East,20,3
2017-07-03,14,7443,West,17,3
2017-07-03,14,7444,North,48,3
2017-07-03,14,7445,South,23,3
2017-07-03,14,7446,East,20,3
2017-07-03,14,7447,West,17,3
2017-07-03,14,7448,North,48,3
2017-07-03,14,7449,South,23,3
2017-07-03,14,7450,East,20,3
2017-07-03,14,7451,West,17,3
2017-07-03,14,7452,North,48,3
2017-07-03,14,7453,South,23,3
2017-07-03,14,7454,East,20,3
2017-07-03,14,7455,West,17,3
2017-07-03,14,7456,North,48,3
2017-07-03,14,7457,South,23,3
2017-07-03,14,7458,East,20,3
2017-07-03,14,7459,West,17,3
2017-07-03,14,7460,North,48,3
2017-07-03,14,7461,South,23,3
2017-07-03,14,7462,East,20,3
2017-07-03,14,7463,West,17,3
2017-07-03,14,7464,North,48,3
2017-07-03,14,7465,South,23,3
2017-07-03,14,7466,East,20,3
2017-07-03,14,7467,West,17,3
2017-07-03,14,7468,North,48,3
2017-07-03,14,7469,South,23,3
2017-07-03,14,7470,East,20,3
2017-07-03,14,7471,West,17,3
2017-07-03,14,7472,North,48,3
2017-07-03,14,7473,South,23,3
2017-07-03,14,7474,East,20,3
2017-07-03,14,7475,West,17,3
2017-07-03,14,7476,North,48,3
2017-07-03,14,7477,South,23,3
2017-07-03,14,7478,East,20,3
2017-07-03,14,7479,West,17,3
2017-07-03,14,7480,North,48,3
2017-07-03,14,7481,South,23,3
2017-07-03,14,7482,East,20,3
2017-07-03,14,7483,West,17,3
2017-07-03,14,7484,North,48,3
2017-07-03,14,7485,South,23,3
2017-07-03,14,7486,East,20,3
2017-07-03,14,7487,West,17,3
2017-07-03,14,7488,North,48,3
2017-07-03,14,7489,South,23,3
2017-07-03,14,7490,East,20,3
2017-07-03,14,7491,West,17,3
2017-07-03,14,7492,North,48,3
2017-07-03,14,7493,South,23,3
2017-07-03,14,7494,East,20,3
2017-07-03,14,7495,West,17,3
2017-07-03,14,7496,North,48,3
2017-07-03,14,7497,South,23,3
2017-07-03,14,7498,East,20,3
2017-07-03,14,7499,West,17,3
2017-07-03,14,7500,North,48,3
2017-07-03,14,7501,South,23,3
2017-07-03,14,7502,East,20,3
2017-07-03,14,7503,West,17,3
2017-07-03,14,7504,North,48,3
2017-07-03,14,7505,South,23,3
2017-07-03,14,7506,East,20,3
2017-07-03,14,7507,West,17,3
2017-07-03,14,7508,North,48,3
2017-07-03,14,7509,South,23,3
2017-07-03,14,7510,East,20,3
2017-07-03,14,7511,West,17,3
2017-07-03,14,7512,North,48,3
2017-07-03,14,7513,South,23,3
2017-07-03,14,7514,East,20,3
2017-07-03,14,7515,West,17,3
2017-07-03,14,7516,North,48,3
2017-07-03,14,7517,South,23,3
2017-07-03,14,7518,East,20,3
2017-07-03,14,7519,West,17,3
2017-07-03,14,7520,North,48,3
2017-07-03,14,7521,South,23,3
2017-07-03,14,7522,East,20,3
2017-07-03,14,7523,West,17,3
2017-07-03,14,7524,North,48,3
2017-07-03,14,7525,South,23,3
2017-07-03,14,7526,East,20,3
2017-07-03,14,7527,West,17,3
2017-07-03,14,7528,North,48,3
2017-07-03,14,7529,South,23,3
2017-07-03,14,7530,East,20,3
2017-07-03,14,7531,West,17,3
2017-07-03,14,7532,North,48,3
2017-07-03,14,7533,South,23,3
2017-07-03,14,7534,East,20,3
2017-07-03,14,7535,West,17,3
2017-07-03,14,7536,North,48,3
2017-07-03,14,7537,South,23,3
2017-07-03,14,7538,East,20,3
2017-07-03,14,7539,West,17,3
2017-07-03,14,7540,North,48,3
2017-07-03,14,7541,South,23,3
2017-07-03,14,7542,East,20,3
2017-07-03,14,7543,West,17,3
2017-07-03,14,7544,North,48,3
2017-07-03,14,7545,South,23,3
2017-07-03,14,7546,East,20,3
2017-07-03,14,7547,West,17,3
2017-07-03,14,7548,North,48,3
2017-07-03,14,7549,South,23,3
2017-07-03,14,7550,East,20,3
2017-07-03,14,7551,West,17,3
2017-07-03,14,7552,North,48,3
2017-07-03,14,7553,South,23,3
2017-07-03,14,7554,East,20,3
2017-07-03,14,7555,West,17,3
2017-07-03,14,7556,North,48,3
2017-07-03,14,7557,South,23,3
2017-07-03,14,7558,East,20,3
2017-07-03,14,7559,West,17,3
2017-07-03,15,7560,North,49,3
2017-07-03,15,7561,South,22,3
2017-07-03,15,7562,East,20,3
2017-07-03,15,7563,West,17,3
2017-07-03,15,7564,North,49,3
2017-07-03,15,7565,South,22,3
2017-07-03,15,7566,East,20,3
2017-07-03,15,7567,West,17,3
2017-07-03,15,7568,North,49,3
2017-07-03,15,7569,South,22,3
2017-07-03,15,7570,East,20,3
2017-07-03,15,7571,West,17,3
2017-07-03,15,7572,North,49,3
2017-07-03,15,7573,South,22,3
2017-07-03,15,7574,East,20,3
2017-07-03,15,7575,West,17,3
2017-07-03,15,7576,North,49,3
2017-07-03,15,7577,South,22,3
2017-07-03,15,7578,East,20,3
2017-07-03,15,7579,West,17,3
2017-07-03,15,7580,North,49,3
2017-07-03,15,7581,South,22,3
2017-07-03,15,7582,East,20,3
2017-07-03,15,7583,West,17,3
2017-07-03,15,7584,North,49,3
2017-07-03,15,7585,South,22,3
2017-07-03,15,7586,East,20,3
2017-07-03,15,7587,West,17,3
2017-07-03,15,7588,North,49,3
2017-07-03,15,7589,South,22,3
2017-07-03,15,7590,East,20,3
2017-07-03,15,7591,West,17,3
2017-07-03,15,7592,North,49,3
2017-07-03,15,7593,South,22,3
2017-07-03,15,7594,East,20,3
2017-07-03,15,7595,West,17,3
2017-07-03,15,7596,North,49,3
2017-07-03,15,7597,South,22,3
2017-07-03,15,7598,East,20,3
2017-07-03,15,7599,West,17,3
2017-07-03,15,7600,North,49,3
2017-07-03,15,7601,South,22,3
2017-07-03,15,7602,East,20,3
2017-07-03,15,7603,West,17,3
2017-07-03,15,7604,North,49,3
2017-07-03,15,7605,South,22,3
2017-07-03,15,7606,East,20,3
2017-07-03,15,7607,West,17,3
2017-07-03,15,7608,North,49,3
2017-07-03,15,7609,South,22,3
2017-07-03,15,7610,East,20,3
2017-07-03,15,7611,West,17,3
2017-07-03,15,7612,North,49,3
2017-07-03,15,7613,South,22,3
2017-07-03,15,7614,East,20,3
2017-07-03,15,7615,West,17,3
2017-07-03,15,7616,North,49,3
2017-07-03,15,7617,South,22,3
2017-07-03,15,7618,East,20,3
2017-07-03,15,7619,West,17,3
2017-07-03,15,7620,North,49,3
2017-07-03,15,7621,South,22,3
2017-07-03,15,7622,East,20,3
2017-07-03,15,7623,West,17,3
2017-07-03,15,7624,North,49,3
2017-07-03,15,7625,South,22,3
2017-07-03,15,7626,East,20,3
2017-07-03,15,7627,West,17,3
2017-07-03,15,7628,North,49,3
2017-07-03,15,7629,South,22,3
2017-07-03,15,7630,East,20,3
2017-07-03,15,7631,West,17,3
2017-07-03,15,7632,North,49,3
2017-07-03,15,7633,South,22,3
2017-07-03,15,7634,East,20,3
2017-07-03,15,7635,West,17,3
2017-07-03,15,7636,North,49,3
2017-07-03,15,7637,South,22,3
2017-07-03,15,7638,East,20,3
2017-07-03,15,7639,West,17,3
2017-07-03,15,7640,North,49,3
2017-07-03,15,7641,South,22,3
2017-07-03,15,7642,East,20,3
2017-07-03,15,7643,West,17,3
2017-07-03,15,7644,North,49,3
2017-07-03,15,7645,South,22,3
2017-07-03,15,7646,East,20,3
2017-07-03,15,7647,West,17,3
2017-07-03,15,7648,North,49,3
2017-07-03,15,7649,South,22,3
2017-07-03,15,7650,East,20,3
2017-07-03,15,7651,West,17,3
2017-07-03,15,7652,North,49,3
2017-07-03,15,7653,South,22,3
2017-07-03,15,7654,East,20,3
2017-07-03,15,7655,West,17,3
2017-07-03,15,7656,North,49,3
2017-07-03,15,7657,South,22,3
2017-07-03,15,7658,East,20,3
2017-07-03,15,7659,West,17,3
2017-07-03,15,7660,North,49,3
2017-07-03,15,7661,South,22,3
2017-07-03,15,7662,East,20,3
2017-07-03,15,7663,West,17,3
2017-07-03,15,7664,North,49,3
2017-07-03,15,7665,South,22,3
2017-07-03,15,7666,East,20,3
2017-07-03,15,7667,West,17,3
2017-07-03,15,7668,North,49,3
2017-07-03,15,7669,South,22,3
2017-07-03,15,7670,East,20,3
2017-07-03,15,7671,West,17,3
2017-07-03,15,7672,North,49,3
2017-07-03,15,7673,South,22,3
2017-07-03,15,7674,East,20,3
2017-07-03,15,7675,West,17,3
2017-07-03,15,7676,North,49,3
2017-07-03,15,7677,South,22,3
2017-07-03,15,7678,East,20,3
2017-07-03,15,7679,West,17,3
2017-07-03,16,7680,North,50,3
2017-07-03,16,7681,South,22,3
2017-07-03,16,7682,East,20,3
2017-07-03,16,7683,West,16,3
2017-07-03,16,7684,North,50,3
2017-07-03,16,7685,South,22,3
2017-07-03,16,7686,East,20,3
2017-07-03,16,7687,West,16,3
2017-07-03,16,7688,North,50,3
2017-07-03,16,7689,South,22,3
2017-07-03,16,7690,East,20,3
2017-07-03,16,7691,West,16,3
2017-07-03,16,7692,North,50,3
2017-07-03,16,7693,South,22,3
2017-07-03,16,7694,East,20,3
2017-07-03,16,7695,West,16,3
2017-07-03,16,7696,North,50,3
2017-07-03,16,7697,South,22,3
2017-07-03,16,7698,East,20,3
2017-07-03,16,7699,West,16,3
2017-07-03,16,7700,North,50,3
2017-07-03,16,7701,South,22,3
2017-07-03,16,7702,East,20,3
2017-07-03,16,7703,West,16,3
2017-07-03,16,7704,North,50,3
2017-07-03,16,7705,South,22,3
2017-07-03,16,7706,East,20,3
2017-07-03,16,7707,West,16,3
2017-07-03,16,7708,North,50,3
2017-07-03,16,7709,South,22,3
2017-07-03,16,7710,East,20,3
2017-07-03,16,7711,West,16,3
2017-07-03,16,7712,North,50,3
2017-07-03,16,7713,South,22,3
2017-07-03,16,7714,East,20,3
2017-07-03,16,7715,West,16,3
2017-07-03,16,7716,North,50,3
2017-07-03,16,7717,South,22,3
2017-07-03,16,7718,East,20,3
2017-07-03,16,7719,West,16,3
2017-07-03,16,7720,North,50,3
2017-07-03,16,7721,South,22,3
2017-07-03,16,7722,East,20,3
2017-07-03,16,7723,West,16,3
2017-07-03,16,7724,North,50,3
2017-07-03,16,7725,South,22,3
2017-07-03,16,7726,East,20,3
2017-07-03,16,7727,West,16,3
2017-07-03,16,7728,North,50,3
2017-07-03,16,7729,South,22,3
2017-07-03,16,7730,East,20,3
2017-07-03,16,7731,West,16,3
2017-07-03,16,7732,North,50,3
2017-07-03,16,7733,South,22,3
2017-07-03,16,7734,East,20,3
2017-07-03,16,7735,West,16,3
2017-07-03,16,7736,North,50,3
2017-07-03,16,7737,South,22,3
2017-07-03,16,7738,East,20,3
2017-07-03,16,7739,West,16,3
2017-07-03,16,7740,North,50,3
2017-07-03,16,7741,South,22,3
2017-07-03,16,7742,East,20,3
2017-07-03,16,7743,West,16,3
2017-07-03,16,7744,North,50,3
2017-07-03,16,7745,South,22,3
2017-07-03,16,7746,East,20,3
2017-07-03,16,7747,West,16,3
2017-07-03,16,7748,North,50,3
2017-07-03,16,7749,South,22,3
2017-07-03,16,7750,East,20,3
2017-07-03,16,7751,West,16,3
2017-07-03,16,7752,North,50,3
2017-07-03,16,7753,South,22,3
2017-07-03,16,7754,East,20,3
2017-07-03,16,7755,West,16,3
2017-07-03,16,7756,North,50,3
2017-07-03,16,7757,South,22,3
2017-07-03,16,7758,East,20,3
2017-07-03,16,7759,West,16,3
2017-07-03,16,7760,North,50,3
2017-07-03,16,7761,South,22,3
2017-07-03,16,7762,East,20,3
2017-07-03,16,7763,West,16,3
2017-07-03,16,7764,North,50,3
2017-07-03,16,7765,South,22,3
2017-07-03,16,7766,East,20,3
2017-07-03,16,7767,West,16,3
2017-07-03,16,7768,North,50,3
2017-07-03,16,7769,South,22,3
2017-07-03,16,7770,East,20,3
2017-07-03,16,7771,West,16,3
2017-07-03,16,7772,North,50,3
2017-07-03,16,7773,South,22,3
2017-07-03,16,7774,East,20,3
2017-07-03,16,7775,West,16,3
2017-07-03,16,7776,North,50,3
2017-07-03,16,7777,South,22,3
2017-07-03,16,7778,East,20,3
2017-07-03,16,7779,West,16,3
2017-07-03,16,7780,North,50,3
2017-07-03,16,7781,South,22,3
2017-07-03,16,7782,East,20,3
2017-07-03,16,7783,West,16,3
2017-07-03,16,7784,North,50,3
2017-07-03,16,7785,South,22,3
2017-07-03,16,7786,East,20,3
2017-07-03,16,7787,West,16,3
2017-07-03,16,7788,North,50,3
2017-07-03,16,7789,South,22,3
2017-07-03,16,7790,East,20,3
2017-07-03,16,7791,West,16,3
2017-07-03,16,7792,North,50,3
2017-07-03,16,7793,South,22,3
2017-07-03,16,7794,East,20,3
2017-07-03,16,7795,West,16,3
2017-07-03,16,7796,North,50,3
2017-07-03,16,7797,South,22,3
2017-07-03,16,7798,East,20,3
2017-07-03,16,7799,West,16,3
2017-07-03,17,7800,North,51,3
2017-07-03,17,7801,South,22,3
2017-07-03,17,7802,East,19,3
2017-07-03,17,7803,West,16,3
2017-07-03,17,7804,North,51,3
2017-07-03,17,7805,South,22,3
2017-07-03,17,7806,East,19,3
2017-07-03,17,7807,West,16,3
2017-07-03,17,7808,North,51,3
2017-07-03,17,7809,South,22,3
2017-07-03,17,7810,East,19,3
2017-07-03,17,7811,West,16,3
2017-07-03,17,7812,North,51,3
2017-07-03,17,7813,South,22,3
2017-07-03,17,7814,East,19,3
2017-07-03,17,7815,West,16,3
2017-07-03,17,7816,North,51,3
2017-07-03,17,7817,South,22,3
2017-07-03,17,7818,East,19,3
2017-07-03,17,7819,West,16,3
2017-07-03,17,7820,North,51,3
2017-07-03,17,7821,South,22,3
2017-07-03,17,7822,East,19,3
2017-07-03,17,7823,West,16,3
2017-07-03,17,7824,North,51,3
2017-07-03,17,7825,South,22,3
2017-07-03,17,7826,East,19,3
2017-07-03,17,7827,West,16,3
2017-07-03,17,7828,North,51,3
2017-07-03,17,7829,South,22,3
2017-07-03,17,7830,East,19,3
2017-07-03,17,7831,West,16,3
2017-07-03,17,7832,North,51,3
2017-07-03,17,7833,South,22,3
2017-07-03,17,7834,East,19,3
2017-07-03,17,7835,West,16,3
2017-07-03,17,7836,North,51,3
2017-07-03,17,7837,South,22,3
2017-07-03,17,7838,East,19,3
2017-07-03,17,7839,West,16,3
2017-07-03,17,7840,North,51,3
2017-07-03,17,7841,South,22,3
2017-07-03,17,7842,East,19,3
2017-07-03,17,7843,West,16,3
2017-07-03,17,7844,North,51,3
2017-07-03,17,7845,South,22,3
2017-07-03,17,7846,East,19,3
2017-07-03,17,7847,West,16,3
2017-07-03,17,7848,North,51,3
2017-07-03,17,7849,South,22,3
2017-07-03,17,7850,East,19,3
2017-07-03,17,7851,West,16,3
2017-07-03,17,7852,North,51,3
2017-07-03,17,7853,South,22,3
2017-07-03,17,7854,East,19,3
2017-07-03,17,7855,West,16,3
2017-07-03,17,7856,North,51,3
2017-07-03,17,7857,South,22,3
2017-07-03,17,7858,East,19,3
2017-07-03,17,7859,West,16,3
2017-07-03,17,7860,North,51,3
2017-07-03,17,7861,South,22,3
2017-07-03,17,7862,East,19,3
2017-07-03,17,7863,West,16,3
2017-07-03,17,7864,North,51,3
2017-07-03,17,7865,South,22,3
2017-07-03,17,7866,East,19,3
2017-07-03,17,7867,West,16,3
2017-07-03,17,7868,North,51,3
2017-07-03,17,7869,South,22,3
2017-07-03,17,7870,East,19,3
2017-07-03,17,7871,West,16,3
2017-07-03,17,7872,North,51,3
2017-07-03,17,7873,South,22,3
2017-07-03,17,7874,East,19,3
2017-07-03,17,7875,West,16,3
2017-07-03,17,7876,North,51,3
2017-07-03,17,7877,South,22,3
2017-07-03,17,7878,East,19,3
2017-07-03,17,7879,West,16,3
2017-07-03,17,7880,North,51,3
2017-07-03,17,7881,South,22,3
2017-07-03,17,7882,East,19,3
2017-07-03,17,7883,West,16,3
2017-07-03,17,7884,North,51,3
2017-07-03,17,7885,South,22,3
2017-07-03,17,7886,East,19,3
2017-07-03,17,7887,West,16,3
2017-07-03,17,7888,North,51,3
2017-07-03,17,7889,South,22,3
2017-07-03,17,7890,East,19,3
2017-07-03,17,7891,West,16,3
2017-07-03,17,7892,North,51,3
2017-07-03,17,7893,South,22,3
2017-07-03,17,7894,East,19,3
2017-07-03,17,7895,West,16,3
2017-07-03,17,7896,North,51,3
2017-07-03,17,7897,South,22,3
2017-07-03,17,7898,East,19,3
2017-07-03,17,7899,West,16,3
2017-07-03,17,7900,North,51,3
2017-07-03,17,7901,South,22,3
2017-07-03,17,7902,East,19,3
2017-07-03,17,7903,West,16,3
2017-07-03,17,7904,North,51,3
2017-07-03,17,7905,South,22,3
2017-07-03,17,7906,East,19,3
2017-07-03,17,7907,West,16,3
2017-07-03,17,7908,North,51,3
2017-07-03,17,7909,South,22,3
2017-07-03,17,7910,East,19,3
2017-07-03,17,7911,West,16,3
2017-07-03,17,7912,North,51,3
2017-07-03,17,7913,South,22,3
2017-07-03,17,7914,East,19,3
2017-07-03,17,7915,West,16,3
2017-07-03,17,7916,North,51,3
2017-07-03,17,7917,South,22,3
2017-07-03,17,7918,East,19,3
2017-07-03,17,7919,West,16,3
2017-07-03,18,7920,North,44,3
2017-07-03,18,7921,South,26,3
2017-07-03,18,7922,East,21,3
2017-07-03,18,7923,West,17,3
2017-07-03,18,7924,North,44,3
2017-07-03,18,7925,South,26,3
2017-07-03,18,7926,East,21,3
2017-07-03,18,7927,West,17,3
2017-07-03,18,7928,North,44,3
2017-07-03,18,7929,South,26,3
2017-07-03,18,7930,East,21,3
2017-07-03,18,7931,West,17,3
2017-07-03,18,7932,North,44,3
2017-07-03,18,7933,South,26,3
2017-07-03,18,7934,East,21,3
2017-07-03,18,7935,West,17,3
2017-07-03,18,7936,North,44,3
2017-07-03,18,7937,South,26,3
2017-07-03,18,7938,East,21,3
2017-07-03,18,7939,West,17,3
2017-07-03,18,7940,North,44,3
2017-07-03,18,7941,South,26,3
2017-07-03,18,7942,East,21,3
2017-07-03,18,7943,West,17,3
2017-07-03,18,7944,North,44,3
2017-07-03,18,7945,South,26,3
2017-07-03,18,7946,East,21,3
2017-07-03,18,7947,West,17,3
2017-07-03,18,7948,North,44,3
2017-07-03,18,7949,South,26,3
2017-07-03,18,7950,East,21,3
2017-07-03,18,7951,West,17,3
2017-07-03,18,7952,North,44,3
2017-07-03,18,7953,South,26,3
2017-07-03,18,7954,East,21,3
2017-07-03,18,7955,West,17,3
2017-07-03,18,7956,North,44,3
2017-07-03,18,7957,South,26,3
2017-07-03,18,7958,East,21,3
2017-07-03,18,7959,West,17,3
2017-07-03,18,7960,North,44,3
2017-07-03,18,7961,South,26,3
2017-07-03,18,7962,East,21,3
2017-07-03,18,7963,West,17,3
2017-07-03,18,7964,North,44,3
2017-07-03,18,7965,South,26,3
2017-07-03,18,7966,East,21,3
2017-07-03,18,7967,West,17,3
2017-07-03,18,7968,North,44,3
2017-07-03,18,7969,South,26,3
2017-07-03,18,7970,East,21,3
2017-07-03,18,7971,West,17,3
2017-07-03,18,7972,North,44,3
2017-07-03,18,7973,South,26,3
2017-07-03,18,7974,East,21,3
2017-07-03,18,7975,West,17,3
2017-07-03,18,7976,North,44,3
2017-07-03,18,7977,South,26,3
2017-07-03,18,7978,East,21,3
2017-07-03,18,7979,West,17,3
2017-07-03,18,7980,North,44,3
2017-07-03,18,7981,South,26,3
2017-07-03,18,7982,East,21,3
2017-07-03,18,7983,West,17,3
2017-07-03,18,7984,North,44,3
2017-07-03,18,7985,South,26,3
2017-07-03,18,7986,East,21,3
2017-07-03,18,7987,West,17,3
2017-07-03,18,7988,North,44,3
2017-07-03,18,7989,South,26,3
2017-07-03,18,7990,East,21,3
2017-07-03,18,7991,West,17,3
2017-07-03,18,7992,North,44,3
2017-07-03,18,7993,South,26,3
2017-07-03,18,7994,East,21,3
2017-07-03,18,7995,West,17,3
2017-07-03,18,7996,North,44,3
2017-07-03,18,7997,South,26,3
2017-07-03,18,7998,East,21,3
2017-07-03,18,7999,West,17,3
2017-07-03,18,8000,North,44,3
2017-07-03,18,8001,South,26,3
2017-07-03,18,8002,East,21,3
2017-07-03,18,8003,West,17,3
2017-07-03,18,8004,North,44,3
2017-07-03,18,8005,South,26,3
2017-07-03,18,8006,East,21,3
2017-07-03,18,8007,West,17,3
2017-07-03,18,8008,North,44,3
2017-07-03,18,8009,South,26,3
2017-07-03,18,8010,East,21,3
2017-07-03,18,8011,West,17,3
2017-07-03,18,8012,North,44,3
2017-07-03,18,8013,South,26,3
2017-07-03,18,8014,East,21,3
2017-07-03,18,8015,West,17,3
2017-07-03,18,8016,North,44,3
2017-07-03,18,8017,South,26,3
2017-07-03,18,8018,East,21,3
2017-07-03,18,8019,West,17,3
2017-07-03,18,8020,North,44,3
2017-07-03,18,8021,South,26,3
2017-07-03,18,8022,East,21,3
2017-07-03,18,8023,West,17,3
2017-07-03,18,8024,North,44,3
2017-07-03,18,8025,South,26,3
2017-07-03,18,8026,East,21,3
2017-07-03,18,8027,West,17,3
2017-07-03,18,8028,North,44,3
2017-07-03,18,8029,South,26,3
2017-07-03,18,8030,East,21,3
2017-07-03,18,8031,West,17,3
2017-07-03,18,8032,North,44,3
2017-07-03,18,8033,South,26,3
2017-07-03,18,8034,East,21,3
2017-07-03,18,8035,West,17,3
2017-07-03,18,8036,North,44,3
2017-07-03,18,8037,South,26,3
2017-07-03,18,8038,East,21,3
2017-07-03,18,8039,West,17,3
2017-07-03,19,8040,North,45,3
2017-07-03,19,8041,South,25,3
2017-07-03,19,8042,East,21,3
2017-07-03,19,8043,West,17,3
2017-07-03,19,8044,North,45,3
2017-07-03,19,8045,South,25,3
2017-07-03,19,8046,East,21,3
2017-07-03,19,8047,West,17,3
2017-07-03,19,8048,North,45,3
2017-07-03,19,8049,South,25,3
2017-07-03,19,8050,East,21,3
2017-07-03,19,8051,West,17,3
2017-07-03,19,8052,North,45,3
2017-07-03,19,8053,South,25,3
2017-07-03,19,8054,East,21,3
2017-07-03,19,8055,West,17,3
2017-07-03,19,8056,North,45,3
2017-07-03,19,8057,South,25,3
2017-07-03,19,8058,East,21,3
2017-07-03,19,8059,West,17,3
2017-07-03,19,8060,North,45,3
2017-07-03,19,8061,South,25,3
2017-07-03,19,8062,East,21,3
2017-07-03,19,8063,West,17,3
2017-07-03,19,8064,North,45,3
2017-07-03,19,8065,South,25,3
2017-07-03,19,8066,East,21,3
2017-07-03,19,8067,West,17,3
2017-07-03,19,8068,North,45,3
2017-07-03,19,8069,South,25,3
2017-07-03,19,8070,East,21,3
2017-07-03,19,8071,West,17,3
2017-07-03,19,8072,North,45,3
2017-07-03,19,8073,South,25,3
2017-07-03,19,8074,East,21,3
2017-07-03,19,8075,West,17,3
2017-07-03,19,8076,North,45,3
2017-07-03,19,8077,South,25,3
2017-07-03,19,8078,East,21,3
2017-07-03,19,8079,West,17,3
2017-07-03,19,8080,North,45,3
2017-07-03,19,8081,South,25,3
2017-07-03,19,8082,East,21,3
2017-07-03,19,8083,West,17,3
2017-07-03,19,8084,North,45,3
2017-07-03,19,8085,South,25,3
2017-07-03,19,8086,East,21,3
2017-07-03,19,8087,West,17,3
2017-07-03,19,8088,North,45,3
2017-07-03,19,8089,South,25,3
2017-07-03,19,8090,East,21,3
2017-07-03,19,8091,West,17,3
2017-07-03,19,8092,North,45,3
2017-07-03,19,8093,South,25,3
2017-07-03,19,8094,East,21,3
2017-07-03,19,8095,West,17,3
2017-07-03,19,8096,North,45,3
2017-07-03,19,8097,South,25,3
2017-07-03,19,8098,East,21,3
2017-07-03,19,8099,West,17,3
2017-07-03,19,8100,North,45,3
2017-07-03,19,8101,South,25,3
2017-07-03,19,8102,East,21,3
2017-07-03,19,8103,West,17,3
2017-07-03,19,8104,North,45,3
2017-07-03,19,8105,South,25,3
2017-07-03,19,8106,East,21,3
2017-07-03,19,8107,West,17,3
2017-07-03,19,8108,North,45,3
2017-07-03,19,8109,South,25,3
2017-07-03,19,8110,East,21,3
2017-07-03,19,8111,West,17,3
2017-07-03,19,8112,North,45,3
2017-07-03,19,8113,South,25,3
2017-07-03,19,8114,East,21,3
2017-07-03,19,8115,West,17,3
2017-07-03,19,8116,North,45,3
2017-07-03,19,8117,South,25,3
2017-07-03,19,8118,East,21,3
2017-07-03,19,8119,West,17,3
2017-07-03,19,8120,North,45,3
2017-07-03,19,8121,South,25,3
2017-07-03,19,8122,East,21,3
2017-07-03,19,8123,West,17,3
2017-07-03,19,8124,North,45,3
2017-07-03,19,8125,South,25,3
2017-07-03,19,8126,East,21,3
2017-07-03,19,8127,West,17,3
2017-07-03,19,8128,North,45,3
2017-07-03,19,8129,South,25,3
2017-07-03,19,8130,East,21,3
2017-07-03,19,8131,West,17,3
2017-07-03,19,8132,North,45,3
2017-07-03,19,8133,South,25,3
2017-07-03,19,8134,East,21,3
2017-07-03,19,8135,West,17,3
2017-07-03,19,8136,North,45,3
2017-07-03,19,8137,South,25,3
2017-07-03,19,8138,East,21,3
2017-07-03,19,8139,West,17,3
2017-07-03,19,8140,North,45,3
2017-07-03,19,8141,South,25,3
2017-07-03,19,8142,East,21,3
2017-07-03,19,8143,West,17,3
2017-07-03,19,8144,North,45,3
2017-07-03,19,8145,South,25,3
2017-07-03,19,8146,East,21,3
2017-07-03,19,8147,West,17,3
2017-07-03,19,8148,North,45,3
2017-07-03,19,8149,South,25,3
2017-07-03,19,8150,East,21,3
2017-07-03,19,8151,West,17,3
2017-07-03,19,8152,North,45,3
2017-07-03,19,8153,South,25,3
2017-07-03,19,8154,East,21,3
2017-07-03,19,8155,West,17,3
2017-07-03,19,8156,North,45,3
2017-07-03,19,8157,South,25,3
2017-07-03,19,8158,East,21,3
2017-07-03,19,8159,West,17,3
2017-07-03,20,8160,North,44,3
2017-07-03,20,8161,South,26,3
2017-07-03,20,8162,East,21,3
2017-07-03,20,8163,West,17,3
2017-07-03,20,8164,North,44,3
2017-07-03,20,8165,South,26,3
2017-07-03,20,8166,East,21,3
2017-07-03,20,8167,West,17,3
2017-07-03,20,8168,North,44,3
2017-07-03,20,8169,South,26,3
2017-07-03,20,8170,East,21,3
2017-07-03,20,8171,West,17,3
2017-07-03,20,8172,North,44,3
2017-07-03,20,8173,South,26,3
2017-07-03,20,8174,East,21,3
2017-07-03,20,8175,West,17,3
2017-07-03,20,8176,North,44,3
2017-07-03,20,8177,South,26,3
2017-07-03,20,8178,East,21,3
2017-07-03,20,8179,West,17,3
2017-07-03,20,8180,North,44,3
2017-07-03,20,8181,South,26,3
2017-07-03,20,8182,East,21,3
2017-07-03,20,8183,West,17,3
2017-07-03,20,8184,North,44,3
2017-07-03,20,8185,South,26,3
2017-07-03,20,8186,East,21,3
2017-07-03,20,8187,West,17,3
2017-07-03,20,8188,North,44,3
2017-07-03,20,8189,South,26,3
2017-07-03,20,8190,East,21,3
2017-07-03,20,8191,West,17,3
2017-07-03,20,8192,North,44,3
2017-07-03,20,8193,South,26,3
2017-07-03,20,8194,East,21,3
2017-07-03,20,8195,West,17,3
2017-07-03,20,8196,North,44,3
2017-07-03,20,8197,South,26,3
2017-07-03,20,8198,East,21,3
2017-07-03,20,8199,West,17,3
2017-07-03,20,8200,North,44,3
2017-07-03,20,8201,South,26,3
2017-07-03,20,8202,East,21,3
2017-07-03,20,8203,West,17,3
2017-07-03,20,8204,North,44,3
2017-07-03,20,8205,South,26,3
2017-07-03,20,8206,East,21,3
2017-07-03,20,8207,West,17,3
2017-07-03,20,8208,North,44,3
2017-07-03,20,8209,South,26,3
2017-07-03,20,8210,East,21,3
2017-07-03,20,8211,West,17,3
2017-07-03,20,8212,North,44,3
2017-07-03,20,8213,South,26,3
2017-07-03,20,8214,East,21,3
2017-07-03,20,8215,West,17,3
2017-07-03,20,8216,North,44,3
2017-07-03,20,8217,South,26,3
2017-07-03,20,8218,East,21,3
2017-07-03,20,8219,West,17,3
2017-07-03,20,8220,North,44,3
2017-07-03,20,8221,South,26,3
2017-07-03,20,8222,East,21,3
2017-07-03,20,8223,West,17,3
2017-07-03,20,8224,North,44,3
2017-07-03,20,8225,South,26,3
2017-07-03,20,8226,East,21,3
2017-07-03,20,8227,West,17,3
2017-07-03,20,8228,North,44,3
2017-07-03,20,8229,South,26,3
2017-07-03,20,8230,East,21,3
2017-07-03,20,8231,West,17,3
2017-07-03,20,8232,North,44,3
2017-07-03,20,8233,South,26,3
2017-07-03,20,8234,East,21,3
2017-07-03,20,8235,West,17,3
2017-07-03,20,8236,North,44,3
2017-07-03,20,8237,South,26,3
2017-07-03,20,8238,East,21,3
2017-07-03,20,8239,West,17,3
2017-07-03,20,8240,North,44,3
2017-07-03,20,8241,South,26,3
2017-07-03,20,8242,East,21,3
2017-07-03,20,8243,West,17,3
2017-07-03,20,8244,North,44,3
2017-07-03,20,8245,South,26,3
2017-07-03,20,8246,East,21,3
2017-07-03,20,8247,West,17,3
2017-07-03,20,8248,North,44,3
2017-07-03,20,8249,South,26,3
2017-07-03,20,8250,East,21,3
2017-07-03,20,8251,West,17,3
2017-07-03,20,8252,North,44,3
2017-07-03,20,8253,South,26,3
2017-07-03,20,8254,East,21,3
2017-07-03,20,8255,West,17,3
2017-07-03,20,8256,North,44,3
2017-07-03,20,8257,South,26,3
2017-07-03,20,8258,East,21,3
2017-07-03,20,8259,West,17,3
2017-07-03,20,8260,North,44,3
2017-07-03,20,8261,South,26,3
2017-07-03,20,8262,East,21,3
2017-07-03,20,8263,West,17,3
2017-07-03,20,8264,North,44,3
2017-07-03,20,8265,South,26,3
2017-07-03,20,8266,East,21,3
2017-07-03,20,8267,West,17,3
2017-07-03,20,8268,North,44,3
2017-07-03,20,8269,South,26,3
2017-07-03,20,8270,East,21,3
2017-07-03,20,8271,West,17,3
2017-07-03,20,8272,North,44,3
2017-07-03,20,8273,South,26,3
2017-07-03,20,8274,East,21,3
2017-07-03,20,8275,West,17,3
2017-07-03,20,8276,North,44,3
2017-07-03,20,8277,South,26,3
2017-07-03,20,8278,East,21,3
2017-07-03,20,8279,West,17,3
2017-07-03,21,8280,North,45,3
2017-07-03,21,8281,South,25,3
2017-07-03,21,8282,East,21,3
2017-07-03,21,8283,West,17,3
2017-07-03,21,8284,North,45,3
2017-07-03,21,8285,South,25,3
2017-07-03,21,8286,East,21,3
2017-07-03,21,8287,West,17,3
2017-07-03,21,8288,North,45,3
2017-07-03,21,8289,South,25,3
2017-07-03,21,8290,East,21,3
2017-07-03,21,8291,West,17,3
2017-07-03,21,8292,North,45,3
2017-07-03,21,8293,South,25,3
2017-07-03,21,8294,East,21,3
2017-07-03,21,8295,West,17,3
2017-07-03,21,8296,North,45,3
2017-07-03,21,8297,South,25,3
2017-07-03,21,8298,East,21,3
2017-07-03,21,8299,West,17,3
2017-07-03,21,8300,North,45,3
2017-07-03,21,8301,South,25,3
2017-07-03,21,8302,East,21,3
2017-07-03,21,8303,West,17,3
2017-07-03,21,8304,North,45,3
2017-07-03,21,8305,South,25,3
2017-07-03,21,8306,East,21,3
2017-07-03,21,8307,West,17,3
2017-07-03,21,8308,North,45,3
2017-07-03,21,8309,South,25,3
2017-07-03,21,8310,East,21,3
2017-07-03,21,8311,West,17,3
2017-07-03,21,8312,North,45,3
2017-07-03,21,8313,South,25,3
2017-07-03,21,8314,East,21,3
2017-07-03,21,8315,West,17,3
2017-07-03,21,8316,North,45,3
2017-07-03,21,8317,South,25,3
2017-07-03,21,8318,East,21,3
2017-07-03,21,8319,West,17,3
2017-07-03,21,8320,North,45,3
2017-07-03,21,8321,South,25,3
2017-07-03,21,8322,East,21,3
2017-07-03,21,8323,West,17,3
2017-07-03,21,8324,North,45,3
2017-07-03,21,8325,South,25,3
2017-07-03,21,8326,East,21,3
2017-07-03,21,8327,West,17,3
2017-07-03,21,8328,North,45,3
2017-07-03,21,8329,South,25,3
2017-07-03,21,8330,East,21,3
2017-07-03,21,8331,West,17,3
2017-07-03,21,8332,North,45,3
2017-07-03,21,8333,South,25,3
2017-07-03,21,8334,East,21,3
2017-07-03,21,8335,West,17,3
2017-07-03,21,8336,North,45,3
2017-07-03,21,8337,South,25,3
2017-07-03,21,8338,East,21,3
2017-07-03,21,8339,West,17,3
2017-07-03,21,8340,North,45,3
2017-07-03,21,8341,South,25,3
2017-07-03,21,8342,East,21,3
2017-07-03,21,8343,West,17,3
2017-07-03,21,8344,North,45,3
2017-07-03,21,8345,South,25,3
2017-07-03,21,8346,East,21,3
2017-07-03,21,8347,West,17,3
2017-07-03,21,8348,North,45,3
2017-07-03,21,8349,South,25,3
2017-07-03,21,8350,East,21,3
2017-07-03,21,8351,West,17,3
2017-07-03,21,8352,North,45,3
2017-07-03,21,8353,South,25,3
2017-07-03,21,8354,East,21,3
2017-07-03,21,8355,West,17,3
2017-07-03,21,8356,North,45,3
2017-07-03,21,8357,South,25,3
2017-07-03,21,8358,East,21,3
2017-07-03,21,8359,West,17,3
2017-07-03,21,8360,North,45,3
2017-07-03,21,8361,South,25,3
2017-07-03,21,8362,East,21,3
2017-07-03,21,8363,West,17,3
2017-07-03,21,8364,North,45,3
2017-07-03,21,8365,South,25,3
2017-07-03,21,8366,East,21,3
2017-07-03,21,8367,West,17,3
2017-07-03,21,8368,North,45,3
2017-07-03,21,8369,South,25,3
2017-07-03,21,8370,East,21,3
2017-07-03,21,8371,West,17,3
2017-07-03,21,8372,North,45,3
2017-07-03,21,8373,South,25,3
2017-07-03,21,8374,East,21,3
2017-07-03,21,8375,West,17,3
2017-07-03,21,8376,North,45,3
2017-07-03,21,8377,South,25,3
2017-07-03,21,8378,East,21,3
2017-07-03,21,8379,West,17,3
2017-07-03,21,8380,North,45,3
2017-07-03,21,8381,South,25,3
2017-07-03,21,8382,East,21,3
2017-07-03,21,8383,West,17,3
2017-07-03,21,8384,North,45,3
2017-07-03,21,8385,South,25,3
2017-07-03,21,8386,East,21,3
2017-07-03,21,8387,West,17,3
2017-07-03,21,8388,North,45,3
2017-07-03,21,8389,South,25,3
2017-07-03,21,8390,East,21,3
2017-07-03,21,8391,West,17,3
2017-07-03,21,8392,North,45,3
2017-07-03,21,8393,South,25,3
2017-07-03,21,8394,East,21,3
2017-07-03,21,8395,West,17,3
2017-07-03,21,8396,North,45,3
2017-07-03,21,8397,South,25,3
2017-07-03,21,8398,East,21,3
2017-07-03,21,8399,West,17,3
2017-07-03,22,8400,North,45,3
2017-07-03,22,8401,South,26,3
2017-07-03,22,8402,East,20,3
2017-07-03,22,8403,West,17,3
2017-07-03,22,8404,North,45,3
2017-07-03,22,8405,South,26,3
2017-07-03,22,8406,East,20,3
2017-07-03,22,8407,West,17,3
2017-07-03,22,8408,North,45,3
2017-07-03,22,8409,South,26,3
2017-07-03,22,8410,East,20,3
2017-07-03,22,8411,West,17,3
2017-07-03,22,8412,North,45,3
2017-07-03,22,8413,South,26,3
2017-07-03,22,8414,East,20,3
2017-07-03,22,8415,West,17,3
2017-07-03,22,8416,North,45,3
2017-07-03,22,8417,South,26,3
2017-07-03,22,8418,East,20,3
2017-07-03,22,8419,West,17,3
2017-07-03,22,8420,North,45,3
2017-07-03,22,8421,South,26,3
2017-07-03,22,8422,East,20,3
2017-07-03,22,8423,West,17,3
2017-07-03,22,8424,North,45,3
2017-07-03,22,8425,South,26,3
2017-07-03,22,8426,East,20,3
2017-07-03,22,8427,West,17,3
2017-07-03,22,8428,North,45,3
2017-07-03,22,8429,South,26,3
2017-07-03,22,8430,East,20,3
2017-07-03,22,8431,West,17,3
2017-07-03,22,8432,North,45,3
2017-07-03,22,8433,South,26,3
2017-07-03,22,8434,East,20,3
2017-07-03,22,8435,West,17,3
2017-07-03,22,8436,North,45,3
2017-07-03,22,8437,South,26,3
2017-07-03,22,8438,East,20,3
2017-07-03,22,8439,West,17,3
2017-07-03,22,8440,North,45,3
2017-07-03,22,8441,South,26,3
2017-07-03,22,8442,East,20,3
2017-07-03,22,8443,West,17,3
2017-07-03,22,8444,North,45,3
2017-07-03,22,8445,South,26,3
2017-07-03,22,8446,East,20,3
2017-07-03,22,8447,West,17,3
2017-07-03,22,8448,North,45,3
2017-07-03,22,8449,South,26,3
2017-07-03,22,8450,East,20,3
2017-07-03,22,8451,West,17,3
2017-07-03,22,8452,North,45,3
2017-07-03,22,8453,South,26,3
2017-07-03,22,8454,East,20,3
2017-07-03,22,8455,West,17,3
2017-07-03,22,8456,North,45,3
2017-07-03,22,8457,South,26,3
2017-07-03,22,8458,East,20,3
2017-07-03,22,8459,West,17,3
2017-07-03,22,8460,North,45,3
2017-07-03,22,8461,South,26,3
2017-07-03,22,8462,East,20,3
2017-07-03,22,8463,West,17,3
2017-07-03,22,8464,North,45,3
2017-07-03,22,8465,South,26,3
2017-07-03,22,8466,East,20,3
2017-07-03,22,8467,West,17,3
2017-07-03,22,8468,North,45,3
2017-07-03,22,8469,South,26,3
2017-07-03,22,8470,East,20,3
2017-07-03,22,8471,West,17,3
2017-07-03,22,8472,North,45,3
2017-07-03,22,8473,South,26,3
2017-07-03,22,8474,East,20,3
2017-07-03,22,8475,West,17,3
2017-07-03,22,8476,North,45,3
2017-07-03,22,8477,South,26,3
2017-07-03,22,8478,East,20,3
2017-07-03,22,8479,West,17,3
2017-07-03,22,8480,North,45,3
2017-07-03,22,8481,South,26,3
2017-07-03,22,8482,East,20,3
2017-07-03,22,8483,West,17,3
2017-07-03,22,8484,North,45,3
2017-07-03,22,8485,South,26,3
2017-07-03,22,8486,East,20,3
2017-07-03,22,8487,West,17,3
2017-07-03,22,8488,North,45,3
2017-07-03,22,8489,South,26,3
2017-07-03,22,8490,East,20,3
2017-07-03,22,8491,West,17,3
2017-07-03,22,8492,North,45,3
2017-07-03,22,8493,South,26,3
2017-07-03,22,8494,East,20,3
2017-07-03,22,8495,West,17,3
2017-07-03,22,8496,North,45,3
2017-07-03,22,8497,South,26,3
2017-07-03,22,8498,East,20,3
2017-07-03,22,8499,West,17,3
2017-07-03,22,8500,North,45,3
2017-07-03,22,8501,South,26,3
2017-07-03,22,8502,East,20,3
2017-07-03,22,8503,West,17,3
2017-07-03,22,8504,North,45,3
2017-07-03,22,8505,South,26,3
2017-07-03,22,8506,East,20,3
2017-07-03,22,8507,West,17,3
2017-07-03,22,8508,North,45,3
2017-07-03,22,8509,South,26,3
2017-07-03,22,8510,East,20,3
2017-07-03,22,8511,West,17,3
2017-07-03,22,8512,North,45,3
2017-07-03,22,8513,South,26,3
2017-07-03,22,8514,East,20,3
2017-07-03,22,8515,West,17,3
2017-07-03,22,8516,North,45,3
2017-07-03,22,8517,South,26,3
2017-07-03,22,8518,East,20,3
2017-07-03,22,8519,West,17,3
2017-07-03,23,8520,North,44,3
2017-07-03,23,8521,South,26,3
2017-07-03,23,8522,East,21,3
2017-07-03,23,8523,West,17,3
2017-07-03,23,8524,North,44,3
2017-07-03,23,8525,South,26,3
2017-07-03,23,8526,East,21,3
2017-07-03,23,8527,West,17,3
2017-07-03,23,8528,North,44,3
2017-07-03,23,8529,South,26,3
2017-07-03,23,8530,East,21,3
2017-07-03,23,8531,West,17,3
2017-07-03,23,8532,North,44,3
2017-07-03,23,8533,South,26,3
2017-07-03,23,8534,East,21,3
2017-07-03,23,8535,West,17,3
2017-07-03,23,8536,North,44,3
2017-07-03,23,8537,South,26,3
2017-07-03,23,8538,East,21,3
2017-07-03,23,8539,West,17,3
2017-07-03,23,8540,North,44,3
2017-07-03,23,8541,South,26,3
2017-07-03,23,8542,East,21,3
2017-07-03,23,8543,West,17,3
2017-07-03,23,8544,North,44,3
2017-07-03,23,8545,South,26,3
2017-07-03,23,8546,East,21,3
2017-07-03,23,8547,West,17,3
2017-07-03,23,8548,North,44,3
2017-07-03,23,8549,South,26,3
2017-07-03,23,8550,East,21,3
2017-07-03,23,8551,West,17,3
2017-07-03,23,8552,North,44,3
2017-07-03,23,8553,South,26,3
2017-07-03,23,8554,East,21,3
2017-07-03,23,8555,West,17,3
2017-07-03,23,8556,North,44,3
2017-07-03,23,8557,South,26,3
2017-07-03,23,8558,East,21,3
2017-07-03,23,8559,West,17,3
2017-07-03,23,8560,North,44,3
2017-07-03,23,8561,South,26,3
2017-07-03,23,8562,East,21,3
2017-07-03,23,8563,West,17,3
2017-07-03,23,8564,North,44,3
2017-07-03,23,8565,South,26,3
2017-07-03,23,8566,East,21,3
2017-07-03,23,8567,West,17,3
2017-07-03,23,8568,North,44,3
2017-07-03,23,8569,South,26,3
2017-07-03,23,8570,East,21,3
2017-07-03,23,8571,West,17,3
2017-07-03,23,8572,North,44,3
2017-07-03,23,8573,South,26,3
2017-07-03,23,8574,East,21,3
2017-07-03,23,8575,West,17,3
2017-07-03,23,8576,North,44,3
2017-07-03,23,8577,South,26,3
2017-07-03,23,8578,East,21,3
2017-07-03,23,8579,West,17,3
2017-07-03,23,8580,North,44,3
2017-07-03,23,8581,South,26,3
2017-07-03,23,8582,East,21,3
2017-07-03,23,8583,West,17,3
2017-07-03,23,8584,North,44,3
2017-07-03,23,8585,South,26,3
2017-07-03,23,8586,East,21,3
2017-07-03,23,8587,West,17,3
2017-07-03,23,8588,North,44,3
2017-07-03,23,8589,South,26,3
2017-07-03,23,8590,East,21,3
2017-07-03,23,8591,West,17,3
2017-07-03,23,8592,North,44,3
2017-07-03,23,8593,South,26,3
2017-07-03,23,8594,East,21,3
2017-07-03,23,8595,West,17,3
2017-07-03,23,8596,North,44,3
2017-07-03,23,8597,South,26,3
2017-07-03,23,8598,East,21,3
2017-07-03,23,8599,West,17,3
2017-07-03,23,8600,North,44,3
2017-07-03,23,8601,South,26,3
2017-07-03,23,8602,East,21,3
2017-07-03,23,8603,West,17,3
2017-07-03,23,8604,North,44,3
2017-07-03,23,8605,South,26,3
2017-07-03,23,8606,East,21,3
2017-07-03,23,8607,West,17,3
2017-07-03,23,8608,North,44,3
2017-07-03,23,8609,South,26,3
2017-07-03,23,8610,East,21,3
2017-07-03,23,8611,West,17,3
2017-07-03,23,8612,North,44,3
2017-07-03,23,8613,South,26,3
2017-07-03,23,8614,East,21,3
2017-07-03,23,8615,West,17,3
2017-07-03,23,8616,North,44,3
2017-07-03,23,8617,South,26,3
2017-07-03,23,8618,East,21,3
2017-07-03,23,8619,West,17,3
2017-07-03,23,8620,North,44,3
2017-07-03,23,8621,South,26,3
2017-07-03,23,8622,East,21,3
2017-07-03,23,8623,West,17,3
2017-07-03,23,8624,North,44,3
2017-07-03,23,8625,South,26,3
2017-07-03,23,8626,East,21,3
2017-07-03,23,8627,West,17,3
2017-07-03,23,8628,North,44,3
2017-07-03,23,8629,South,26,3
2017-07-03,23,8630,East,21,3
2017-07-03,23,8631,West,17,3
2017-07-03,23,8632,North,44,3
2017-07-03,23,8633,South,26,3
2017-07-03,23,8634,East,21,3
2017-07-03,23,8635,West,17,3
2017-07-03,23,8636,North,44,3
2017-07-03,23,8637,South,26,3
2017-07-03,23,8638,East,21,3
2017-07-03,23,8639,West,17,3
2017-07-04,0,8640,North,50,3
2017-07-04,0,8641,South,23,3
2017-07-04,0,8642,East,19,3
2017-07-04,0,8643,West,16,3
2017-07-04,0,8644,North,50,3
2017-07-04,0,8645,South,23,3
2017-07-04,0,8646,East,19,3
2017-07-04,0,8647,West,16,3
2017-07-04,0,8648,North,50,3
2017-07-04,0,8649,South,23,3
2017-07-04,0,8650,East,19,3
2017-07-04,0,8651,West,16,3
2017-07-04,0,8652,North,50,3
2017-07-04,0,8653,South,23,3
2017-07-04,0,8654,East,19,3
2017-07-04,0,8655,West,16,3
2017-07-04,0,8656,North,50,3
2017-07-04,0,8657,South,23,3
2017-07-04,0,8658,East,19,3
2017-07-04,0,8659,West,16,3
2017-07-04,0,8660,North,50,3
2017-07-04,0,8661,South,23,3
2017-07-04,0,8662,East,19,3
2017-07-04,0,8663,West,16,3
2017-07-04,0,8664,North,50,3
2017-07-04,0,8665,South,23,3
2017-07-04,0,8666,East,19,3
2017-07-04,0,8667,West,16,3
2017-07-04,0,8668,North,50,3
2017-07-04,0,8669,South,23,3
2017-07-04,0,8670,East,19,3
2017-07-04,0,8671,West,16,3
2017-07-04,0,8672,North,50,3
2017-07-04,0,8673,South,23,3
2017-07-04,0,8674,East,19,3
2017-07-04,0,8675,West,16,3
2017-07-04,0,8676,North,50,3
2017-07-04,0,8677,South,23,3
2017-07-04,0,8678,East,19,3
2017-07-04,0,8679,West,16,3
2017-07-04,0,8680,North,50,3
2017-07-04,0,8681,South,23,3
2017-07-04,0,8682,East,19,3
2017-07-04,0,8683,West,16,3
2017-07-04,0,8684,North,50,3
2017-07-04,0,8685,South,23,3
2017-07-04,0,8686,East,19,3
2017-07-04,0,8687,West,16,3
2017-07-04,0,8688,North,50,3
2017-07-04,0,8689,South,23,3
2017-07-04,0,8690,East,19,3
2017-07-04,0,8691,West,16,3
2017-07-04,0,8692,North,50,3
2017-07-04,0,8693,South,23,3
2017-07-04,0,8694,East,19,3
2017-07-04,0,8695,West,16,3
2017-07-04,0,8696,North,50,3
2017-07-04,0,8697,South,23,3
2017-07-04,0,8698,East,19,3
2017-07-04,0,8699,West,16,3
2017-07-04,0,8700,North,50,3
2017-07-04,0,8701,South,23,3
2017-07-04,0,8702,East,19,3
2017-07-04,0,8703,West,16,3
2017-07-04,0,8704,North,50,3
2017-07-04,0,8705,South,23,3
2017-07-04,0,8706,East,19,3
2017-07-04,0,8707,West,16,3
2017-07-04,0,8708,North,50,3
2017-07-04,0,8709,South,23,3
2017-07-04,0,8710,East,19,3
2017-07-04,0,8711,West,16,3
2017-07-04,0,8712,North,50,3
2017-07-04,0,8713,South,23,3
2017-07-04,0,8714,East,19,3
2017-07-04,0,8715,West,16,3
2017-07-04,0,8716,North,50,3
2017-07-04,0,8717,South,23,3
2017-07-04,0,8718,East,19,3
2017-07-04,0,8719,West,16,3
2017-07-04,0,8720,North,50,3
2017-07-04,0,8721,South,23,3
2017-07-04,0,8722,East,19,3
2017-07-04,0,8723,West,16,3
2017-07-04,0,8724,North,50,3
2017-07-04,0,8725,South,23,3
2017-07-04,0,8726,East,19,3
2017-07-04,0,8727,West,16,3
2017-07-04,0,8728,North,50,3
2017-07-04,0,8729,South,23,3
2017-07-04,0,8730,East,19,3
2017-07-04,0,8731,West,16,3
2017-07-04,0,8732,North,50,3
2017-07-04,0,8733,South,23,3
2017-07-04,0,8734,East,19,3
2017-07-04,0,8735,West,16,3
2017-07-04,0,8736,North,50,3
2017-07-04,0,8737,South,23,3
2017-07-04,0,8738,East,19,3
2017-07-04,0,8739,West,16,3
2017-07-04,0,8740,North,50,3
2017-07-04,0,8741,South,23,3
2017-07-04,0,8742,East,19,3
2017-07-04,0,8743,West,16,3
2017-07-04,0,8744,North,50,3
2017-07-04,0,8745,South,23,3
2017-07-04,0,8746,East,19,3
2017-07-04,0,8747,West,16,3
2017-07-04,0,8748,North,50,3
2017-07-04,0,8749,South,23,3
2017-07-04,0,8750,East,19,3
2017-07-04,0,8751,West,16,3
2017-07-04,0,8752,North,50,3
2017-07-04,0,8753,South,23,3
2017-07-04,0,8754,East,19,3
2017-07-04,0,8755,West,16,3
2017-07-04,0,8756,North,50,3
2017-07-04,0,8757,South,23,3
2017-07-04,0,8758,East,19,3
2017-07-04,0,8759,West,16,3
2017-07-04,1,8760,North,51,3
2017-07-04,1,8761,South,24,3
2017-07-04,1,8762,East,18,3
2017-07-04,1,8763,West,15,3
2017-07-04,1,8764,North,51,3
2017-07-04,1,8765,South,24,3
2017-07-04,1,8766,East,18,3
2017-07-04,1,8767,West,15,3
2017-07-04,1,8768,North,51,3
2017-07-04,1,8769,South,24,3
2017-07-04,1,8770,East,18,3
2017-07-04,1,8771,West,15,3
2017-07-04,1,8772,North,51,3
2017-07-04,1,8773,South,24,3
2017-07-04,1,8774,East,18,3
2017-07-04,1,8775,West,15,3
2017-07-04,1,8776,North,51,3
2017-07-04,1,8777,South,24,3
2017-07-04,1,8778,East,18,3
2017-07-04,1,8779,West,15,3
2017-07-04,1,8780,North,51,3
2017-07-04,1,8781,South,24,3
2017-07-04,1,8782,East,18,3
2017-07-04,1,8783,West,15,3
2017-07-04,1,8784,North,51,3
2017-07-04,1,8785,South,24,3
2017-07-04,1,8786,East,18,3
2017-07-04,1,8787,West,15,3
2017-07-04,1,8788,North,51,3
2017-07-04,1,8789,South,24,3
2017-07-04,1,8790,East,18,3
2017-07-04,1,8791,West,15,3
2017-07-04,1,8792,North,51,3
2017-07-04,1,8793,South,24,3
2017-07-04,1,8794,East,18,3
2017-07-04,1,8795,West,15,3
2017-07-04,1,8796,North,51,3
2017-07-04,1,8797,South,24,3
2017-07-04,1,8798,East,18,3
2017-07-04,1,8799,West,15,3
2017-07-04,1,8800,North,51,3
2017-07-04,1,8801,South,24,3
2017-07-04,1,8802,East,18,3
2017-07-04,1,8803,West,15,3
2017-07-04,1,8804,North,51,3
2017-07-04,1,8805,South,24,3
2017-07-04,1,8806,East,18,3
2017-07-04,1,8807,West,15,3
2017-07-04,1,8808,North,51,3
2017-07-04,1,8809,South,24,3
2017-07-04,1,8810,East,18,3
2017-07-04,1,8811,West,15,3
2017-07-04,1,8812,North,51,3
2017-07-04,1,8813,South,24,3
2017-07-04,1,8814,East,18,3
2017-07-04,1,8815,West,15,3
2017-07-04,1,8816,North,51,3
2017-07-04,1,8817,South,24,3
2017-07-04,1,8818,East,18,3
2017-07-04,1,8819,West,15,3
2017-07-04,1,8820,North,51,3
2017-07-04,1,8821,South,24,3
2017-07-04,1,8822,East,18,3
2017-07-04,1,8823,West,15,3
2017-07-04,1,8824,North,51,3
2017-07-04,1,8825,South,24,3
2017-07-04,1,8826,East,18,3
2017-07-04,1,8827,West,15,3
2017-07-04,1,8828,North,51,3
2017-07-04,1,8829,South,24,3
2017-07-04,1,8830,East,18,3
2017-07-04,1,8831,West,15,3
2017-07-04,1,8832,North,51,3
2017-07-04,1,8833,South,24,3
2017-07-04,1,8834,East,18,3
2017-07-04,1,8835,West,15,3
2017-07-04,1,8836,North,51,3
2017-07-04,1,8837,South,24,3
2017-07-04,1,8838,East,18,3
2017-07-04,1,8839,West,15,3
2017-07-04,1,8840,North,51,3
2017-07-04,1,8841,South,24,3
2017-07-04,1,8842,East,18,3
2017-07-04,1,8843,West,15,3
2017-07-04,1,8844,North,51,3
2017-07-04,1,8845,South,24,3
2017-07-04,1,8846,East,18,3
2017-07-04,1,8847,West,15,3
2017-07-04,1,8848,North,51,3
2017-07-04,1,8849,South,24,3
2017-07-04,1,8850,East,18,3
2017-07-04,1,8851,West,15,3
2017-07-04,1,8852,North,51,3
2017-07-04,1,8853,South,24,3
2017-07-04,1,8854,East,18,3
2017-07-04,1,8855,West,15,3
2017-07-04,1,8856,North,51,3
2017-07-04,1,8857,South,24,3
2017-07-04,1,8858,East,18,3
2017-07-04,1,8859,West,15,3
2017-07-04,1,8860,North,51,3
2017-07-04,1,8861,South,24,3
2017-07-04,1,8862,East,18,3
2017-07-04,1,8863,West,15,3
2017-07-04,1,8864,North,51,3
2017-07-04,1,8865,South,24,3
2017-07-04,1,8866,East,18,3
2017-07-04,1,8867,West,15,3
2017-07-04,1,8868,North,51,3
2017-07-04,1,8869,South,24,3
2017-07-04,1,8870,East,18,3
2017-07-04,1,8871,West,15,3
2017-07-04,1,8872,North,51,3
2017-07-04,1,8873,South,24,3
2017-07-04,1,8874,East,18,3
2017-07-04,1,8875,West,15,3
2017-07-04,1,8876,North,51,3
2017-07-04,1,8877,South,24,3
2017-07-04,1,8878,East,18,3
2017-07-04,1,8879,West,15,3
2017-07-04,2,8880,North,51,3
2017-07-04,2,8881,South,25,3
2017-07-04,2,8882,East,17,3
2017-07-04,2,8883,West,15,3
2017-07-04,2,8884,North,51,3
2017-07-04,2,8885,South,25,3
2017-07-04,2,8886,East,17,3
2017-07-04,2,8887,West,15,3
2017-07-04,2,8888,North,51,3
2017-07-04,2,8889,South,25,3
2017-07-04,2,8890,East,17,3
2017-07-04,2,8891,West,15,3
2017-07-04,2,8892,North,51,3
2017-07-04,2,8893,South,25,3
2017-07-04,2,8894,East,17,3
2017-07-04,2,8895,West,15,3
2017-07-04,2,8896,North,51,3
2017-07-04,2,8897,South,25,3
2017-07-04,2,8898,East,17,3
2017-07-04,2,8899,West,15,3
2017-07-04,2,8900,North,51,3
2017-07-04,2,8901,South,25,3
2017-07-04,2,8902,East,17,3
2017-07-04,2,8903,West,15,3
2017-07-04,2,8904,North,51,3
2017-07-04,2,8905,South,25,3
2017-07-04,2,8906,East,17,3
2017-07-04,2,8907,West,15,3
2017-07-04,2,8908,North,51,3
2017-07-04,2,8909,South,25,3
2017-07-04,2,8910,East,17,3
2017-07-04,2,8911,West,15,3
2017-07-04,2,8912,North,51,3
2017-07-04,2,8913,South,25,3
2017-07-04,2,8914,East,17,3
2017-07-04,2,8915,West,15,3
2017-07-04,2,8916,North,51,3
2017-07-04,2,8917,South,25,3
2017-07-04,2,8918,East,17,3
2017-07-04,2,8919,West,15,3
2017-07-04,2,8920,North,51,3
2017-07-04,2,8921,South,25,3
2017-07-04,2,8922,East,17,3
2017-07-04,2,8923,West,15,3
2017-07-04,2,8924,North,51,3
2017-07-04,2,8925,South,25,3
2017-07-04,2,8926,East,17,3
2017-07-04,2,8927,West,15,3
2017-07-04,2,8928,North,51,3
2017-07-04,2,8929,South,25,3
2017-07-04,2,8930,East,17,3
2017-07-04,2,8931,West,15,3
2017-07-04,2,8932,North,51,3
2017-07-04,2,8933,South,25,3
2017-07-04,2,8934,East,17,3
2017-07-04,2,8935,West,15,3
2017-07-04,2,8936,North,51,3
2017-07-04,2,8937,South,25,3
2017-07-04,2,8938,East,17,3
2017-07-04,2,8939,West,15,3
2017-07-04,2,8940,North,51,3
2017-07-04,2,8941,South,25,3
2017-07-04,2,8942,East,17,3
2017-07-04,2,8943,West,15,3
2017-07-04,2,8944,North,51,3
2017-07-04,2,8945,South,25,3
2017-07-04,2,8946,East,17,3
2017-07-04,2,8947,West,15,3
2017-07-04,2,8948,North,51,3
2017-07-04,2,8949,South,25,3
2017-07-04,2,8950,East,17,3
2017-07-04,2,8951,West,15,3
2017-07-04,2,8952,North,51,3
2017-07-04,2,8953,South,25,3
2017-07-04,2,8954,East,17,3
2017-07-04,2,8955,West,15,3
2017-07-04,2,8956,North,51,3
2017-07-04,2,8957,South,25,3
2017-07-04,2,8958,East,17,3
2017-07-04,2,8959,West,15,3
2017-07-04,2,8960,North,51,3
2017-07-04,2,8961,South,25,3
2017-07-04,2,8962,East,17,3
2017-07-04,2,8963,West,15,3
2017-07-04,2,8964,North,51,3
2017-07-04,2,8965,South,25,3
2017-07-04,2,8966,East,17,3
2017-07-04,2,8967,West,15,3
2017-07-04,2,8968,North,51,3
2017-07-04,2,8969,South,25,3
2017-07-04,2,8970,East,17,3
2017-07-04,2,8971,West,15,3
2017-07-04,2,8972,North,51,3
2017-07-04,2,8973,South,25,3
2017-07-04,2,8974,East,17,3
2017-07-04,2,8975,West,15,3
2017-07-04,2,8976,North,51,3
2017-07-04,2,8977,South,25,3
2017-07-04,2,8978,East,17,3
2017-07-04,2,8979,West,15,3
2017-07-04,2,8980,North,51,3
2017-07-04,2,8981,South,25,3
2017-07-04,2,8982,East,17,3
2017-07-04,2,8983,West,15,3
2017-07-04,2,8984,North,51,3
2017-07-04,2,8985,South,25,3
2017-07-04,2,8986,East,17,3
2017-07-04,2,8987,West,15,3
2017-07-04,2,8988,North,51,3
2017-07-04,2,8989,South,25,3
2017-07-04,2,8990,East,17,3
2017-07-04,2,8991,West,15,3
2017-07-04,2,8992,North,51,3
2017-07-04,2,8993,South,25,3
2017-07-04,2,8994,East,17,3
2017-07-04,2,8995,West,15,3
2017-07-04,2,8996,North,51,3
2017-07-04,2,8997,South,25,3
2017-07-04,2,8998,East,17,3
2017-07-04,2,8999,West,15,3
2017-07-04,3,9000,North,48,3
2017-07-04,3,9001,South,26,3
2017-07-04,3,9002,East,18,3
2017-07-04,3,9003,West,16,3
2017-07-04,3,9004,North,48,3
2017-07-04,3,9005,South,26,3
2017-07-04,3,9006,East,18,3
2017-07-04,3,9007,West,16,3
2017-07-04,3,9008,North,48,3
2017-07-04,3,9009,South,26,3
2017-07-04,3,9010,East,18,3
2017-07-04,3,9011,West,16,3
2017-07-04,3,9012,North,48,3
2017-07-04,3,9013,South,26,3
2017-07-04,3,9014,East,18,3
2017-07-04,3,9015,West,16,3
2017-07-04,3,9016,North,48,3
2017-07-04,3,9017,South,26,3
2017-07-04,3,9018,East,18,3
2017-07-04,3,9019,West,16,3
2017-07-04,3,9020,North,48,3
2017-07-04,3,9021,South,26,3
2017-07-04,3,9022,East,18,3
2017-07-04,3,9023,West,16,3
2017-07-04,3,9024,North,48,3
2017-07-04,3,9025,South,26,3
2017-07-04,3,9026,East,18,3
2017-07-04,3,9027,West,16,3
2017-07-04,3,9028,North,48,3
2017-07-04,3,9029,South,26,3
2017-07-04,3,9030,East,18,3
2017-07-04,3,9031,West,16,3
2017-07-04,3,9032,North,48,3
2017-07-04,3,9033,South,26,3
2017-07-04,3,9034,East,18,3
2017-07-04,3,9035,West,16,3
2017-07-04,3,9036,North,48,3
2017-07-04,3,9037,South,26,3
2017-07-04,3,9038,East,18,3
2017-07-04,3,9039,West,16,3
2017-07-04,3,9040,North,48,3
2017-07-04,3,9041,South,26,3
2017-07-04,3,9042,East,18,3
2017-07-04,3,9043,West,16,3
2017-07-04,3,9044,North,48,3
2017-07-04,3,9045,South,26,3
2017-07-04,3,9046,East,18,3
2017-07-04,3,9047,West,16,3
2017-07-04,3,9048,North,48,3
2017-07-04,3,9049,South,26,3
2017-07-04,3,9050,East,18,3
2017-07-04,3,9051,West,16,3
2017-07-04,3,9052,North,48,3
2017-07-04,3,9053,South,26,3
2017-07-04,3,9054,East,18,3
2017-07-04,3,9055,West,16,3
2017-07-04,3,9056,North,48,3
2017-07-04,3,9057,South,26,3
2017-07-04,3,9058,East,18,3
2017-07-04,3,9059,West,16,3
2017-07-04,3,9060,North,48,3
2017-07-04,3,9061,South,26,3
2017-07-04,3,9062,East,18,3
2017-07-04,3,9063,West,16,3
2017-07-04,3,9064,North,48,3
2017-07-04,3,9065,South,26,3
2017-07-04,3,9066,East,18,3
2017-07-04,3,9067,West,16,3
2017-07-04,3,9068,North,48,3
2017-07-04,3,9069,South,26,3
2017-07-04,3,9070,East,18,3
2017-07-04,3,9071,West,16,3
2017-07-04,3,9072,North,48,3
2017-07-04,3,9073,South,26,3
2017-07-04,3,9074,East,18,3
2017-07-04,3,9075,West,16,3
2017-07-04,3,9076,North,48,3
2017-07-04,3,9077,South,26,3
2017-07-04,3,9078,East,18,3
2017-07-04,3,9079,West,16,3
2017-07-04,3,9080,North,48,3
2017-07-04,3,9081,South,26,3
2017-07-04,3,9082,East,18,3
2017-07-04,3,9083,West,16,3
2017-07-04,3,9084,North,48,3
2017-07-04,3,9085,South,26,3
2017-07-04,3,9086,East,18,3
2017-07-04,3,9087,West,16,3
2017-07-04,3,9088,North,48,3
2017-07-04,3,9089,South,26,3
2017-07-04,3,9090,East,18,3
2017-07-04,3,9091,West,16,3
2017-07-04,3,9092,North,48,3
2017-07-04,3,9093,South,26,3
2017-07-04,3,9094,East,18,3
2017-07-04,3,9095,West,16,3
2017-07-04,3,9096,North,48,3
2017-07-04,3,9097,South,26,3
2017-07-04,3,9098,East,18,3
2017-07-04,3,9099,West,16,3
2017-07-04,3,9100,North,48,3
2017-07-04,3,9101,South,26,3
2017-07-04,3,9102,East,18,3
2017-07-04,3,9103,West,16,3
2017-07-04,3,9104,North,48,3
2017-07-04,3,9105,South,26,3
2017-07-04,3,9106,East,18,3
2017-07-04,3,9107,West,16,3
2017-07-04,3,9108,North,48,3
2017-07-04,3,9109,South,26,3
2017-07-04,3,9110,East,18,3
2017-07-04,3,9111,West,16,3
2017-07-04,3,9112,North,48,3
2017-07-04,3,9113,South,26,3
2017-07-04,3,9114,East,18,3
2017-07-04,3,9115,West,16,3
2017-07-04,3,9116,North,48,3
2017-07-04,3,9117,South,26,3
2017-07-04,3,9118,East,18,3
2017-07-04,3,9119,West,16,3
2017-07-04,4,9120,North,47,3
2017-07-04,4,9121,South,26,3
2017-07-04,4,9122,East,19,3
2017-07-04,4,9123,West,16,3
2017-07-04,4,9124,North,47,3
2017-07-04,4,9125,South,26,3
2017-07-04,4,9126,East,19,3
2017-07-04,4,9127,West,16,3
2017-07-04,4,9128,North,47,3
2017-07-04,4,9129,South,26,3
2017-07-04,4,9130,East,19,3
2017-07-04,4,9131,West,16,3
2017-07-04,4,9132,North,47,3
2017-07-04,4,9133,South,26,3
2017-07-04,4,9134,East,19,3
2017-07-04,4,9135,West,16,3
2017-07-04,4,9136,North,47,3
2017-07-04,4,9137,South,26,3
2017-07-04,4,9138,East,19,3
2017-07-04,4,9139,West,16,3
2017-07-04,4,9140,North,47,3
2017-07-04,4,9141,South,26,3
2017-07-04,4,9142,East,19,3
2017-07-04,4,9143,West,16,3
2017-07-04,4,9144,North,47,3
2017-07-04,4,9145,South,26,3
2017-07-04,4,9146,East,19,3
2017-07-04,4,9147,West,16,3
2017-07-04,4,9148,North,47,3
2017-07-04,4,9149,South,26,3
2017-07-04,4,9150,East,19,3
2017-07-04,4,9151,West,16,3
2017-07-04,4,9152,North,47,3
2017-07-04,4,9153,South,26,3
2017-07-04,4,9154,East,19,3
2017-07-04,4,9155,West,16,3
2017-07-04,4,9156,North,47,3
2017-07-04,4,9157,South,26,3
2017-07-04,4,9158,East,19,3
2017-07-04,4,9159,West,16,3
2017-07-04,4,9160,North,47,3
2017-07-04,4,9161,South,26,3
2017-07-04,4,9162,East,19,3
2017-07-04,4,9163,West,16,3
2017-07-04,4,9164,North,47,3
2017-07-04,4,9165,South,26,3
2017-07-04,4,9166,East,19,3
2017-07-04,4,9167,West,16,3
2017-07-04,4,9168,North,47,3
2017-07-04,4,9169,South,26,3
2017-07-04,4,9170,East,19,3
2017-07-04,4,9171,West,16,3
2017-07-04,4,9172,North,47,3
2017-07-04,4,9173,South,26,3
2017-07-04,4,9174,East,19,3
2017-07-04,4,9175,West,16,3
2017-07-04,4,9176,North,47,3
2017-07-04,4,9177,South,26,3
2017-07-04,4,9178,East,19,3
2017-07-04,4,9179,West,16,3
2017-07-04,4,9180,North,47,3
2017-07-04,4,9181,South,26,3
2017-07-04,4,9182,East,19,3
2017-07-04,4,9183,West,16,3
2017-07-04,4,9184,North,47,3
2017-07-04,4,9185,South,26,3
2017-07-04,4,9186,East,19,3
2017-07-04,4,9187,West,16,3
2017-07-04,4,9188,North,47,3
2017-07-04,4,9189,South,26,3
2017-07-04,4,9190,East,19,3
2017-07-04,4,9191,West,16,3
2017-07-04,4,9192,North,47,3
2017-07-04,4,9193,South,26,3
2017-07-04,4,9194,East,19,3
2017-07-04,4,9195,West,16,3
2017-07-04,4,9196,North,47,3
2017-07-04,4,9197,South,26,3
2017-07-04,4,9198,East,19,3
2017-07-04,4,9199,West,16,3
2017-07-04,4,9200,North,47,3
2017-07-04,4,9201,South,26,3
2017-07-04,4,9202,East,19,3
2017-07-04,4,9203,West,16,3
2017-07-04,4,9204,North,47,3
2017-07-04,4,9205,South,26,3
2017-07-04,4,9206,East,19,3
2017-07-04,4,9207,West,16,3
2017-07-04,4,9208,North,47,3
2017-07-04,4,9209,South,26,3
2017-07-04,4,9210,East,19,3
2017-07-04,4,9211,West,16,3
2017-07-04,4,9212,North,47,3
2017-07-04,4,9213,South,26,3
2017-07-04,4,9214,East,19,3
2017-07-04,4,9215,West,16,3
2017-07-04,4,9216,North,47,3
2017-07-04,4,9217,South,26,3
2017-07-04,4,9218,East,19,3
2017-07-04,4,9219,West,16,3
2017-07-04,4,9220,North,47,3
2017-07-04,4,9221,South,26,3
2017-07-04,4,9222,East,19,3
2017-07-04,4,9223,West,16,3
2017-07-04,4,9224,North,47,3
2017-07-04,4,9225,South,26,3
2017-07-04,4,9226,East,19,3
2017-07-04,4,9227,West,16,3
2017-07-04,4,9228,North,47,3
2017-07-04,4,9229,South,26,3
2017-07-04,4,9230,East,19,3
2017-07-04,4,9231,West,16,3
2017-07-04,4,9232,North,47,3
2017-07-04,4,9233,South,26,3
2017-07-04,4,9234,East,19,3
2017-07-04,4,9235,West,16,3
2017-07-04,4,9236,North,47,3
2017-07-04,4,9237,South,26,3
2017-07-04,4,9238,East,19,3
2017-07-04,4,9239,West,16,3
2017-07-04,5,9240,North,47,3
2017-07-04,5,9241,South,27,3
2017-07-04,5,9242,East,18,3
2017-07-04,5,9243,West,16,3
2017-07-04,5,9244,North,47,3
2017-07-04,5,9245,South,27,3
2017-07-04,5,9246,East,18,3
2017-07-04,5,9247,West,16,3
2017-07-04,5,9248,North,47,3
2017-07-04,5,9249,South,27,3
2017-07-04,5,9250,East,18,3
2017-07-04,5,9251,West,16,3
2017-07-04,5,9252,North,47,3
2017-07-04,5,9253,South,27,3
2017-07-04,5,9254,East,18,3
2017-07-04,5,9255,West,16,3
2017-07-04,5,9256,North,47,3
2017-07-04,5,9257,South,27,3
2017-07-04,5,9258,East,18,3
2017-07-04,5,9259,West,16,3
2017-07-04,5,9260,North,47,3
2017-07-04,5,9261,South,27,3
2017-07-04,5,9262,East,18,3
2017-07-04,5,9263,West,16,3
2017-07-04,5,9264,North,47,3
2017-07-04,5,9265,South,27,3
2017-07-04,5,9266,East,18,3
2017-07-04,5,9267,West,16,3
2017-07-04,5,9268,North,47,3
2017-07-04,5,9269,South,27,3
2017-07-04,5,9270,East,18,3
2017-07-04,5,9271,West,16,3
2017-07-04,5,9272,North,47,3
2017-07-04,5,9273,South,27,3
2017-07-04,5,9274,East,18,3
2017-07-04,5,9275,West,16,3
2017-07-04,5,9276,North,47,3
2017-07-04,5,9277,South,27,3
2017-07-04,5,9278,East,18,3
2017-07-04,5,9279,West,16,3
2017-07-04,5,9280,North,47,3
2017-07-04,5,9281,South,27,3
2017-07-04,5,9282,East,18,3
2017-07-04,5,9283,West,16,3
2017-07-04,5,9284,North,47,3
2017-07-04,5,9285,South,27,3
2017-07-04,5,9286,East,18,3
2017-07-04,5,9287,West,16,3
2017-07-04,5,9288,North,47,3
2017-07-04,5,9289,South,27,3
2017-07-04,5,9290,East,18,3
2017-07-04,5,9291,West,16,3
2017-07-04,5,9292,North,47,3
2017-07-04,5,9293,South,27,3
2017-07-04,5,9294,East,18,3
2017-07-04,5,9295,West,16,3
2017-07-04,5,9296,North,47,3
2017-07-04,5,9297,South,27,3
2017-07-04,5,9298,East,18,3
2017-07-04,5,9299,West,16,3
2017-07-04,5,9300,North,47,3
2017-07-04,5,9301,South,27,3
2017-07-04,5,9302,East,18,3
2017-07-04,5,9303,West,16,3
2017-07-04,5,9304,North,47,3
2017-07-04,5,9305,South,27,3
2017-07-04,5,9306,East,18,3
2017-07-04,5,9307,West,16,3
2017-07-04,5,9308,North,47,3
2017-07-04,5,9309,South,27,3
2017-07-04,5,9310,East,18,3
2017-07-04,5,9311,West,16,3
2017-07-04,5,9312,North,47,3
2017-07-04,5,9313,South,27,3
2017-07-04,5,9314,East,18,3
2017-07-04,5,9315,West,16,3
2017-07-04,5,9316,North,47,3
2017-07-04,5,9317,South,27,3
2017-07-04,5,9318,East,18,3
2017-07-04,5,9319,West,16,3
2017-07-04,5,9320,North,47,3
2017-07-04,5,9321,South,27,3
2017-07-04,5,9322,East,18,3
2017-07-04,5,9323,West,16,3
2017-07-04,5,9324,North,47,3
2017-07-04,5,9325,South,27,3
2017-07-04,5,9326,East,18,3
2017-07-04,5,9327,West,16,3
2017-07-04,5,9328,North,47,3
2017-07-04,5,9329,South,27,3
2017-07-04,5,9330,East,18,3
2017-07-04,5,9331,West,16,3
2017-07-04,5,9332,North,47,3
2017-07-04,5,9333,South,27,3
2017-07-04,5,9334,East,18,3
2017-07-04,5,9335,West,16,3
2017-07-04,5,9336,North,47,3
2017-07-04,5,9337,South,27,3
2017-07-04,5,9338,East,18,3
2017-07-04,5,9339,West,16,3
2017-07-04,5,9340,North,47,3
2017-07-04,5,9341,South,27,3
2017-07-04,5,9342,East,18,3
2017-07-04,5,9343,West,16,3
2017-07-04,5,9344,North,47,3
2017-07-04,5,9345,South,27,3
2017-07-04,5,9346,East,18,3
2017-07-04,5,9347,West,16,3
2017-07-04,5,9348,North,47,3
2017-07-04,5,9349,South,27,3
2017-07-04,5,9350,East,18,3
2017-07-04,5,9351,West,16,3
2017-07-04,5,9352,North,47,3
2017-07-04,5,9353,South,27,3
2017-07-04,5,9354,East,18,3
2017-07-04,5,9355,West,16,3
2017-07-04,5,9356,North,47,3
2017-07-04,5,9357,South,27,3
2017-07-04,5,9358,East,18,3
2017-07-04,5,9359,West,16,3
2017-07-04,6,9360,North,50,3
2017-07-04,6,9361,South,24,3
2017-07-04,6,9362,East,18,3
2017-07-04,6,9363,West,16,3
2017-07-04,6,9364,North,50,3
2017-07-04,6,9365,South,24,3
2017-07-04,6,9366,East,18,3
2017-07-04,6,9367,West,16,3
2017-07-04,6,9368,North,50,3
2017-07-04,6,9369,South,24,3
2017-07-04,6,9370,East,18,3
2017-07-04,6,9371,West,16,3
2017-07-04,6,9372,North,50,3
2017-07-04,6,9373,South,24,3
2017-07-04,6,9374,East,18,3
2017-07-04,6,9375,West,16,3
2017-07-04,6,9376,North,50,3
2017-07-04,6,9377,South,24,3
2017-07-04,6,9378,East,18,3
2017-07-04,6,9379,West,16,3
2017-07-04,6,9380,North,50,3
2017-07-04,6,9381,South,24,3
2017-07-04,6,9382,East,18,3
2017-07-04,6,9383,West,16,3
2017-07-04,6,9384,North,50,3
2017-07-04,6,9385,South,24,3
2017-07-04,6,9386,East,18,3
2017-07-04,6,9387,West,16,3
2017-07-04,6,9388,North,50,3
2017-07-04,6,9389,South,24,3
2017-07-04,6,9390,East,18,3
2017-07-04,6,9391,West,16,3
2017-07-04,6,9392,North,50,3
2017-07-04,6,9393,South,24,3
2017-07-04,6,9394,East,18,3
2017-07-04,6,9395,West,16,3
2017-07-04,6,9396,North,50,3
2017-07-04,6,9397,South,24,3
2017-07-04,6,9398,East,18,3
2017-07-04,6,9399,West,16,3
2017-07-04,6,9400,North,50,3
2017-07-04,6,9401,South,24,3
2017-07-04,6,9402,East,18,3
2017-07-04,6,9403,West,16,3
2017-07-04,6,9404,North,50,3
2017-07-04,6,9405,South,24,3
2017-07-04,6,9406,East,18,3
2017-07-04,6,9407,West,16,3
2017-07-04,6,9408,North,50,3
2017-07-04,6,9409,South,24,3
2017-07-04,6,9410,East,18,3
2017-07-04,6,9411,West,16,3
2017-07-04,6,9412,North,50,3
2017-07-04,6,9413,South,24,3
2017-07-04,6,9414,East,18,3
2017-07-04,6,9415,West,16,3
2017-07-04,6,9416,North,50,3
2017-07-04,6,9417,South,24,3
2017-07-04,6,9418,East,18,3
2017-07-04,6,9419,West,16,3
2017-07-04,6,9420,North,50,3
2017-07-04,6,9421,South,24,3
2017-07-04,6,9422,East,18,3
2017-07-04,6,9423,West,16,3
2017-07-04,6,9424,North,50,3
2017-07-04,6,9425,South,24,3
2017-07-04,6,9426,East,18,3
2017-07-04,6,9427,West,16,3
2017-07-04,6,9428,North,50,3
2017-07-04,6,9429,South,24,3
2017-07-04,6,9430,East,18,3
2017-07-04,6,9431,West,16,3
2017-07-04,6,9432,North,50,3
2017-07-04,6,9433,South,24,3
2017-07-04,6,9434,East,18,3
2017-07-04,6,9435,West,16,3
2017-07-04,6,9436,North,50,3
2017-07-04,6,9437,South,24,3
2017-07-04,6,9438,East,18,3
2017-07-04,6,9439,West,16,3
2017-07-04,6,9440,North,50,3
2017-07-04,6,9441,South,24,3
2017-07-04,6,9442,East,18,3
2017-07-04,6,9443,West,16,3
2017-07-04,6,9444,North,50,3
2017-07-04,6,9445,South,24,3
2017-07-04,6,9446,East,18,3
2017-07-04,6,9447,West,16,3
2017-07-04,6,9448,North,50,3
2017-07-04,6,9449,South,24,3
2017-07-04,6,9450,East,18,3
2017-07-04,6,9451,West,16,3
2017-07-04,6,9452,North,50,3
2017-07-04,6,9453,South,24,3
2017-07-04,6,9454,East,18,3
2017-07-04,6,9455,West,16,3
2017-07-04,6,9456,North,50,3
2017-07-04,6,9457,South,24,3
2017-07-04,6,9458,East,18,3
2017-07-04,6,9459,West,16,3
2017-07-04,6,9460,North,50,3
2017-07-04,6,9461,South,24,3
2017-07-04,6,9462,East,18,3
2017-07-04,6,9463,West,16,3
2017-07-04,6,9464,North,50,3
2017-07-04,6,9465,South,24,3
2017-07-04,6,9466,East,18,3
2017-07-04,6,9467,West,16,3
2017-07-04,6,9468,North,50,3
2017-07-04,6,9469,South,24,3
2017-07-04,6,9470,East,18,3
2017-07-04,6,9471,West,16,3
2017-07-04,6,9472,North,50,3
2017-07-04,6,9473,South,24,3
2017-07-04,6,9474,East,18,3
2017-07-04,6,9475,West,16,3
2017-07-04,6,9476,North,50,3
2017-07-04,6,9477,South,24,3
2017-07-04,6,9478,East,18,3
2017-07-04,6,9479,West,16,3
2017-07-04,7,9480,North,49,3
2017-07-04,7,9481,South,25,3
2017-07-04,7,9482,East,18,3
2017-07-04,7,9483,West,16,3
2017-07-04,7,9484,North,49,3
2017-07-04,7,9485,South,25,3
2017-07-04,7,9486,East,18,3
2017-07-04,7,9487,West,16,3
2017-07-04,7,9488,North,49,3
2017-07-04,7,9489,South,25,3
2017-07-04,7,9490,East,18,3
2017-07-04,7,9491,West,16,3
2017-07-04,7,9492,North,49,3
2017-07-04,7,9493,South,25,3
2017-07-04,7,9494,East,18,3
2017-07-04,7,9495,West,16,3
2017-07-04,7,9496,North,49,3
2017-07-04,7,9497,South,25,3
2017-07-04,7,9498,East,18,3
2017-07-04,7,9499,West,16,3
2017-07-04,7,9500,North,49,3
2017-07-04,7,9501,South,25,3
2017-07-04,7,9502,East,18,3
2017-07-04,7,9503,West,16,3
2017-07-04,7,9504,North,49,3
2017-07-04,7,9505,South,25,3
2017-07-04,7,9506,East,18,3
2017-07-04,7,9507,West,16,3
2017-07-04,7,9508,North,49,3
2017-07-04,7,9509,South,25,3
2017-07-04,7,9510,East,18,3
2017-07-04,7,9511,West,16,3
2017-07-04,7,9512,North,49,3
2017-07-04,7,9513,South,25,3
2017-07-04,7,9514,East,18,3
2017-07-04,7,9515,West,16,3
2017-07-04,7,9516,North,49,3
2017-07-04,7,9517,South,25,3
2017-07-04,7,9518,East,18,3
2017-07-04,7,9519,West,16,3
2017-07-04,7,9520,North,49,3
2017-07-04,7,9521,South,25,3
2017-07-04,7,9522,East,18,3
2017-07-04,7,9523,West,16,3
2017-07-04,7,9524,North,49,3
2017-07-04,7,9525,South,25,3
2017-07-04,7,9526,East,18,3
2017-07-04,7,9527,West,16,3
2017-07-04,7,9528,North,49,3
2017-07-04,7,9529,South,25,3
2017-07-04,7,9530,East,18,3
2017-07-04,7,9531,West,16,3
2017-07-04,7,9532,North,49,3
2017-07-04,7,9533,South,25,3
2017-07-04,7,9534,East,18,3
2017-07-04,7,9535,West,16,3
2017-07-04,7,9536,North,49,3
2017-07-04,7,9537,South,25,3
2017-07-04,7,9538,East,18,3
2017-07-04,7,9539,West,16,3
2017-07-04,7,9540,North,49,3
2017-07-04,7,9541,South,25,3
2017-07-04,7,9542,East,18,3
2017-07-04,7,9543,West,16,3
2017-07-04,7,9544,North,49,3
2017-07-04,7,9545,South,25,3
2017-07-04,7,9546,East,18,3
2017-07-04,7,9547,West,16,3
2017-07-04,7,9548,North,49,3
2017-07-04,7,9549,South,25,3
2017-07-04,7,9550,East,18,3
2017-07-04,7,9551,West,16,3
2017-07-04,7,9552,North,49,3
2017-07-04,7,9553,South,25,3
2017-07-04,7,9554,East,18,3
2017-07-04,7,9555,West,16,3
2017-07-04,7,9556,North,49,3
2017-07-04,7,9557,South,25,3
2017-07-04,7,9558,East,18,3
2017-07-04,7,9559,West,16,3
2017-07-04,7,9560,North,49,3
2017-07-04,7,9561,South,25,3
2017-07-04,7,9562,East,18,3
2017-07-04,7,9563,West,16,3
2017-07-04,7,9564,North,49,3
2017-07-04,7,9565,South,25,3
2017-07-04,7,9566,East,18,3
2017-07-04,7,9567,West,16,3
2017-07-04,7,9568,North,49,3
2017-07-04,7,9569,South,25,3
2017-07-04,7,9570,East,18,3
2017-07-04,7,9571,West,16,3
2017-07-04,7,9572,North,49,3
2017-07-04,7,9573,South,25,3
2017-07-04,7,9574,East,18,3
2017-07-04,7,9575,West,16,3
2017-07-04,7,9576,North,49,3
2017-07-04,7,9577,South,25,3
2017-07-04,7,9578,East,18,3
2017-07-04,7,9579,West,16,3
2017-07-04,7,9580,North,49,3
2017-07-04,7,9581,South,25,3
2017-07-04,7,9582,East,18,3
2017-07-04,7,9583,West,16,3
2017-07-04,7,9584,North,49,3
2017-07-04,7,9585,South,25,3
2017-07-04,7,9586,East,18,3
2017-07-04,7,9587,West,16,3
2017-07-04,7,9588,North,49,3
2017-07-04,7,9589,South,25,3
2017-07-04,7,9590,East,18,3
2017-07-04,7,9591,West,16,3
2017-07-04,7,9592,North,49,3
2017-07-04,7,9593,South,25,3
2017-07-04,7,9594,East,18,3
2017-07-04,7,9595,West,16,3
2017-07-04,7,9596,North,49,3
2017-07-04,7,9597,South,25,3
2017-07-04,7,9598,East,18,3
2017-07-04,7,9599,West,16,3
2017-07-04,8,9600,North,51,3
2017-07-04,8,9601,South,23,3
2017-07-04,8,9602,East,18,3
2017-07-04,8,9603,West,16,3
2017-07-04,8,9604,North,51,3
2017-07-04,8,9605,South,23,3
2017-07-04,8,9606,East,18,3
2017-07-04,8,9607,West,16,3
2017-07-04,8,9608,North,51,3
2017-07-04,8,9609,South,23,3
2017-07-04,8,9610,East,18,3
2017-07-04,8,9611,West,16,3
2017-07-04,8,9612,North,51,3
2017-07-04,8,9613,South,23,3
2017-07-04,8,9614,East,18,3
2017-07-04,8,9615,West,16,3
2017-07-04,8,9616,North,51,3
2017-07-04,8,9617,South,23,3
2017-07-04,8,9618,East,18,3
2017-07-04,8,9619,West,16,3
2017-07-04,8,9620,North,51,3
2017-07-04,8,9621,South,23,3
2017-07-04,8,9622,East,18,3
2017-07-04,8,9623,West,16,3
2017-07-04,8,9624,North,51,3
2017-07-04,8,9625,South,23,3
2017-07-04,8,9626,East,18,3
2017-07-04,8,9627,West,16,3
2017-07-04,8,9628,North,51,3
2017-07-04,8,9629,South,23,3
2017-07-04,8,9630,East,18,3
2017-07-04,8,9631,West,16,3
2017-07-04,8,9632,North,51,3
2017-07-04,8,9633,South,23,3
2017-07-04,8,9634,East,18,3
2017-07-04,8,9635,West,16,3
2017-07-04,8,9636,North,51,3
2017-07-04,8,9637,South,23,3
2017-07-04,8,9638,East,18,3
2017-07-04,8,9639,West,16,3
2017-07-04,8,9640,North,51,3
2017-07-04,8,9641,South,23,3
2017-07-04,8,9642,East,18,3
2017-07-04,8,9643,West,16,3
2017-07-04,8,9644,North,51,3
2017-07-04,8,9645,South,23,3
2017-07-04,8,9646,East,18,3
2017-07-04,8,9647,West,16,3
2017-07-04,8,9648,North,51,3
2017-07-04,8,9649,South,23,3
2017-07-04,8,9650,East,18,3
2017-07-04,8,9651,West,16,3
2017-07-04,8,9652,North,51,3
2017-07-04,8,9653,South,23,3
2017-07-04,8,9654,East,18,3
2017-07-04,8,9655,West,16,3
2017-07-04,8,9656,North,51,3
2017-07-04,8,9657,South,23,3
2017-07-04,8,9658,East,18,3
2017-07-04,8,9659,West,16,3
2017-07-04,8,9660,North,51,3
2017-07-04,8,9661,South,23,3
2017-07-04,8,9662,East,18,3
2017-07-04,8,9663,West,16,3
2017-07-04,8,9664,North,51,3
2017-07-04,8,9665,South,23,3
2017-07-04,8,9666,East,18,3
2017-07-04,8,9667,West,16,3
2017-07-04,8,9668,North,51,3
2017-07-04,8,9669,South,23,3
2017-07-04,8,9670,East,18,3
2017-07-04,8,9671,West,16,3
2017-07-04,8,9672,North,51,3
2017-07-04,8,9673,South,23,3
2017-07-04,8,9674,East,18,3
2017-07-04,8,9675,West,16,3
2017-07-04,8,9676,North,51,3
2017-07-04,8,9677,South,23,3
2017-07-04,8,9678,East,18,3
2017-07-04,8,9679,West,16,3
2017-07-04,8,9680,North,51,3
2017-07-04,8,9681,South,23,3
2017-07-04,8,9682,East,18,3
2017-07-04,8,9683,West,16,3
2017-07-04,8,9684,North,51,3
2017-07-04,8,9685,South,23,3
2017-07-04,8,9686,East,18,3
2017-07-04,8,9687,West,16,3
2017-07-04,8,9688,North,51,3
2017-07-04,8,9689,South,23,3
2017-07-04,8,9690,East,18,3
2017-07-04,8,9691,West,16,3
2017-07-04,8,9692,North,51,3
2017-07-04,8,9693,South,23,3
2017-07-04,8,9694,East,18,3
2017-07-04,8,9695,West,16,3
2017-07-04,8,9696,North,51,3
2017-07-04,8,9697,South,23,3
2017-07-04,8,9698,East,18,3
2017-07-04,8,9699,West,16,3
2017-07-04,8,9700,North,51,3
2017-07-04,8,9701,South,23,3
2017-07-04,8,9702,East,18,3
2017-07-04,8,9703,West,16,3
2017-07-04,8,9704,North,51,3
2017-07-04,8,9705,South,23,3
2017-07-04,8,9706,East,18,3
2017-07-04,8,9707,West,16,3
2017-07-04,8,9708,North,51,3
2017-07-04,8,9709,South,23,3
2017-07-04,8,9710,East,18,3
2017-07-04,8,9711,West,16,3
2017-07-04,8,9712,North,51,3
2017-07-04,8,9713,South,23,3
2017-07-04,8,9714,East,18,3
2017-07-04,8,9715,West,16,3
2017-07-04,8,9716,North,51,3
2017-07-04,8,9717,South,23,3
2017-07-04,8,9718,East,18,3
2017-07-04,8,9719,West,16,3
2017-07-04,9,9720,North,51,3
2017-07-04,9,9721,South,22,3
2017-07-04,9,9722,East,19,3
2017-07-04,9,9723,West,16,3
2017-07-04,9,9724,North,51,3
2017-07-04,9,9725,South,22,3
2017-07-04,9,9726,East,19,3
2017-07-04,9,9727,West,16,3
2017-07-04,9,9728,North,51,3
2017-07-04,9,9729,South,22,3
2017-07-04,9,9730,East,19,3
2017-07-04,9,9731,West,16,3
2017-07-04,9,9732,North,51,3
2017-07-04,9,9733,South,22,3
2017-07-04,9,9734,East,19,3
2017-07-04,9,9735,West,16,3
2017-07-04,9,9736,North,51,3
2017-07-04,9,9737,South,22,3
2017-07-04,9,9738,East,19,3
2017-07-04,9,9739,West,16,3
2017-07-04,9,9740,North,51,3
2017-07-04,9,9741,South,22,3
2017-07-04,9,9742,East,19,3
2017-07-04,9,9743,West,16,3
2017-07-04,9,9744,North,51,3
2017-07-04,9,9745,South,22,3
2017-07-04,9,9746,East,19,3
2017-07-04,9,9747,West,16,3
2017-07-04,9,9748,North,51,3
2017-07-04,9,9749,South,22,3
2017-07-04,9,9750,East,19,3
2017-07-04,9,9751,West,16,3
2017-07-04,9,9752,North,51,3
2017-07-04,9,9753,South,22,3
2017-07-04,9,9754,East,19,3
2017-07-04,9,9755,West,16,3
2017-07-04,9,9756,North,51,3
2017-07-04,9,9757,South,22,3
2017-07-04,9,9758,East,19,3
2017-07-04,9,9759,West,16,3
2017-07-04,9,9760,North,51,3
2017-07-04,9,9761,South,22,3
2017-07-04,9,9762,East,19,3
2017-07-04,9,9763,West,16,3
2017-07-04,9,9764,North,51,3
2017-07-04,9,9765,South,22,3
2017-07-04,9,9766,East,19,3
2017-07-04,9,9767,West,16,3
2017-07-04,9,9768,North,51,3
2017-07-04,9,9769,South,22,3
2017-07-04,9,9770,East,19,3
2017-07-04,9,9771,West,16,3
2017-07-04,9,9772,North,51,3
2017-07-04,9,9773,South,22,3
2017-07-04,9,9774,East,19,3
2017-07-04,9,9775,West,16,3
2017-07-04,9,9776,North,51,3
2017-07-04,9,9777,South,22,3
2017-07-04,9,9778,East,19,3
2017-07-04,9,9779,West,16,3
2017-07-04,9,9780,North,51,3
2017-07-04,9,9781,South,22,3
2017-07-04,9,9782,East,19,3
2017-07-04,9,9783,West,16,3
2017-07-04,9,9784,North,51,3
2017-07-04,9,9785,South,22,3
2017-07-04,9,9786,East,19,3
2017-07-04,9,9787,West,16,3
2017-07-04,9,9788,North,51,3
2017-07-04,9,9789,South,22,3
2017-07-04,9,9790,East,19,3
2017-07-04,9,9791,West,16,3
2017-07-04,9,9792,North,51,3
2017-07-04,9,9793,South,22,3
2017-07-04,9,9794,East,19,3
2017-07-04,9,9795,West,16,3
2017-07-04,9,9796,North,51,3
2017-07-04,9,9797,South,22,3
2017-07-04,9,9798,East,19,3
2017-07-04,9,9799,West,16,3
2017-07-04,9,9800,North,51,3
2017-07-04,9,9801,South,22,3
2017-07-04,9,9802,East,19,3
2017-07-04,9,9803,West,16,3
2017-07-04,9,9804,North,51,3
2017-07-04,9,9805,South,22,3
2017-07-04,9,9806,East,19,3
2017-07-04,9,9807,West,16,3
2017-07-04,9,9808,North,51,3
2017-07-04,9,9809,South,22,3
2017-07-04,9,9810,East,19,3
2017-07-04,9,9811,West,16,3
2017-07-04,9,9812,North,51,3
2017-07-04,9,9813,South,22,3
2017-07-04,9,9814,East,19,3
2017-07-04,9,9815,West,16,3
2017-07-04,9,9816,North,51,3
2017-07-04,9,9817,South,22,3
2017-07-04,9,9818,East,19,3
2017-07-04,9,9819,West,16,3
2017-07-04,9,9820,North,51,3
2017-07-04,9,9821,South,22,3
2017-07-04,9,9822,East,19,3
2017-07-04,9,9823,West,16,3
2017-07-04,9,9824,North,51,3
2017-07-04,9,9825,South,22,3
2017-07-04,9,9826,East,19,3
2017-07-04,9,9827,West,16,3
2017-07-04,9,9828,North,51,3
2017-07-04,9,9829,South,22,3
2017-07-04,9,9830,East,19,3
2017-07-04,9,9831,West,16,3
2017-07-04,9,9832,North,51,3
2017-07-04,9,9833,South,22,3
2017-07-04,9,9834,East,19,3
2017-07-04,9,9835,West,16,3
2017-07-04,9,9836,North,51,3
2017-07-04,9,9837,South,22,3
2017-07-04,9,9838,East,19,3
2017-07-04,9,9839,West,16,3
2017-07-04,10,9840,North,51,3
2017-07-04,10,9841,South,22,3
2017-07-04,10,9842,East,19,3
2017-07-04,10,9843,West,16,3
2017-07-04,10,9844,North,51,3
2017-07-04,10,9845,South,22,3
2017-07-04,10,9846,East,19,3
2017-07-04,10,9847,West,16,3
2017-07-04,10,9848,North,51,3
2017-07-04,10,9849,South,22,3
2017-07-04,10,9850,East,19,3
2017-07-04,10,9851,West,16,3
2017-07-04,10,9852,North,51,3
2017-07-04,10,9853,South,22,3
2017-07-04,10,9854,East,19,3
2017-07-04,10,9855,West,16,3
2017-07-04,10,9856,North,51,3
2017-07-04,10,9857,South,22,3
2017-07-04,10,9858,East,19,3
2017-07-04,10,9859,West,16,3
2017-07-04,10,9860,North,51,3
2017-07-04,10,9861,South,22,3
2017-07-04,10,9862,East,19,3
2017-07-04,10,9863,West,16,3
2017-07-04,10,9864,North,51,3
2017-07-04,10,9865,South,22,3
2017-07-04,10,9866,East,19,3
2017-07-04,10,9867,West,16,3
2017-07-04,10,9868,North,51,3
2017-07-04,10,9869,South,22,3
2017-07-04,10,9870,East,19,3
2017-07-04,10,9871,West,16,3
2017-07-04,10,9872,North,51,3
2017-07-04,10,9873,South,22,3
2017-07-04,10,9874,East,19,3
2017-07-04,10,9875,West,16,3
2017-07-04,10,9876,North,51,3
2017-07-04,10,9877,South,22,3
2017-07-04,10,9878,East,19,3
2017-07-04,10,9879,West,16,3
2017-07-04,10,9880,North,51,3
2017-07-04,10,9881,South,22,3
2017-07-04,10,9882,East,19,3
2017-07-04,10,9883,West,16,3
2017-07-04,10,9884,North,51,3
2017-07-04,10,9885,South,22,3
2017-07-04,10,9886,East,19,3
2017-07-04,10,9887,West,16,3
2017-07-04,10,9888,North,51,3
2017-07-04,10,9889,South,22,3
2017-07-04,10,9890,East,19,3
2017-07-04,10,9891,West,16,3
2017-07-04,10,9892,North,51,3
2017-07-04,10,9893,South,22,3
2017-07-04,10,9894,East,19,3
2017-07-04,10,9895,West,16,3
2017-07-04,10,9896,North,51,3
2017-07-04,10,9897,South,22,3
2017-07-04,10,9898,East,19,3
2017-07-04,10,9899,West,16,3
2017-07-04,10,9900,North,51,3
2017-07-04,10,9901,South,22,3
2017-07-04,10,9902,East,19,3
2017-07-04,10,9903,West,16,3
2017-07-04,10,9904,North,51,3
2017-07-04,10,9905,South,22,3
2017-07-04,10,9906,East,19,3
2017-07-04,10,9907,West,16,3
2017-07-04,10,9908,North,51,3
2017-07-04,10,9909,South,22,3
2017-07-04,10,9910,East,19,3
2017-07-04,10,9911,West,16,3
2017-07-04,10,9912,North,51,3
2017-07-04,10,9913,South,22,3
2017-07-04,10,9914,East,19,3
2017-07-04,10,9915,West,16,3
2017-07-04,10,9916,North,51,3
2017-07-04,10,9917,South,22,3
2017-07-04,10,9918,East,19,3
2017-07-04,10,9919,West,16,3
2017-07-04,10,9920,North,51,3
2017-07-04,10,9921,South,22,3
2017-07-04,10,9922,East,19,3
2017-07-04,10,9923,West,16,3
2017-07-04,10,9924,North,51,3
2017-07-04,10,9925,South,22,3
2017-07-04,10,9926,East,19,3
2017-07-04,10,9927,West,16,3
2017-07-04,10,9928,North,51,3
2017-07-04,10,9929,South,22,3
2017-07-04,10,9930,East,19,3
2017-07-04,10,9931,West,16,3
2017-07-04,10,9932,North,51,3
2017-07-04,10,9933,South,22,3
2017-07-04,10,9934,East,19,3
2017-07-04,10,9935,West,16,3
2017-07-04,10,9936,North,51,3
2017-07-04,10,9937,South,22,3
2017-07-04,10,9938,East,19,3
2017-07-04,10,9939,West,16,3
2017-07-04,10,9940,North,51,3
2017-07-04,10,9941,South,22,3
2017-07-04,10,9942,East,19,3
2017-07-04,10,9943,West,16,3
2017-07-04,10,9944,North,51,3
2017-07-04,10,9945,South,22,3
2017-07-04,10,9946,East,19,3
2017-07-04,10,9947,West,16,3
2017-07-04,10,9948,North,51,3
2017-07-04,10,9949,South,22,3
2017-07-04,10,9950,East,19,3
2017-07-04,10,9951,West,16,3
2017-07-04,10,9952,North,51,3
2017-07-04,10,9953,South,22,3
2017-07-04,10,9954,East,19,3
2017-07-04,10,9955,West,16,3
2017-07-04,10,9956,North,51,3
2017-07-04,10,9957,South,22,3
2017-07-04,10,9958,East,19,3
2017-07-04,10,9959,West,16,3
2017-07-04,11,9960,North,50,3
2017-07-04,11,9961,South,23,3
2017-07-04,11,9962,East,18,3
2017-07-04,11,9963,West,17,3
2017-07-04,11,9964,North,50,3
2017-07-04,11,9965,South,23,3
2017-07-04,11,9966,East,18,3
2017-07-04,11,9967,West,17,3
2017-07-04,11,9968,North,50,3
2017-07-04,11,9969,South,23,3
2017-07-04,11,9970,East,18,3
2017-07-04,11,9971,West,17,3
2017-07-04,11,9972,North,50,3
2017-07-04,11,9973,South,23,3
2017-07-04,11,9974,East,18,3
2017-07-04,11,9975,West,17,3
2017-07-04,11,9976,North,50,3
2017-07-04,11,9977,South,23,3
2017-07-04,11,9978,East,18,3
2017-07-04,11,9979,West,17,3
2017-07-04,11,9980,North,50,3
2017-07-04,11,9981,South,23,3
2017-07-04,11,9982,East,18,3
2017-07-04,11,9983,West,17,3
2017-07-04,11,9984,North,50,3
2017-07-04,11,9985,South,23,3
2017-07-04,11,9986,East,18,3
2017-07-04,11,9987,West,17,3
2017-07-04,11,9988,North,50,3
2017-07-04,11,9989,South,23,3
2017-07-04,11,9990,East,18,3
2017-07-04,11,9991,West,17,3
2017-07-04,11,9992,North,50,3
2017-07-04,11,9993,South,23,3
2017-07-04,11,9994,East,18,3
2017-07-04,11,9995,West,17,3
2017-07-04,11,9996,North,50,3
2017-07-04,11,9997,South,23,3
2017-07-04,11,9998,East,18,3
2017-07-04,11,9999,West,17,3
2017-07-04,11,10000,North,50,3
2017-07-04,11,10001,South,23,3
2017-07-04,11,10002,East,18,3
2017-07-04,11,10003,West,17,3
2017-07-04,11,10004,North,50,3
2017-07-04,11,10005,South,23,3
2017-07-04,11,10006,East,18,3
2017-07-04,11,10007,West,17,3
2017-07-04,11,10008,North,50,3
2017-07-04,11,10009,South,23,3
2017-07-04,11,10010,East,18,3
2017-07-04,11,10011,West,17,3
2017-07-04,11,10012,North,50,3
2017-07-04,11,10013,South,23,3
2017-07-04,11,10014,East,18,3
2017-07-04,11,10015,West,17,3
2017-07-04,11,10016,North,50,3
2017-07-04,11,10017,South,23,3
2017-07-04,11,10018,East,18,3
2017-07-04,11,10019,West,17,3
2017-07-04,11,10020,North,50,3
2017-07-04,11,10021,South,23,3
2017-07-04,11,10022,East,18,3
2017-07-04,11,10023,West,17,3
2017-07-04,11,10024,North,50,3
2017-07-04,11,10025,South,23,3
2017-07-04,11,10026,East,18,3
2017-07-04,11,10027,West,17,3
2017-07-04,11,10028,North,50,3
2017-07-04,11,10029,South,23,3
2017-07-04,11,10030,East,18,3
2017-07-04,11,10031,West,17,3
2017-07-04,11,10032,North,50,3
2017-07-04,11,10033,South,23,3
2017-07-04,11,10034,East,18,3
2017-07-04,11,10035,West,17,3
2017-07-04,11,10036,North,50,3
2017-07-04,11,10037,South,23,3
2017-07-04,11,10038,East,18,3
2017-07-04,11,10039,West,17,3
2017-07-04,11,10040,North,50,3
2017-07-04,11,10041,South,23,3
2017-07-04,11,10042,East,18,3
2017-07-04,11,10043,West,17,3
2017-07-04,11,10044,North,50,3
2017-07-04,11,10045,South,23,3
2017-07-04,11,10046,East,18,3
2017-07-04,11,10047,West,17,3
2017-07-04,11,10048,North,50,3
2017-07-04,11,10049,South,23,3
2017-07-04,11,10050,East,18,3
2017-07-04,11,10051,West,17,3
2017-07-04,11,10052,North,50,3
2017-07-04,11,10053,South,23,3
2017-07-04,11,10054,East,18,3
2017-07-04,11,10055,West,17,3
2017-07-04,11,10056,North,50,3
2017-07-04,11,10057,South,23,3
2017-07-04,11,10058,East,18,3
2017-07-04,11,10059,West,17,3
2017-07-04,11,10060,North,50,3
2017-07-04,11,10061,South,23,3
2017-07-04,11,10062,East,18,3
2017-07-04,11,10063,West,17,3
2017-07-04,11,10064,North,50,3
2017-07-04,11,10065,South,23,3
2017-07-04,11,10066,East,18,3
2017-07-04,11,10067,West,17,3
2017-07-04,11,10068,North,50,3
2017-07-04,11,10069,South,23,3
2017-07-04,11,10070,East,18,3
2017-07-04,11,10071,West,17,3
2017-07-04,11,10072,North,50,3
2017-07-04,11,10073,South,23,3
2017-07-04,11,10074,East,18,3
2017-07-04,11,10075,West,17,3
2017-07-04,11,10076,North,50,3
2017-07-04,11,10077,South,23,3
2017-07-04,11,10078,East,18,3
2017-07-04,11,10079,West,17,3
2017-07-04,12,10080,North,44,3
2017-07-04,12,10081,South,22,3
2017-07-04,12,10082,East,20,3
2017-07-04,12,10083,West,22,3
2017-07-04,12,10084,North,44,3
2017-07-04,12,10085,South,22,3
2017-07-04,12,10086,East,20,3
2017-07-04,12,10087,West,22,3
2017-07-04,12,10088,North,44,3
2017-07-04,12,10089,South,22,3
2017-07-04,12,10090,East,20,3
2017-07-04,12,10091,West,22,3
2017-07-04,12,10092,North,44,3
2017-07-04,12,10093,South,22,3
2017-07-04,12,10094,East,20,3
2017-07-04,12,10095,West,22,3
2017-07-04,12,10096,North,44,3
2017-07-04,12,10097,South,22,3
2017-07-04,12,10098,East,20,3
2017-07-04,12,10099,West,22,3
2017-07-04,12,10100,North,44,3
2017-07-04,12,10101,South,22,3
2017-07-04,12,10102,East,20,3
2017-07-04,12,10103,West,22,3
2017-07-04,12,10104,North,44,3
2017-07-04,12,10105,South,22,3
2017-07-04,12,10106,East,20,3
2017-07-04,12,10107,West,22,3
2017-07-04,12,10108,North,44,3
2017-07-04,12,10109,South,22,3
2017-07-04,12,10110,East,20,3
2017-07-04,12,10111,West,22,3
2017-07-04,12,10112,North,44,3
2017-07-04,12,10113,South,22,3
2017-07-04,12,10114,East,20,3
2017-07-04,12,10115,West,22,3
2017-07-04,12,10116,North,44,3
2017-07-04,12,10117,South,22,3
2017-07-04,12,10118,East,20,3
2017-07-04,12,10119,West,22,3
2017-07-04,12,10120,North,44,3
2017-07-04,12,10121,South,22,3
2017-07-04,12,10122,East,20,3
2017-07-04,12,10123,West,22,3
2017-07-04,12,10124,North,44,3
2017-07-04,12,10125,South,22,3
2017-07-04,12,10126,East,20,3
2017-07-04,12,10127,West,22,3
2017-07-04,12,10128,North,44,3
2017-07-04,12,10129,South,22,3
2017-07-04,12,10130,East,20,3
2017-07-04,12,10131,West,22,3
2017-07-04,12,10132,North,44,3
2017-07-04,12,10133,South,22,3
2017-07-04,12,10134,East,20,3
2017-07-04,12,10135,West,22,3
2017-07-04,12,10136,North,44,3
2017-07-04,12,10137,South,22,3
2017-07-04,12,10138,East,20,3
2017-07-04,12,10139,West,22,3
2017-07-04,12,10140,North,44,3
2017-07-04,12,10141,South,22,3
2017-07-04,12,10142,East,20,3
2017-07-04,12,10143,West,22,3
2017-07-04,12,10144,North,44,3
2017-07-04,12,10145,South,22,3
2017-07-04,12,10146,East,20,3
2017-07-04,12,10147,West,22,3
2017-07-04,12,10148,North,44,3
2017-07-04,12,10149,South,22,3
2017-07-04,12,10150,East,20,3
2017-07-04,12,10151,West,22,3
2017-07-04,12,10152,North,44,3
2017-07-04,12,10153,South,22,3
2017-07-04,12,10154,East,20,3
2017-07-04,12,10155,West,22,3
2017-07-04,12,10156,North,44,3
2017-07-04,12,10157,South,22,3
2017-07-04,12,10158,East,20,3
2017-07-04,12,10159,West,22,3
2017-07-04,12,10160,North,44,3
2017-07-04,12,10161,South,22,3
2017-07-04,12,10162,East,20,3
2017-07-04,12,10163,West,22,3
2017-07-04,12,10164,North,44,3
2017-07-04,12,10165,South,22,3
2017-07-04,12,10166,East,20,3
2017-07-04,12,10167,West,22,3
2017-07-04,12,10168,North,44,3
2017-07-04,12,10169,South,22,3
2017-07-04,12,10170,East,20,3
2017-07-04,12,10171,West,22,3
2017-07-04,12,10172,North,44,3
2017-07-04,12,10173,South,22,3
2017-07-04,12,10174,East,20,3
2017-07-04,12,10175,West,22,3
2017-07-04,12,10176,North,44,3
2017-07-04,12,10177,South,22,3
2017-07-04,12,10178,East,20,3
2017-07-04,12,10179,West,22,3
2017-07-04,12,10180,North,44,3
2017-07-04,12,10181,South,22,3
2017-07-04,12,10182,East,20,3
2017-07-04,12,10183,West,22,3
2017-07-04,12,10184,North,44,3
2017-07-04,12,10185,South,22,3
2017-07-04,12,10186,East,20,3
2017-07-04,12,10187,West,22,3
2017-07-04,12,10188,North,44,3
2017-07-04,12,10189,South,22,3
2017-07-04,12,10190,East,20,3
2017-07-04,12,10191,West,22,3
2017-07-04,12,10192,North,44,3
2017-07-04,12,10193,South,22,3
2017-07-04,12,10194,East,20,3
2017-07-04,12,10195,West,22,3
2017-07-04,12,10196,North,44,3
2017-07-04,12,10197,South,22,3
2017-07-04,12,10198,East,20,3
2017-07-04,12,10199,West,22,3
2017-07-04,13,10200,North,45,3
2017-07-04,13,10201,South,25,3
2017-07-04,13,10202,East,19,3
2017-07-04,13,10203,West,19,3
2017-07-04,13,10204,North,45,3
2017-07-04,13,10205,South,25,3
2017-07-04,13,10206,East,19,3
2017-07-04,13,10207,West,19,3
2017-07-04,13,10208,North,45,3
2017-07-04,13,10209,South,25,3
2017-07-04,13,10210,East,19,3
2017-07-04,13,10211,West,19,3
2017-07-04,13,10212,North,45,3
2017-07-04,13,10213,South,25,3
2017-07-04,13,10214,East,19,3
2017-07-04,13,10215,West,19,3
2017-07-04,13,10216,North,45,3
2017-07-04,13,10217,South,25,3
2017-07-04,13,10218,East,19,3
2017-07-04,13,10219,West,19,3
2017-07-04,13,10220,North,45,3
2017-07-04,13,10221,South,25,3
2017-07-04,13,10222,East,19,3
2017-07-04,13,10223,West,19,3
2017-07-04,13,10224,North,45,3
2017-07-04,13,10225,South,25,3
2017-07-04,13,10226,East,19,3
2017-07-04,13,10227,West,19,3
2017-07-04,13,10228,North,45,3
2017-07-04,13,10229,South,25,3
2017-07-04,13,10230,East,19,3
2017-07-04,13,10231,West,19,3
2017-07-04,13,10232,North,45,3
2017-07-04,13,10233,South,25,3
2017-07-04,13,10234,East,19,3
2017-07-04,13,10235,West,19,3
2017-07-04,13,10236,North,45,3
2017-07-04,13,10237,South,25,3
2017-07-04,13,10238,East,19,3
2017-07-04,13,10239,West,19,3
2017-07-04,13,10240,North,45,3
2017-07-04,13,10241,South,25,3
2017-07-04,13,10242,East,19,3
2017-07-04,13,10243,West,19,3
2017-07-04,13,10244,North,45,3
2017-07-04,13,10245,South,25,3
2017-07-04,13,10246,East,19,3
2017-07-04,13,10247,West,19,3
2017-07-04,13,10248,North,45,3
2017-07-04,13,10249,South,25,3
2017-07-04,13,10250,East,19,3
2017-07-04,13,10251,West,19,3
2017-07-04,13,10252,North,45,3
2017-07-04,13,10253,South,25,3
2017-07-04,13,10254,East,19,3
2017-07-04,13,10255,West,19,3
2017-07-04,13,10256,North,45,3
2017-07-04,13,10257,South,25,3
2017-07-04,13,10258,East,19,3
2017-07-04,13,10259,West,19,3
2017-07-04,13,10260,North,45,3
2017-07-04,13,10261,South,25,3
2017-07-04,13,10262,East,19,3
2017-07-04,13,10263,West,19,3
2017-07-04,13,10264,North,45,3
2017-07-04,13,10265,South,25,3
2017-07-04,13,10266,East,19,3
2017-07-04,13,10267,West,19,3
2017-07-04,13,10268,North,45,3
2017-07-04,13,10269,South,25,3
2017-07-04,13,10270,East,19,3
2017-07-04,13,10271,West,19,3
2017-07-04,13,10272,North,45,3
2017-07-04,13,10273,South,25,3
2017-07-04,13,10274,East,19,3
2017-07-04,13,10275,West,19,3
2017-07-04,13,10276,North,45,3
2017-07-04,13,10277,South,25,3
2017-07-04,13,10278,East,19,3
2017-07-04,13,10279,West,19,3
2017-07-04,13,10280,North,45,3
2017-07-04,13,10281,South,25,3
2017-07-04,13,10282,East,19,3
2017-07-04,13,10283,West,19,3
2017-07-04,13,10284,North,45,3
2017-07-04,13,10285,South,25,3
2017-07-04,13,10286,East,19,3
2017-07-04,13,10287,West,19,3
2017-07-04,13,10288,North,45,3
2017-07-04,13,10289,South,25,3
2017-07-04,13,10290,East,19,3
2017-07-04,13,10291,West,19,3
2017-07-04,13,10292,North,45,3
2017-07-04,13,10293,South,25,3
2017-07-04,13,10294,East,19,3
2017-07-04,13,10295,West,19,3
2017-07-04,13,10296,North,45,3
2017-07-04,13,10297,South,25,3
2017-07-04,13,10298,East,19,3
2017-07-04,13,10299,West,19,3
2017-07-04,13,10300,North,45,3
2017-07-04,13,10301,South,25,3
2017-07-04,13,10302,East,19,3
2017-07-04,13,10303,West,19,3
2017-07-04,13,10304,North,45,3
2017-07-04,13,10305,South,25,3
2017-07-04,13,10306,East,19,3
2017-07-04,13,10307,West,19,3
2017-07-04,13,10308,North,45,3
2017-07-04,13,10309,South,25,3
2017-07-04,13,10310,East,19,3
2017-07-04,13,10311,West,19,3
2017-07-04,13,10312,North,45,3
2017-07-04,13,10313,South,25,3
2017-07-04,13,10314,East,19,3
2017-07-04,13,10315,West,19,3
2017-07-04,13,10316,North,45,3
2017-07-04,13,10317,South,25,3
2017-07-04,13,10318,East,19,3
2017-07-04,13,10319,West,19,3
2017-07-04,14,10320,North,48,3
2017-07-04,14,10321,South,24,3
2017-07-04,14,10322,East,18,3
2017-07-04,14,10323,West,18,3
2017-07-04,14,10324,North,48,3
2017-07-04,14,10325,South,24,3
2017-07-04,14,10326,East,18,3
2017-07-04,14,10327,West,18,3
2017-07-04,14,10328,North,48,3
2017-07-04,14,10329,South,24,3
2017-07-04,14,10330,East,18,3
2017-07-04,14,10331,West,18,3
2017-07-04,14,10332,North,48,3
2017-07-04,14,10333,South,24,3
2017-07-04,14,10334,East,18,3
2017-07-04,14,10335,West,18,3
2017-07-04,14,10336,North,48,3
2017-07-04,14,10337,South,24,3
2017-07-04,14,10338,East,18,3
2017-07-04,14,10339,West,18,3
2017-07-04,14,10340,North,48,3
2017-07-04,14,10341,South,24,3
2017-07-04,14,10342,East,18,3
2017-07-04,14,10343,West,18,3
2017-07-04,14,10344,North,48,3
2017-07-04,14,10345,South,24,3
2017-07-04,14,10346,East,18,3
2017-07-04,14,10347,West,18,3
2017-07-04,14,10348,North,48,3
2017-07-04,14,10349,South,24,3
2017-07-04,14,10350,East,18,3
2017-07-04,14,10351,West,18,3
2017-07-04,14,10352,North,48,3
2017-07-04,14,10353,South,24,3
2017-07-04,14,10354,East,18,3
2017-07-04,14,10355,West,18,3
2017-07-04,14,10356,North,48,3
2017-07-04,14,10357,South,24,3
2017-07-04,14,10358,East,18,3
2017-07-04,14,10359,West,18,3
2017-07-04,14,10360,North,48,3
2017-07-04,14,10361,South,24,3
2017-07-04,14,10362,East,18,3
2017-07-04,14,10363,West,18,3
2017-07-04,14,10364,North,48,3
2017-07-04,14,10365,South,24,3
2017-07-04,14,10366,East,18,3
2017-07-04,14,10367,West,18,3
2017-07-04,14,10368,North,48,3
2017-07-04,14,10369,South,24,3
2017-07-04,14,10370,East,18,3
2017-07-04,14,10371,West,18,3
2017-07-04,14,10372,North,48,3
2017-07-04,14,10373,South,24,3
2017-07-04,14,10374,East,18,3
2017-07-04,14,10375,West,18,3
2017-07-04,14,10376,North,48,3
2017-07-04,14,10377,South,24,3
2017-07-04,14,10378,East,18,3
2017-07-04,14,10379,West,18,3
2017-07-04,14,10380,North,48,3
2017-07-04,14,10381,South,24,3
2017-07-04,14,10382,East,18,3
2017-07-04,14,10383,West,18,3
2017-07-04,14,10384,North,48,3
2017-07-04,14,10385,South,24,3
2017-07-04,14,10386,East,18,3
2017-07-04,14,10387,West,18,3
2017-07-04,14,10388,North,48,3
2017-07-04,14,10389,South,24,3
2017-07-04,14,10390,East,18,3
2017-07-04,14,10391,West,18,3
2017-07-04,14,10392,North,48,3
2017-07-04,14,10393,South,24,3
2017-07-04,14,10394,East,18,3
2017-07-04,14,10395,West,18,3
2017-07-04,14,10396,North,48,3
2017-07-04,14,10397,South,24,3
2017-07-04,14,10398,East,18,3
2017-07-04,14,10399,West,18,3
2017-07-04,14,10400,North,48,3
2017-07-04,14,10401,South,24,3
2017-07-04,14,10402,East,18,3
2017-07-04,14,10403,West,18,3
2017-07-04,14,10404,North,48,3
2017-07-04,14,10405,South,24,3
2017-07-04,14,10406,East,18,3
2017-07-04,14,10407,West,18,3
2017-07-04,14,10408,North,48,3
2017-07-04,14,10409,South,24,3
2017-07-04,14,10410,East,18,3
2017-07-04,14,10411,West,18,3
2017-07-04,14,10412,North,48,3
2017-07-04,14,10413,South,24,3
2017-07-04,14,10414,East,18,3
2017-07-04,14,10415,West,18,3
2017-07-04,14,10416,North,48,3
2017-07-04,14,10417,South,24,3
2017-07-04,14,10418,East,18,3
2017-07-04,14,10419,West,18,3
2017-07-04,14,10420,North,48,3
2017-07-04,14,10421,South,24,3
2017-07-04,14,10422,East,18,3
2017-07-04,14,10423,West,18,3
2017-07-04,14,10424,North,48,3
2017-07-04,14,10425,South,24,3
2017-07-04,14,10426,East,18,3
2017-07-04,14,10427,West,18,3
2017-07-04,14,10428,North,48,3
2017-07-04,14,10429,South,24,3
2017-07-04,14,10430,East,18,3
2017-07-04,14,10431,West,18,3
2017-07-04,14,10432,North,48,3
2017-07-04,14,10433,South,24,3
2017-07-04,14,10434,East,18,3
2017-07-04,14,10435,West,18,3
2017-07-04,14,10436,North,48,3
2017-07-04,14,10437,South,24,3
2017-07-04,14,10438,East,18,3
2017-07-04,14,10439,West,18,3
2017-07-04,15,10440,North,46,3
2017-07-04,15,10441,South,25,3
2017-07-04,15,10442,East,20,3
2017-07-04,15,10443,West,17,3
2017-07-04,15,10444,North,46,3
2017-07-04,15,10445,South,25,3
2017-07-04,15,10446,East,20,3
2017-07-04,15,10447,West,17,3
2017-07-04,15,10448,North,46,3
2017-07-04,15,10449,South,25,3
2017-07-04,15,10450,East,20,3
2017-07-04,15,10451,West,17,3
2017-07-04,15,10452,North,46,3
2017-07-04,15,10453,South,25,3
2017-07-04,15,10454,East,20,3
2017-07-04,15,10455,West,17,3
2017-07-04,15,10456,North,46,3
2017-07-04,15,10457,South,25,3
2017-07-04,15,10458,East,20,3
2017-07-04,15,10459,West,17,3
2017-07-04,15,10460,North,46,3
2017-07-04,15,10461,South,25,3
2017-07-04,15,10462,East,20,3
2017-07-04,15,10463,West,17,3
2017-07-04,15,10464,North,46,3
2017-07-04,15,10465,South,25,3
2017-07-04,15,10466,East,20,3
2017-07-04,15,10467,West,17,3
2017-07-04,15,10468,North,46,3
2017-07-04,15,10469,South,25,3
2017-07-04,15,10470,East,20,3
2017-07-04,15,10471,West,17,3
2017-07-04,15,10472,North,46,3
2017-07-04,15,10473,South,25,3
2017-07-04,15,10474,East,20,3
2017-07-04,15,10475,West,17,3
2017-07-04,15,10476,North,46,3
2017-07-04,15,10477,South,25,3
2017-07-04,15,10478,East,20,3
2017-07-04,15,10479,West,17,3
2017-07-04,15,10480,North,46,3
2017-07-04,15,10481,South,25,3
2017-07-04,15,10482,East,20,3
2017-07-04,15,10483,West,17,3
2017-07-04,15,10484,North,46,3
2017-07-04,15,10485,South,25,3
2017-07-04,15,10486,East,20,3
2017-07-04,15,10487,West,17,3
2017-07-04,15,10488,North,46,3
2017-07-04,15,10489,South,25,3
2017-07-04,15,10490,East,20,3
2017-07-04,15,10491,West,17,3
2017-07-04,15,10492,North,46,3
2017-07-04,15,10493,South,25,3
2017-07-04,15,10494,East,20,3
2017-07-04,15,10495,West,17,3
2017-07-04,15,10496,North,46,3
2017-07-04,15,10497,South,25,3
2017-07-04,15,10498,East,20,3
2017-07-04,15,10499,West,17,3
2017-07-04,15,10500,North,46,3
2017-07-04,15,10501,South,25,3
2017-07-04,15,10502,East,20,3
2017-07-04,15,10503,West,17,3
2017-07-04,15,10504,North,46,3
2017-07-04,15,10505,South,25,3
2017-07-04,15,10506,East,20,3
2017-07-04,15,10507,West,17,3
2017-07-04,15,10508,North,46,3
2017-07-04,15,10509,South,25,3
2017-07-04,15,10510,East,20,3
2017-07-04,15,10511,West,17,3
2017-07-04,15,10512,North,46,3
2017-07-04,15,10513,South,25,3
2017-07-04,15,10514,East,20,3
2017-07-04,15,10515,West,17,3
2017-07-04,15,10516,North,46,3
2017-07-04,15,10517,South,25,3
2017-07-04,15,10518,East,20,3
2017-07-04,15,10519,West,17,3
2017-07-04,15,10520,North,46,3
2017-07-04,15,10521,South,25,3
2017-07-04,15,10522,East,20,3
2017-07-04,15,10523,West,17,3
2017-07-04,15,10524,North,46,3
2017-07-04,15,10525,South,25,3
2017-07-04,15,10526,East,20,3
2017-07-04,15,10527,West,17,3
2017-07-04,15,10528,North,46,3
2017-07-04,15,10529,South,25,3
2017-07-04,15,10530,East,20,3
2017-07-04,15,10531,West,17,3
2017-07-04,15,10532,North,46,3
2017-07-04,15,10533,South,25,3
2017-07-04,15,10534,East,20,3
2017-07-04,15,10535,West,17,3
2017-07-04,15,10536,North,46,3
2017-07-04,15,10537,South,25,3
2017-07-04,15,10538,East,20,3
2017-07-04,15,10539,West,17,3
2017-07-04,15,10540,North,46,3
2017-07-04,15,10541,South,25,3
2017-07-04,15,10542,East,20,3
2017-07-04,15,10543,West,17,3
2017-07-04,15,10544,North,46,3
2017-07-04,15,10545,South,25,3
2017-07-04,15,10546,East,20,3
2017-07-04,15,10547,West,17,3
2017-07-04,15,10548,North,46,3
2017-07-04,15,10549,South,25,3
2017-07-04,15,10550,East,20,3
2017-07-04,15,10551,West,17,3
2017-07-04,15,10552,North,46,3
2017-07-04,15,10553,South,25,3
2017-07-04,15,10554,East,20,3
2017-07-04,15,10555,West,17,3
2017-07-04,15,10556,North,46,3
2017-07-04,15,10557,South,25,3
2017-07-04,15,10558,East,20,3
2017-07-04,15,10559,West,17,3
2017-07-04,16,10560,North,46,3
2017-07-04,16,10561,South,25,3
2017-07-04,16,10562,East,20,3
2017-07-04,16,10563,West,17,3
2017-07-04,16,10564,North,46,3
2017-07-04,16,10565,South,25,3
2017-07-04,16,10566,East,20,3
2017-07-04,16,10567,West,17,3
2017-07-04,16,10568,North,46,3
2017-07-04,16,10569,South,25,3
2017-07-04,16,10570,East,20,3
2017-07-04,16,10571,West,17,3
2017-07-04,16,10572,North,46,3
2017-07-04,16,10573,South,25,3
2017-07-04,16,10574,East,20,3
2017-07-04,16,10575,West,17,3
2017-07-04,16,10576,North,46,3
2017-07-04,16,10577,South,25,3
2017-07-04,16,10578,East,20,3
2017-07-04,16,10579,West,17,3
2017-07-04,16,10580,North,46,3
2017-07-04,16,10581,South,25,3
2017-07-04,16,10582,East,20,3
2017-07-04,16,10583,West,17,3
2017-07-04,16,10584,North,46,3
2017-07-04,16,10585,South,25,3
2017-07-04,16,10586,East,20,3
2017-07-04,16,10587,West,17,3
2017-07-04,16,10588,North,46,3
2017-07-04,16,10589,South,25,3
2017-07-04,16,10590,East,20,3
2017-07-04,16,10591,West,17,3
2017-07-04,16,10592,North,46,3
2017-07-04,16,10593,South,25,3
2017-07-04,16,10594,East,20,3
2017-07-04,16,10595,West,17,3
2017-07-04,16,10596,North,46,3
2017-07-04,16,10597,South,25,3
2017-07-04,16,10598,East,20,3
2017-07-04,16,10599,West,17,3
2017-07-04,16,10600,North,46,3
2017-07-04,16,10601,South,25,3
2017-07-04,16,10602,East,20,3
2017-07-04,16,10603,West,17,3
2017-07-04,16,10604,North,46,3
2017-07-04,16,10605,South,25,3
2017-07-04,16,10606,East,20,3
2017-07-04,16,10607,West,17,3
2017-07-04,16,10608,North,46,3
2017-07-04,16,10609,South,25,3
2017-07-04,16,10610,East,20,3
2017-07-04,16,10611,West,17,3
2017-07-04,16,10612,North,46,3
2017-07-04,16,10613,South,25,3
2017-07-04,16,10614,East,20,3
2017-07-04,16,10615,West,17,3
2017-07-04,16,10616,North,46,3
2017-07-04,16,10617,South,25,3
2017-07-04,16,10618,East,20,3
2017-07-04,16,10619,West,17,3
2017-07-04,16,10620,North,46,3
2017-07-04,16,10621,South,25,3
2017-07-04,16,10622,East,20,3
2017-07-04,16,10623,West,17,3
2017-07-04,16,10624,North,46,3
2017-07-04,16,10625,South,25,3
2017-07-04,16,10626,East,20,3
2017-07-04,16,10627,West,17,3
2017-07-04,16,10628,North,46,3
2017-07-04,16,10629,South,25,3
2017-07-04,16,10630,East,20,3
2017-07-04,16,10631,West,17,3
2017-07-04,16,10632,North,46,3
2017-07-04,16,10633,South,25,3
2017-07-04,16,10634,East,20,3
2017-07-04,16,10635,West,17,3
2017-07-04,16,10636,North,46,3
2017-07-04,16,10637,South,25,3
2017-07-04,16,10638,East,20,3
2017-07-04,16,10639,West,17,3
2017-07-04,16,10640,North,46,3
2017-07-04,16,10641,South,25,3
2017-07-04,16,10642,East,20,3
2017-07-04,16,10643,West,17,3
2017-07-04,16,10644,North,46,3
2017-07-04,16,10645,South,25,3
2017-07-04,16,10646,East,20,3
2017-07-04,16,10647,West,17,3
2017-07-04,16,10648,North,46,3
2017-07-04,16,10649,South,25,3
2017-07-04,16,10650,East,20,3
2017-07-04,16,10651,West,17,3
2017-07-04,16,10652,North,46,3
2017-07-04,16,10653,South,25,3
2017-07-04,16,10654,East,20,3
2017-07-04,16,10655,West,17,3
2017-07-04,16,10656,North,46,3
2017-07-04,16,10657,South,25,3
2017-07-04,16,10658,East,20,3
2017-07-04,16,10659,West,17,3
2017-07-04,16,10660,North,46,3
2017-07-04,16,10661,South,25,3
2017-07-04,16,10662,East,20,3
2017-07-04,16,10663,West,17,3
2017-07-04,16,10664,North,46,3
2017-07-04,16,10665,South,25,3
2017-07-04,16,10666,East,20,3
2017-07-04,16,10667,West,17,3
2017-07-04,16,10668,North,46,3
2017-07-04,16,10669,South,25,3
2017-07-04,16,10670,East,20,3
2017-07-04,16,10671,West,17,3
2017-07-04,16,10672,North,46,3
2017-07-04,16,10673,South,25,3
2017-07-04,16,10674,East,20,3
2017-07-04,16,10675,West,17,3
2017-07-04,16,10676,North,46,3
2017-07-04,16,10677,South,25,3
2017-07-04,16,10678,East,20,3
2017-07-04,16,10679,West,17,3
2017-07-04,17,10680,North,48,3
2017-07-04,17,10681,South,25,3
2017-07-04,17,10682,East,18,3
2017-07-04,17,10683,West,17,3
2017-07-04,17,10684,North,48,3
2017-07-04,17,10685,South,25,3
2017-07-04,17,10686,East,18,3
2017-07-04,17,10687,West,17,3
2017-07-04,17,10688,North,48,3
2017-07-04,17,10689,South,25,3
2017-07-04,17,10690,East,18,3
2017-07-04,17,10691,West,17,3
2017-07-04,17,10692,North,48,3
2017-07-04,17,10693,South,25,3
2017-07-04,17,10694,East,18,3
2017-07-04,17,10695,West,17,3
2017-07-04,17,10696,North,48,3
2017-07-04,17,10697,South,25,3
2017-07-04,17,10698,East,18,3
2017-07-04,17,10699,West,17,3
2017-07-04,17,10700,North,48,3
2017-07-04,17,10701,South,25,3
2017-07-04,17,10702,East,18,3
2017-07-04,17,10703,West,17,3
2017-07-04,17,10704,North,48,3
2017-07-04,17,10705,South,25,3
2017-07-04,17,10706,East,18,3
2017-07-04,17,10707,West,17,3
2017-07-04,17,10708,North,48,3
2017-07-04,17,10709,South,25,3
2017-07-04,17,10710,East,18,3
2017-07-04,17,10711,West,17,3
2017-07-04,17,10712,North,48,3
2017-07-04,17,10713,South,25,3
2017-07-04,17,10714,East,18,3
2017-07-04,17,10715,West,17,3
2017-07-04,17,10716,North,48,3
2017-07-04,17,10717,South,25,3
2017-07-04,17,10718,East,18,3
2017-07-04,17,10719,West,17,3
2017-07-04,17,10720,North,48,3
2017-07-04,17,10721,South,25,3
2017-07-04,17,10722,East,18,3
2017-07-04,17,10723,West,17,3
2017-07-04,17,10724,North,48,3
2017-07-04,17,10725,South,25,3
2017-07-04,17,10726,East,18,3
2017-07-04,17,10727,West,17,3
2017-07-04,17,10728,North,48,3
2017-07-04,17,10729,South,25,3
2017-07-04,17,10730,East,18,3
2017-07-04,17,10731,West,17,3
2017-07-04,17,10732,North,48,3
2017-07-04,17,10733,South,25,3
2017-07-04,17,10734,East,18,3
2017-07-04,17,10735,West,17,3
2017-07-04,17,10736,North,48,3
2017-07-04,17,10737,South,25,3
2017-07-04,17,10738,East,18,3
2017-07-04,17,10739,West,17,3
2017-07-04,17,10740,North,48,3
2017-07-04,17,10741,South,25,3
2017-07-04,17,10742,East,18,3
2017-07-04,17,10743,West,17,3
2017-07-04,17,10744,North,48,3
2017-07-04,17,10745,South,25,3
2017-07-04,17,10746,East,18,3
2017-07-04,17,10747,West,17,3
2017-07-04,17,10748,North,48,3
2017-07-04,17,10749,South,25,3
2017-07-04,17,10750,East,18,3
2017-07-04,17,10751,West,17,3
2017-07-04,17,10752,North,48,3
2017-07-04,17,10753,South,25,3
2017-07-04,17,10754,East,18,3
2017-07-04,17,10755,West,17,3
2017-07-04,17,10756,North,48,3
2017-07-04,17,10757,South,25,3
2017-07-04,17,10758,East,18,3
2017-07-04,17,10759,West,17,3
2017-07-04,17,10760,North,48,3
2017-07-04,17,10761,South,25,3
2017-07-04,17,10762,East,18,3
2017-07-04,17,10763,West,17,3
2017-07-04,17,10764,North,48,3
2017-07-04,17,10765,South,25,3
2017-07-04,17,10766,East,18,3
2017-07-04,17,10767,West,17,3
2017-07-04,17,10768,North,48,3
2017-07-04,17,10769,South,25,3
2017-07-04,17,10770,East,18,3
2017-07-04,17,10771,West,17,3
2017-07-04,17,10772,North,48,3
2017-07-04,17,10773,South,25,3
2017-07-04,17,10774,East,18,3
2017-07-04,17,10775,West,17,3
2017-07-04,17,10776,North,48,3
2017-07-04,17,10777,South,25,3
2017-07-04,17,10778,East,18,3
2017-07-04,17,10779,West,17,3
2017-07-04,17,10780,North,48,3
2017-07-04,17,10781,South,25,3
2017-07-04,17,10782,East,18,3
2017-07-04,17,10783,West,17,3
2017-07-04,17,10784,North,48,3
2017-07-04,17,10785,South,25,3
2017-07-04,17,10786,East,18,3
2017-07-04,17,10787,West,17,3
2017-07-04,17,10788,North,48,3
2017-07-04,17,10789,South,25,3
2017-07-04,17,10790,East,18,3
2017-07-04,17,10791,West,17,3
2017-07-04,17,10792,North,48,3
2017-07-04,17,10793,South,25,3
2017-07-04,17,10794,East,18,3
2017-07-04,17,10795,West,17,3
2017-07-04,17,10796,North,48,3
2017-07-04,17,10797,South,25,3
2017-07-04,17,10798,East,18,3
2017-07-04,17,10799,West,17,3
2017-07-04,18,10800,North,48,3
2017-07-04,18,10801,South,25,3
2017-07-04,18,10802,East,18,3
2017-07-04,18,10803,West,17,3
2017-07-04,18,10804,North,48,3
2017-07-04,18,10805,South,25,3
2017-07-04,18,10806,East,18,3
2017-07-04,18,10807,West,17,3
2017-07-04,18,10808,North,48,3
2017-07-04,18,10809,South,25,3
2017-07-04,18,10810,East,18,3
2017-07-04,18,10811,West,17,3
2017-07-04,18,10812,North,48,3
2017-07-04,18,10813,South,25,3
2017-07-04,18,10814,East,18,3
2017-07-04,18,10815,West,17,3
2017-07-04,18,10816,North,48,3
2017-07-04,18,10817,South,25,3
2017-07-04,18,10818,East,18,3
2017-07-04,18,10819,West,17,3
2017-07-04,18,10820,North,48,3
2017-07-04,18,10821,South,25,3
2017-07-04,18,10822,East,18,3
2017-07-04,18,10823,West,17,3
2017-07-04,18,10824,North,48,3
2017-07-04,18,10825,South,25,3
2017-07-04,18,10826,East,18,3
2017-07-04,18,10827,West,17,3
2017-07-04,18,10828,North,48,3
2017-07-04,18,10829,South,25,3
2017-07-04,18,10830,East,18,3
2017-07-04,18,10831,West,17,3
2017-07-04,18,10832,North,48,3
2017-07-04,18,10833,South,25,3
2017-07-04,18,10834,East,18,3
2017-07-04,18,10835,West,17,3
2017-07-04,18,10836,North,48,3
2017-07-04,18,10837,South,25,3
2017-07-04,18,10838,East,18,3
2017-07-04,18,10839,West,17,3
2017-07-04,18,10840,North,48,3
2017-07-04,18,10841,South,25,3
2017-07-04,18,10842,East,18,3
2017-07-04,18,10843,West,17,3
2017-07-04,18,10844,North,48,3
2017-07-04,18,10845,South,25,3
2017-07-04,18,10846,East,18,3
2017-07-04,18,10847,West,17,3
2017-07-04,18,10848,North,48,3
2017-07-04,18,10849,South,25,3
2017-07-04,18,10850,East,18,3
2017-07-04,18,10851,West,17,3
2017-07-04,18,10852,North,48,3
2017-07-04,18,10853,South,25,3
2017-07-04,18,10854,East,18,3
2017-07-04,18,10855,West,17,3
2017-07-04,18,10856,North,48,3
2017-07-04,18,10857,South,25,3
2017-07-04,18,10858,East,18,3
2017-07-04,18,10859,West,17,3
2017-07-04,18,10860,North,48,3
2017-07-04,18,10861,South,25,3
2017-07-04,18,10862,East,18,3
2017-07-04,18,10863,West,17,3
2017-07-04,18,10864,North,48,3
2017-07-04,18,10865,South,25,3
2017-07-04,18,10866,East,18,3
2017-07-04,18,10867,West,17,3
2017-07-04,18,10868,North,48,3
2017-07-04,18,10869,South,25,3
2017-07-04,18,10870,East,18,3
2017-07-04,18,10871,West,17,3
2017-07-04,18,10872,North,48,3
2017-07-04,18,10873,South,25,3
2017-07-04,18,10874,East,18,3
2017-07-04,18,10875,West,17,3
2017-07-04,18,10876,North,48,3
2017-07-04,18,10877,South,25,3
2017-07-04,18,10878,East,18,3
2017-07-04,18,10879,West,17,3
2017-07-04,18,10880,North,48,3
2017-07-04,18,10881,South,25,3
2017-07-04,18,10882,East,18,3
2017-07-04,18,10883,West,17,3
2017-07-04,18,10884,North,48,3
2017-07-04,18,10885,South,25,3
2017-07-04,18,10886,East,18,3
2017-07-04,18,10887,West,17,3
2017-07-04,18,10888,North,48,3
2017-07-04,18,10889,South,25,3
2017-07-04,18,10890,East,18,3
2017-07-04,18,10891,West,17,3
2017-07-04,18,10892,North,48,3
2017-07-04,18,10893,South,25,3
2017-07-04,18,10894,East,18,3
2017-07-04,18,10895,West,17,3
2017-07-04,18,10896,North,48,3
2017-07-04,18,10897,South,25,3
2017-07-04,18,10898,East,18,3
2017-07-04,18,10899,West,17,3
2017-07-04,18,10900,North,48,3
2017-07-04,18,10901,South,25,3
2017-07-04,18,10902,East,18,3
2017-07-04,18,10903,West,17,3
2017-07-04,18,10904,North,48,3
2017-07-04,18,10905,South,25,3
2017-07-04,18,10906,East,18,3
2017-07-04,18,10907,West,17,3
2017-07-04,18,10908,North,48,3
2017-07-04,18,10909,South,25,3
2017-07-04,18,10910,East,18,3
2017-07-04,18,10911,West,17,3
2017-07-04,18,10912,North,48,3
2017-07-04,18,10913,South,25,3
2017-07-04,18,10914,East,18,3
2017-07-04,18,10915,West,17,3
2017-07-04,18,10916,North,48,3
2017-07-04,18,10917,South,25,3
2017-07-04,18,10918,East,18,3
2017-07-04,18,10919,West,17,3
2017-07-04,19,10920,North,48,3
2017-07-04,19,10921,South,25,3
2017-07-04,19,10922,East,18,3
2017-07-04,19,10923,West,17,3
2017-07-04,19,10924,North,48,3
2017-07-04,19,10925,South,25,3
2017-07-04,19,10926,East,18,3
2017-07-04,19,10927,West,17,3
2017-07-04,19,10928,North,48,3
2017-07-04,19,10929,South,25,3
2017-07-04,19,10930,East,18,3
2017-07-04,19,10931,West,17,3
2017-07-04,19,10932,North,48,3
2017-07-04,19,10933,South,25,3
2017-07-04,19,10934,East,18,3
2017-07-04,19,10935,West,17,3
2017-07-04,19,10936,North,48,3
2017-07-04,19,10937,South,25,3
2017-07-04,19,10938,East,18,3
2017-07-04,19,10939,West,17,3
2017-07-04,19,10940,North,48,3
2017-07-04,19,10941,South,25,3
2017-07-04,19,10942,East,18,3
2017-07-04,19,10943,West,17,3
2017-07-04,19,10944,North,48,3
2017-07-04,19,10945,South,25,3
2017-07-04,19,10946,East,18,3
2017-07-04,19,10947,West,17,3
2017-07-04,19,10948,North,48,3
2017-07-04,19,10949,South,25,3
2017-07-04,19,10950,East,18,3
2017-07-04,19,10951,West,17,3
2017-07-04,19,10952,North,48,3
2017-07-04,19,10953,South,25,3
2017-07-04,19,10954,East,18,3
2017-07-04,19,10955,West,17,3
2017-07-04,19,10956,North,48,3
2017-07-04,19,10957,South,25,3
2017-07-04,19,10958,East,18,3
2017-07-04,19,10959,West,17,3
2017-07-04,19,10960,North,48,3
2017-07-04,19,10961,South,25,3
2017-07-04,19,10962,East,18,3
2017-07-04,19,10963,West,17,3
2017-07-04,19,10964,North,48,3
2017-07-04,19,10965,South,25,3
2017-07-04,19,10966,East,18,3
2017-07-04,19,10967,West,17,3
2017-07-04,19,10968,North,48,3
2017-07-04,19,10969,South,25,3
2017-07-04,19,10970,East,18,3
2017-07-04,19,10971,West,17,3
2017-07-04,19,10972,North,48,3
2017-07-04,19,10973,South,25,3
2017-07-04,19,10974,East,18,3
2017-07-04,19,10975,West,17,3
2017-07-04,19,10976,North,48,3
2017-07-04,19,10977,South,25,3
2017-07-04,19,10978,East,18,3
2017-07-04,19,10979,West,17,3
2017-07-04,19,10980,North,48,3
2017-07-04,19,10981,South,25,3
2017-07-04,19,10982,East,18,3
2017-07-04,19,10983,West,17,3
2017-07-04,19,10984,North,48,3
2017-07-04,19,10985,South,25,3
2017-07-04,19,10986,East,18,3
2017-07-04,19,10987,West,17,3
2017-07-04,19,10988,North,48,3
2017-07-04,19,10989,South,25,3
2017-07-04,19,10990,East,18,3
2017-07-04,19,10991,West,17,3
2017-07-04,19,10992,North,48,3
2017-07-04,19,10993,South,25,3
2017-07-04,19,10994,East,18,3
2017-07-04,19,10995,West,17,3
2017-07-04,19,10996,North,48,3
2017-07-04,19,10997,South,25,3
2017-07-04,19,10998,East,18,3
2017-07-04,19,10999,West,17,3
2017-07-04,19,11000,North,48,3
2017-07-04,19,11001,South,25,3
2017-07-04,19,11002,East,18,3
2017-07-04,19,11003,West,17,3
2017-07-04,19,11004,North,48,3
2017-07-04,19,11005,South,25,3
2017-07-04,19,11006,East,18,3
2017-07-04,19,11007,West,17,3
2017-07-04,19,11008,North,48,3
2017-07-04,19,11009,South,25,3
2017-07-04,19,11010,East,18,3
2017-07-04,19,11011,West,17,3
2017-07-04,19,11012,North,48,3
2017-07-04,19,11013,South,25,3
2017-07-04,19,11014,East,18,3
2017-07-04,19,11015,West,17,3
2017-07-04,19,11016,North,48,3
2017-07-04,19,11017,South,25,3
2017-07-04,19,11018,East,18,3
2017-07-04,19,11019,West,17,3
2017-07-04,19,11020,North,48,3
2017-07-04,19,11021,South,25,3
2017-07-04,19,11022,East,18,3
2017-07-04,19,11023,West,17,3
2017-07-04,19,11024,North,48,3
2017-07-04,19,11025,South,25,3
2017-07-04,19,11026,East,18,3
2017-07-04,19,11027,West,17,3
2017-07-04,19,11028,North,48,3
2017-07-04,19,11029,South,25,3
2017-07-04,19,11030,East,18,3
2017-07-04,19,11031,West,17,3
2017-07-04,19,11032,North,48,3
2017-07-04,19,11033,South,25,3
2017-07-04,19,11034,East,18,3
2017-07-04,19,11035,West,17,3
2017-07-04,19,11036,North,48,3
2017-07-04,19,11037,South,25,3
2017-07-04,19,11038,East,18,3
2017-07-04,19,11039,West,17,3
2017-07-04,20,11040,North,48,3
2017-07-04,20,11041,South,24,3
2017-07-04,20,11042,East,19,3
2017-07-04,20,11043,West,17,3
2017-07-04,20,11044,North,48,3
2017-07-04,20,11045,South,24,3
2017-07-04,20,11046,East,19,3
2017-07-04,20,11047,West,17,3
2017-07-04,20,11048,North,48,3
2017-07-04,20,11049,South,24,3
2017-07-04,20,11050,East,19,3
2017-07-04,20,11051,West,17,3
2017-07-04,20,11052,North,48,3
2017-07-04,20,11053,South,24,3
2017-07-04,20,11054,East,19,3
2017-07-04,20,11055,West,17,3
2017-07-04,20,11056,North,48,3
2017-07-04,20,11057,South,24,3
2017-07-04,20,11058,East,19,3
2017-07-04,20,11059,West,17,3
2017-07-04,20,11060,North,48,3
2017-07-04,20,11061,South,24,3
2017-07-04,20,11062,East,19,3
2017-07-04,20,11063,West,17,3
2017-07-04,20,11064,North,48,3
2017-07-04,20,11065,South,24,3
2017-07-04,20,11066,East,19,3
2017-07-04,20,11067,West,17,3
2017-07-04,20,11068,North,48,3
2017-07-04,20,11069,South,24,3
2017-07-04,20,11070,East,19,3
2017-07-04,20,11071,West,17,3
2017-07-04,20,11072,North,48,3
2017-07-04,20,11073,South,24,3
2017-07-04,20,11074,East,19,3
2017-07-04,20,11075,West,17,3
2017-07-04,20,11076,North,48,3
2017-07-04,20,11077,South,24,3
2017-07-04,20,11078,East,19,3
2017-07-04,20,11079,West,17,3
2017-07-04,20,11080,North,48,3
2017-07-04,20,11081,South,24,3
2017-07-04,20,11082,East,19,3
2017-07-04,20,11083,West,17,3
2017-07-04,20,11084,North,48,3
2017-07-04,20,11085,South,24,3
2017-07-04,20,11086,East,19,3
2017-07-04,20,11087,West,17,3
2017-07-04,20,11088,North,48,3
2017-07-04,20,11089,South,24,3
2017-07-04,20,11090,East,19,3
2017-07-04,20,11091,West,17,3
2017-07-04,20,11092,North,48,3
2017-07-04,20,11093,South,24,3
2017-07-04,20,11094,East,19,3
2017-07-04,20,11095,West,17,3
2017-07-04,20,11096,North,48,3
2017-07-04,20,11097,South,24,3
2017-07-04,20,11098,East,19,3
2017-07-04,20,11099,West,17,3
2017-07-04,20,11100,North,48,3
2017-07-04,20,11101,South,24,3
2017-07-04,20,11102,East,19,3
2017-07-04,20,11103,West,17,3
2017-07-04,20,11104,North,48,3
2017-07-04,20,11105,South,24,3
2017-07-04,20,11106,East,19,3
2017-07-04,20,11107,West,17,3
2017-07-04,20,11108,North,48,3
2017-07-04,20,11109,South,24,3
2017-07-04,20,11110,East,19,3
2017-07-04,20,11111,West,17,3
2017-07-04,20,11112,North,48,3
2017-07-04,20,11113,South,24,3
2017-07-04,20,11114,East,19,3
2017-07-04,20,11115,West,17,3
2017-07-04,20,11116,North,48,3
2017-07-04,20,11117,South,24,3
2017-07-04,20,11118,East,19,3
2017-07-04,20,11119,West,17,3
2017-07-04,20,11120,North,48,3
2017-07-04,20,11121,South,24,3
2017-07-04,20,11122,East,19,3
2017-07-04,20,11123,West,17,3
2017-07-04,20,11124,North,48,3
2017-07-04,20,11125,South,24,3
2017-07-04,20,11126,East,19,3
2017-07-04,20,11127,West,17,3
2017-07-04,20,11128,North,48,3
2017-07-04,20,11129,South,24,3
2017-07-04,20,11130,East,19,3
2017-07-04,20,11131,West,17,3
2017-07-04,20,11132,North,48,3
2017-07-04,20,11133,South,24,3
2017-07-04,20,11134,East,19,3
2017-07-04,20,11135,West,17,3
2017-07-04,20,11136,North,48,3
2017-07-04,20,11137,South,24,3
2017-07-04,20,11138,East,19,3
2017-07-04,20,11139,West,17,3
2017-07-04,20,11140,North,48,3
2017-07-04,20,11141,South,24,3
2017-07-04,20,11142,East,19,3
2017-07-04,20,11143,West,17,3
2017-07-04,20,11144,North,48,3
2017-07-04,20,11145,South,24,3
2017-07-04,20,11146,East,19,3
2017-07-04,20,11147,West,17,3
2017-07-04,20,11148,North,48,3
2017-07-04,20,11149,South,24,3
2017-07-04,20,11150,East,19,3
2017-07-04,20,11151,West,17,3
2017-07-04,20,11152,North,48,3
2017-07-04,20,11153,South,24,3
2017-07-04,20,11154,East,19,3
2017-07-04,20,11155,West,17,3
2017-07-04,20,11156,North,48,3
2017-07-04,20,11157,South,24,3
2017-07-04,20,11158,East,19,3
2017-07-04,20,11159,West,17,3
2017-07-04,21,11160,North,46,3
2017-07-04,21,11161,South,24,3
2017-07-04,21,11162,East,21,3
2017-07-04,21,11163,West,17,3
2017-07-04,21,11164,North,46,3
2017-07-04,21,11165,South,24,3
2017-07-04,21,11166,East,21,3
2017-07-04,21,11167,West,17,3
2017-07-04,21,11168,North,46,3
2017-07-04,21,11169,South,24,3
2017-07-04,21,11170,East,21,3
2017-07-04,21,11171,West,17,3
2017-07-04,21,11172,North,46,3
2017-07-04,21,11173,South,24,3
2017-07-04,21,11174,East,21,3
2017-07-04,21,11175,West,17,3
2017-07-04,21,11176,North,46,3
2017-07-04,21,11177,South,24,3
2017-07-04,21,11178,East,21,3
2017-07-04,21,11179,West,17,3
2017-07-04,21,11180,North,46,3
2017-07-04,21,11181,South,24,3
2017-07-04,21,11182,East,21,3
2017-07-04,21,11183,West,17,3
2017-07-04,21,11184,North,46,3
2017-07-04,21,11185,South,24,3
2017-07-04,21,11186,East,21,3
2017-07-04,21,11187,West,17,3
2017-07-04,21,11188,North,46,3
2017-07-04,21,11189,South,24,3
2017-07-04,21,11190,East,21,3
2017-07-04,21,11191,West,17,3
2017-07-04,21,11192,North,46,3
2017-07-04,21,11193,South,24,3
2017-07-04,21,11194,East,21,3
2017-07-04,21,11195,West,17,3
2017-07-04,21,11196,North,46,3
2017-07-04,21,11197,South,24,3
2017-07-04,21,11198,East,21,3
2017-07-04,21,11199,West,17,3
2017-07-04,21,11200,North,46,3
2017-07-04,21,11201,South,24,3
2017-07-04,21,11202,East,21,3
2017-07-04,21,11203,West,17,3
2017-07-04,21,11204,North,46,3
2017-07-04,21,11205,South,24,3
2017-07-04,21,11206,East,21,3
2017-07-04,21,11207,West,17,3
2017-07-04,21,11208,North,46,3
2017-07-04,21,11209,South,24,3
2017-07-04,21,11210,East,21,3
2017-07-04,21,11211,West,17,3
2017-07-04,21,11212,North,46,3
2017-07-04,21,11213,South,24,3
2017-07-04,21,11214,East,21,3
2017-07-04,21,11215,West,17,3
2017-07-04,21,11216,North,46,3
2017-07-04,21,11217,South,24,3
2017-07-04,21,11218,East,21,3
2017-07-04,21,11219,West,17,3
2017-07-04,21,11220,North,46,3
2017-07-04,21,11221,South,24,3
2017-07-04,21,11222,East,21,3
2017-07-04,21,11223,West,17,3
2017-07-04,21,11224,North,46,3
2017-07-04,21,11225,South,24,3
2017-07-04,21,11226,East,21,3
2017-07-04,21,11227,West,17,3
2017-07-04,21,11228,North,46,3
2017-07-04,21,11229,South,24,3
2017-07-04,21,11230,East,21,3
2017-07-04,21,11231,West,17,3
2017-07-04,21,11232,North,46,3
2017-07-04,21,11233,South,24,3
2017-07-04,21,11234,East,21,3
2017-07-04,21,11235,West,17,3
2017-07-04,21,11236,North,46,3
2017-07-04,21,11237,South,24,3
2017-07-04,21,11238,East,21,3
2017-07-04,21,11239,West,17,3
2017-07-04,21,11240,North,46,3
2017-07-04,21,11241,South,24,3
2017-07-04,21,11242,East,21,3
2017-07-04,21,11243,West,17,3
2017-07-04,21,11244,North,46,3
2017-07-04,21,11245,South,24,3
2017-07-04,21,11246,East,21,3
2017-07-04,21,11247,West,17,3
2017-07-04,21,11248,North,46,3
2017-07-04,21,11249,South,24,3
2017-07-04,21,11250,East,21,3
2017-07-04,21,11251,West,17,3
2017-07-04,21,11252,North,46,3
2017-07-04,21,11253,South,24,3
2017-07-04,21,11254,East,21,3
2017-07-04,21,11255,West,17,3
2017-07-04,21,11256,North,46,3
2017-07-04,21,11257,South,24,3
2017-07-04,21,11258,East,21,3
2017-07-04,21,11259,West,17,3
2017-07-04,21,11260,North,46,3
2017-07-04,21,11261,South,24,3
2017-07-04,21,11262,East,21,3
2017-07-04,21,11263,West,17,3
2017-07-04,21,11264,North,46,3
2017-07-04,21,11265,South,24,3
2017-07-04,21,11266,East,21,3
2017-07-04,21,11267,West,17,3
2017-07-04,21,11268,North,46,3
2017-07-04,21,11269,South,24,3
2017-07-04,21,11270,East,21,3
2017-07-04,21,11271,West,17,3
2017-07-04,21,11272,North,46,3
2017-07-04,21,11273,South,24,3
2017-07-04,21,11274,East,21,3
2017-07-04,21,11275,West,17,3
2017-07-04,21,11276,North,46,3
2017-07-04,21,11277,South,24,3
2017-07-04,21,11278,East,21,3
2017-07-04,21,11279,West,17,3
2017-07-04,22,11280,North,45,3
2017-07-04,22,11281,South,25,3
2017-07-04,22,11282,East,20,3
2017-07-04,22,11283,West,18,3
2017-07-04,22,11284,North,45,3
2017-07-04,22,11285,South,25,3
2017-07-04,22,11286,East,20,3
2017-07-04,22,11287,West,18,3
2017-07-04,22,11288,North,45,3
2017-07-04,22,11289,South,25,3
2017-07-04,22,11290,East,20,3
2017-07-04,22,11291,West,18,3
2017-07-04,22,11292,North,45,3
2017-07-04,22,11293,South,25,3
2017-07-04,22,11294,East,20,3
2017-07-04,22,11295,West,18,3
2017-07-04,22,11296,North,45,3
2017-07-04,22,11297,South,25,3
2017-07-04,22,11298,East,20,3
2017-07-04,22,11299,West,18,3
2017-07-04,22,11300,North,45,3
2017-07-04,22,11301,South,25,3
2017-07-04,22,11302,East,20,3
2017-07-04,22,11303,West,18,3
2017-07-04,22,11304,North,45,3
2017-07-04,22,11305,South,25,3
2017-07-04,22,11306,East,20,3
2017-07-04,22,11307,West,18,3
2017-07-04,22,11308,North,45,3
2017-07-04,22,11309,South,25,3
2017-07-04,22,11310,East,20,3
2017-07-04,22,11311,West,18,3
2017-07-04,22,11312,North,45,3
2017-07-04,22,11313,South,25,3
2017-07-04,22,11314,East,20,3
2017-07-04,22,11315,West,18,3
2017-07-04,22,11316,North,45,3
2017-07-04,22,11317,South,25,3
2017-07-04,22,11318,East,20,3
2017-07-04,22,11319,West,18,3
2017-07-04,22,11320,North,45,3
2017-07-04,22,11321,South,25,3
2017-07-04,22,11322,East,20,3
2017-07-04,22,11323,West,18,3
2017-07-04,22,11324,North,45,3
2017-07-04,22,11325,South,25,3
2017-07-04,22,11326,East,20,3
2017-07-04,22,11327,West,18,3
2017-07-04,22,11328,North,45,3
2017-07-04,22,11329,South,25,3
2017-07-04,22,11330,East,20,3
2017-07-04,22,11331,West,18,3
2017-07-04,22,11332,North,45,3
2017-07-04,22,11333,South,25,3
2017-07-04,22,11334,East,20,3
2017-07-04,22,11335,West,18,3
2017-07-04,22,11336,North,45,3
2017-07-04,22,11337,South,25,3
2017-07-04,22,11338,East,20,3
2017-07-04,22,11339,West,18,3
2017-07-04,22,11340,North,45,3
2017-07-04,22,11341,South,25,3
2017-07-04,22,11342,East,20,3
2017-07-04,22,11343,West,18,3
2017-07-04,22,11344,North,45,3
2017-07-04,22,11345,South,25,3
2017-07-04,22,11346,East,20,3
2017-07-04,22,11347,West,18,3
2017-07-04,22,11348,North,45,3
2017-07-04,22,11349,South,25,3
2017-07-04,22,11350,East,20,3
2017-07-04,22,11351,West,18,3
2017-07-04,22,11352,North,45,3
2017-07-04,22,11353,South,25,3
2017-07-04,22,11354,East,20,3
2017-07-04,22,11355,West,18,3
2017-07-04,22,11356,North,45,3
2017-07-04,22,11357,South,25,3
2017-07-04,22,11358,East,20,3
2017-07-04,22,11359,West,18,3
2017-07-04,22,11360,North,45,3
2017-07-04,22,11361,South,25,3
2017-07-04,22,11362,East,20,3
2017-07-04,22,11363,West,18,3
2017-07-04,22,11364,North,45,3
2017-07-04,22,11365,South,25,3
2017-07-04,22,11366,East,20,3
2017-07-04,22,11367,West,18,3
2017-07-04,22,11368,North,45,3
2017-07-04,22,11369,South,25,3
2017-07-04,22,11370,East,20,3
2017-07-04,22,11371,West,18,3
2017-07-04,22,11372,North,45,3
2017-07-04,22,11373,South,25,3
2017-07-04,22,11374,East,20,3
2017-07-04,22,11375,West,18,3
2017-07-04,22,11376,North,45,3
2017-07-04,22,11377,South,25,3
2017-07-04,22,11378,East,20,3
2017-07-04,22,11379,West,18,3
2017-07-04,22,11380,North,45,3
2017-07-04,22,11381,South,25,3
2017-07-04,22,11382,East,20,3
2017-07-04,22,11383,West,18,3
2017-07-04,22,11384,North,45,3
2017-07-04,22,11385,South,25,3
2017-07-04,22,11386,East,20,3
2017-07-04,22,11387,West,18,3
2017-07-04,22,11388,North,45,3
2017-07-04,22,11389,South,25,3
2017-07-04,22,11390,East,20,3
2017-07-04,22,11391,West,18,3
2017-07-04,22,11392,North,45,3
2017-07-04,22,11393,South,25,3
2017-07-04,22,11394,East,20,3
2017-07-04,22,11395,West,18,3
2017-07-04,22,11396,North,45,3
2017-07-04,22,11397,South,25,3
2017-07-04,22,11398,East,20,3
2017-07-04,22,11399,West,18,3
2017-07-04,23,11400,North,44,3
2017-07-04,23,11401,South,26,3
2017-07-04,23,11402,East,21,3
2017-07-04,23,11403,West,17,3
2017-07-04,23,11404,North,44,3
2017-07-04,23,11405,South,26,3
2017-07-04,23,11406,East,21,3
2017-07-04,23,11407,West,17,3
2017-07-04,23,11408,North,44,3
2017-07-04,23,11409,South,26,3
2017-07-04,23,11410,East,21,3
2017-07-04,23,11411,West,17,3
2017-07-04,23,11412,North,44,3
2017-07-04,23,11413,South,26,3
2017-07-04,23,11414,East,21,3
2017-07-04,23,11415,West,17,3
2017-07-04,23,11416,North,44,3
2017-07-04,23,11417,South,26,3
2017-07-04,23,11418,East,21,3
2017-07-04,23,11419,West,17,3
2017-07-04,23,11420,North,44,3
2017-07-04,23,11421,South,26,3
2017-07-04,23,11422,East,21,3
2017-07-04,23,11423,West,17,3
2017-07-04,23,11424,North,44,3
2017-07-04,23,11425,South,26,3
2017-07-04,23,11426,East,21,3
2017-07-04,23,11427,West,17,3
2017-07-04,23,11428,North,44,3
2017-07-04,23,11429,South,26,3
2017-07-04,23,11430,East,21,3
2017-07-04,23,11431,West,17,3
2017-07-04,23,11432,North,44,3
2017-07-04,23,11433,South,26,3
2017-07-04,23,11434,East,21,3
2017-07-04,23,11435,West,17,3
2017-07-04,23,11436,North,44,3
2017-07-04,23,11437,South,26,3
2017-07-04,23,11438,East,21,3
2017-07-04,23,11439,West,17,3
2017-07-04,23,11440,North,44,3
2017-07-04,23,11441,South,26,3
2017-07-04,23,11442,East,21,3
2017-07-04,23,11443,West,17,3
2017-07-04,23,11444,North,44,3
2017-07-04,23,11445,South,26,3
2017-07-04,23,11446,East,21,3
2017-07-04,23,11447,West,17,3
2017-07-04,23,11448,North,44,3
2017-07-04,23,11449,South,26,3
2017-07-04,23,11450,East,21,3
2017-07-04,23,11451,West,17,3
2017-07-04,23,11452,North,44,3
2017-07-04,23,11453,South,26,3
2017-07-04,23,11454,East,21,3
2017-07-04,23,11455,West,17,3
2017-07-04,23,11456,North,44,3
2017-07-04,23,11457,South,26,3
2017-07-04,23,11458,East,21,3
2017-07-04,23,11459,West,17,3
2017-07-04,23,11460,North,44,3
2017-07-04,23,11461,South,26,3
2017-07-04,23,11462,East,21,3
2017-07-04,23,11463,West,17,3
2017-07-04,23,11464,North,44,3
2017-07-04,23,11465,South,26,3
2017-07-04,23,11466,East,21,3
2017-07-04,23,11467,West,17,3
2017-07-04,23,11468,North,44,3
2017-07-04,23,11469,South,26,3
2017-07-04,23,11470,East,21,3
2017-07-04,23,11471,West,17,3
2017-07-04,23,11472,North,44,3
2017-07-04,23,11473,South,26,3
2017-07-04,23,11474,East,21,3
2017-07-04,23,11475,West,17,3
2017-07-04,23,11476,North,44,3
2017-07-04,23,11477,South,26,3
2017-07-04,23,11478,East,21,3
2017-07-04,23,11479,West,17,3
2017-07-04,23,11480,North,44,3
2017-07-04,23,11481,South,26,3
2017-07-04,23,11482,East,21,3
2017-07-04,23,11483,West,17,3
2017-07-04,23,11484,North,44,3
2017-07-04,23,11485,South,26,3
2017-07-04,23,11486,East,21,3
2017-07-04,23,11487,West,17,3
2017-07-04,23,11488,North,44,3
2017-07-04,23,11489,South,26,3
2017-07-04,23,11490,East,21,3
2017-07-04,23,11491,West,17,3
2017-07-04,23,11492,North,44,3
2017-07-04,23,11493,South,26,3
2017-07-04,23,11494,East,21,3
2017-07-04,23,11495,West,17,3
2017-07-04,23,11496,North,44,3
2017-07-04,23,11497,South,26,3
2017-07-04,23,11498,East,21,3
2017-07-04,23,11499,West,17,3
2017-07-04,23,11500,North,44,3
2017-07-04,23,11501,South,26,3
2017-07-04,23,11502,East,21,3
2017-07-04,23,11503,West,17,3
2017-07-04,23,11504,North,44,3
2017-07-04,23,11505,South,26,3
2017-07-04,23,11506,East,21,3
2017-07-04,23,11507,West,17,3
2017-07-04,23,11508,North,44,3
2017-07-04,23,11509,South,26,3
2017-07-04,23,11510,East,21,3
2017-07-04,23,11511,West,17,3
2017-07-04,23,11512,North,44,3
2017-07-04,23,11513,South,26,3
2017-07-04,23,11514,East,21,3
2017-07-04,23,11515,West,17,3
2017-07-04,23,11516,North,44,3
2017-07-04,23,11517,South,26,3
2017-07-04,23,11518,East,21,3
2017-07-04,23,11519,West,17,3
2017-07-05,0,11520,North,50,3
2017-07-05,0,11521,South,23,3
2017-07-05,0,11522,East,19,3
2017-07-05,0,11523,West,16,3
2017-07-05,0,11524,North,50,3
2017-07-05,0,11525,South,23,3
2017-07-05,0,11526,East,19,3
2017-07-05,0,11527,West,16,3
2017-07-05,0,11528,North,50,3
2017-07-05,0,11529,South,23,3
2017-07-05,0,11530,East,19,3
2017-07-05,0,11531,West,16,3
2017-07-05,0,11532,North,50,3
2017-07-05,0,11533,South,23,3
2017-07-05,0,11534,East,19,3
2017-07-05,0,11535,West,16,3
2017-07-05,0,11536,North,50,3
2017-07-05,0,11537,South,23,3
2017-07-05,0,11538,East,19,3
2017-07-05,0,11539,West,16,3
2017-07-05,0,11540,North,50,3
2017-07-05,0,11541,South,23,3
2017-07-05,0,11542,East,19,3
2017-07-05,0,11543,West,16,3
2017-07-05,0,11544,North,50,3
2017-07-05,0,11545,South,23,3
2017-07-05,0,11546,East,19,3
2017-07-05,0,11547,West,16,3
2017-07-05,0,11548,North,50,3
2017-07-05,0,11549,South,23,3
2017-07-05,0,11550,East,19,3
2017-07-05,0,11551,West,16,3
2017-07-05,0,11552,North,50,3
2017-07-05,0,11553,South,23,3
2017-07-05,0,11554,East,19,3
2017-07-05,0,11555,West,16,3
2017-07-05,0,11556,North,50,3
2017-07-05,0,11557,South,23,3
2017-07-05,0,11558,East,19,3
2017-07-05,0,11559,West,16,3
2017-07-05,0,11560,North,50,3
2017-07-05,0,11561,South,23,3
2017-07-05,0,11562,East,19,3
2017-07-05,0,11563,West,16,3
2017-07-05,0,11564,North,50,3
2017-07-05,0,11565,South,23,3
2017-07-05,0,11566,East,19,3
2017-07-05,0,11567,West,16,3
2017-07-05,0,11568,North,50,3
2017-07-05,0,11569,South,23,3
2017-07-05,0,11570,East,19,3
2017-07-05,0,11571,West,16,3
2017-07-05,0,11572,North,50,3
2017-07-05,0,11573,South,23,3
2017-07-05,0,11574,East,19,3
2017-07-05,0,11575,West,16,3
2017-07-05,0,11576,North,50,3
2017-07-05,0,11577,South,23,3
2017-07-05,0,11578,East,19,3
2017-07-05,0,11579,West,16,3
2017-07-05,0,11580,North,50,3
2017-07-05,0,11581,South,23,3
2017-07-05,0,11582,East,19,3
2017-07-05,0,11583,West,16,3
2017-07-05,0,11584,North,50,3
2017-07-05,0,11585,South,23,3
2017-07-05,0,11586,East,19,3
2017-07-05,0,11587,West,16,3
2017-07-05,0,11588,North,50,3
2017-07-05,0,11589,South,23,3
2017-07-05,0,11590,East,19,3
2017-07-05,0,11591,West,16,3
2017-07-05,0,11592,North,50,3
2017-07-05,0,11593,South,23,3
2017-07-05,0,11594,East,19,3
2017-07-05,0,11595,West,16,3
2017-07-05,0,11596,North,50,3
2017-07-05,0,11597,South,23,3
2017-07-05,0,11598,East,19,3
2017-07-05,0,11599,West,16,3
2017-07-05,0,11600,North,50,3
2017-07-05,0,11601,South,23,3
2017-07-05,0,11602,East,19,3
2017-07-05,0,11603,West,16,3
2017-07-05,0,11604,North,50,3
2017-07-05,0,11605,South,23,3
2017-07-05,0,11606,East,19,3
2017-07-05,0,11607,West,16,3
2017-07-05,0,11608,North,50,3
2017-07-05,0,11609,South,23,3
2017-07-05,0,11610,East,19,3
2017-07-05,0,11611,West,16,3
2017-07-05,0,11612,North,50,3
2017-07-05,0,11613,South,23,3
2017-07-05,0,11614,East,19,3
2017-07-05,0,11615,West,16,3
2017-07-05,0,11616,North,50,3
2017-07-05,0,11617,South,23,3
2017-07-05,0,11618,East,19,3
2017-07-05,0,11619,West,16,3
2017-07-05,0,11620,North,50,3
2017-07-05,0,11621,South,23,3
2017-07-05,0,11622,East,19,3
2017-07-05,0,11623,West,16,3
2017-07-05,0,11624,North,50,3
2017-07-05,0,11625,South,23,3
2017-07-05,0,11626,East,19,3
2017-07-05,0,11627,West,16,3
2017-07-05,0,11628,North,50,3
2017-07-05,0,11629,South,23,3
2017-07-05,0,11630,East,19,3
2017-07-05,0,11631,West,16,3
2017-07-05,0,11632,North,50,3
2017-07-05,0,11633,South,23,3
2017-07-05,0,11634,East,19,3
2017-07-05,0,11635,West,16,3
2017-07-05,0,11636,North,50,3
2017-07-05,0,11637,South,23,3
2017-07-05,0,11638,East,19,3
2017-07-05,0,11639,West,16,3
2017-07-05,1,11640,North,50,3
2017-07-05,1,11641,South,24,3
2017-07-05,1,11642,East,18,3
2017-07-05,1,11643,West,16,3
2017-07-05,1,11644,North,50,3
2017-07-05,1,11645,South,24,3
2017-07-05,1,11646,East,18,3
2017-07-05,1,11647,West,16,3
2017-07-05,1,11648,North,50,3
2017-07-05,1,11649,South,24,3
2017-07-05,1,11650,East,18,3
2017-07-05,1,11651,West,16,3
2017-07-05,1,11652,North,50,3
2017-07-05,1,11653,South,24,3
2017-07-05,1,11654,East,18,3
2017-07-05,1,11655,West,16,3
2017-07-05,1,11656,North,50,3
2017-07-05,1,11657,South,24,3
2017-07-05,1,11658,East,18,3
2017-07-05,1,11659,West,16,3
2017-07-05,1,11660,North,50,3
2017-07-05,1,11661,South,24,3
2017-07-05,1,11662,East,18,3
2017-07-05,1,11663,West,16,3
2017-07-05,1,11664,North,50,3
2017-07-05,1,11665,South,24,3
2017-07-05,1,11666,East,18,3
2017-07-05,1,11667,West,16,3
2017-07-05,1,11668,North,50,3
2017-07-05,1,11669,South,24,3
2017-07-05,1,11670,East,18,3
2017-07-05,1,11671,West,16,3
2017-07-05,1,11672,North,50,3
2017-07-05,1,11673,South,24,3
2017-07-05,1,11674,East,18,3
2017-07-05,1,11675,West,16,3
2017-07-05,1,11676,North,50,3
2017-07-05,1,11677,South,24,3
2017-07-05,1,11678,East,18,3
2017-07-05,1,11679,West,16,3
2017-07-05,1,11680,North,50,3
2017-07-05,1,11681,South,24,3
2017-07-05,1,11682,East,18,3
2017-07-05,1,11683,West,16,3
2017-07-05,1,11684,North,50,3
2017-07-05,1,11685,South,24,3
2017-07-05,1,11686,East,18,3
2017-07-05,1,11687,West,16,3
2017-07-05,1,11688,North,50,3
2017-07-05,1,11689,South,24,3
2017-07-05,1,11690,East,18,3
2017-07-05,1,11691,West,16,3
2017-07-05,1,11692,North,50,3
2017-07-05,1,11693,South,24,3
2017-07-05,1,11694,East,18,3
2017-07-05,1,11695,West,16,3
2017-07-05,1,11696,North,50,3
2017-07-05,1,11697,South,24,3
2017-07-05,1,11698,East,18,3
2017-07-05,1,11699,West,16,3
2017-07-05,1,11700,North,50,3
2017-07-05,1,11701,South,24,3
2017-07-05,1,11702,East,18,3
2017-07-05,1,11703,West,16,3
2017-07-05,1,11704,North,50,3
2017-07-05,1,11705,South,24,3
2017-07-05,1,11706,East,18,3
2017-07-05,1,11707,West,16,3
2017-07-05,1,11708,North,50,3
2017-07-05,1,11709,South,24,3
2017-07-05,1,11710,East,18,3
2017-07-05,1,11711,West,16,3
2017-07-05,1,11712,North,50,3
2017-07-05,1,11713,South,24,3
2017-07-05,1,11714,East,18,3
2017-07-05,1,11715,West,16,3
2017-07-05,1,11716,North,50,3
2017-07-05,1,11717,South,24,3
2017-07-05,1,11718,East,18,3
2017-07-05,1,11719,West,16,3
2017-07-05,1,11720,North,50,3
2017-07-05,1,11721,South,24,3
2017-07-05,1,11722,East,18,3
2017-07-05,1,11723,West,16,3
2017-07-05,1,11724,North,50,3
2017-07-05,1,11725,South,24,3
2017-07-05,1,11726,East,18,3
2017-07-05,1,11727,West,16,3
2017-07-05,1,11728,North,50,3
2017-07-05,1,11729,South,24,3
2017-07-05,1,11730,East,18,3
2017-07-05,1,11731,West,16,3
2017-07-05,1,11732,North,50,3
2017-07-05,1,11733,South,24,3
2017-07-05,1,11734,East,18,3
2017-07-05,1,11735,West,16,3
2017-07-05,1,11736,North,50,3
2017-07-05,1,11737,South,24,3
2017-07-05,1,11738,East,18,3
2017-07-05,1,11739,West,16,3
2017-07-05,1,11740,North,50,3
2017-07-05,1,11741,South,24,3
2017-07-05,1,11742,East,18,3
2017-07-05,1,11743,West,16,3
2017-07-05,1,11744,North,50,3
2017-07-05,1,11745,South,24,3
2017-07-05,1,11746,East,18,3
2017-07-05,1,11747,West,16,3
2017-07-05,1,11748,North,50,3
2017-07-05,1,11749,South,24,3
2017-07-05,1,11750,East,18,3
2017-07-05,1,11751,West,16,3
2017-07-05,1,11752,North,50,3
2017-07-05,1,11753,South,24,3
2017-07-05,1,11754,East,18,3
2017-07-05,1,11755,West,16,3
2017-07-05,1,11756,North,50,3
2017-07-05,1,11757,South,24,3
2017-07-05,1,11758,East,18,3
2017-07-05,1,11759,West,16,3
2017-07-05,2,11760,North,50,3
2017-07-05,2,11761,South,25,3
2017-07-05,2,11762,East,17,3
2017-07-05,2,11763,West,16,3
2017-07-05,2,11764,North,50,3
2017-07-05,2,11765,South,25,3
2017-07-05,2,11766,East,17,3
2017-07-05,2,11767,West,16,3
2017-07-05,2,11768,North,50,3
2017-07-05,2,11769,South,25,3
2017-07-05,2,11770,East,17,3
2017-07-05,2,11771,West,16,3
2017-07-05,2,11772,North,50,3
2017-07-05,2,11773,South,25,3
2017-07-05,2,11774,East,17,3
2017-07-05,2,11775,West,16,3
2017-07-05,2,11776,North,50,3
2017-07-05,2,11777,South,25,3
2017-07-05,2,11778,East,17,3
2017-07-05,2,11779,West,16,3
2017-07-05,2,11780,North,50,3
2017-07-05,2,11781,South,25,3
2017-07-05,2,11782,East,17,3
2017-07-05,2,11783,West,16,3
2017-07-05,2,11784,North,50,3
2017-07-05,2,11785,South,25,3
2017-07-05,2,11786,East,17,3
2017-07-05,2,11787,West,16,3
2017-07-05,2,11788,North,50,3
2017-07-05,2,11789,South,25,3
2017-07-05,2,11790,East,17,3
2017-07-05,2,11791,West,16,3
2017-07-05,2,11792,North,50,3
2017-07-05,2,11793,South,25,3
2017-07-05,2,11794,East,17,3
2017-07-05,2,11795,West,16,3
2017-07-05,2,11796,North,50,3
2017-07-05,2,11797,South,25,3
2017-07-05,2,11798,East,17,3
2017-07-05,2,11799,West,16,3
2017-07-05,2,11800,North,50,3
2017-07-05,2,11801,South,25,3
2017-07-05,2,11802,East,17,3
2017-07-05,2,11803,West,16,3
2017-07-05,2,11804,North,50,3
2017-07-05,2,11805,South,25,3
2017-07-05,2,11806,East,17,3
2017-07-05,2,11807,West,16,3
2017-07-05,2,11808,North,50,3
2017-07-05,2,11809,South,25,3
2017-07-05,2,11810,East,17,3
2017-07-05,2,11811,West,16,3
2017-07-05,2,11812,North,50,3
2017-07-05,2,11813,South,25,3
2017-07-05,2,11814,East,17,3
2017-07-05,2,11815,West,16,3
2017-07-05,2,11816,North,50,3
2017-07-05,2,11817,South,25,3
2017-07-05,2,11818,East,17,3
2017-07-05,2,11819,West,16,3
2017-07-05,2,11820,North,50,3
2017-07-05,2,11821,South,25,3
2017-07-05,2,11822,East,17,3
2017-07-05,2,11823,West,16,3
2017-07-05,2,11824,North,50,3
2017-07-05,2,11825,South,25,3
2017-07-05,2,11826,East,17,3
2017-07-05,2,11827,West,16,3
2017-07-05,2,11828,North,50,3
2017-07-05,2,11829,South,25,3
2017-07-05,2,11830,East,17,3
2017-07-05,2,11831,West,16,3
2017-07-05,2,11832,North,50,3
2017-07-05,2,11833,South,25,3
2017-07-05,2,11834,East,17,3
2017-07-05,2,11835,West,16,3
2017-07-05,2,11836,North,50,3
2017-07-05,2,11837,South,25,3
2017-07-05,2,11838,East,17,3
2017-07-05,2,11839,West,16,3
2017-07-05,2,11840,North,50,3
2017-07-05,2,11841,South,25,3
2017-07-05,2,11842,East,17,3
2017-07-05,2,11843,West,16,3
2017-07-05,2,11844,North,50,3
2017-07-05,2,11845,South,25,3
2017-07-05,2,11846,East,17,3
2017-07-05,2,11847,West,16,3
2017-07-05,2,11848,North,50,3
2017-07-05,2,11849,South,25,3
2017-07-05,2,11850,East,17,3
2017-07-05,2,11851,West,16,3
2017-07-05,2,11852,North,50,3
2017-07-05,2,11853,South,25,3
2017-07-05,2,11854,East,17,3
2017-07-05,2,11855,West,16,3
2017-07-05,2,11856,North,50,3
2017-07-05,2,11857,South,25,3
2017-07-05,2,11858,East,17,3
2017-07-05,2,11859,West,16,3
2017-07-05,2,11860,North,50,3
2017-07-05,2,11861,South,25,3
2017-07-05,2,11862,East,17,3
2017-07-05,2,11863,West,16,3
2017-07-05,2,11864,North,50,3
2017-07-05,2,11865,South,25,3
2017-07-05,2,11866,East,17,3
2017-07-05,2,11867,West,16,3
2017-07-05,2,11868,North,50,3
2017-07-05,2,11869,South,25,3
2017-07-05,2,11870,East,17,3
2017-07-05,2,11871,West,16,3
2017-07-05,2,11872,North,50,3
2017-07-05,2,11873,South,25,3
2017-07-05,2,11874,East,17,3
2017-07-05,2,11875,West,16,3
2017-07-05,2,11876,North,50,3
2017-07-05,2,11877,South,25,3
2017-07-05,2,11878,East,17,3
2017-07-05,2,11879,West,16,3
2017-07-05,3,11880,North,49,3
2017-07-05,3,11881,South,25,3
2017-07-05,3,11882,East,18,3
2017-07-05,3,11883,West,16,3
2017-07-05,3,11884,North,49,3
2017-07-05,3,11885,South,25,3
2017-07-05,3,11886,East,18,3
2017-07-05,3,11887,West,16,3
2017-07-05,3,11888,North,49,3
2017-07-05,3,11889,South,25,3
2017-07-05,3,11890,East,18,3
2017-07-05,3,11891,West,16,3
2017-07-05,3,11892,North,49,3
2017-07-05,3,11893,South,25,3
2017-07-05,3,11894,East,18,3
2017-07-05,3,11895,West,16,3
2017-07-05,3,11896,North,49,3
2017-07-05,3,11897,South,25,3
2017-07-05,3,11898,East,18,3
2017-07-05,3,11899,West,16,3
2017-07-05,3,11900,North,49,3
2017-07-05,3,11901,South,25,3
2017-07-05,3,11902,East,18,3
2017-07-05,3,11903,West,16,3
2017-07-05,3,11904,North,49,3
2017-07-05,3,11905,South,25,3
2017-07-05,3,11906,East,18,3
2017-07-05,3,11907,West,16,3
2017-07-05,3,11908,North,49,3
2017-07-05,3,11909,South,25,3
2017-07-05,3,11910,East,18,3
2017-07-05,3,11911,West,16,3
2017-07-05,3,11912,North,49,3
2017-07-05,3,11913,South,25,3
2017-07-05,3,11914,East,18,3
2017-07-05,3,11915,West,16,3
2017-07-05,3,11916,North,49,3
2017-07-05,3,11917,South,25,3
2017-07-05,3,11918,East,18,3
2017-07-05,3,11919,West,16,3
2017-07-05,3,11920,North,49,3
2017-07-05,3,11921,South,25,3
2017-07-05,3,11922,East,18,3
2017-07-05,3,11923,West,16,3
2017-07-05,3,11924,North,49,3
2017-07-05,3,11925,South,25,3
2017-07-05,3,11926,East,18,3
2017-07-05,3,11927,West,16,3
2017-07-05,3,11928,North,49,3
2017-07-05,3,11929,South,25,3
2017-07-05,3,11930,East,18,3
2017-07-05,3,11931,West,16,3
2017-07-05,3,11932,North,49,3
2017-07-05,3,11933,South,25,3
2017-07-05,3,11934,East,18,3
2017-07-05,3,11935,West,16,3
2017-07-05,3,11936,North,49,3
2017-07-05,3,11937,South,25,3
2017-07-05,3,11938,East,18,3
2017-07-05,3,11939,West,16,3
2017-07-05,3,11940,North,49,3
2017-07-05,3,11941,South,25,3
2017-07-05,3,11942,East,18,3
2017-07-05,3,11943,West,16,3
2017-07-05,3,11944,North,49,3
2017-07-05,3,11945,South,25,3
2017-07-05,3,11946,East,18,3
2017-07-05,3,11947,West,16,3
2017-07-05,3,11948,North,49,3
2017-07-05,3,11949,South,25,3
2017-07-05,3,11950,East,18,3
2017-07-05,3,11951,West,16,3
2017-07-05,3,11952,North,49,3
2017-07-05,3,11953,South,25,3
2017-07-05,3,11954,East,18,3
2017-07-05,3,11955,West,16,3
2017-07-05,3,11956,North,49,3
2017-07-05,3,11957,South,25,3
2017-07-05,3,11958,East,18,3
2017-07-05,3,11959,West,16,3
2017-07-05,3,11960,North,49,3
2017-07-05,3,11961,South,25,3
2017-07-05,3,11962,East,18,3
2017-07-05,3,11963,West,16,3
2017-07-05,3,11964,North,49,3
2017-07-05,3,11965,South,25,3
2017-07-05,3,11966,East,18,3
2017-07-05,3,11967,West,16,3
2017-07-05,3,11968,North,49,3
2017-07-05,3,11969,South,25,3
2017-07-05,3,11970,East,18,3
2017-07-05,3,11971,West,16,3
2017-07-05,3,11972,North,49,3
2017-07-05,3,11973,South,25,3
2017-07-05,3,11974,East,18,3
2017-07-05,3,11975,West,16,3
2017-07-05,3,11976,North,49,3
2017-07-05,3,11977,South,25,3
2017-07-05,3,11978,East,18,3
2017-07-05,3,11979,West,16,3
2017-07-05,3,11980,North,49,3
2017-07-05,3,11981,South,25,3
2017-07-05,3,11982,East,18,3
2017-07-05,3,11983,West,16,3
2017-07-05,3,11984,North,49,3
2017-07-05,3,11985,South,25,3
2017-07-05,3,11986,East,18,3
2017-07-05,3,11987,West,16,3
2017-07-05,3,11988,North,49,3
2017-07-05,3,11989,South,25,3
2017-07-05,3,11990,East,18,3
2017-07-05,3,11991,West,16,3
2017-07-05,3,11992,North,49,3
2017-07-05,3,11993,South,25,3
2017-07-05,3,11994,East,18,3
2017-07-05,3,11995,West,16,3
2017-07-05,3,11996,North,49,3
2017-07-05,3,11997,South,25,3
2017-07-05,3,11998,East,18,3
2017-07-05,3,11999,West,16,3
2017-07-05,4,12000,North,46,3
2017-07-05,4,12001,South,26,3
2017-07-05,4,12002,East,19,3
2017-07-05,4,12003,West,17,3
2017-07-05,4,12004,North,46,3
2017-07-05,4,12005,South,26,3
2017-07-05,4,12006,East,19,3
2017-07-05,4,12007,West,17,3
2017-07-05,4,12008,North,46,3
2017-07-05,4,12009,South,26,3
2017-07-05,4,12010,East,19,3
2017-07-05,4,12011,West,17,3
2017-07-05,4,12012,North,46,3
2017-07-05,4,12013,South,26,3
2017-07-05,4,12014,East,19,3
2017-07-05,4,12015,West,17,3
2017-07-05,4,12016,North,46,3
2017-07-05,4,12017,South,26,3
2017-07-05,4,12018,East,19,3
2017-07-05,4,12019,West,17,3
2017-07-05,4,12020,North,46,3
2017-07-05,4,12021,South,26,3
2017-07-05,4,12022,East,19,3
2017-07-05,4,12023,West,17,3
2017-07-05,4,12024,North,46,3
2017-07-05,4,12025,South,26,3
2017-07-05,4,12026,East,19,3
2017-07-05,4,12027,West,17,3
2017-07-05,4,12028,North,46,3
2017-07-05,4,12029,South,26,3
2017-07-05,4,12030,East,19,3
2017-07-05,4,12031,West,17,3
2017-07-05,4,12032,North,46,3
2017-07-05,4,12033,South,26,3
2017-07-05,4,12034,East,19,3
2017-07-05,4,12035,West,17,3
2017-07-05,4,12036,North,46,3
2017-07-05,4,12037,South,26,3
2017-07-05,4,12038,East,19,3
2017-07-05,4,12039,West,17,3
2017-07-05,4,12040,North,46,3
2017-07-05,4,12041,South,26,3
2017-07-05,4,12042,East,19,3
2017-07-05,4,12043,West,17,3
2017-07-05,4,12044,North,46,3
2017-07-05,4,12045,South,26,3
2017-07-05,4,12046,East,19,3
2017-07-05,4,12047,West,17,3
2017-07-05,4,12048,North,46,3
2017-07-05,4,12049,South,26,3
2017-07-05,4,12050,East,19,3
2017-07-05,4,12051,West,17,3
2017-07-05,4,12052,North,46,3
2017-07-05,4,12053,South,26,3
2017-07-05,4,12054,East,19,3
2017-07-05,4,12055,West,17,3
2017-07-05,4,12056,North,46,3
2017-07-05,4,12057,South,26,3
2017-07-05,4,12058,East,19,3
2017-07-05,4,12059,West,17,3
2017-07-05,4,12060,North,46,3
2017-07-05,4,12061,South,26,3
2017-07-05,4,12062,East,19,3
2017-07-05,4,12063,West,17,3
2017-07-05,4,12064,North,46,3
2017-07-05,4,12065,South,26,3
2017-07-05,4,12066,East,19,3
2017-07-05,4,12067,West,17,3
2017-07-05,4,12068,North,46,3
2017-07-05,4,12069,South,26,3
2017-07-05,4,12070,East,19,3
2017-07-05,4,12071,West,17,3
2017-07-05,4,12072,North,46,3
2017-07-05,4,12073,South,26,3
2017-07-05,4,12074,East,19,3
2017-07-05,4,12075,West,17,3
2017-07-05,4,12076,North,46,3
2017-07-05,4,12077,South,26,3
2017-07-05,4,12078,East,19,3
2017-07-05,4,12079,West,17,3
2017-07-05,4,12080,North,46,3
2017-07-05,4,12081,South,26,3
2017-07-05,4,12082,East,19,3
2017-07-05,4,12083,West,17,3
2017-07-05,4,12084,North,46,3
2017-07-05,4,12085,South,26,3
2017-07-05,4,12086,East,19,3
2017-07-05,4,12087,West,17,3
2017-07-05,4,12088,North,46,3
2017-07-05,4,12089,South,26,3
2017-07-05,4,12090,East,19,3
2017-07-05,4,12091,West,17,3
2017-07-05,4,12092,North,46,3
2017-07-05,4,12093,South,26,3
2017-07-05,4,12094,East,19,3
2017-07-05,4,12095,West,17,3
2017-07-05,4,12096,North,46,3
2017-07-05,4,12097,South,26,3
2017-07-05,4,12098,East,19,3
2017-07-05,4,12099,West,17,3
2017-07-05,4,12100,North,46,3
2017-07-05,4,12101,South,26,3
2017-07-05,4,12102,East,19,3
2017-07-05,4,12103,West,17,3
2017-07-05,4,12104,North,46,3
2017-07-05,4,12105,South,26,3
2017-07-05,4,12106,East,19,3
2017-07-05,4,12107,West,17,3
2017-07-05,4,12108,North,46,3
2017-07-05,4,12109,South,26,3
2017-07-05,4,12110,East,19,3
2017-07-05,4,12111,West,17,3
2017-07-05,4,12112,North,46,3
2017-07-05,4,12113,South,26,3
2017-07-05,4,12114,East,19,3
2017-07-05,4,12115,West,17,3
2017-07-05,4,12116,North,46,3
2017-07-05,4,12117,South,26,3
2017-07-05,4,12118,East,19,3
2017-07-05,4,12119,West,17,3
2017-07-05,5,12120,North,46,3
2017-07-05,5,12121,South,26,3
2017-07-05,5,12122,East,19,3
2017-07-05,5,12123,West,17,3
2017-07-05,5,12124,North,46,3
2017-07-05,5,12125,South,26,3
2017-07-05,5,12126,East,19,3
2017-07-05,5,12127,West,17,3
2017-07-05,5,12128,North,46,3
2017-07-05,5,12129,South,26,3
2017-07-05,5,12130,East,19,3
2017-07-05,5,12131,West,17,3
2017-07-05,5,12132,North,46,3
2017-07-05,5,12133,South,26,3
2017-07-05,5,12134,East,19,3
2017-07-05,5,12135,West,17,3
2017-07-05,5,12136,North,46,3
2017-07-05,5,12137,South,26,3
2017-07-05,5,12138,East,19,3
2017-07-05,5,12139,West,17,3
2017-07-05,5,12140,North,46,3
2017-07-05,5,12141,South,26,3
2017-07-05,5,12142,East,19,3
2017-07-05,5,12143,West,17,3
2017-07-05,5,12144,North,46,3
2017-07-05,5,12145,South,26,3
2017-07-05,5,12146,East,19,3
2017-07-05,5,12147,West,17,3
2017-07-05,5,12148,North,46,3
2017-07-05,5,12149,South,26,3
2017-07-05,5,12150,East,19,3
2017-07-05,5,12151,West,17,3
2017-07-05,5,12152,North,46,3
2017-07-05,5,12153,South,26,3
2017-07-05,5,12154,East,19,3
2017-07-05,5,12155,West,17,3
2017-07-05,5,12156,North,46,3
2017-07-05,5,12157,South,26,3
2017-07-05,5,12158,East,19,3
2017-07-05,5,12159,West,17,3
2017-07-05,5,12160,North,46,3
2017-07-05,5,12161,South,26,3
2017-07-05,5,12162,East,19,3
2017-07-05,5,12163,West,17,3
2017-07-05,5,12164,North,46,3
2017-07-05,5,12165,South,26,3
2017-07-05,5,12166,East,19,3
2017-07-05,5,12167,West,17,3
2017-07-05,5,12168,North,46,3
2017-07-05,5,12169,South,26,3
2017-07-05,5,12170,East,19,3
2017-07-05,5,12171,West,17,3
2017-07-05,5,12172,North,46,3
2017-07-05,5,12173,South,26,3
2017-07-05,5,12174,East,19,3
2017-07-05,5,12175,West,17,3
2017-07-05,5,12176,North,46,3
2017-07-05,5,12177,South,26,3
2017-07-05,5,12178,East,19,3
2017-07-05,5,12179,West,17,3
2017-07-05,5,12180,North,46,3
2017-07-05,5,12181,South,26,3
2017-07-05,5,12182,East,19,3
2017-07-05,5,12183,West,17,3
2017-07-05,5,12184,North,46,3
2017-07-05,5,12185,South,26,3
2017-07-05,5,12186,East,19,3
2017-07-05,5,12187,West,17,3
2017-07-05,5,12188,North,46,3
2017-07-05,5,12189,South,26,3
2017-07-05,5,12190,East,19,3
2017-07-05,5,12191,West,17,3
2017-07-05,5,12192,North,46,3
2017-07-05,5,12193,South,26,3
2017-07-05,5,12194,East,19,3
2017-07-05,5,12195,West,17,3
2017-07-05,5,12196,North,46,3
2017-07-05,5,12197,South,26,3
2017-07-05,5,12198,East,19,3
2017-07-05,5,12199,West,17,3
2017-07-05,5,12200,North,46,3
2017-07-05,5,12201,South,26,3
2017-07-05,5,12202,East,19,3
2017-07-05,5,12203,West,17,3
2017-07-05,5,12204,North,46,3
2017-07-05,5,12205,South,26,3
2017-07-05,5,12206,East,19,3
2017-07-05,5,12207,West,17,3
2017-07-05,5,12208,North,46,3
2017-07-05,5,12209,South,26,3
2017-07-05,5,12210,East,19,3
2017-07-05,5,12211,West,17,3
2017-07-05,5,12212,North,46,3
2017-07-05,5,12213,South,26,3
2017-07-05,5,12214,East,19,3
2017-07-05,5,12215,West,17,3
2017-07-05,5,12216,North,46,3
2017-07-05,5,12217,South,26,3
2017-07-05,5,12218,East,19,3
2017-07-05,5,12219,West,17,3
2017-07-05,5,12220,North,46,3
2017-07-05,5,12221,South,26,3
2017-07-05,5,12222,East,19,3
2017-07-05,5,12223,West,17,3
2017-07-05,5,12224,North,46,3
2017-07-05,5,12225,South,26,3
2017-07-05,5,12226,East,19,3
2017-07-05,5,12227,West,17,3
2017-07-05,5,12228,North,46,3
2017-07-05,5,12229,South,26,3
2017-07-05,5,12230,East,19,3
2017-07-05,5,12231,West,17,3
2017-07-05,5,12232,North,46,3
2017-07-05,5,12233,South,26,3
2017-07-05,5,12234,East,19,3
2017-07-05,5,12235,West,17,3
2017-07-05,5,12236,North,46,3
2017-07-05,5,12237,South,26,3
2017-07-05,5,12238,East,19,3
2017-07-05,5,12239,West,17,3
2017-07-05,6,12240,North,48,3
2017-07-05,6,12241,South,25,3
2017-07-05,6,12242,East,19,3
2017-07-05,6,12243,West,16,3
2017-07-05,6,12244,North,48,3
2017-07-05,6,12245,South,25,3
2017-07-05,6,12246,East,19,3
2017-07-05,6,12247,West,16,3
2017-07-05,6,12248,North,48,3
2017-07-05,6,12249,South,25,3
2017-07-05,6,12250,East,19,3
2017-07-05,6,12251,West,16,3
2017-07-05,6,12252,North,48,3
2017-07-05,6,12253,South,25,3
2017-07-05,6,12254,East,19,3
2017-07-05,6,12255,West,16,3
2017-07-05,6,12256,North,48,3
2017-07-05,6,12257,South,25,3
2017-07-05,6,12258,East,19,3
2017-07-05,6,12259,West,16,3
2017-07-05,6,12260,North,48,3
2017-07-05,6,12261,South,25,3
2017-07-05,6,12262,East,19,3
2017-07-05,6,12263,West,16,3
2017-07-05,6,12264,North,48,3
2017-07-05,6,12265,South,25,3
2017-07-05,6,12266,East,19,3
2017-07-05,6,12267,West,16,3
2017-07-05,6,12268,North,48,3
2017-07-05,6,12269,South,25,3
2017-07-05,6,12270,East,19,3
2017-07-05,6,12271,West,16,3
2017-07-05,6,12272,North,48,3
2017-07-05,6,12273,South,25,3
2017-07-05,6,12274,East,19,3
2017-07-05,6,12275,West,16,3
2017-07-05,6,12276,North,48,3
2017-07-05,6,12277,South,25,3
2017-07-05,6,12278,East,19,3
2017-07-05,6,12279,West,16,3
2017-07-05,6,12280,North,48,3
2017-07-05,6,12281,South,25,3
2017-07-05,6,12282,East,19,3
2017-07-05,6,12283,West,16,3
2017-07-05,6,12284,North,48,3
2017-07-05,6,12285,South,25,3
2017-07-05,6,12286,East,19,3
2017-07-05,6,12287,West,16,3
2017-07-05,6,12288,North,48,3
2017-07-05,6,12289,South,25,3
2017-07-05,6,12290,East,19,3
2017-07-05,6,12291,West,16,3
2017-07-05,6,12292,North,48,3
2017-07-05,6,12293,South,25,3
2017-07-05,6,12294,East,19,3
2017-07-05,6,12295,West,16,3
2017-07-05,6,12296,North,48,3
2017-07-05,6,12297,South,25,3
2017-07-05,6,12298,East,19,3
2017-07-05,6,12299,West,16,3
2017-07-05,6,12300,North,48,3
2017-07-05,6,12301,South,25,3
2017-07-05,6,12302,East,19,3
2017-07-05,6,12303,West,16,3
2017-07-05,6,12304,North,48,3
2017-07-05,6,12305,South,25,3
2017-07-05,6,12306,East,19,3
2017-07-05,6,12307,West,16,3
2017-07-05,6,12308,North,48,3
2017-07-05,6,12309,South,25,3
2017-07-05,6,12310,East,19,3
2017-07-05,6,12311,West,16,3
2017-07-05,6,12312,North,48,3
2017-07-05,6,12313,South,25,3
2017-07-05,6,12314,East,19,3
2017-07-05,6,12315,West,16,3
2017-07-05,6,12316,North,48,3
2017-07-05,6,12317,South,25,3
2017-07-05,6,12318,East,19,3
2017-07-05,6,12319,West,16,3
2017-07-05,6,12320,North,48,3
2017-07-05,6,12321,South,25,3
2017-07-05,6,12322,East,19,3
2017-07-05,6,12323,West,16,3
2017-07-05,6,12324,North,48,3
2017-07-05,6,12325,South,25,3
2017-07-05,6,12326,East,19,3
2017-07-05,6,12327,West,16,3
2017-07-05,6,12328,North,48,3
2017-07-05,6,12329,South,25,3
2017-07-05,6,12330,East,19,3
2017-07-05,6,12331,West,16,3
2017-07-05,6,12332,North,48,3
2017-07-05,6,12333,South,25,3
2017-07-05,6,12334,East,19,3
2017-07-05,6,12335,West,16,3
2017-07-05,6,12336,North,48,3
2017-07-05,6,12337,South,25,3
2017-07-05,6,12338,East,19,3
2017-07-05,6,12339,West,16,3
2017-07-05,6,12340,North,48,3
2017-07-05,6,12341,South,25,3
2017-07-05,6,12342,East,19,3
2017-07-05,6,12343,West,16,3
2017-07-05,6,12344,North,48,3
2017-07-05,6,12345,South,25,3
2017-07-05,6,12346,East,19,3
2017-07-05,6,12347,West,16,3
2017-07-05,6,12348,North,48,3
2017-07-05,6,12349,South,25,3
2017-07-05,6,12350,East,19,3
2017-07-05,6,12351,West,16,3
2017-07-05,6,12352,North,48,3
2017-07-05,6,12353,South,25,3
2017-07-05,6,12354,East,19,3
2017-07-05,6,12355,West,16,3
2017-07-05,6,12356,North,48,3
2017-07-05,6,12357,South,25,3
2017-07-05,6,12358,East,19,3
2017-07-05,6,12359,West,16,3
2017-07-05,7,12360,North,49,3
2017-07-05,7,12361,South,25,3
2017-07-05,7,12362,East,18,3
2017-07-05,7,12363,West,16,3
2017-07-05,7,12364,North,49,3
2017-07-05,7,12365,South,25,3
2017-07-05,7,12366,East,18,3
2017-07-05,7,12367,West,16,3
2017-07-05,7,12368,North,49,3
2017-07-05,7,12369,South,25,3
2017-07-05,7,12370,East,18,3
2017-07-05,7,12371,West,16,3
2017-07-05,7,12372,North,49,3
2017-07-05,7,12373,South,25,3
2017-07-05,7,12374,East,18,3
2017-07-05,7,12375,West,16,3
2017-07-05,7,12376,North,49,3
2017-07-05,7,12377,South,25,3
2017-07-05,7,12378,East,18,3
2017-07-05,7,12379,West,16,3
2017-07-05,7,12380,North,49,3
2017-07-05,7,12381,South,25,3
2017-07-05,7,12382,East,18,3
2017-07-05,7,12383,West,16,3
2017-07-05,7,12384,North,49,3
2017-07-05,7,12385,South,25,3
2017-07-05,7,12386,East,18,3
2017-07-05,7,12387,West,16,3
2017-07-05,7,12388,North,49,3
2017-07-05,7,12389,South,25,3
2017-07-05,7,12390,East,18,3
2017-07-05,7,12391,West,16,3
2017-07-05,7,12392,North,49,3
2017-07-05,7,12393,South,25,3
2017-07-05,7,12394,East,18,3
2017-07-05,7,12395,West,16,3
2017-07-05,7,12396,North,49,3
2017-07-05,7,12397,South,25,3
2017-07-05,7,12398,East,18,3
2017-07-05,7,12399,West,16,3
2017-07-05,7,12400,North,49,3
2017-07-05,7,12401,South,25,3
2017-07-05,7,12402,East,18,3
2017-07-05,7,12403,West,16,3
2017-07-05,7,12404,North,49,3
2017-07-05,7,12405,South,25,3
2017-07-05,7,12406,East,18,3
2017-07-05,7,12407,West,16,3
2017-07-05,7,12408,North,49,3
2017-07-05,7,12409,South,25,3
2017-07-05,7,12410,East,18,3
2017-07-05,7,12411,West,16,3
2017-07-05,7,12412,North,49,3
2017-07-05,7,12413,South,25,3
2017-07-05,7,12414,East,18,3
2017-07-05,7,12415,West,16,3
2017-07-05,7,12416,North,49,3
2017-07-05,7,12417,South,25,3
2017-07-05,7,12418,East,18,3
2017-07-05,7,12419,West,16,3
2017-07-05,7,12420,North,49,3
2017-07-05,7,12421,South,25,3
2017-07-05,7,12422,East,18,3
2017-07-05,7,12423,West,16,3
2017-07-05,7,12424,North,49,3
2017-07-05,7,12425,South,25,3
2017-07-05,7,12426,East,18,3
2017-07-05,7,12427,West,16,3
2017-07-05,7,12428,North,49,3
2017-07-05,7,12429,South,25,3
2017-07-05,7,12430,East,18,3
2017-07-05,7,12431,West,16,3
2017-07-05,7,12432,North,49,3
2017-07-05,7,12433,South,25,3
2017-07-05,7,12434,East,18,3
2017-07-05,7,12435,West,16,3
2017-07-05,7,12436,North,49,3
2017-07-05,7,12437,South,25,3
2017-07-05,7,12438,East,18,3
2017-07-05,7,12439,West,16,3
2017-07-05,7,12440,North,49,3
2017-07-05,7,12441,South,25,3
2017-07-05,7,12442,East,18,3
2017-07-05,7,12443,West,16,3
2017-07-05,7,12444,North,49,3
2017-07-05,7,12445,South,25,3
2017-07-05,7,12446,East,18,3
2017-07-05,7,12447,West,16,3
2017-07-05,7,12448,North,49,3
2017-07-05,7,12449,South,25,3
2017-07-05,7,12450,East,18,3
2017-07-05,7,12451,West,16,3
2017-07-05,7,12452,North,49,3
2017-07-05,7,12453,South,25,3
2017-07-05,7,12454,East,18,3
2017-07-05,7,12455,West,16,3
2017-07-05,7,12456,North,49,3
2017-07-05,7,12457,South,25,3
2017-07-05,7,12458,East,18,3
2017-07-05,7,12459,West,16,3
2017-07-05,7,12460,North,49,3
2017-07-05,7,12461,South,25,3
2017-07-05,7,12462,East,18,3
2017-07-05,7,12463,West,16,3
2017-07-05,7,12464,North,49,3
2017-07-05,7,12465,South,25,3
2017-07-05,7,12466,East,18,3
2017-07-05,7,12467,West,16,3
2017-07-05,7,12468,North,49,3
2017-07-05,7,12469,South,25,3
2017-07-05,7,12470,East,18,3
2017-07-05,7,12471,West,16,3
2017-07-05,7,12472,North,49,3
2017-07-05,7,12473,South,25,3
2017-07-05,7,12474,East,18,3
2017-07-05,7,12475,West,16,3
2017-07-05,7,12476,North,49,3
2017-07-05,7,12477,South,25,3
2017-07-05,7,12478,East,18,3
2017-07-05,7,12479,West,16,3
2017-07-05,8,12480,North,50,3
2017-07-05,8,12481,South,23,3
2017-07-05,8,12482,East,18,3
2017-07-05,8,12483,West,17,3
2017-07-05,8,12484,North,50,3
2017-07-05,8,12485,South,23,3
2017-07-05,8,12486,East,18,3
2017-07-05,8,12487,West,17,3
2017-07-05,8,12488,North,50,3
2017-07-05,8,12489,South,23,3
2017-07-05,8,12490,East,18,3
2017-07-05,8,12491,West,17,3
2017-07-05,8,12492,North,50,3
2017-07-05,8,12493,South,23,3
2017-07-05,8,12494,East,18,3
2017-07-05,8,12495,West,17,3
2017-07-05,8,12496,North,50,3
2017-07-05,8,12497,South,23,3
2017-07-05,8,12498,East,18,3
2017-07-05,8,12499,West,17,3
2017-07-05,8,12500,North,50,3
2017-07-05,8,12501,South,23,3
2017-07-05,8,12502,East,18,3
2017-07-05,8,12503,West,17,3
2017-07-05,8,12504,North,50,3
2017-07-05,8,12505,South,23,3
2017-07-05,8,12506,East,18,3
2017-07-05,8,12507,West,17,3
2017-07-05,8,12508,North,50,3
2017-07-05,8,12509,South,23,3
2017-07-05,8,12510,East,18,3
2017-07-05,8,12511,West,17,3
2017-07-05,8,12512,North,50,3
2017-07-05,8,12513,South,23,3
2017-07-05,8,12514,East,18,3
2017-07-05,8,12515,West,17,3
2017-07-05,8,12516,North,50,3
2017-07-05,8,12517,South,23,3
2017-07-05,8,12518,East,18,3
2017-07-05,8,12519,West,17,3
2017-07-05,8,12520,North,50,3
2017-07-05,8,12521,South,23,3
2017-07-05,8,12522,East,18,3
2017-07-05,8,12523,West,17,3
2017-07-05,8,12524,North,50,3
2017-07-05,8,12525,South,23,3
2017-07-05,8,12526,East,18,3
2017-07-05,8,12527,West,17,3
2017-07-05,8,12528,North,50,3
2017-07-05,8,12529,South,23,3
2017-07-05,8,12530,East,18,3
2017-07-05,8,12531,West,17,3
2017-07-05,8,12532,North,50,3
2017-07-05,8,12533,South,23,3
2017-07-05,8,12534,East,18,3
2017-07-05,8,12535,West,17,3
2017-07-05,8,12536,North,50,3
2017-07-05,8,12537,South,23,3
2017-07-05,8,12538,East,18,3
2017-07-05,8,12539,West,17,3
2017-07-05,8,12540,North,50,3
2017-07-05,8,12541,South,23,3
2017-07-05,8,12542,East,18,3
2017-07-05,8,12543,West,17,3
2017-07-05,8,12544,North,50,3
2017-07-05,8,12545,South,23,3
2017-07-05,8,12546,East,18,3
2017-07-05,8,12547,West,17,3
2017-07-05,8,12548,North,50,3
2017-07-05,8,12549,South,23,3
2017-07-05,8,12550,East,18,3
2017-07-05,8,12551,West,17,3
2017-07-05,8,12552,North,50,3
2017-07-05,8,12553,South,23,3
2017-07-05,8,12554,East,18,3
2017-07-05,8,12555,West,17,3
2017-07-05,8,12556,North,50,3
2017-07-05,8,12557,South,23,3
2017-07-05,8,12558,East,18,3
2017-07-05,8,12559,West,17,3
2017-07-05,8,12560,North,50,3
2017-07-05,8,12561,South,23,3
2017-07-05,8,12562,East,18,3
2017-07-05,8,12563,West,17,3
2017-07-05,8,12564,North,50,3
2017-07-05,8,12565,South,23,3
2017-07-05,8,12566,East,18,3
2017-07-05,8,12567,West,17,3
2017-07-05,8,12568,North,50,3
2017-07-05,8,12569,South,23,3
2017-07-05,8,12570,East,18,3
2017-07-05,8,12571,West,17,3
2017-07-05,8,12572,North,50,3
2017-07-05,8,12573,South,23,3
2017-07-05,8,12574,East,18,3
2017-07-05,8,12575,West,17,3
2017-07-05,8,12576,North,50,3
2017-07-05,8,12577,South,23,3
2017-07-05,8,12578,East,18,3
2017-07-05,8,12579,West,17,3
2017-07-05,8,12580,North,50,3
2017-07-05,8,12581,South,23,3
2017-07-05,8,12582,East,18,3
2017-07-05,8,12583,West,17,3
2017-07-05,8,12584,North,50,3
2017-07-05,8,12585,South,23,3
2017-07-05,8,12586,East,18,3
2017-07-05,8,12587,West,17,3
2017-07-05,8,12588,North,50,3
2017-07-05,8,12589,South,23,3
2017-07-05,8,12590,East,18,3
2017-07-05,8,12591,West,17,3
2017-07-05,8,12592,North,50,3
2017-07-05,8,12593,South,23,3
2017-07-05,8,12594,East,18,3
2017-07-05,8,12595,West,17,3
2017-07-05,8,12596,North,50,3
2017-07-05,8,12597,South,23,3
2017-07-05,8,12598,East,18,3
2017-07-05,8,12599,West,17,3
2017-07-05,9,12600,North,50,3
2017-07-05,9,12601,South,22,3
2017-07-05,9,12602,East,20,3
2017-07-05,9,12603,West,16,3
2017-07-05,9,12604,North,50,3
2017-07-05,9,12605,South,22,3
2017-07-05,9,12606,East,20,3
2017-07-05,9,12607,West,16,3
2017-07-05,9,12608,North,50,3
2017-07-05,9,12609,South,22,3
2017-07-05,9,12610,East,20,3
2017-07-05,9,12611,West,16,3
2017-07-05,9,12612,North,50,3
2017-07-05,9,12613,South,22,3
2017-07-05,9,12614,East,20,3
2017-07-05,9,12615,West,16,3
2017-07-05,9,12616,North,50,3
2017-07-05,9,12617,South,22,3
2017-07-05,9,12618,East,20,3
2017-07-05,9,12619,West,16,3
2017-07-05,9,12620,North,50,3
2017-07-05,9,12621,South,22,3
2017-07-05,9,12622,East,20,3
2017-07-05,9,12623,West,16,3
2017-07-05,9,12624,North,50,3
2017-07-05,9,12625,South,22,3
2017-07-05,9,12626,East,20,3
2017-07-05,9,12627,West,16,3
2017-07-05,9,12628,North,50,3
2017-07-05,9,12629,South,22,3
2017-07-05,9,12630,East,20,3
2017-07-05,9,12631,West,16,3
2017-07-05,9,12632,North,50,3
2017-07-05,9,12633,South,22,3
2017-07-05,9,12634,East,20,3
2017-07-05,9,12635,West,16,3
2017-07-05,9,12636,North,50,3
2017-07-05,9,12637,South,22,3
2017-07-05,9,12638,East,20,3
2017-07-05,9,12639,West,16,3
2017-07-05,9,12640,North,50,3
2017-07-05,9,12641,South,22,3
2017-07-05,9,12642,East,20,3
2017-07-05,9,12643,West,16,3
2017-07-05,9,12644,North,50,3
2017-07-05,9,12645,South,22,3
2017-07-05,9,12646,East,20,3
2017-07-05,9,12647,West,16,3
2017-07-05,9,12648,North,50,3
2017-07-05,9,12649,South,22,3
2017-07-05,9,12650,East,20,3
2017-07-05,9,12651,West,16,3
2017-07-05,9,12652,North,50,3
2017-07-05,9,12653,South,22,3
2017-07-05,9,12654,East,20,3
2017-07-05,9,12655,West,16,3
2017-07-05,9,12656,North,50,3
2017-07-05,9,12657,South,22,3
2017-07-05,9,12658,East,20,3
2017-07-05,9,12659,West,16,3
2017-07-05,9,12660,North,50,3
2017-07-05,9,12661,South,22,3
2017-07-05,9,12662,East,20,3
2017-07-05,9,12663,West,16,3
2017-07-05,9,12664,North,50,3
2017-07-05,9,12665,South,22,3
2017-07-05,9,12666,East,20,3
2017-07-05,9,12667,West,16,3
2017-07-05,9,12668,North,50,3
2017-07-05,9,12669,South,22,3
2017-07-05,9,12670,East,20,3
2017-07-05,9,12671,West,16,3
2017-07-05,9,12672,North,50,3
2017-07-05,9,12673,South,22,3
2017-07-05,9,12674,East,20,3
2017-07-05,9,12675,West,16,3
2017-07-05,9,12676,North,50,3
2017-07-05,9,12677,South,22,3
2017-07-05,9,12678,East,20,3
2017-07-05,9,12679,West,16,3
2017-07-05,9,12680,North,50,3
2017-07-05,9,12681,South,22,3
2017-07-05,9,12682,East,20,3
2017-07-05,9,12683,West,16,3
2017-07-05,9,12684,North,50,3
2017-07-05,9,12685,South,22,3
2017-07-05,9,12686,East,20,3
2017-07-05,9,12687,West,16,3
2017-07-05,9,12688,North,50,3
2017-07-05,9,12689,South,22,3
2017-07-05,9,12690,East,20,3
2017-07-05,9,12691,West,16,3
2017-07-05,9,12692,North,50,3
2017-07-05,9,12693,South,22,3
2017-07-05,9,12694,East,20,3
2017-07-05,9,12695,West,16,3
2017-07-05,9,12696,North,50,3
2017-07-05,9,12697,South,22,3
2017-07-05,9,12698,East,20,3
2017-07-05,9,12699,West,16,3
2017-07-05,9,12700,North,50,3
2017-07-05,9,12701,South,22,3
2017-07-05,9,12702,East,20,3
2017-07-05,9,12703,West,16,3
2017-07-05,9,12704,North,50,3
2017-07-05,9,12705,South,22,3
2017-07-05,9,12706,East,20,3
2017-07-05,9,12707,West,16,3
2017-07-05,9,12708,North,50,3
2017-07-05,9,12709,South,22,3
2017-07-05,9,12710,East,20,3
2017-07-05,9,12711,West,16,3
2017-07-05,9,12712,North,50,3
2017-07-05,9,12713,South,22,3
2017-07-05,9,12714,East,20,3
2017-07-05,9,12715,West,16,3
2017-07-05,9,12716,North,50,3
2017-07-05,9,12717,South,22,3
2017-07-05,9,12718,East,20,3
2017-07-05,9,12719,West,16,3
2017-07-05,10,12720,North,50,3
2017-07-05,10,12721,South,22,3
2017-07-05,10,12722,East,20,3
2017-07-05,10,12723,West,16,3
2017-07-05,10,12724,North,50,3
2017-07-05,10,12725,South,22,3
2017-07-05,10,12726,East,20,3
2017-07-05,10,12727,West,16,3
2017-07-05,10,12728,North,50,3
2017-07-05,10,12729,South,22,3
2017-07-05,10,12730,East,20,3
2017-07-05,10,12731,West,16,3
2017-07-05,10,12732,North,50,3
2017-07-05,10,12733,South,22,3
2017-07-05,10,12734,East,20,3
2017-07-05,10,12735,West,16,3
2017-07-05,10,12736,North,50,3
2017-07-05,10,12737,South,22,3
2017-07-05,10,12738,East,20,3
2017-07-05,10,12739,West,16,3
2017-07-05,10,12740,North,50,3
2017-07-05,10,12741,South,22,3
2017-07-05,10,12742,East,20,3
2017-07-05,10,12743,West,16,3
2017-07-05,10,12744,North,50,3
2017-07-05,10,12745,South,22,3
2017-07-05,10,12746,East,20,3
2017-07-05,10,12747,West,16,3
2017-07-05,10,12748,North,50,3
2017-07-05,10,12749,South,22,3
2017-07-05,10,12750,East,20,3
2017-07-05,10,12751,West,16,3
2017-07-05,10,12752,North,50,3
2017-07-05,10,12753,South,22,3
2017-07-05,10,12754,East,20,3
2017-07-05,10,12755,West,16,3
2017-07-05,10,12756,North,50,3
2017-07-05,10,12757,South,22,3
2017-07-05,10,12758,East,20,3
2017-07-05,10,12759,West,16,3
2017-07-05,10,12760,North,50,3
2017-07-05,10,12761,South,22,3
2017-07-05,10,12762,East,20,3
2017-07-05,10,12763,West,16,3
2017-07-05,10,12764,North,50,3
2017-07-05,10,12765,South,22,3
2017-07-05,10,12766,East,20,3
2017-07-05,10,12767,West,16,3
2017-07-05,10,12768,North,50,3
2017-07-05,10,12769,South,22,3
2017-07-05,10,12770,East,20,3
2017-07-05,10,12771,West,16,3
2017-07-05,10,12772,North,50,3
2017-07-05,10,12773,South,22,3
2017-07-05,10,12774,East,20,3
2017-07-05,10,12775,West,16,3
2017-07-05,10,12776,North,50,3
2017-07-05,10,12777,South,22,3
2017-07-05,10,12778,East,20,3
2017-07-05,10,12779,West,16,3
2017-07-05,10,12780,North,50,3
2017-07-05,10,12781,South,22,3
2017-07-05,10,12782,East,20,3
2017-07-05,10,12783,West,16,3
2017-07-05,10,12784,North,50,3
2017-07-05,10,12785,South,22,3
2017-07-05,10,12786,East,20,3
2017-07-05,10,12787,West,16,3
2017-07-05,10,12788,North,50,3
2017-07-05,10,12789,South,22,3
2017-07-05,10,12790,East,20,3
2017-07-05,10,12791,West,16,3
2017-07-05,10,12792,North,50,3
2017-07-05,10,12793,South,22,3
2017-07-05,10,12794,East,20,3
2017-07-05,10,12795,West,16,3
2017-07-05,10,12796,North,50,3
2017-07-05,10,12797,South,22,3
2017-07-05,10,12798,East,20,3
2017-07-05,10,12799,West,16,3
2017-07-05,10,12800,North,50,3
2017-07-05,10,12801,South,22,3
2017-07-05,10,12802,East,20,3
2017-07-05,10,12803,West,16,3
2017-07-05,10,12804,North,50,3
2017-07-05,10,12805,South,22,3
2017-07-05,10,12806,East,20,3
2017-07-05,10,12807,West,16,3
2017-07-05,10,12808,North,50,3
2017-07-05,10,12809,South,22,3
2017-07-05,10,12810,East,20,3
2017-07-05,10,12811,West,16,3
2017-07-05,10,12812,North,50,3
2017-07-05,10,12813,South,22,3
2017-07-05,10,12814,East,20,3
2017-07-05,10,12815,West,16,3
2017-07-05,10,12816,North,50,3
2017-07-05,10,12817,South,22,3
2017-07-05,10,12818,East,20,3
2017-07-05,10,12819,West,16,3
2017-07-05,10,12820,North,50,3
2017-07-05,10,12821,South,22,3
2017-07-05,10,12822,East,20,3
2017-07-05,10,12823,West,16,3
2017-07-05,10,12824,North,50,3
2017-07-05,10,12825,South,22,3
2017-07-05,10,12826,East,20,3
2017-07-05,10,12827,West,16,3
2017-07-05,10,12828,North,50,3
2017-07-05,10,12829,South,22,3
2017-07-05,10,12830,East,20,3
2017-07-05,10,12831,West,16,3
2017-07-05,10,12832,North,50,3
2017-07-05,10,12833,South,22,3
2017-07-05,10,12834,East,20,3
2017-07-05,10,12835,West,16,3
2017-07-05,10,12836,North,50,3
2017-07-05,10,12837,South,22,3
2017-07-05,10,12838,East,20,3
2017-07-05,10,12839,West,16,3
2017-07-05,11,12840,North,45,3
2017-07-05,11,12841,South,25,3
2017-07-05,11,12842,East,20,3
2017-07-05,11,12843,West,18,3
2017-07-05,11,12844,North,45,3
2017-07-05,11,12845,South,25,3
2017-07-05,11,12846,East,20,3
2017-07-05,11,12847,West,18,3
2017-07-05,11,12848,North,45,3
2017-07-05,11,12849,South,25,3
2017-07-05,11,12850,East,20,3
2017-07-05,11,12851,West,18,3
2017-07-05,11,12852,North,45,3
2017-07-05,11,12853,South,25,3
2017-07-05,11,12854,East,20,3
2017-07-05,11,12855,West,18,3
2017-07-05,11,12856,North,45,3
2017-07-05,11,12857,South,25,3
2017-07-05,11,12858,East,20,3
2017-07-05,11,12859,West,18,3
2017-07-05,11,12860,North,45,3
2017-07-05,11,12861,South,25,3
2017-07-05,11,12862,East,20,3
2017-07-05,11,12863,West,18,3
2017-07-05,11,12864,North,45,3
2017-07-05,11,12865,South,25,3
2017-07-05,11,12866,East,20,3
2017-07-05,11,12867,West,18,3
2017-07-05,11,12868,North,45,3
2017-07-05,11,12869,South,25,3
2017-07-05,11,12870,East,20,3
2017-07-05,11,12871,West,18,3
2017-07-05,11,12872,North,45,3
2017-07-05,11,12873,South,25,3
2017-07-05,11,12874,East,20,3
2017-07-05,11,12875,West,18,3
2017-07-05,11,12876,North,45,3
2017-07-05,11,12877,South,25,3
2017-07-05,11,12878,East,20,3
2017-07-05,11,12879,West,18,3
2017-07-05,11,12880,North,45,3
2017-07-05,11,12881,South,25,3
2017-07-05,11,12882,East,20,3
2017-07-05,11,12883,West,18,3
2017-07-05,11,12884,North,45,3
2017-07-05,11,12885,South,25,3
2017-07-05,11,12886,East,20,3
2017-07-05,11,12887,West,18,3
2017-07-05,11,12888,North,45,3
2017-07-05,11,12889,South,25,3
2017-07-05,11,12890,East,20,3
2017-07-05,11,12891,West,18,3
2017-07-05,11,12892,North,45,3
2017-07-05,11,12893,South,25,3
2017-07-05,11,12894,East,20,3
2017-07-05,11,12895,West,18,3
2017-07-05,11,12896,North,45,3
2017-07-05,11,12897,South,25,3
2017-07-05,11,12898,East,20,3
2017-07-05,11,12899,West,18,3
2017-07-05,11,12900,North,45,3
2017-07-05,11,12901,South,25,3
2017-07-05,11,12902,East,20,3
2017-07-05,11,12903,West,18,3
2017-07-05,11,12904,North,45,3
2017-07-05,11,12905,South,25,3
2017-07-05,11,12906,East,20,3
2017-07-05,11,12907,West,18,3
2017-07-05,11,12908,North,45,3
2017-07-05,11,12909,South,25,3
2017-07-05,11,12910,East,20,3
2017-07-05,11,12911,West,18,3
2017-07-05,11,12912,North,45,3
2017-07-05,11,12913,South,25,3
2017-07-05,11,12914,East,20,3
2017-07-05,11,12915,West,18,3
2017-07-05,11,12916,North,45,3
2017-07-05,11,12917,South,25,3
2017-07-05,11,12918,East,20,3
2017-07-05,11,12919,West,18,3
2017-07-05,11,12920,North,45,3
2017-07-05,11,12921,South,25,3
2017-07-05,11,12922,East,20,3
2017-07-05,11,12923,West,18,3
2017-07-05,11,12924,North,45,3
2017-07-05,11,12925,South,25,3
2017-07-05,11,12926,East,20,3
2017-07-05,11,12927,West,18,3
2017-07-05,11,12928,North,45,3
2017-07-05,11,12929,South,25,3
2017-07-05,11,12930,East,20,3
2017-07-05,11,12931,West,18,3
2017-07-05,11,12932,North,45,3
2017-07-05,11,12933,South,25,3
2017-07-05,11,12934,East,20,3
2017-07-05,11,12935,West,18,3
2017-07-05,11,12936,North,45,3
2017-07-05,11,12937,South,25,3
2017-07-05,11,12938,East,20,3
2017-07-05,11,12939,West,18,3
2017-07-05,11,12940,North,45,3
2017-07-05,11,12941,South,25,3
2017-07-05,11,12942,East,20,3
2017-07-05,11,12943,West,18,3
2017-07-05,11,12944,North,45,3
2017-07-05,11,12945,South,25,3
2017-07-05,11,12946,East,20,3
2017-07-05,11,12947,West,18,3
2017-07-05,11,12948,North,45,3
2017-07-05,11,12949,South,25,3
2017-07-05,11,12950,East,20,3
2017-07-05,11,12951,West,18,3
2017-07-05,11,12952,North,45,3
2017-07-05,11,12953,South,25,3
2017-07-05,11,12954,East,20,3
2017-07-05,11,12955,West,18,3
2017-07-05,11,12956,North,45,3
2017-07-05,11,12957,South,25,3
2017-07-05,11,12958,East,20,3
2017-07-05,11,12959,West,18,3
2017-07-05,12,12960,North,45,3
2017-07-05,12,12961,South,24,3
2017-07-05,12,12962,East,21,3
2017-07-05,12,12963,West,18,3
2017-07-05,12,12964,North,45,3
2017-07-05,12,12965,South,24,3
2017-07-05,12,12966,East,21,3
2017-07-05,12,12967,West,18,3
2017-07-05,12,12968,North,45,3
2017-07-05,12,12969,South,24,3
2017-07-05,12,12970,East,21,3
2017-07-05,12,12971,West,18,3
2017-07-05,12,12972,North,45,3
2017-07-05,12,12973,South,24,3
2017-07-05,12,12974,East,21,3
2017-07-05,12,12975,West,18,3
2017-07-05,12,12976,North,45,3
2017-07-05,12,12977,South,24,3
2017-07-05,12,12978,East,21,3
2017-07-05,12,12979,West,18,3
2017-07-05,12,12980,North,45,3
2017-07-05,12,12981,South,24,3
2017-07-05,12,12982,East,21,3
2017-07-05,12,12983,West,18,3
2017-07-05,12,12984,North,45,3
2017-07-05,12,12985,South,24,3
2017-07-05,12,12986,East,21,3
2017-07-05,12,12987,West,18,3
2017-07-05,12,12988,North,45,3
2017-07-05,12,12989,South,24,3
2017-07-05,12,12990,East,21,3
2017-07-05,12,12991,West,18,3
2017-07-05,12,12992,North,45,3
2017-07-05,12,12993,South,24,3
2017-07-05,12,12994,East,21,3
2017-07-05,12,12995,West,18,3
2017-07-05,12,12996,North,45,3
2017-07-05,12,12997,South,24,3
2017-07-05,12,12998,East,21,3
2017-07-05,12,12999,West,18,3
2017-07-05,12,13000,North,45,3
2017-07-05,12,13001,South,24,3
2017-07-05,12,13002,East,21,3
2017-07-05,12,13003,West,18,3
2017-07-05,12,13004,North,45,3
2017-07-05,12,13005,South,24,3
2017-07-05,12,13006,East,21,3
2017-07-05,12,13007,West,18,3
2017-07-05,12,13008,North,45,3
2017-07-05,12,13009,South,24,3
2017-07-05,12,13010,East,21,3
2017-07-05,12,13011,West,18,3
2017-07-05,12,13012,North,45,3
2017-07-05,12,13013,South,24,3
2017-07-05,12,13014,East,21,3
2017-07-05,12,13015,West,18,3
2017-07-05,12,13016,North,45,3
2017-07-05,12,13017,South,24,3
2017-07-05,12,13018,East,21,3
2017-07-05,12,13019,West,18,3
2017-07-05,12,13020,North,45,3
2017-07-05,12,13021,South,24,3
2017-07-05,12,13022,East,21,3
2017-07-05,12,13023,West,18,3
2017-07-05,12,13024,North,45,3
2017-07-05,12,13025,South,24,3
2017-07-05,12,13026,East,21,3
2017-07-05,12,13027,West,18,3
2017-07-05,12,13028,North,45,3
2017-07-05,12,13029,South,24,3
2017-07-05,12,13030,East,21,3
2017-07-05,12,13031,West,18,3
2017-07-05,12,13032,North,45,3
2017-07-05,12,13033,South,24,3
2017-07-05,12,13034,East,21,3
2017-07-05,12,13035,West,18,3
2017-07-05,12,13036,North,45,3
2017-07-05,12,13037,South,24,3
2017-07-05,12,13038,East,21,3
2017-07-05,12,13039,West,18,3
2017-07-05,12,13040,North,45,3
2017-07-05,12,13041,South,24,3
2017-07-05,12,13042,East,21,3
2017-07-05,12,13043,West,18,3
2017-07-05,12,13044,North,45,3
2017-07-05,12,13045,South,24,3
2017-07-05,12,13046,East,21,3
2017-07-05,12,13047,West,18,3
2017-07-05,12,13048,North,45,3
2017-07-05,12,13049,South,24,3
2017-07-05,12,13050,East,21,3
2017-07-05,12,13051,West,18,3
2017-07-05,12,13052,North,45,3
2017-07-05,12,13053,South,24,3
2017-07-05,12,13054,East,21,3
2017-07-05,12,13055,West,18,3
2017-07-05,12,13056,North,45,3
2017-07-05,12,13057,South,24,3
2017-07-05,12,13058,East,21,3
2017-07-05,12,13059,West,18,3
2017-07-05,12,13060,North,45,3
2017-07-05,12,13061,South,24,3
2017-07-05,12,13062,East,21,3
2017-07-05,12,13063,West,18,3
2017-07-05,12,13064,North,45,3
2017-07-05,12,13065,South,24,3
2017-07-05,12,13066,East,21,3
2017-07-05,12,13067,West,18,3
2017-07-05,12,13068,North,45,3
2017-07-05,12,13069,South,24,3
2017-07-05,12,13070,East,21,3
2017-07-05,12,13071,West,18,3
2017-07-05,12,13072,North,45,3
2017-07-05,12,13073,South,24,3
2017-07-05,12,13074,East,21,3
2017-07-05,12,13075,West,18,3
2017-07-05,12,13076,North,45,3
2017-07-05,12,13077,South,24,3
2017-07-05,12,13078,East,21,3
2017-07-05,12,13079,West,18,3
2017-07-05,13,13080,North,45,3
2017-07-05,13,13081,South,25,3
2017-07-05,13,13082,East,20,3
2017-07-05,13,13083,West,18,3
2017-07-05,13,13084,North,45,3
2017-07-05,13,13085,South,25,3
2017-07-05,13,13086,East,20,3
2017-07-05,13,13087,West,18,3
2017-07-05,13,13088,North,45,3
2017-07-05,13,13089,South,25,3
2017-07-05,13,13090,East,20,3
2017-07-05,13,13091,West,18,3
2017-07-05,13,13092,North,45,3
2017-07-05,13,13093,South,25,3
2017-07-05,13,13094,East,20,3
2017-07-05,13,13095,West,18,3
2017-07-05,13,13096,North,45,3
2017-07-05,13,13097,South,25,3
2017-07-05,13,13098,East,20,3
2017-07-05,13,13099,West,18,3
2017-07-05,13,13100,North,45,3
2017-07-05,13,13101,South,25,3
2017-07-05,13,13102,East,20,3
2017-07-05,13,13103,West,18,3
2017-07-05,13,13104,North,45,3
2017-07-05,13,13105,South,25,3
2017-07-05,13,13106,East,20,3
2017-07-05,13,13107,West,18,3
2017-07-05,13,13108,North,45,3
2017-07-05,13,13109,South,25,3
2017-07-05,13,13110,East,20,3
2017-07-05,13,13111,West,18,3
2017-07-05,13,13112,North,45,3
2017-07-05,13,13113,South,25,3
2017-07-05,13,13114,East,20,3
2017-07-05,13,13115,West,18,3
2017-07-05,13,13116,North,45,3
2017-07-05,13,13117,South,25,3
2017-07-05,13,13118,East,20,3
2017-07-05,13,13119,West,18,3
2017-07-05,13,13120,North,45,3
2017-07-05,13,13121,South,25,3
2017-07-05,13,13122,East,20,3
2017-07-05,13,13123,West,18,3
2017-07-05,13,13124,North,45,3
2017-07-05,13,13125,South,25,3
2017-07-05,13,13126,East,20,3
2017-07-05,13,13127,West,18,3
2017-07-05,13,13128,North,45,3
2017-07-05,13,13129,South,25,3
2017-07-05,13,13130,East,20,3
2017-07-05,13,13131,West,18,3
2017-07-05,13,13132,North,45,3
2017-07-05,13,13133,South,25,3
2017-07-05,13,13134,East,20,3
2017-07-05,13,13135,West,18,3
2017-07-05,13,13136,North,45,3
2017-07-05,13,13137,South,25,3
2017-07-05,13,13138,East,20,3
2017-07-05,13,13139,West,18,3
2017-07-05,13,13140,North,45,3
2017-07-05,13,13141,South,25,3
2017-07-05,13,13142,East,20,3
2017-07-05,13,13143,West,18,3
2017-07-05,13,13144,North,45,3
2017-07-05,13,13145,South,25,3
2017-07-05,13,13146,East,20,3
2017-07-05,13,13147,West,18,3
2017-07-05,13,13148,North,45,3
2017-07-05,13,13149,South,25,3
2017-07-05,13,13150,East,20,3
2017-07-05,13,13151,West,18,3
2017-07-05,13,13152,North,45,3
2017-07-05,13,13153,South,25,3
2017-07-05,13,13154,East,20,3
2017-07-05,13,13155,West,18,3
2017-07-05,13,13156,North,45,3
2017-07-05,13,13157,South,25,3
2017-07-05,13,13158,East,20,3
2017-07-05,13,13159,West,18,3
2017-07-05,13,13160,North,45,3
2017-07-05,13,13161,South,25,3
2017-07-05,13,13162,East,20,3
2017-07-05,13,13163,West,18,3
2017-07-05,13,13164,North,45,3
2017-07-05,13,13165,South,25,3
2017-07-05,13,13166,East,20,3
2017-07-05,13,13167,West,18,3
2017-07-05,13,13168,North,45,3
2017-07-05,13,13169,South,25,3
2017-07-05,13,13170,East,20,3
2017-07-05,13,13171,West,18,3
2017-07-05,13,13172,North,45,3
2017-07-05,13,13173,South,25,3
2017-07-05,13,13174,East,20,3
2017-07-05,13,13175,West,18,3
2017-07-05,13,13176,North,45,3
2017-07-05,13,13177,South,25,3
2017-07-05,13,13178,East,20,3
2017-07-05,13,13179,West,18,3
2017-07-05,13,13180,North,45,3
2017-07-05,13,13181,South,25,3
2017-07-05,13,13182,East,20,3
2017-07-05,13,13183,West,18,3
2017-07-05,13,13184,North,45,3
2017-07-05,13,13185,South,25,3
2017-07-05,13,13186,East,20,3
2017-07-05,13,13187,West,18,3
2017-07-05,13,13188,North,45,3
2017-07-05,13,13189,South,25,3
2017-07-05,13,13190,East,20,3
2017-07-05,13,13191,West,18,3
2017-07-05,13,13192,North,45,3
2017-07-05,13,13193,South,25,3
2017-07-05,13,13194,East,20,3
2017-07-05,13,13195,West,18,3
2017-07-05,13,13196,North,45,3
2017-07-05,13,13197,South,25,3
2017-07-05,13,13198,East,20,3
2017-07-05,13,13199,West,18,3
2017-07-05,14,13200,North,47,3
2017-07-05,14,13201,South,25,3
2017-07-05,14,13202,East,19,3
2017-07-05,14,13203,West,17,3
2017-07-05,14,13204,North,47,3
2017-07-05,14,13205,South,25,3
2017-07-05,14,13206,East,19,3
2017-07-05,14,13207,West,17,3
2017-07-05,14,13208,North,47,3
2017-07-05,14,13209,South,25,3
2017-07-05,14,13210,East,19,3
2017-07-05,14,13211,West,17,3
2017-07-05,14,13212,North,47,3
2017-07-05,14,13213,South,25,3
2017-07-05,14,13214,East,19,3
2017-07-05,14,13215,West,17,3
2017-07-05,14,13216,North,47,3
2017-07-05,14,13217,South,25,3
2017-07-05,14,13218,East,19,3
2017-07-05,14,13219,West,17,3
2017-07-05,14,13220,North,47,3
2017-07-05,14,13221,South,25,3
2017-07-05,14,13222,East,19,3
2017-07-05,14,13223,West,17,3
2017-07-05,14,13224,North,47,3
2017-07-05,14,13225,South,25,3
2017-07-05,14,13226,East,19,3
2017-07-05,14,13227,West,17,3
2017-07-05,14,13228,North,47,3
2017-07-05,14,13229,South,25,3
2017-07-05,14,13230,East,19,3
2017-07-05,14,13231,West,17,3
2017-07-05,14,13232,North,47,3
2017-07-05,14,13233,South,25,3
2017-07-05,14,13234,East,19,3
2017-07-05,14,13235,West,17,3
2017-07-05,14,13236,North,47,3
2017-07-05,14,13237,South,25,3
2017-07-05,14,13238,East,19,3
2017-07-05,14,13239,West,17,3
2017-07-05,14,13240,North,47,3
2017-07-05,14,13241,South,25,3
2017-07-05,14,13242,East,19,3
2017-07-05,14,13243,West,17,3
2017-07-05,14,13244,North,47,3
2017-07-05,14,13245,South,25,3
2017-07-05,14,13246,East,19,3
2017-07-05,14,13247,West,17,3
2017-07-05,14,13248,North,47,3
2017-07-05,14,13249,South,25,3
2017-07-05,14,13250,East,19,3
2017-07-05,14,13251,West,17,3
2017-07-05,14,13252,North,47,3
2017-07-05,14,13253,South,25,3
2017-07-05,14,13254,East,19,3
2017-07-05,14,13255,West,17,3
2017-07-05,14,13256,North,47,3
2017-07-05,14,13257,South,25,3
2017-07-05,14,13258,East,19,3
2017-07-05,14,13259,West,17,3
2017-07-05,14,13260,North,47,3
2017-07-05,14,13261,South,25,3
2017-07-05,14,13262,East,19,3
2017-07-05,14,13263,West,17,3
2017-07-05,14,13264,North,47,3
2017-07-05,14,13265,South,25,3
2017-07-05,14,13266,East,19,3
2017-07-05,14,13267,West,17,3
2017-07-05,14,13268,North,47,3
2017-07-05,14,13269,South,25,3
2017-07-05,14,13270,East,19,3
2017-07-05,14,13271,West,17,3
2017-07-05,14,13272,North,47,3
2017-07-05,14,13273,South,25,3
2017-07-05,14,13274,East,19,3
2017-07-05,14,13275,West,17,3
2017-07-05,14,13276,North,47,3
2017-07-05,14,13277,South,25,3
2017-07-05,14,13278,East,19,3
2017-07-05,14,13279,West,17,3
2017-07-05,14,13280,North,47,3
2017-07-05,14,13281,South,25,3
2017-07-05,14,13282,East,19,3
2017-07-05,14,13283,West,17,3
2017-07-05,14,13284,North,47,3
2017-07-05,14,13285,South,25,3
2017-07-05,14,13286,East,19,3
2017-07-05,14,13287,West,17,3
2017-07-05,14,13288,North,47,3
2017-07-05,14,13289,South,25,3
2017-07-05,14,13290,East,19,3
2017-07-05,14,13291,West,17,3
2017-07-05,14,13292,North,47,3
2017-07-05,14,13293,South,25,3
2017-07-05,14,13294,East,19,3
2017-07-05,14,13295,West,17,3
2017-07-05,14,13296,North,47,3
2017-07-05,14,13297,South,25,3
2017-07-05,14,13298,East,19,3
2017-07-05,14,13299,West,17,3
2017-07-05,14,13300,North,47,3
2017-07-05,14,13301,South,25,3
2017-07-05,14,13302,East,19,3
2017-07-05,14,13303,West,17,3
2017-07-05,14,13304,North,47,3
2017-07-05,14,13305,South,25,3
2017-07-05,14,13306,East,19,3
2017-07-05,14,13307,West,17,3
2017-07-05,14,13308,North,47,3
2017-07-05,14,13309,South,25,3
2017-07-05,14,13310,East,19,3
2017-07-05,14,13311,West,17,3
2017-07-05,14,13312,North,47,3
2017-07-05,14,13313,South,25,3
2017-07-05,14,13314,East,19,3
2017-07-05,14,13315,West,17,3
2017-07-05,14,13316,North,47,3
2017-07-05,14,13317,South,25,3
2017-07-05,14,13318,East,19,3
2017-07-05,14,13319,West,17,3
2017-07-05,15,13320,North,47,3
2017-07-05,15,13321,South,24,3
2017-07-05,15,13322,East,19,3
2017-07-05,15,13323,West,18,3
2017-07-05,15,13324,North,47,3
2017-07-05,15,13325,South,24,3
2017-07-05,15,13326,East,19,3
2017-07-05,15,13327,West,18,3
2017-07-05,15,13328,North,47,3
2017-07-05,15,13329,South,24,3
2017-07-05,15,13330,East,19,3
2017-07-05,15,13331,West,18,3
2017-07-05,15,13332,North,47,3
2017-07-05,15,13333,South,24,3
2017-07-05,15,13334,East,19,3
2017-07-05,15,13335,West,18,3
2017-07-05,15,13336,North,47,3
2017-07-05,15,13337,South,24,3
2017-07-05,15,13338,East,19,3
2017-07-05,15,13339,West,18,3
2017-07-05,15,13340,North,47,3
2017-07-05,15,13341,South,24,3
2017-07-05,15,13342,East,19,3
2017-07-05,15,13343,West,18,3
2017-07-05,15,13344,North,47,3
2017-07-05,15,13345,South,24,3
2017-07-05,15,13346,East,19,3
2017-07-05,15,13347,West,18,3
2017-07-05,15,13348,North,47,3
2017-07-05,15,13349,South,24,3
2017-07-05,15,13350,East,19,3
2017-07-05,15,13351,West,18,3
2017-07-05,15,13352,North,47,3
2017-07-05,15,13353,South,24,3
2017-07-05,15,13354,East,19,3
2017-07-05,15,13355,West,18,3
2017-07-05,15,13356,North,47,3
2017-07-05,15,13357,South,24,3
2017-07-05,15,13358,East,19,3
2017-07-05,15,13359,West,18,3
2017-07-05,15,13360,North,47,3
2017-07-05,15,13361,South,24,3
2017-07-05,15,13362,East,19,3
2017-07-05,15,13363,West,18,3
2017-07-05,15,13364,North,47,3
2017-07-05,15,13365,South,24,3
2017-07-05,15,13366,East,19,3
2017-07-05,15,13367,West,18,3
2017-07-05,15,13368,North,47,3
2017-07-05,15,13369,South,24,3
2017-07-05,15,13370,East,19,3
2017-07-05,15,13371,West,18,3
2017-07-05,15,13372,North,47,3
2017-07-05,15,13373,South,24,3
2017-07-05,15,13374,East,19,3
2017-07-05,15,13375,West,18,3
2017-07-05,15,13376,North,47,3
2017-07-05,15,13377,South,24,3
2017-07-05,15,13378,East,19,3
2017-07-05,15,13379,West,18,3
2017-07-05,15,13380,North,47,3
2017-07-05,15,13381,South,24,3
2017-07-05,15,13382,East,19,3
2017-07-05,15,13383,West,18,3
2017-07-05,15,13384,North,47,3
2017-07-05,15,13385,South,24,3
2017-07-05,15,13386,East,19,3
2017-07-05,15,13387,West,18,3
2017-07-05,15,13388,North,47,3
2017-07-05,15,13389,South,24,3
2017-07-05,15,13390,East,19,3
2017-07-05,15,13391,West,18,3
2017-07-05,15,13392,North,47,3
2017-07-05,15,13393,South,24,3
2017-07-05,15,13394,East,19,3
2017-07-05,15,13395,West,18,3
2017-07-05,15,13396,North,47,3
2017-07-05,15,13397,South,24,3
2017-07-05,15,13398,East,19,3
2017-07-05,15,13399,West,18,3
2017-07-05,15,13400,North,47,3
2017-07-05,15,13401,South,24,3
2017-07-05,15,13402,East,19,3
2017-07-05,15,13403,West,18,3
2017-07-05,15,13404,North,47,3
2017-07-05,15,13405,South,24,3
2017-07-05,15,13406,East,19,3
2017-07-05,15,13407,West,18,3
2017-07-05,15,13408,North,47,3
2017-07-05,15,13409,South,24,3
2017-07-05,15,13410,East,19,3
2017-07-05,15,13411,West,18,3
2017-07-05,15,13412,North,47,3
2017-07-05,15,13413,South,24,3
2017-07-05,15,13414,East,19,3
2017-07-05,15,13415,West,18,3
2017-07-05,15,13416,North,47,3
2017-07-05,15,13417,South,24,3
2017-07-05,15,13418,East,19,3
2017-07-05,15,13419,West,18,3
2017-07-05,15,13420,North,47,3
2017-07-05,15,13421,South,24,3
2017-07-05,15,13422,East,19,3
2017-07-05,15,13423,West,18,3
2017-07-05,15,13424,North,47,3
2017-07-05,15,13425,South,24,3
2017-07-05,15,13426,East,19,3
2017-07-05,15,13427,West,18,3
2017-07-05,15,13428,North,47,3
2017-07-05,15,13429,South,24,3
2017-07-05,15,13430,East,19,3
2017-07-05,15,13431,West,18,3
2017-07-05,15,13432,North,47,3
2017-07-05,15,13433,South,24,3
2017-07-05,15,13434,East,19,3
2017-07-05,15,13435,West,18,3
2017-07-05,15,13436,North,47,3
2017-07-05,15,13437,South,24,3
2017-07-05,15,13438,East,19,3
2017-07-05,15,13439,West,18,3
2017-07-05,16,13440,North,44,3
2017-07-05,16,13441,South,26,3
2017-07-05,16,13442,East,20,3
2017-07-05,16,13443,West,18,3
2017-07-05,16,13444,North,44,3
2017-07-05,16,13445,South,26,3
2017-07-05,16,13446,East,20,3
2017-07-05,16,13447,West,18,3
2017-07-05,16,13448,North,44,3
2017-07-05,16,13449,South,26,3
2017-07-05,16,13450,East,20,3
2017-07-05,16,13451,West,18,3
2017-07-05,16,13452,North,44,3
2017-07-05,16,13453,South,26,3
2017-07-05,16,13454,East,20,3
2017-07-05,16,13455,West,18,3
2017-07-05,16,13456,North,44,3
2017-07-05,16,13457,South,26,3
2017-07-05,16,13458,East,20,3
2017-07-05,16,13459,West,18,3
2017-07-05,16,13460,North,44,3
2017-07-05,16,13461,South,26,3
2017-07-05,16,13462,East,20,3
2017-07-05,16,13463,West,18,3
2017-07-05,16,13464,North,44,3
2017-07-05,16,13465,South,26,3
2017-07-05,16,13466,East,20,3
2017-07-05,16,13467,West,18,3
2017-07-05,16,13468,North,44,3
2017-07-05,16,13469,South,26,3
2017-07-05,16,13470,East,20,3
2017-07-05,16,13471,West,18,3
2017-07-05,16,13472,North,44,3
2017-07-05,16,13473,South,26,3
2017-07-05,16,13474,East,20,3
2017-07-05,16,13475,West,18,3
2017-07-05,16,13476,North,44,3
2017-07-05,16,13477,South,26,3
2017-07-05,16,13478,East,20,3
2017-07-05,16,13479,West,18,3
2017-07-05,16,13480,North,44,3
2017-07-05,16,13481,South,26,3
2017-07-05,16,13482,East,20,3
2017-07-05,16,13483,West,18,3
2017-07-05,16,13484,North,44,3
2017-07-05,16,13485,South,26,3
2017-07-05,16,13486,East,20,3
2017-07-05,16,13487,West,18,3
2017-07-05,16,13488,North,44,3
2017-07-05,16,13489,South,26,3
2017-07-05,16,13490,East,20,3
2017-07-05,16,13491,West,18,3
2017-07-05,16,13492,North,44,3
2017-07-05,16,13493,South,26,3
2017-07-05,16,13494,East,20,3
2017-07-05,16,13495,West,18,3
2017-07-05,16,13496,North,44,3
2017-07-05,16,13497,South,26,3
2017-07-05,16,13498,East,20,3
2017-07-05,16,13499,West,18,3
2017-07-05,16,13500,North,44,3
2017-07-05,16,13501,South,26,3
2017-07-05,16,13502,East,20,3
2017-07-05,16,13503,West,18,3
2017-07-05,16,13504,North,44,3
2017-07-05,16,13505,South,26,3
2017-07-05,16,13506,East,20,3
2017-07-05,16,13507,West,18,3
2017-07-05,16,13508,North,44,3
2017-07-05,16,13509,South,26,3
2017-07-05,16,13510,East,20,3
2017-07-05,16,13511,West,18,3
2017-07-05,16,13512,North,44,3
2017-07-05,16,13513,South,26,3
2017-07-05,16,13514,East,20,3
2017-07-05,16,13515,West,18,3
2017-07-05,16,13516,North,44,3
2017-07-05,16,13517,South,26,3
2017-07-05,16,13518,East,20,3
2017-07-05,16,13519,West,18,3
2017-07-05,16,13520,North,44,3
2017-07-05,16,13521,South,26,3
2017-07-05,16,13522,East,20,3
2017-07-05,16,13523,West,18,3
2017-07-05,16,13524,North,44,3
2017-07-05,16,13525,South,26,3
2017-07-05,16,13526,East,20,3
2017-07-05,16,13527,West,18,3
2017-07-05,16,13528,North,44,3
2017-07-05,16,13529,South,26,3
2017-07-05,16,13530,East,20,3
2017-07-05,16,13531,West,18,3
2017-07-05,16,13532,North,44,3
2017-07-05,16,13533,South,26,3
2017-07-05,16,13534,East,20,3
2017-07-05,16,13535,West,18,3
2017-07-05,16,13536,North,44,3
2017-07-05,16,13537,South,26,3
2017-07-05,16,13538,East,20,3
2017-07-05,16,13539,West,18,3
2017-07-05,16,13540,North,44,3
2017-07-05,16,13541,South,26,3
2017-07-05,16,13542,East,20,3
2017-07-05,16,13543,West,18,3
2017-07-05,16,13544,North,44,3
2017-07-05,16,13545,South,26,3
2017-07-05,16,13546,East,20,3
2017-07-05,16,13547,West,18,3
2017-07-05,16,13548,North,44,3
2017-07-05,16,13549,South,26,3
2017-07-05,16,13550,East,20,3
2017-07-05,16,13551,West,18,3
2017-07-05,16,13552,North,44,3
2017-07-05,16,13553,South,26,3
2017-07-05,16,13554,East,20,3
2017-07-05,16,13555,West,18,3
2017-07-05,16,13556,North,44,3
2017-07-05,16,13557,South,26,3
2017-07-05,16,13558,East,20,3
2017-07-05,16,13559,West,18,3
2017-07-05,17,13560,North,45,3
2017-07-05,17,13561,South,25,3
2017-07-05,17,13562,East,20,3
2017-07-05,17,13563,West,18,3
2017-07-05,17,13564,North,45,3
2017-07-05,17,13565,South,25,3
2017-07-05,17,13566,East,20,3
2017-07-05,17,13567,West,18,3
2017-07-05,17,13568,North,45,3
2017-07-05,17,13569,South,25,3
2017-07-05,17,13570,East,20,3
2017-07-05,17,13571,West,18,3
2017-07-05,17,13572,North,45,3
2017-07-05,17,13573,South,25,3
2017-07-05,17,13574,East,20,3
2017-07-05,17,13575,West,18,3
2017-07-05,17,13576,North,45,3
2017-07-05,17,13577,South,25,3
2017-07-05,17,13578,East,20,3
2017-07-05,17,13579,West,18,3
2017-07-05,17,13580,North,45,3
2017-07-05,17,13581,South,25,3
2017-07-05,17,13582,East,20,3
2017-07-05,17,13583,West,18,3
2017-07-05,17,13584,North,45,3
2017-07-05,17,13585,South,25,3
2017-07-05,17,13586,East,20,3
2017-07-05,17,13587,West,18,3
2017-07-05,17,13588,North,45,3
2017-07-05,17,13589,South,25,3
2017-07-05,17,13590,East,20,3
2017-07-05,17,13591,West,18,3
2017-07-05,17,13592,North,45,3
2017-07-05,17,13593,South,25,3
2017-07-05,17,13594,East,20,3
2017-07-05,17,13595,West,18,3
2017-07-05,17,13596,North,45,3
2017-07-05,17,13597,South,25,3
2017-07-05,17,13598,East,20,3
2017-07-05,17,13599,West,18,3
2017-07-05,17,13600,North,45,3
2017-07-05,17,13601,South,25,3
2017-07-05,17,13602,East,20,3
2017-07-05,17,13603,West,18,3
2017-07-05,17,13604,North,45,3
2017-07-05,17,13605,South,25,3
2017-07-05,17,13606,East,20,3
2017-07-05,17,13607,West,18,3
2017-07-05,17,13608,North,45,3
2017-07-05,17,13609,South,25,3
2017-07-05,17,13610,East,20,3
2017-07-05,17,13611,West,18,3
2017-07-05,17,13612,North,45,3
2017-07-05,17,13613,South,25,3
2017-07-05,17,13614,East,20,3
2017-07-05,17,13615,West,18,3
2017-07-05,17,13616,North,45,3
2017-07-05,17,13617,South,25,3
2017-07-05,17,13618,East,20,3
2017-07-05,17,13619,West,18,3
2017-07-05,17,13620,North,45,3
2017-07-05,17,13621,South,25,3
2017-07-05,17,13622,East,20,3
2017-07-05,17,13623,West,18,3
2017-07-05,17,13624,North,45,3
2017-07-05,17,13625,South,25,3
2017-07-05,17,13626,East,20,3
2017-07-05,17,13627,West,18,3
2017-07-05,17,13628,North,45,3
2017-07-05,17,13629,South,25,3
2017-07-05,17,13630,East,20,3
2017-07-05,17,13631,West,18,3
2017-07-05,17,13632,North,45,3
2017-07-05,17,13633,South,25,3
2017-07-05,17,13634,East,20,3
2017-07-05,17,13635,West,18,3
2017-07-05,17,13636,North,45,3
2017-07-05,17,13637,South,25,3
2017-07-05,17,13638,East,20,3
2017-07-05,17,13639,West,18,3
2017-07-05,17,13640,North,45,3
2017-07-05,17,13641,South,25,3
2017-07-05,17,13642,East,20,3
2017-07-05,17,13643,West,18,3
2017-07-05,17,13644,North,45,3
2017-07-05,17,13645,South,25,3
2017-07-05,17,13646,East,20,3
2017-07-05,17,13647,West,18,3
2017-07-05,17,13648,North,45,3
2017-07-05,17,13649,South,25,3
2017-07-05,17,13650,East,20,3
2017-07-05,17,13651,West,18,3
2017-07-05,17,13652,North,45,3
2017-07-05,17,13653,South,25,3
2017-07-05,17,13654,East,20,3
2017-07-05,17,13655,West,18,3
2017-07-05,17,13656,North,45,3
2017-07-05,17,13657,South,25,3
2017-07-05,17,13658,East,20,3
2017-07-05,17,13659,West,18,3
2017-07-05,17,13660,North,45,3
2017-07-05,17,13661,South,25,3
2017-07-05,17,13662,East,20,3
2017-07-05,17,13663,West,18,3
2017-07-05,17,13664,North,45,3
2017-07-05,17,13665,South,25,3
2017-07-05,17,13666,East,20,3
2017-07-05,17,13667,West,18,3
2017-07-05,17,13668,North,45,3
2017-07-05,17,13669,South,25,3
2017-07-05,17,13670,East,20,3
2017-07-05,17,13671,West,18,3
2017-07-05,17,13672,North,45,3
2017-07-05,17,13673,South,25,3
2017-07-05,17,13674,East,20,3
2017-07-05,17,13675,West,18,3
2017-07-05,17,13676,North,45,3
2017-07-05,17,13677,South,25,3
2017-07-05,17,13678,East,20,3
2017-07-05,17,13679,West,18,3
2017-07-05,18,13680,North,45,3
2017-07-05,18,13681,South,25,3
2017-07-05,18,13682,East,21,3
2017-07-05,18,13683,West,17,3
2017-07-05,18,13684,North,45,3
2017-07-05,18,13685,South,25,3
2017-07-05,18,13686,East,21,3
2017-07-05,18,13687,West,17,3
2017-07-05,18,13688,North,45,3
2017-07-05,18,13689,South,25,3
2017-07-05,18,13690,East,21,3
2017-07-05,18,13691,West,17,3
2017-07-05,18,13692,North,45,3
2017-07-05,18,13693,South,25,3
2017-07-05,18,13694,East,21,3
2017-07-05,18,13695,West,17,3
2017-07-05,18,13696,North,45,3
2017-07-05,18,13697,South,25,3
2017-07-05,18,13698,East,21,3
2017-07-05,18,13699,West,17,3
2017-07-05,18,13700,North,45,3
2017-07-05,18,13701,South,25,3
2017-07-05,18,13702,East,21,3
2017-07-05,18,13703,West,17,3
2017-07-05,18,13704,North,45,3
2017-07-05,18,13705,South,25,3
2017-07-05,18,13706,East,21,3
2017-07-05,18,13707,West,17,3
2017-07-05,18,13708,North,45,3
2017-07-05,18,13709,South,25,3
2017-07-05,18,13710,East,21,3
2017-07-05,18,13711,West,17,3
2017-07-05,18,13712,North,45,3
2017-07-05,18,13713,South,25,3
2017-07-05,18,13714,East,21,3
2017-07-05,18,13715,West,17,3
2017-07-05,18,13716,North,45,3
2017-07-05,18,13717,South,25,3
2017-07-05,18,13718,East,21,3
2017-07-05,18,13719,West,17,3
2017-07-05,18,13720,North,45,3
2017-07-05,18,13721,South,25,3
2017-07-05,18,13722,East,21,3
2017-07-05,18,13723,West,17,3
2017-07-05,18,13724,North,45,3
2017-07-05,18,13725,South,25,3
2017-07-05,18,13726,East,21,3
2017-07-05,18,13727,West,17,3
2017-07-05,18,13728,North,45,3
2017-07-05,18,13729,South,25,3
2017-07-05,18,13730,East,21,3
2017-07-05,18,13731,West,17,3
2017-07-05,18,13732,North,45,3
2017-07-05,18,13733,South,25,3
2017-07-05,18,13734,East,21,3
2017-07-05,18,13735,West,17,3
2017-07-05,18,13736,North,45,3
2017-07-05,18,13737,South,25,3
2017-07-05,18,13738,East,21,3
2017-07-05,18,13739,West,17,3
2017-07-05,18,13740,North,45,3
2017-07-05,18,13741,South,25,3
2017-07-05,18,13742,East,21,3
2017-07-05,18,13743,West,17,3
2017-07-05,18,13744,North,45,3
2017-07-05,18,13745,South,25,3
2017-07-05,18,13746,East,21,3
2017-07-05,18,13747,West,17,3
2017-07-05,18,13748,North,45,3
2017-07-05,18,13749,South,25,3
2017-07-05,18,13750,East,21,3
2017-07-05,18,13751,West,17,3
2017-07-05,18,13752,North,45,3
2017-07-05,18,13753,South,25,3
2017-07-05,18,13754,East,21,3
2017-07-05,18,13755,West,17,3
2017-07-05,18,13756,North,45,3
2017-07-05,18,13757,South,25,3
2017-07-05,18,13758,East,21,3
2017-07-05,18,13759,West,17,3
2017-07-05,18,13760,North,45,3
2017-07-05,18,13761,South,25,3
2017-07-05,18,13762,East,21,3
2017-07-05,18,13763,West,17,3
2017-07-05,18,13764,North,45,3
2017-07-05,18,13765,South,25,3
2017-07-05,18,13766,East,21,3
2017-07-05,18,13767,West,17,3
2017-07-05,18,13768,North,45,3
2017-07-05,18,13769,South,25,3
2017-07-05,18,13770,East,21,3
2017-07-05,18,13771,West,17,3
2017-07-05,18,13772,North,45,3
2017-07-05,18,13773,South,25,3
2017-07-05,18,13774,East,21,3
2017-07-05,18,13775,West,17,3
2017-07-05,18,13776,North,45,3
2017-07-05,18,13777,South,25,3
2017-07-05,18,13778,East,21,3
2017-07-05,18,13779,West,17,3
2017-07-05,18,13780,North,45,3
2017-07-05,18,13781,South,25,3
2017-07-05,18,13782,East,21,3
2017-07-05,18,13783,West,17,3
2017-07-05,18,13784,North,45,3
2017-07-05,18,13785,South,25,3
2017-07-05,18,13786,East,21,3
2017-07-05,18,13787,West,17,3
2017-07-05,18,13788,North,45,3
2017-07-05,18,13789,South,25,3
2017-07-05,18,13790,East,21,3
2017-07-05,18,13791,West,17,3
2017-07-05,18,13792,North,45,3
2017-07-05,18,13793,South,25,3
2017-07-05,18,13794,East,21,3
2017-07-05,18,13795,West,17,3
2017-07-05,18,13796,North,45,3
2017-07-05,18,13797,South,25,3
2017-07-05,18,13798,East,21,3
2017-07-05,18,13799,West,17,3
2017-07-05,19,13800,North,48,3
2017-07-05,19,13801,South,25,3
2017-07-05,19,13802,East,18,3
2017-07-05,19,13803,West,17,3
2017-07-05,19,13804,North,48,3
2017-07-05,19,13805,South,25,3
2017-07-05,19,13806,East,18,3
2017-07-05,19,13807,West,17,3
2017-07-05,19,13808,North,48,3
2017-07-05,19,13809,South,25,3
2017-07-05,19,13810,East,18,3
2017-07-05,19,13811,West,17,3
2017-07-05,19,13812,North,48,3
2017-07-05,19,13813,South,25,3
2017-07-05,19,13814,East,18,3
2017-07-05,19,13815,West,17,3
2017-07-05,19,13816,North,48,3
2017-07-05,19,13817,South,25,3
2017-07-05,19,13818,East,18,3
2017-07-05,19,13819,West,17,3
2017-07-05,19,13820,North,48,3
2017-07-05,19,13821,South,25,3
2017-07-05,19,13822,East,18,3
2017-07-05,19,13823,West,17,3
2017-07-05,19,13824,North,48,3
2017-07-05,19,13825,South,25,3
2017-07-05,19,13826,East,18,3
2017-07-05,19,13827,West,17,3
2017-07-05,19,13828,North,48,3
2017-07-05,19,13829,South,25,3
2017-07-05,19,13830,East,18,3
2017-07-05,19,13831,West,17,3
2017-07-05,19,13832,North,48,3
2017-07-05,19,13833,South,25,3
2017-07-05,19,13834,East,18,3
2017-07-05,19,13835,West,17,3
2017-07-05,19,13836,North,48,3
2017-07-05,19,13837,South,25,3
2017-07-05,19,13838,East,18,3
2017-07-05,19,13839,West,17,3
2017-07-05,19,13840,North,48,3
2017-07-05,19,13841,South,25,3
2017-07-05,19,13842,East,18,3
2017-07-05,19,13843,West,17,3
2017-07-05,19,13844,North,48,3
2017-07-05,19,13845,South,25,3
2017-07-05,19,13846,East,18,3
2017-07-05,19,13847,West,17,3
2017-07-05,19,13848,North,48,3
2017-07-05,19,13849,South,25,3
2017-07-05,19,13850,East,18,3
2017-07-05,19,13851,West,17,3
2017-07-05,19,13852,North,48,3
2017-07-05,19,13853,South,25,3
2017-07-05,19,13854,East,18,3
2017-07-05,19,13855,West,17,3
2017-07-05,19,13856,North,48,3
2017-07-05,19,13857,South,25,3
2017-07-05,19,13858,East,18,3
2017-07-05,19,13859,West,17,3
2017-07-05,19,13860,North,48,3
2017-07-05,19,13861,South,25,3
2017-07-05,19,13862,East,18,3
2017-07-05,19,13863,West,17,3
2017-07-05,19,13864,North,48,3
2017-07-05,19,13865,South,25,3
2017-07-05,19,13866,East,18,3
2017-07-05,19,13867,West,17,3
2017-07-05,19,13868,North,48,3
2017-07-05,19,13869,South,25,3
2017-07-05,19,13870,East,18,3
2017-07-05,19,13871,West,17,3
2017-07-05,19,13872,North,48,3
2017-07-05,19,13873,South,25,3
2017-07-05,19,13874,East,18,3
2017-07-05,19,13875,West,17,3
2017-07-05,19,13876,North,48,3
2017-07-05,19,13877,South,25,3
2017-07-05,19,13878,East,18,3
2017-07-05,19,13879,West,17,3
2017-07-05,19,13880,North,48,3
2017-07-05,19,13881,South,25,3
2017-07-05,19,13882,East,18,3
2017-07-05,19,13883,West,17,3
2017-07-05,19,13884,North,48,3
2017-07-05,19,13885,South,25,3
2017-07-05,19,13886,East,18,3
2017-07-05,19,13887,West,17,3
2017-07-05,19,13888,North,48,3
2017-07-05,19,13889,South,25,3
2017-07-05,19,13890,East,18,3
2017-07-05,19,13891,West,17,3
2017-07-05,19,13892,North,48,3
2017-07-05,19,13893,South,25,3
2017-07-05,19,13894,East,18,3
2017-07-05,19,13895,West,17,3
2017-07-05,19,13896,North,48,3
2017-07-05,19,13897,South,25,3
2017-07-05,19,13898,East,18,3
2017-07-05,19,13899,West,17,3
2017-07-05,19,13900,North,48,3
2017-07-05,19,13901,South,25,3
2017-07-05,19,13902,East,18,3
2017-07-05,19,13903,West,17,3
2017-07-05,19,13904,North,48,3
2017-07-05,19,13905,South,25,3
2017-07-05,19,13906,East,18,3
2017-07-05,19,13907,West,17,3
2017-07-05,19,13908,North,48,3
2017-07-05,19,13909,South,25,3
2017-07-05,19,13910,East,18,3
2017-07-05,19,13911,West,17,3
2017-07-05,19,13912,North,48,3
2017-07-05,19,13913,South,25,3
2017-07-05,19,13914,East,18,3
2017-07-05,19,13915,West,17,3
2017-07-05,19,13916,North,48,3
2017-07-05,19,13917,South,25,3
2017-07-05,19,13918,East,18,3
2017-07-05,19,13919,West,17,3
2017-07-05,20,13920,North,44,3
2017-07-05,20,13921,South,24,3
2017-07-05,20,13922,East,20,3
2017-07-05,20,13923,West,20,3
2017-07-05,20,13924,North,44,3
2017-07-05,20,13925,South,24,3
2017-07-05,20,13926,East,20,3
2017-07-05,20,13927,West,20,3
2017-07-05,20,13928,North,44,3
2017-07-05,20,13929,South,24,3
2017-07-05,20,13930,East,20,3
2017-07-05,20,13931,West,20,3
2017-07-05,20,13932,North,44,3
2017-07-05,20,13933,South,24,3
2017-07-05,20,13934,East,20,3
2017-07-05,20,13935,West,20,3
2017-07-05,20,13936,North,44,3
2017-07-05,20,13937,South,24,3
2017-07-05,20,13938,East,20,3
2017-07-05,20,13939,West,20,3
2017-07-05,20,13940,North,44,3
2017-07-05,20,13941,South,24,3
2017-07-05,20,13942,East,20,3
2017-07-05,20,13943,West,20,3
2017-07-05,20,13944,North,44,3
2017-07-05,20,13945,South,24,3
2017-07-05,20,13946,East,20,3
2017-07-05,20,13947,West,20,3
2017-07-05,20,13948,North,44,3
2017-07-05,20,13949,South,24,3
2017-07-05,20,13950,East,20,3
2017-07-05,20,13951,West,20,3
2017-07-05,20,13952,North,44,3
2017-07-05,20,13953,South,24,3
2017-07-05,20,13954,East,20,3
2017-07-05,20,13955,West,20,3
2017-07-05,20,13956,North,44,3
2017-07-05,20,13957,South,24,3
2017-07-05,20,13958,East,20,3
2017-07-05,20,13959,West,20,3
2017-07-05,20,13960,North,44,3
2017-07-05,20,13961,South,24,3
2017-07-05,20,13962,East,20,3
2017-07-05,20,13963,West,20,3
2017-07-05,20,13964,North,44,3
2017-07-05,20,13965,South,24,3
2017-07-05,20,13966,East,20,3
2017-07-05,20,13967,West,20,3
2017-07-05,20,13968,North,44,3
2017-07-05,20,13969,South,24,3
2017-07-05,20,13970,East,20,3
2017-07-05,20,13971,West,20,3
2017-07-05,20,13972,North,44,3
2017-07-05,20,13973,South,24,3
2017-07-05,20,13974,East,20,3
2017-07-05,20,13975,West,20,3
2017-07-05,20,13976,North,44,3
2017-07-05,20,13977,South,24,3
2017-07-05,20,13978,East,20,3
2017-07-05,20,13979,West,20,3
2017-07-05,20,13980,North,44,3
2017-07-05,20,13981,South,24,3
2017-07-05,20,13982,East,20,3
2017-07-05,20,13983,West,20,3
2017-07-05,20,13984,North,44,3
2017-07-05,20,13985,South,24,3
2017-07-05,20,13986,East,20,3
2017-07-05,20,13987,West,20,3
2017-07-05,20,13988,North,44,3
2017-07-05,20,13989,South,24,3
2017-07-05,20,13990,East,20,3
2017-07-05,20,13991,West,20,3
2017-07-05,20,13992,North,44,3
2017-07-05,20,13993,South,24,3
2017-07-05,20,13994,East,20,3
2017-07-05,20,13995,West,20,3
2017-07-05,20,13996,North,44,3
2017-07-05,20,13997,South,24,3
2017-07-05,20,13998,East,20,3
2017-07-05,20,13999,West,20,3
2017-07-05,20,14000,North,44,3
2017-07-05,20,14001,South,24,3
2017-07-05,20,14002,East,20,3
2017-07-05,20,14003,West,20,3
2017-07-05,20,14004,North,44,3
2017-07-05,20,14005,South,24,3
2017-07-05,20,14006,East,20,3
2017-07-05,20,14007,West,20,3
2017-07-05,20,14008,North,44,3
2017-07-05,20,14009,South,24,3
2017-07-05,20,14010,East,20,3
2017-07-05,20,14011,West,20,3
2017-07-05,20,14012,North,44,3
2017-07-05,20,14013,South,24,3
2017-07-05,20,14014,East,20,3
2017-07-05,20,14015,West,20,3
2017-07-05,20,14016,North,44,3
2017-07-05,20,14017,South,24,3
2017-07-05,20,14018,East,20,3
2017-07-05,20,14019,West,20,3
2017-07-05,20,14020,North,44,3
2017-07-05,20,14021,South,24,3
2017-07-05,20,14022,East,20,3
2017-07-05,20,14023,West,20,3
2017-07-05,20,14024,North,44,3
2017-07-05,20,14025,South,24,3
2017-07-05,20,14026,East,20,3
2017-07-05,20,14027,West,20,3
2017-07-05,20,14028,North,44,3
2017-07-05,20,14029,South,24,3
2017-07-05,20,14030,East,20,3
2017-07-05,20,14031,West,20,3
2017-07-05,20,14032,North,44,3
2017-07-05,20,14033,South,24,3
2017-07-05,20,14034,East,20,3
2017-07-05,20,14035,West,20,3
2017-07-05,20,14036,North,44,3
2017-07-05,20,14037,South,24,3
2017-07-05,20,14038,East,20,3
2017-07-05,20,14039,West,20,3
2017-07-05,21,14040,North,44,3
2017-07-05,21,14041,South,25,3
2017-07-05,21,14042,East,21,3
2017-07-05,21,14043,West,18,3
2017-07-05,21,14044,North,44,3
2017-07-05,21,14045,South,25,3
2017-07-05,21,14046,East,21,3
2017-07-05,21,14047,West,18,3
2017-07-05,21,14048,North,44,3
2017-07-05,21,14049,South,25,3
2017-07-05,21,14050,East,21,3
2017-07-05,21,14051,West,18,3
2017-07-05,21,14052,North,44,3
2017-07-05,21,14053,South,25,3
2017-07-05,21,14054,East,21,3
2017-07-05,21,14055,West,18,3
2017-07-05,21,14056,North,44,3
2017-07-05,21,14057,South,25,3
2017-07-05,21,14058,East,21,3
2017-07-05,21,14059,West,18,3
2017-07-05,21,14060,North,44,3
2017-07-05,21,14061,South,25,3
2017-07-05,21,14062,East,21,3
2017-07-05,21,14063,West,18,3
2017-07-05,21,14064,North,44,3
2017-07-05,21,14065,South,25,3
2017-07-05,21,14066,East,21,3
2017-07-05,21,14067,West,18,3
2017-07-05,21,14068,North,44,3
2017-07-05,21,14069,South,25,3
2017-07-05,21,14070,East,21,3
2017-07-05,21,14071,West,18,3
2017-07-05,21,14072,North,44,3
2017-07-05,21,14073,South,25,3
2017-07-05,21,14074,East,21,3
2017-07-05,21,14075,West,18,3
2017-07-05,21,14076,North,44,3
2017-07-05,21,14077,South,25,3
2017-07-05,21,14078,East,21,3
2017-07-05,21,14079,West,18,3
2017-07-05,21,14080,North,44,3
2017-07-05,21,14081,South,25,3
2017-07-05,21,14082,East,21,3
2017-07-05,21,14083,West,18,3
2017-07-05,21,14084,North,44,3
2017-07-05,21,14085,South,25,3
2017-07-05,21,14086,East,21,3
2017-07-05,21,14087,West,18,3
2017-07-05,21,14088,North,44,3
2017-07-05,21,14089,South,25,3
2017-07-05,21,14090,East,21,3
2017-07-05,21,14091,West,18,3
2017-07-05,21,14092,North,44,3
2017-07-05,21,14093,South,25,3
2017-07-05,21,14094,East,21,3
2017-07-05,21,14095,West,18,3
2017-07-05,21,14096,North,44,3
2017-07-05,21,14097,South,25,3
2017-07-05,21,14098,East,21,3
2017-07-05,21,14099,West,18,3
2017-07-05,21,14100,North,44,3
2017-07-05,21,14101,South,25,3
2017-07-05,21,14102,East,21,3
2017-07-05,21,14103,West,18,3
2017-07-05,21,14104,North,44,3
2017-07-05,21,14105,South,25,3
2017-07-05,21,14106,East,21,3
2017-07-05,21,14107,West,18,3
2017-07-05,21,14108,North,44,3
2017-07-05,21,14109,South,25,3
2017-07-05,21,14110,East,21,3
2017-07-05,21,14111,West,18,3
2017-07-05,21,14112,North,44,3
2017-07-05,21,14113,South,25,3
2017-07-05,21,14114,East,21,3
2017-07-05,21,14115,West,18,3
2017-07-05,21,14116,North,44,3
2017-07-05,21,14117,South,25,3
2017-07-05,21,14118,East,21,3
2017-07-05,21,14119,West,18,3
2017-07-05,21,14120,North,44,3
2017-07-05,21,14121,South,25,3
2017-07-05,21,14122,East,21,3
2017-07-05,21,14123,West,18,3
2017-07-05,21,14124,North,44,3
2017-07-05,21,14125,South,25,3
2017-07-05,21,14126,East,21,3
2017-07-05,21,14127,West,18,3
2017-07-05,21,14128,North,44,3
2017-07-05,21,14129,South,25,3
2017-07-05,21,14130,East,21,3
2017-07-05,21,14131,West,18,3
2017-07-05,21,14132,North,44,3
2017-07-05,21,14133,South,25,3
2017-07-05,21,14134,East,21,3
2017-07-05,21,14135,West,18,3
2017-07-05,21,14136,North,44,3
2017-07-05,21,14137,South,25,3
2017-07-05,21,14138,East,21,3
2017-07-05,21,14139,West,18,3
2017-07-05,21,14140,North,44,3
2017-07-05,21,14141,South,25,3
2017-07-05,21,14142,East,21,3
2017-07-05,21,14143,West,18,3
2017-07-05,21,14144,North,44,3
2017-07-05,21,14145,South,25,3
2017-07-05,21,14146,East,21,3
2017-07-05,21,14147,West,18,3
2017-07-05,21,14148,North,44,3
2017-07-05,21,14149,South,25,3
2017-07-05,21,14150,East,21,3
2017-07-05,21,14151,West,18,3
2017-07-05,21,14152,North,44,3
2017-07-05,21,14153,South,25,3
2017-07-05,21,14154,East,21,3
2017-07-05,21,14155,West,18,3
2017-07-05,21,14156,North,44,3
2017-07-05,21,14157,South,25,3
2017-07-05,21,14158,East,21,3
2017-07-05,21,14159,West,18,3
2017-07-05,22,14160,North,47,3
2017-07-05,22,14161,South,23,3
2017-07-05,22,14162,East,19,3
2017-07-05,22,14163,West,19,3
2017-07-05,22,14164,North,47,3
2017-07-05,22,14165,South,23,3
2017-07-05,22,14166,East,19,3
2017-07-05,22,14167,West,19,3
2017-07-05,22,14168,North,47,3
2017-07-05,22,14169,South,23,3
2017-07-05,22,14170,East,19,3
2017-07-05,22,14171,West,19,3
2017-07-05,22,14172,North,47,3
2017-07-05,22,14173,South,23,3
2017-07-05,22,14174,East,19,3
2017-07-05,22,14175,West,19,3
2017-07-05,22,14176,North,47,3
2017-07-05,22,14177,South,23,3
2017-07-05,22,14178,East,19,3
2017-07-05,22,14179,West,19,3
2017-07-05,22,14180,North,47,3
2017-07-05,22,14181,South,23,3
2017-07-05,22,14182,East,19,3
2017-07-05,22,14183,West,19,3
2017-07-05,22,14184,North,47,3
2017-07-05,22,14185,South,23,3
2017-07-05,22,14186,East,19,3
2017-07-05,22,14187,West,19,3
2017-07-05,22,14188,North,47,3
2017-07-05,22,14189,South,23,3
2017-07-05,22,14190,East,19,3
2017-07-05,22,14191,West,19,3
2017-07-05,22,14192,North,47,3
2017-07-05,22,14193,South,23,3
2017-07-05,22,14194,East,19,3
2017-07-05,22,14195,West,19,3
2017-07-05,22,14196,North,47,3
2017-07-05,22,14197,South,23,3
2017-07-05,22,14198,East,19,3
2017-07-05,22,14199,West,19,3
2017-07-05,22,14200,North,47,3
2017-07-05,22,14201,South,23,3
2017-07-05,22,14202,East,19,3
2017-07-05,22,14203,West,19,3
2017-07-05,22,14204,North,47,3
2017-07-05,22,14205,South,23,3
2017-07-05,22,14206,East,19,3
2017-07-05,22,14207,West,19,3
2017-07-05,22,14208,North,47,3
2017-07-05,22,14209,South,23,3
2017-07-05,22,14210,East,19,3
2017-07-05,22,14211,West,19,3
2017-07-05,22,14212,North,47,3
2017-07-05,22,14213,South,23,3
2017-07-05,22,14214,East,19,3
2017-07-05,22,14215,West,19,3
2017-07-05,22,14216,North,47,3
2017-07-05,22,14217,South,23,3
2017-07-05,22,14218,East,19,3
2017-07-05,22,14219,West,19,3
2017-07-05,22,14220,North,47,3
2017-07-05,22,14221,South,23,3
2017-07-05,22,14222,East,19,3
2017-07-05,22,14223,West,19,3
2017-07-05,22,14224,North,47,3
2017-07-05,22,14225,South,23,3
2017-07-05,22,14226,East,19,3
2017-07-05,22,14227,West,19,3
2017-07-05,22,14228,North,47,3
2017-07-05,22,14229,South,23,3
2017-07-05,22,14230,East,19,3
2017-07-05,22,14231,West,19,3
2017-07-05,22,14232,North,47,3
2017-07-05,22,14233,South,23,3
2017-07-05,22,14234,East,19,3
2017-07-05,22,14235,West,19,3
2017-07-05,22,14236,North,47,3
2017-07-05,22,14237,South,23,3
2017-07-05,22,14238,East,19,3
2017-07-05,22,14239,West,19,3
2017-07-05,22,14240,North,47,3
2017-07-05,22,14241,South,23,3
2017-07-05,22,14242,East,19,3
2017-07-05,22,14243,West,19,3
2017-07-05,22,14244,North,47,3
2017-07-05,22,14245,South,23,3
2017-07-05,22,14246,East,19,3
2017-07-05,22,14247,West,19,3
2017-07-05,22,14248,North,47,3
2017-07-05,22,14249,South,23,3
2017-07-05,22,14250,East,19,3
2017-07-05,22,14251,West,19,3
2017-07-05,22,14252,North,47,3
2017-07-05,22,14253,South,23,3
2017-07-05,22,14254,East,19,3
2017-07-05,22,14255,West,19,3
2017-07-05,22,14256,North,47,3
2017-07-05,22,14257,South,23,3
2017-07-05,22,14258,East,19,3
2017-07-05,22,14259,West,19,3
2017-07-05,22,14260,North,47,3
2017-07-05,22,14261,South,23,3
2017-07-05,22,14262,East,19,3
2017-07-05,22,14263,West,19,3
2017-07-05,22,14264,North,47,3
2017-07-05,22,14265,South,23,3
2017-07-05,22,14266,East,19,3
2017-07-05,22,14267,West,19,3
2017-07-05,22,14268,North,47,3
2017-07-05,22,14269,South,23,3
2017-07-05,22,14270,East,19,3
2017-07-05,22,14271,West,19,3
2017-07-05,22,14272,North,47,3
2017-07-05,22,14273,South,23,3
2017-07-05,22,14274,East,19,3
2017-07-05,22,14275,West,19,3
2017-07-05,22,14276,North,47,3
2017-07-05,22,14277,South,23,3
2017-07-05,22,14278,East,19,3
2017-07-05,22,14279,West,19,3
2017-07-05,23,14280,North,48,3
2017-07-05,23,14281,South,23,3
2017-07-05,23,14282,East,19,3
2017-07-05,23,14283,West,18,3
2017-07-05,23,14284,North,48,3
2017-07-05,23,14285,South,23,3
2017-07-05,23,14286,East,19,3
2017-07-05,23,14287,West,18,3
2017-07-05,23,14288,North,48,3
2017-07-05,23,14289,South,23,3
2017-07-05,23,14290,East,19,3
2017-07-05,23,14291,West,18,3
2017-07-05,23,14292,North,48,3
2017-07-05,23,14293,South,23,3
2017-07-05,23,14294,East,19,3
2017-07-05,23,14295,West,18,3
2017-07-05,23,14296,North,48,3
2017-07-05,23,14297,South,23,3
2017-07-05,23,14298,East,19,3
2017-07-05,23,14299,West,18,3
2017-07-05,23,14300,North,48,3
2017-07-05,23,14301,South,23,3
2017-07-05,23,14302,East,19,3
2017-07-05,23,14303,West,18,3
2017-07-05,23,14304,North,48,3
2017-07-05,23,14305,South,23,3
2017-07-05,23,14306,East,19,3
2017-07-05,23,14307,West,18,3
2017-07-05,23,14308,North,48,3
2017-07-05,23,14309,South,23,3
2017-07-05,23,14310,East,19,3
2017-07-05,23,14311,West,18,3
2017-07-05,23,14312,North,48,3
2017-07-05,23,14313,South,23,3
2017-07-05,23,14314,East,19,3
2017-07-05,23,14315,West,18,3
2017-07-05,23,14316,North,48,3
2017-07-05,23,14317,South,23,3
2017-07-05,23,14318,East,19,3
2017-07-05,23,14319,West,18,3
2017-07-05,23,14320,North,48,3
2017-07-05,23,14321,South,23,3
2017-07-05,23,14322,East,19,3
2017-07-05,23,14323,West,18,3
2017-07-05,23,14324,North,48,3
2017-07-05,23,14325,South,23,3
2017-07-05,23,14326,East,19,3
2017-07-05,23,14327,West,18,3
2017-07-05,23,14328,North,48,3
2017-07-05,23,14329,South,23,3
2017-07-05,23,14330,East,19,3
2017-07-05,23,14331,West,18,3
2017-07-05,23,14332,North,48,3
2017-07-05,23,14333,South,23,3
2017-07-05,23,14334,East,19,3
2017-07-05,23,14335,West,18,3
2017-07-05,23,14336,North,48,3
2017-07-05,23,14337,South,23,3
2017-07-05,23,14338,East,19,3
2017-07-05,23,14339,West,18,3
2017-07-05,23,14340,North,48,3
2017-07-05,23,14341,South,23,3
2017-07-05,23,14342,East,19,3
2017-07-05,23,14343,West,18,3
2017-07-05,23,14344,North,48,3
2017-07-05,23,14345,South,23,3
2017-07-05,23,14346,East,19,3
2017-07-05,23,14347,West,18,3
2017-07-05,23,14348,North,48,3
2017-07-05,23,14349,South,23,3
2017-07-05,23,14350,East,19,3
2017-07-05,23,14351,West,18,3
2017-07-05,23,14352,North,48,3
2017-07-05,23,14353,South,23,3
2017-07-05,23,14354,East,19,3
2017-07-05,23,14355,West,18,3
2017-07-05,23,14356,North,48,3
2017-07-05,23,14357,South,23,3
2017-07-05,23,14358,East,19,3
2017-07-05,23,14359,West,18,3
2017-07-05,23,14360,North,48,3
2017-07-05,23,14361,South,23,3
2017-07-05,23,14362,East,19,3
2017-07-05,23,14363,West,18,3
2017-07-05,23,14364,North,48,3
2017-07-05,23,14365,South,23,3
2017-07-05,23,14366,East,19,3
2017-07-05,23,14367,West,18,3
2017-07-05,23,14368,North,48,3
2017-07-05,23,14369,South,23,3
2017-07-05,23,14370,East,19,3
2017-07-05,23,14371,West,18,3
2017-07-05,23,14372,North,48,3
2017-07-05,23,14373,South,23,3
2017-07-05,23,14374,East,19,3
2017-07-05,23,14375,West,18,3
2017-07-05,23,14376,North,48,3
2017-07-05,23,14377,South,23,3
2017-07-05,23,14378,East,19,3
2017-07-05,23,14379,West,18,3
2017-07-05,23,14380,North,48,3
2017-07-05,23,14381,South,23,3
2017-07-05,23,14382,East,19,3
2017-07-05,23,14383,West,18,3
2017-07-05,23,14384,North,48,3
2017-07-05,23,14385,South,23,3
2017-07-05,23,14386,East,19,3
2017-07-05,23,14387,West,18,3
2017-07-05,23,14388,North,48,3
2017-07-05,23,14389,South,23,3
2017-07-05,23,14390,East,19,3
2017-07-05,23,14391,West,18,3
2017-07-05,23,14392,North,48,3
2017-07-05,23,14393,South,23,3
2017-07-05,23,14394,East,19,3
2017-07-05,23,14395,West,18,3
2017-07-05,23,14396,North,48,3
2017-07-05,23,14397,South,23,3
2017-07-05,23,14398,East,19,3
2017-07-05,23,14399,West,18,3
2017-07-06,0,14400,North,49,3
2017-07-06,0,14401,South,23,3
2017-07-06,0,14402,East,19,3
2017-07-06,0,14403,West,17,3
2017-07-06,0,14404,North,49,3
2017-07-06,0,14405,South,23,3
2017-07-06,0,14406,East,19,3
2017-07-06,0,14407,West,17,3
2017-07-06,0,14408,North,49,3
2017-07-06,0,14409,South,23,3
2017-07-06,0,14410,East,19,3
2017-07-06,0,14411,West,17,3
2017-07-06,0,14412,North,49,3
2017-07-06,0,14413,South,23,3
2017-07-06,0,14414,East,19,3
2017-07-06,0,14415,West,17,3
2017-07-06,0,14416,North,49,3
2017-07-06,0,14417,South,23,3
2017-07-06,0,14418,East,19,3
2017-07-06,0,14419,West,17,3
2017-07-06,0,14420,North,49,3
2017-07-06,0,14421,South,23,3
2017-07-06,0,14422,East,19,3
2017-07-06,0,14423,West,17,3
2017-07-06,0,14424,North,49,3
2017-07-06,0,14425,South,23,3
2017-07-06,0,14426,East,19,3
2017-07-06,0,14427,West,17,3
2017-07-06,0,14428,North,49,3
2017-07-06,0,14429,South,23,3
2017-07-06,0,14430,East,19,3
2017-07-06,0,14431,West,17,3
2017-07-06,0,14432,North,49,3
2017-07-06,0,14433,South,23,3
2017-07-06,0,14434,East,19,3
2017-07-06,0,14435,West,17,3
2017-07-06,0,14436,North,49,3
2017-07-06,0,14437,South,23,3
2017-07-06,0,14438,East,19,3
2017-07-06,0,14439,West,17,3
2017-07-06,0,14440,North,49,3
2017-07-06,0,14441,South,23,3
2017-07-06,0,14442,East,19,3
2017-07-06,0,14443,West,17,3
2017-07-06,0,14444,North,49,3
2017-07-06,0,14445,South,23,3
2017-07-06,0,14446,East,19,3
2017-07-06,0,14447,West,17,3
2017-07-06,0,14448,North,49,3
2017-07-06,0,14449,South,23,3
2017-07-06,0,14450,East,19,3
2017-07-06,0,14451,West,17,3
2017-07-06,0,14452,North,49,3
2017-07-06,0,14453,South,23,3
2017-07-06,0,14454,East,19,3
2017-07-06,0,14455,West,17,3
2017-07-06,0,14456,North,49,3
2017-07-06,0,14457,South,23,3
2017-07-06,0,14458,East,19,3
2017-07-06,0,14459,West,17,3
2017-07-06,0,14460,North,49,3
2017-07-06,0,14461,South,23,3
2017-07-06,0,14462,East,19,3
2017-07-06,0,14463,West,17,3
2017-07-06,0,14464,North,49,3
2017-07-06,0,14465,South,23,3
2017-07-06,0,14466,East,19,3
2017-07-06,0,14467,West,17,3
2017-07-06,0,14468,North,49,3
2017-07-06,0,14469,South,23,3
2017-07-06,0,14470,East,19,3
2017-07-06,0,14471,West,17,3
2017-07-06,0,14472,North,49,3
2017-07-06,0,14473,South,23,3
2017-07-06,0,14474,East,19,3
2017-07-06,0,14475,West,17,3
2017-07-06,0,14476,North,49,3
2017-07-06,0,14477,South,23,3
2017-07-06,0,14478,East,19,3
2017-07-06,0,14479,West,17,3
2017-07-06,0,14480,North,49,3
2017-07-06,0,14481,South,23,3
2017-07-06,0,14482,East,19,3
2017-07-06,0,14483,West,17,3
2017-07-06,0,14484,North,49,3
2017-07-06,0,14485,South,23,3
2017-07-06,0,14486,East,19,3
2017-07-06,0,14487,West,17,3
2017-07-06,0,14488,North,49,3
2017-07-06,0,14489,South,23,3
2017-07-06,0,14490,East,19,3
2017-07-06,0,14491,West,17,3
2017-07-06,0,14492,North,49,3
2017-07-06,0,14493,South,23,3
2017-07-06,0,14494,East,19,3
2017-07-06,0,14495,West,17,3
2017-07-06,0,14496,North,49,3
2017-07-06,0,14497,South,23,3
2017-07-06,0,14498,East,19,3
2017-07-06,0,14499,West,17,3
2017-07-06,0,14500,North,49,3
2017-07-06,0,14501,South,23,3
2017-07-06,0,14502,East,19,3
2017-07-06,0,14503,West,17,3
2017-07-06,0,14504,North,49,3
2017-07-06,0,14505,South,23,3
2017-07-06,0,14506,East,19,3
2017-07-06,0,14507,West,17,3
2017-07-06,0,14508,North,49,3
2017-07-06,0,14509,South,23,3
2017-07-06,0,14510,East,19,3
2017-07-06,0,14511,West,17,3
2017-07-06,0,14512,North,49,3
2017-07-06,0,14513,South,23,3
2017-07-06,0,14514,East,19,3
2017-07-06,0,14515,West,17,3
2017-07-06,0,14516,North,49,3
2017-07-06,0,14517,South,23,3
2017-07-06,0,14518,East,19,3
2017-07-06,0,14519,West,17,3
2017-07-06,1,14520,North,50,3
2017-07-06,1,14521,South,22,3
2017-07-06,1,14522,East,19,3
2017-07-06,1,14523,West,17,3
2017-07-06,1,14524,North,50,3
2017-07-06,1,14525,South,22,3
2017-07-06,1,14526,East,19,3
2017-07-06,1,14527,West,17,3
2017-07-06,1,14528,North,50,3
2017-07-06,1,14529,South,22,3
2017-07-06,1,14530,East,19,3
2017-07-06,1,14531,West,17,3
2017-07-06,1,14532,North,50,3
2017-07-06,1,14533,South,22,3
2017-07-06,1,14534,East,19,3
2017-07-06,1,14535,West,17,3
2017-07-06,1,14536,North,50,3
2017-07-06,1,14537,South,22,3
2017-07-06,1,14538,East,19,3
2017-07-06,1,14539,West,17,3
2017-07-06,1,14540,North,50,3
2017-07-06,1,14541,South,22,3
2017-07-06,1,14542,East,19,3
2017-07-06,1,14543,West,17,3
2017-07-06,1,14544,North,50,3
2017-07-06,1,14545,South,22,3
2017-07-06,1,14546,East,19,3
2017-07-06,1,14547,West,17,3
2017-07-06,1,14548,North,50,3
2017-07-06,1,14549,South,22,3
2017-07-06,1,14550,East,19,3
2017-07-06,1,14551,West,17,3
2017-07-06,1,14552,North,50,3
2017-07-06,1,14553,South,22,3
2017-07-06,1,14554,East,19,3
2017-07-06,1,14555,West,17,3
2017-07-06,1,14556,North,50,3
2017-07-06,1,14557,South,22,3
2017-07-06,1,14558,East,19,3
2017-07-06,1,14559,West,17,3
2017-07-06,1,14560,North,50,3
2017-07-06,1,14561,South,22,3
2017-07-06,1,14562,East,19,3
2017-07-06,1,14563,West,17,3
2017-07-06,1,14564,North,50,3
2017-07-06,1,14565,South,22,3
2017-07-06,1,14566,East,19,3
2017-07-06,1,14567,West,17,3
2017-07-06,1,14568,North,50,3
2017-07-06,1,14569,South,22,3
2017-07-06,1,14570,East,19,3
2017-07-06,1,14571,West,17,3
2017-07-06,1,14572,North,50,3
2017-07-06,1,14573,South,22,3
2017-07-06,1,14574,East,19,3
2017-07-06,1,14575,West,17,3
2017-07-06,1,14576,North,50,3
2017-07-06,1,14577,South,22,3
2017-07-06,1,14578,East,19,3
2017-07-06,1,14579,West,17,3
2017-07-06,1,14580,North,50,3
2017-07-06,1,14581,South,22,3
2017-07-06,1,14582,East,19,3
2017-07-06,1,14583,West,17,3
2017-07-06,1,14584,North,50,3
2017-07-06,1,14585,South,22,3
2017-07-06,1,14586,East,19,3
2017-07-06,1,14587,West,17,3
2017-07-06,1,14588,North,50,3
2017-07-06,1,14589,South,22,3
2017-07-06,1,14590,East,19,3
2017-07-06,1,14591,West,17,3
2017-07-06,1,14592,North,50,3
2017-07-06,1,14593,South,22,3
2017-07-06,1,14594,East,19,3
2017-07-06,1,14595,West,17,3
2017-07-06,1,14596,North,50,3
2017-07-06,1,14597,South,22,3
2017-07-06,1,14598,East,19,3
2017-07-06,1,14599,West,17,3
2017-07-06,1,14600,North,50,3
2017-07-06,1,14601,South,22,3
2017-07-06,1,14602,East,19,3
2017-07-06,1,14603,West,17,3
2017-07-06,1,14604,North,50,3
2017-07-06,1,14605,South,22,3
2017-07-06,1,14606,East,19,3
2017-07-06,1,14607,West,17,3
2017-07-06,1,14608,North,50,3
2017-07-06,1,14609,South,22,3
2017-07-06,1,14610,East,19,3
2017-07-06,1,14611,West,17,3
2017-07-06,1,14612,North,50,3
2017-07-06,1,14613,South,22,3
2017-07-06,1,14614,East,19,3
2017-07-06,1,14615,West,17,3
2017-07-06,1,14616,North,50,3
2017-07-06,1,14617,South,22,3
2017-07-06,1,14618,East,19,3
2017-07-06,1,14619,West,17,3
2017-07-06,1,14620,North,50,3
2017-07-06,1,14621,South,22,3
2017-07-06,1,14622,East,19,3
2017-07-06,1,14623,West,17,3
2017-07-06,1,14624,North,50,3
2017-07-06,1,14625,South,22,3
2017-07-06,1,14626,East,19,3
2017-07-06,1,14627,West,17,3
2017-07-06,1,14628,North,50,3
2017-07-06,1,14629,South,22,3
2017-07-06,1,14630,East,19,3
2017-07-06,1,14631,West,17,3
2017-07-06,1,14632,North,50,3
2017-07-06,1,14633,South,22,3
2017-07-06,1,14634,East,19,3
2017-07-06,1,14635,West,17,3
2017-07-06,1,14636,North,50,3
2017-07-06,1,14637,South,22,3
2017-07-06,1,14638,East,19,3
2017-07-06,1,14639,West,17,3
2017-07-06,2,14640,North,48,3
2017-07-06,2,14641,South,25,3
2017-07-06,2,14642,East,18,3
2017-07-06,2,14643,West,17,3
2017-07-06,2,14644,North,48,3
2017-07-06,2,14645,South,25,3
2017-07-06,2,14646,East,18,3
2017-07-06,2,14647,West,17,3
2017-07-06,2,14648,North,48,3
2017-07-06,2,14649,South,25,3
2017-07-06,2,14650,East,18,3
2017-07-06,2,14651,West,17,3
2017-07-06,2,14652,North,48,3
2017-07-06,2,14653,South,25,3
2017-07-06,2,14654,East,18,3
2017-07-06,2,14655,West,17,3
2017-07-06,2,14656,North,48,3
2017-07-06,2,14657,South,25,3
2017-07-06,2,14658,East,18,3
2017-07-06,2,14659,West,17,3
2017-07-06,2,14660,North,48,3
2017-07-06,2,14661,South,25,3
2017-07-06,2,14662,East,18,3
2017-07-06,2,14663,West,17,3
2017-07-06,2,14664,North,48,3
2017-07-06,2,14665,South,25,3
2017-07-06,2,14666,East,18,3
2017-07-06,2,14667,West,17,3
2017-07-06,2,14668,North,48,3
2017-07-06,2,14669,South,25,3
2017-07-06,2,14670,East,18,3
2017-07-06,2,14671,West,17,3
2017-07-06,2,14672,North,48,3
2017-07-06,2,14673,South,25,3
2017-07-06,2,14674,East,18,3
2017-07-06,2,14675,West,17,3
2017-07-06,2,14676,North,48,3
2017-07-06,2,14677,South,25,3
2017-07-06,2,14678,East,18,3
2017-07-06,2,14679,West,17,3
2017-07-06,2,14680,North,48,3
2017-07-06,2,14681,South,25,3
2017-07-06,2,14682,East,18,3
2017-07-06,2,14683,West,17,3
2017-07-06,2,14684,North,48,3
2017-07-06,2,14685,South,25,3
2017-07-06,2,14686,East,18,3
2017-07-06,2,14687,West,17,3
2017-07-06,2,14688,North,48,3
2017-07-06,2,14689,South,25,3
2017-07-06,2,14690,East,18,3
2017-07-06,2,14691,West,17,3
2017-07-06,2,14692,North,48,3
2017-07-06,2,14693,South,25,3
2017-07-06,2,14694,East,18,3
2017-07-06,2,14695,West,17,3
2017-07-06,2,14696,North,48,3
2017-07-06,2,14697,South,25,3
2017-07-06,2,14698,East,18,3
2017-07-06,2,14699,West,17,3
2017-07-06,2,14700,North,48,3
2017-07-06,2,14701,South,25,3
2017-07-06,2,14702,East,18,3
2017-07-06,2,14703,West,17,3
2017-07-06,2,14704,North,48,3
2017-07-06,2,14705,South,25,3
2017-07-06,2,14706,East,18,3
2017-07-06,2,14707,West,17,3
2017-07-06,2,14708,North,48,3
2017-07-06,2,14709,South,25,3
2017-07-06,2,14710,East,18,3
2017-07-06,2,14711,West,17,3
2017-07-06,2,14712,North,48,3
2017-07-06,2,14713,South,25,3
2017-07-06,2,14714,East,18,3
2017-07-06,2,14715,West,17,3
2017-07-06,2,14716,North,48,3
2017-07-06,2,14717,South,25,3
2017-07-06,2,14718,East,18,3
2017-07-06,2,14719,West,17,3
2017-07-06,2,14720,North,48,3
2017-07-06,2,14721,South,25,3
2017-07-06,2,14722,East,18,3
2017-07-06,2,14723,West,17,3
2017-07-06,2,14724,North,48,3
2017-07-06,2,14725,South,25,3
2017-07-06,2,14726,East,18,3
2017-07-06,2,14727,West,17,3
2017-07-06,2,14728,North,48,3
2017-07-06,2,14729,South,25,3
2017-07-06,2,14730,East,18,3
2017-07-06,2,14731,West,17,3
2017-07-06,2,14732,North,48,3
2017-07-06,2,14733,South,25,3
2017-07-06,2,14734,East,18,3
2017-07-06,2,14735,West,17,3
2017-07-06,2,14736,North,48,3
2017-07-06,2,14737,South,25,3
2017-07-06,2,14738,East,18,3
2017-07-06,2,14739,West,17,3
2017-07-06,2,14740,North,48,3
2017-07-06,2,14741,South,25,3
2017-07-06,2,14742,East,18,3
2017-07-06,2,14743,West,17,3
2017-07-06,2,14744,North,48,3
2017-07-06,2,14745,South,25,3
2017-07-06,2,14746,East,18,3
2017-07-06,2,14747,West,17,3
2017-07-06,2,14748,North,48,3
2017-07-06,2,14749,South,25,3
2017-07-06,2,14750,East,18,3
2017-07-06,2,14751,West,17,3
2017-07-06,2,14752,North,48,3
2017-07-06,2,14753,South,25,3
2017-07-06,2,14754,East,18,3
2017-07-06,2,14755,West,17,3
2017-07-06,2,14756,North,48,3
2017-07-06,2,14757,South,25,3
2017-07-06,2,14758,East,18,3
2017-07-06,2,14759,West,17,3
2017-07-06,3,14760,North,46,3
2017-07-06,3,14761,South,28,3
2017-07-06,3,14762,East,18,3
2017-07-06,3,14763,West,16,3
2017-07-06,3,14764,North,46,3
2017-07-06,3,14765,South,28,3
2017-07-06,3,14766,East,18,3
2017-07-06,3,14767,West,16,3
2017-07-06,3,14768,North,46,3
2017-07-06,3,14769,South,28,3
2017-07-06,3,14770,East,18,3
2017-07-06,3,14771,West,16,3
2017-07-06,3,14772,North,46,3
2017-07-06,3,14773,South,28,3
2017-07-06,3,14774,East,18,3
2017-07-06,3,14775,West,16,3
2017-07-06,3,14776,North,46,3
2017-07-06,3,14777,South,28,3
2017-07-06,3,14778,East,18,3
2017-07-06,3,14779,West,16,3
2017-07-06,3,14780,North,46,3
2017-07-06,3,14781,South,28,3
2017-07-06,3,14782,East,18,3
2017-07-06,3,14783,West,16,3
2017-07-06,3,14784,North,46,3
2017-07-06,3,14785,South,28,3
2017-07-06,3,14786,East,18,3
2017-07-06,3,14787,West,16,3
2017-07-06,3,14788,North,46,3
2017-07-06,3,14789,South,28,3
2017-07-06,3,14790,East,18,3
2017-07-06,3,14791,West,16,3
2017-07-06,3,14792,North,46,3
2017-07-06,3,14793,South,28,3
2017-07-06,3,14794,East,18,3
2017-07-06,3,14795,West,16,3
2017-07-06,3,14796,North,46,3
2017-07-06,3,14797,South,28,3
2017-07-06,3,14798,East,18,3
2017-07-06,3,14799,West,16,3
2017-07-06,3,14800,North,46,3
2017-07-06,3,14801,South,28,3
2017-07-06,3,14802,East,18,3
2017-07-06,3,14803,West,16,3
2017-07-06,3,14804,North,46,3
2017-07-06,3,14805,South,28,3
2017-07-06,3,14806,East,18,3
2017-07-06,3,14807,West,16,3
2017-07-06,3,14808,North,46,3
2017-07-06,3,14809,South,28,3
2017-07-06,3,14810,East,18,3
2017-07-06,3,14811,West,16,3
2017-07-06,3,14812,North,46,3
2017-07-06,3,14813,South,28,3
2017-07-06,3,14814,East,18,3
2017-07-06,3,14815,West,16,3
2017-07-06,3,14816,North,46,3
2017-07-06,3,14817,South,28,3
2017-07-06,3,14818,East,18,3
2017-07-06,3,14819,West,16,3
2017-07-06,3,14820,North,46,3
2017-07-06,3,14821,South,28,3
2017-07-06,3,14822,East,18,3
2017-07-06,3,14823,West,16,3
2017-07-06,3,14824,North,46,3
2017-07-06,3,14825,South,28,3
2017-07-06,3,14826,East,18,3
2017-07-06,3,14827,West,16,3
2017-07-06,3,14828,North,46,3
2017-07-06,3,14829,South,28,3
2017-07-06,3,14830,East,18,3
2017-07-06,3,14831,West,16,3
2017-07-06,3,14832,North,46,3
2017-07-06,3,14833,South,28,3
2017-07-06,3,14834,East,18,3
2017-07-06,3,14835,West,16,3
2017-07-06,3,14836,North,46,3
2017-07-06,3,14837,South,28,3
2017-07-06,3,14838,East,18,3
2017-07-06,3,14839,West,16,3
2017-07-06,3,14840,North,46,3
2017-07-06,3,14841,South,28,3
2017-07-06,3,14842,East,18,3
2017-07-06,3,14843,West,16,3
2017-07-06,3,14844,North,46,3
2017-07-06,3,14845,South,28,3
2017-07-06,3,14846,East,18,3
2017-07-06,3,14847,West,16,3
2017-07-06,3,14848,North,46,3
2017-07-06,3,14849,South,28,3
2017-07-06,3,14850,East,18,3
2017-07-06,3,14851,West,16,3
2017-07-06,3,14852,North,46,3
2017-07-06,3,14853,South,28,3
2017-07-06,3,14854,East,18,3
2017-07-06,3,14855,West,16,3
2017-07-06,3,14856,North,46,3
2017-07-06,3,14857,South,28,3
2017-07-06,3,14858,East,18,3
2017-07-06,3,14859,West,16,3
2017-07-06,3,14860,North,46,3
2017-07-06,3,14861,South,28,3
2017-07-06,3,14862,East,18,3
2017-07-06,3,14863,West,16,3
2017-07-06,3,14864,North,46,3
2017-07-06,3,14865,South,28,3
2017-07-06,3,14866,East,18,3
2017-07-06,3,14867,West,16,3
2017-07-06,3,14868,North,46,3
2017-07-06,3,14869,South,28,3
2017-07-06,3,14870,East,18,3
2017-07-06,3,14871,West,16,3
2017-07-06,3,14872,North,46,3
2017-07-06,3,14873,South,28,3
2017-07-06,3,14874,East,18,3
2017-07-06,3,14875,West,16,3
2017-07-06,3,14876,North,46,3
2017-07-06,3,14877,South,28,3
2017-07-06,3,14878,East,18,3
2017-07-06,3,14879,West,16,3
2017-07-06,4,14880,North,48,3
2017-07-06,4,14881,South,25,3
2017-07-06,4,14882,East,19,3
2017-07-06,4,14883,West,16,3
2017-07-06,4,14884,North,48,3
2017-07-06,4,14885,South,25,3
2017-07-06,4,14886,East,19,3
2017-07-06,4,14887,West,16,3
2017-07-06,4,14888,North,48,3
2017-07-06,4,14889,South,25,3
2017-07-06,4,14890,East,19,3
2017-07-06,4,14891,West,16,3
2017-07-06,4,14892,North,48,3
2017-07-06,4,14893,South,25,3
2017-07-06,4,14894,East,19,3
2017-07-06,4,14895,West,16,3
2017-07-06,4,14896,North,48,3
2017-07-06,4,14897,South,25,3
2017-07-06,4,14898,East,19,3
2017-07-06,4,14899,West,16,3
2017-07-06,4,14900,North,48,3
2017-07-06,4,14901,South,25,3
2017-07-06,4,14902,East,19,3
2017-07-06,4,14903,West,16,3
2017-07-06,4,14904,North,48,3
2017-07-06,4,14905,South,25,3
2017-07-06,4,14906,East,19,3
2017-07-06,4,14907,West,16,3
2017-07-06,4,14908,North,48,3
2017-07-06,4,14909,South,25,3
2017-07-06,4,14910,East,19,3
2017-07-06,4,14911,West,16,3
2017-07-06,4,14912,North,48,3
2017-07-06,4,14913,South,25,3
2017-07-06,4,14914,East,19,3
2017-07-06,4,14915,West,16,3
2017-07-06,4,14916,North,48,3
2017-07-06,4,14917,South,25,3
2017-07-06,4,14918,East,19,3
2017-07-06,4,14919,West,16,3
2017-07-06,4,14920,North,48,3
2017-07-06,4,14921,South,25,3
2017-07-06,4,14922,East,19,3
2017-07-06,4,14923,West,16,3
2017-07-06,4,14924,North,48,3
2017-07-06,4,14925,South,25,3
2017-07-06,4,14926,East,19,3
2017-07-06,4,14927,West,16,3
2017-07-06,4,14928,North,48,3
2017-07-06,4,14929,South,25,3
2017-07-06,4,14930,East,19,3
2017-07-06,4,14931,West,16,3
2017-07-06,4,14932,North,48,3
2017-07-06,4,14933,South,25,3
2017-07-06,4,14934,East,19,3
2017-07-06,4,14935,West,16,3
2017-07-06,4,14936,North,48,3
2017-07-06,4,14937,South,25,3
2017-07-06,4,14938,East,19,3
2017-07-06,4,14939,West,16,3
2017-07-06,4,14940,North,48,3
2017-07-06,4,14941,South,25,3
2017-07-06,4,14942,East,19,3
2017-07-06,4,14943,West,16,3
2017-07-06,4,14944,North,48,3
2017-07-06,4,14945,South,25,3
2017-07-06,4,14946,East,19,3
2017-07-06,4,14947,West,16,3
2017-07-06,4,14948,North,48,3
2017-07-06,4,14949,South,25,3
2017-07-06,4,14950,East,19,3
2017-07-06,4,14951,West,16,3
2017-07-06,4,14952,North,48,3
2017-07-06,4,14953,South,25,3
2017-07-06,4,14954,East,19,3
2017-07-06,4,14955,West,16,3
2017-07-06,4,14956,North,48,3
2017-07-06,4,14957,South,25,3
2017-07-06,4,14958,East,19,3
2017-07-06,4,14959,West,16,3
2017-07-06,4,14960,North,48,3
2017-07-06,4,14961,South,25,3
2017-07-06,4,14962,East,19,3
2017-07-06,4,14963,West,16,3
2017-07-06,4,14964,North,48,3
2017-07-06,4,14965,South,25,3
2017-07-06,4,14966,East,19,3
2017-07-06,4,14967,West,16,3
2017-07-06,4,14968,North,48,3
2017-07-06,4,14969,South,25,3
2017-07-06,4,14970,East,19,3
2017-07-06,4,14971,West,16,3
2017-07-06,4,14972,North,48,3
2017-07-06,4,14973,South,25,3
2017-07-06,4,14974,East,19,3
2017-07-06,4,14975,West,16,3
2017-07-06,4,14976,North,48,3
2017-07-06,4,14977,South,25,3
2017-07-06,4,14978,East,19,3
2017-07-06,4,14979,West,16,3
2017-07-06,4,14980,North,48,3
2017-07-06,4,14981,South,25,3
2017-07-06,4,14982,East,19,3
2017-07-06,4,14983,West,16,3
2017-07-06,4,14984,North,48,3
2017-07-06,4,14985,South,25,3
2017-07-06,4,14986,East,19,3
2017-07-06,4,14987,West,16,3
2017-07-06,4,14988,North,48,3
2017-07-06,4,14989,South,25,3
2017-07-06,4,14990,East,19,3
2017-07-06,4,14991,West,16,3
2017-07-06,4,14992,North,48,3
2017-07-06,4,14993,South,25,3
2017-07-06,4,14994,East,19,3
2017-07-06,4,14995,West,16,3
2017-07-06,4,14996,North,48,3
2017-07-06,4,14997,South,25,3
2017-07-06,4,14998,East,19,3
2017-07-06,4,14999,West,16,3
2017-07-06,5,15000,North,47,3
2017-07-06,5,15001,South,24,3
2017-07-06,5,15002,East,20,3
2017-07-06,5,15003,West,17,3
2017-07-06,5,15004,North,47,3
2017-07-06,5,15005,South,24,3
2017-07-06,5,15006,East,20,3
2017-07-06,5,15007,West,17,3
2017-07-06,5,15008,North,47,3
2017-07-06,5,15009,South,24,3
2017-07-06,5,15010,East,20,3
2017-07-06,5,15011,West,17,3
2017-07-06,5,15012,North,47,3
2017-07-06,5,15013,South,24,3
2017-07-06,5,15014,East,20,3
2017-07-06,5,15015,West,17,3
2017-07-06,5,15016,North,47,3
2017-07-06,5,15017,South,24,3
2017-07-06,5,15018,East,20,3
2017-07-06,5,15019,West,17,3
2017-07-06,5,15020,North,47,3
2017-07-06,5,15021,South,24,3
2017-07-06,5,15022,East,20,3
2017-07-06,5,15023,West,17,3
2017-07-06,5,15024,North,47,3
2017-07-06,5,15025,South,24,3
2017-07-06,5,15026,East,20,3
2017-07-06,5,15027,West,17,3
2017-07-06,5,15028,North,47,3
2017-07-06,5,15029,South,24,3
2017-07-06,5,15030,East,20,3
2017-07-06,5,15031,West,17,3
2017-07-06,5,15032,North,47,3
2017-07-06,5,15033,South,24,3
2017-07-06,5,15034,East,20,3
2017-07-06,5,15035,West,17,3
2017-07-06,5,15036,North,47,3
2017-07-06,5,15037,South,24,3
2017-07-06,5,15038,East,20,3
2017-07-06,5,15039,West,17,3
2017-07-06,5,15040,North,47,3
2017-07-06,5,15041,South,24,3
2017-07-06,5,15042,East,20,3
2017-07-06,5,15043,West,17,3
2017-07-06,5,15044,North,47,3
2017-07-06,5,15045,South,24,3
2017-07-06,5,15046,East,20,3
2017-07-06,5,15047,West,17,3
2017-07-06,5,15048,North,47,3
2017-07-06,5,15049,South,24,3
2017-07-06,5,15050,East,20,3
2017-07-06,5,15051,West,17,3
2017-07-06,5,15052,North,47,3
2017-07-06,5,15053,South,24,3
2017-07-06,5,15054,East,20,3
2017-07-06,5,15055,West,17,3
2017-07-06,5,15056,North,47,3
2017-07-06,5,15057,South,24,3
2017-07-06,5,15058,East,20,3
2017-07-06,5,15059,West,17,3
2017-07-06,5,15060,North,47,3
2017-07-06,5,15061,South,24,3
2017-07-06,5,15062,East,20,3
2017-07-06,5,15063,West,17,3
2017-07-06,5,15064,North,47,3
2017-07-06,5,15065,South,24,3
2017-07-06,5,15066,East,20,3
2017-07-06,5,15067,West,17,3
2017-07-06,5,15068,North,47,3
2017-07-06,5,15069,South,24,3
2017-07-06,5,15070,East,20,3
2017-07-06,5,15071,West,17,3
2017-07-06,5,15072,North,47,3
2017-07-06,5,15073,South,24,3
2017-07-06,5,15074,East,20,3
2017-07-06,5,15075,West,17,3
2017-07-06,5,15076,North,47,3
2017-07-06,5,15077,South,24,3
2017-07-06,5,15078,East,20,3
2017-07-06,5,15079,West,17,3
2017-07-06,5,15080,North,47,3
2017-07-06,5,15081,South,24,3
2017-07-06,5,15082,East,20,3
2017-07-06,5,15083,West,17,3
2017-07-06,5,15084,North,47,3
2017-07-06,5,15085,South,24,3
2017-07-06,5,15086,East,20,3
2017-07-06,5,15087,West,17,3
2017-07-06,5,15088,North,47,3
2017-07-06,5,15089,South,24,3
2017-07-06,5,15090,East,20,3
2017-07-06,5,15091,West,17,3
2017-07-06,5,15092,North,47,3
2017-07-06,5,15093,South,24,3
2017-07-06,5,15094,East,20,3
2017-07-06,5,15095,West,17,3
2017-07-06,5,15096,North,47,3
2017-07-06,5,15097,South,24,3
2017-07-06,5,15098,East,20,3
2017-07-06,5,15099,West,17,3
2017-07-06,5,15100,North,47,3
2017-07-06,5,15101,South,24,3
2017-07-06,5,15102,East,20,3
2017-07-06,5,15103,West,17,3
2017-07-06,5,15104,North,47,3
2017-07-06,5,15105,South,24,3
2017-07-06,5,15106,East,20,3
2017-07-06,5,15107,West,17,3
2017-07-06,5,15108,North,47,3
2017-07-06,5,15109,South,24,3
2017-07-06,5,15110,East,20,3
2017-07-06,5,15111,West,17,3
2017-07-06,5,15112,North,47,3
2017-07-06,5,15113,South,24,3
2017-07-06,5,15114,East,20,3
2017-07-06,5,15115,West,17,3
2017-07-06,5,15116,North,47,3
2017-07-06,5,15117,South,24,3
2017-07-06,5,15118,East,20,3
2017-07-06,5,15119,West,17,3
2017-07-06,6,15120,North,49,3
2017-07-06,6,15121,South,25,3
2017-07-06,6,15122,East,18,3
2017-07-06,6,15123,West,16,3
2017-07-06,6,15124,North,49,3
2017-07-06,6,15125,South,25,3
2017-07-06,6,15126,East,18,3
2017-07-06,6,15127,West,16,3
2017-07-06,6,15128,North,49,3
2017-07-06,6,15129,South,25,3
2017-07-06,6,15130,East,18,3
2017-07-06,6,15131,West,16,3
2017-07-06,6,15132,North,49,3
2017-07-06,6,15133,South,25,3
2017-07-06,6,15134,East,18,3
2017-07-06,6,15135,West,16,3
2017-07-06,6,15136,North,49,3
2017-07-06,6,15137,South,25,3
2017-07-06,6,15138,East,18,3
2017-07-06,6,15139,West,16,3
2017-07-06,6,15140,North,49,3
2017-07-06,6,15141,South,25,3
2017-07-06,6,15142,East,18,3
2017-07-06,6,15143,West,16,3
2017-07-06,6,15144,North,49,3
2017-07-06,6,15145,South,25,3
2017-07-06,6,15146,East,18,3
2017-07-06,6,15147,West,16,3
2017-07-06,6,15148,North,49,3
2017-07-06,6,15149,South,25,3
2017-07-06,6,15150,East,18,3
2017-07-06,6,15151,West,16,3
2017-07-06,6,15152,North,49,3
2017-07-06,6,15153,South,25,3
2017-07-06,6,15154,East,18,3
2017-07-06,6,15155,West,16,3
2017-07-06,6,15156,North,49,3
2017-07-06,6,15157,South,25,3
2017-07-06,6,15158,East,18,3
2017-07-06,6,15159,West,16,3
2017-07-06,6,15160,North,49,3
2017-07-06,6,15161,South,25,3
2017-07-06,6,15162,East,18,3
2017-07-06,6,15163,West,16,3
2017-07-06,6,15164,North,49,3
2017-07-06,6,15165,South,25,3
2017-07-06,6,15166,East,18,3
2017-07-06,6,15167,West,16,3
2017-07-06,6,15168,North,49,3
2017-07-06,6,15169,South,25,3
2017-07-06,6,15170,East,18,3
2017-07-06,6,15171,West,16,3
2017-07-06,6,15172,North,49,3
2017-07-06,6,15173,South,25,3
2017-07-06,6,15174,East,18,3
2017-07-06,6,15175,West,16,3
2017-07-06,6,15176,North,49,3
2017-07-06,6,15177,South,25,3
2017-07-06,6,15178,East,18,3
2017-07-06,6,15179,West,16,3
2017-07-06,6,15180,North,49,3
2017-07-06,6,15181,South,25,3
2017-07-06,6,15182,East,18,3
2017-07-06,6,15183,West,16,3
2017-07-06,6,15184,North,49,3
2017-07-06,6,15185,South,25,3
2017-07-06,6,15186,East,18,3
2017-07-06,6,15187,West,16,3
2017-07-06,6,15188,North,49,3
2017-07-06,6,15189,South,25,3
2017-07-06,6,15190,East,18,3
2017-07-06,6,15191,West,16,3
2017-07-06,6,15192,North,49,3
2017-07-06,6,15193,South,25,3
2017-07-06,6,15194,East,18,3
2017-07-06,6,15195,West,16,3
2017-07-06,6,15196,North,49,3
2017-07-06,6,15197,South,25,3
2017-07-06,6,15198,East,18,3
2017-07-06,6,15199,West,16,3
2017-07-06,6,15200,North,49,3
2017-07-06,6,15201,South,25,3
2017-07-06,6,15202,East,18,3
2017-07-06,6,15203,West,16,3
2017-07-06,6,15204,North,49,3
2017-07-06,6,15205,South,25,3
2017-07-06,6,15206,East,18,3
2017-07-06,6,15207,West,16,3
2017-07-06,6,15208,North,49,3
2017-07-06,6,15209,South,25,3
2017-07-06,6,15210,East,18,3
2017-07-06,6,15211,West,16,3
2017-07-06,6,15212,North,49,3
2017-07-06,6,15213,South,25,3
2017-07-06,6,15214,East,18,3
2017-07-06,6,15215,West,16,3
2017-07-06,6,15216,North,49,3
2017-07-06,6,15217,South,25,3
2017-07-06,6,15218,East,18,3
2017-07-06,6,15219,West,16,3
2017-07-06,6,15220,North,49,3
2017-07-06,6,15221,South,25,3
2017-07-06,6,15222,East,18,3
2017-07-06,6,15223,West,16,3
2017-07-06,6,15224,North,49,3
2017-07-06,6,15225,South,25,3
2017-07-06,6,15226,East,18,3
2017-07-06,6,15227,West,16,3
2017-07-06,6,15228,North,49,3
2017-07-06,6,15229,South,25,3
2017-07-06,6,15230,East,18,3
2017-07-06,6,15231,West,16,3
2017-07-06,6,15232,North,49,3
2017-07-06,6,15233,South,25,3
2017-07-06,6,15234,East,18,3
2017-07-06,6,15235,West,16,3
2017-07-06,6,15236,North,49,3
2017-07-06,6,15237,South,25,3
2017-07-06,6,15238,East,18,3
2017-07-06,6,15239,West,16,3
2017-07-06,7,15240,North,48,3
2017-07-06,7,15241,South,25,3
2017-07-06,7,15242,East,19,3
2017-07-06,7,15243,West,16,3
2017-07-06,7,15244,North,48,3
2017-07-06,7,15245,South,25,3
2017-07-06,7,15246,East,19,3
2017-07-06,7,15247,West,16,3
2017-07-06,7,15248,North,48,3
2017-07-06,7,15249,South,25,3
2017-07-06,7,15250,East,19,3
2017-07-06,7,15251,West,16,3
2017-07-06,7,15252,North,48,3
2017-07-06,7,15253,South,25,3
2017-07-06,7,15254,East,19,3
2017-07-06,7,15255,West,16,3
2017-07-06,7,15256,North,48,3
2017-07-06,7,15257,South,25,3
2017-07-06,7,15258,East,19,3
2017-07-06,7,15259,West,16,3
2017-07-06,7,15260,North,48,3
2017-07-06,7,15261,South,25,3
2017-07-06,7,15262,East,19,3
2017-07-06,7,15263,West,16,3
2017-07-06,7,15264,North,48,3
2017-07-06,7,15265,South,25,3
2017-07-06,7,15266,East,19,3
2017-07-06,7,15267,West,16,3
2017-07-06,7,15268,North,48,3
2017-07-06,7,15269,South,25,3
2017-07-06,7,15270,East,19,3
2017-07-06,7,15271,West,16,3
2017-07-06,7,15272,North,48,3
2017-07-06,7,15273,South,25,3
2017-07-06,7,15274,East,19,3
2017-07-06,7,15275,West,16,3
2017-07-06,7,15276,North,48,3
2017-07-06,7,15277,South,25,3
2017-07-06,7,15278,East,19,3
2017-07-06,7,15279,West,16,3
2017-07-06,7,15280,North,48,3
2017-07-06,7,15281,South,25,3
2017-07-06,7,15282,East,19,3
2017-07-06,7,15283,West,16,3
2017-07-06,7,15284,North,48,3
2017-07-06,7,15285,South,25,3
2017-07-06,7,15286,East,19,3
2017-07-06,7,15287,West,16,3
2017-07-06,7,15288,North,48,3
2017-07-06,7,15289,South,25,3
2017-07-06,7,15290,East,19,3
2017-07-06,7,15291,West,16,3
2017-07-06,7,15292,North,48,3
2017-07-06,7,15293,South,25,3
2017-07-06,7,15294,East,19,3
2017-07-06,7,15295,West,16,3
2017-07-06,7,15296,North,48,3
2017-07-06,7,15297,South,25,3
2017-07-06,7,15298,East,19,3
2017-07-06,7,15299,West,16,3
2017-07-06,7,15300,North,48,3
2017-07-06,7,15301,South,25,3
2017-07-06,7,15302,East,19,3
2017-07-06,7,15303,West,16,3
2017-07-06,7,15304,North,48,3
2017-07-06,7,15305,South,25,3
2017-07-06,7,15306,East,19,3
2017-07-06,7,15307,West,16,3
2017-07-06,7,15308,North,48,3
2017-07-06,7,15309,South,25,3
2017-07-06,7,15310,East,19,3
2017-07-06,7,15311,West,16,3
2017-07-06,7,15312,North,48,3
2017-07-06,7,15313,South,25,3
2017-07-06,7,15314,East,19,3
2017-07-06,7,15315,West,16,3
2017-07-06,7,15316,North,48,3
2017-07-06,7,15317,South,25,3
2017-07-06,7,15318,East,19,3
2017-07-06,7,15319,West,16,3
2017-07-06,7,15320,North,48,3
2017-07-06,7,15321,South,25,3
2017-07-06,7,15322,East,19,3
2017-07-06,7,15323,West,16,3
2017-07-06,7,15324,North,48,3
2017-07-06,7,15325,South,25,3
2017-07-06,7,15326,East,19,3
2017-07-06,7,15327,West,16,3
2017-07-06,7,15328,North,48,3
2017-07-06,7,15329,South,25,3
2017-07-06,7,15330,East,19,3
2017-07-06,7,15331,West,16,3
2017-07-06,7,15332,North,48,3
2017-07-06,7,15333,South,25,3
2017-07-06,7,15334,East,19,3
2017-07-06,7,15335,West,16,3
2017-07-06,7,15336,North,48,3
2017-07-06,7,15337,South,25,3
2017-07-06,7,15338,East,19,3
2017-07-06,7,15339,West,16,3
2017-07-06,7,15340,North,48,3
2017-07-06,7,15341,South,25,3
2017-07-06,7,15342,East,19,3
2017-07-06,7,15343,West,16,3
2017-07-06,7,15344,North,48,3
2017-07-06,7,15345,South,25,3
2017-07-06,7,15346,East,19,3
2017-07-06,7,15347,West,16,3
2017-07-06,7,15348,North,48,3
2017-07-06,7,15349,South,25,3
2017-07-06,7,15350,East,19,3
2017-07-06,7,15351,West,16,3
2017-07-06,7,15352,North,48,3
2017-07-06,7,15353,South,25,3
2017-07-06,7,15354,East,19,3
2017-07-06,7,15355,West,16,3
2017-07-06,7,15356,North,48,3
2017-07-06,7,15357,South,25,3
2017-07-06,7,15358,East,19,3
2017-07-06,7,15359,West,16,3
2017-07-06,8,15360,North,49,3
2017-07-06,8,15361,South,23,3
2017-07-06,8,15362,East,19,3
2017-07-06,8,15363,West,17,3
2017-07-06,8,15364,North,49,3
2017-07-06,8,15365,South,23,3
2017-07-06,8,15366,East,19,3
2017-07-06,8,15367,West,17,3
2017-07-06,8,15368,North,49,3
2017-07-06,8,15369,South,23,3
2017-07-06,8,15370,East,19,3
2017-07-06,8,15371,West,17,3
2017-07-06,8,15372,North,49,3
2017-07-06,8,15373,South,23,3
2017-07-06,8,15374,East,19,3
2017-07-06,8,15375,West,17,3
2017-07-06,8,15376,North,49,3
2017-07-06,8,15377,South,23,3
2017-07-06,8,15378,East,19,3
2017-07-06,8,15379,West,17,3
2017-07-06,8,15380,North,49,3
2017-07-06,8,15381,South,23,3
2017-07-06,8,15382,East,19,3
2017-07-06,8,15383,West,17,3
2017-07-06,8,15384,North,49,3
2017-07-06,8,15385,South,23,3
2017-07-06,8,15386,East,19,3
2017-07-06,8,15387,West,17,3
2017-07-06,8,15388,North,49,3
2017-07-06,8,15389,South,23,3
2017-07-06,8,15390,East,19,3
2017-07-06,8,15391,West,17,3
2017-07-06,8,15392,North,49,3
2017-07-06,8,15393,South,23,3
2017-07-06,8,15394,East,19,3
2017-07-06,8,15395,West,17,3
2017-07-06,8,15396,North,49,3
2017-07-06,8,15397,South,23,3
2017-07-06,8,15398,East,19,3
2017-07-06,8,15399,West,17,3
2017-07-06,8,15400,North,49,3
2017-07-06,8,15401,South,23,3
2017-07-06,8,15402,East,19,3
2017-07-06,8,15403,West,17,3
2017-07-06,8,15404,North,49,3
2017-07-06,8,15405,South,23,3
2017-07-06,8,15406,East,19,3
2017-07-06,8,15407,West,17,3
2017-07-06,8,15408,North,49,3
2017-07-06,8,15409,South,23,3
2017-07-06,8,15410,East,19,3
2017-07-06,8,15411,West,17,3
2017-07-06,8,15412,North,49,3
2017-07-06,8,15413,South,23,3
2017-07-06,8,15414,East,19,3
2017-07-06,8,15415,West,17,3
2017-07-06,8,15416,North,49,3
2017-07-06,8,15417,South,23,3
2017-07-06,8,15418,East,19,3
2017-07-06,8,15419,West,17,3
2017-07-06,8,15420,North,49,3
2017-07-06,8,15421,South,23,3
2017-07-06,8,15422,East,19,3
2017-07-06,8,15423,West,17,3
2017-07-06,8,15424,North,49,3
2017-07-06,8,15425,South,23,3
2017-07-06,8,15426,East,19,3
2017-07-06,8,15427,West,17,3
2017-07-06,8,15428,North,49,3
2017-07-06,8,15429,South,23,3
2017-07-06,8,15430,East,19,3
2017-07-06,8,15431,West,17,3
2017-07-06,8,15432,North,49,3
2017-07-06,8,15433,South,23,3
2017-07-06,8,15434,East,19,3
2017-07-06,8,15435,West,17,3
2017-07-06,8,15436,North,49,3
2017-07-06,8,15437,South,23,3
2017-07-06,8,15438,East,19,3
2017-07-06,8,15439,West,17,3
2017-07-06,8,15440,North,49,3
2017-07-06,8,15441,South,23,3
2017-07-06,8,15442,East,19,3
2017-07-06,8,15443,West,17,3
2017-07-06,8,15444,North,49,3
2017-07-06,8,15445,South,23,3
2017-07-06,8,15446,East,19,3
2017-07-06,8,15447,West,17,3
2017-07-06,8,15448,North,49,3
2017-07-06,8,15449,South,23,3
2017-07-06,8,15450,East,19,3
2017-07-06,8,15451,West,17,3
2017-07-06,8,15452,North,49,3
2017-07-06,8,15453,South,23,3
2017-07-06,8,15454,East,19,3
2017-07-06,8,15455,West,17,3
2017-07-06,8,15456,North,49,3
2017-07-06,8,15457,South,23,3
2017-07-06,8,15458,East,19,3
2017-07-06,8,15459,West,17,3
2017-07-06,8,15460,North,49,3
2017-07-06,8,15461,South,23,3
2017-07-06,8,15462,East,19,3
2017-07-06,8,15463,West,17,3
2017-07-06,8,15464,North,49,3
2017-07-06,8,15465,South,23,3
2017-07-06,8,15466,East,19,3
2017-07-06,8,15467,West,17,3
2017-07-06,8,15468,North,49,3
2017-07-06,8,15469,South,23,3
2017-07-06,8,15470,East,19,3
2017-07-06,8,15471,West,17,3
2017-07-06,8,15472,North,49,3
2017-07-06,8,15473,South,23,3
2017-07-06,8,15474,East,19,3
2017-07-06,8,15475,West,17,3
2017-07-06,8,15476,North,49,3
2017-07-06,8,15477,South,23,3
2017-07-06,8,15478,East,19,3
2017-07-06,8,15479,West,17,3
2017-07-06,9,15480,North,50,3
2017-07-06,9,15481,South,22,3
2017-07-06,9,15482,East,19,3
2017-07-06,9,15483,West,17,3
2017-07-06,9,15484,North,50,3
2017-07-06,9,15485,South,22,3
2017-07-06,9,15486,East,19,3
2017-07-06,9,15487,West,17,3
2017-07-06,9,15488,North,50,3
2017-07-06,9,15489,South,22,3
2017-07-06,9,15490,East,19,3
2017-07-06,9,15491,West,17,3
2017-07-06,9,15492,North,50,3
2017-07-06,9,15493,South,22,3
2017-07-06,9,15494,East,19,3
2017-07-06,9,15495,West,17,3
2017-07-06,9,15496,North,50,3
2017-07-06,9,15497,South,22,3
2017-07-06,9,15498,East,19,3
2017-07-06,9,15499,West,17,3
2017-07-06,9,15500,North,50,3
2017-07-06,9,15501,South,22,3
2017-07-06,9,15502,East,19,3
2017-07-06,9,15503,West,17,3
2017-07-06,9,15504,North,50,3
2017-07-06,9,15505,South,22,3
2017-07-06,9,15506,East,19,3
2017-07-06,9,15507,West,17,3
2017-07-06,9,15508,North,50,3
2017-07-06,9,15509,South,22,3
2017-07-06,9,15510,East,19,3
2017-07-06,9,15511,West,17,3
2017-07-06,9,15512,North,50,3
2017-07-06,9,15513,South,22,3
2017-07-06,9,15514,East,19,3
2017-07-06,9,15515,West,17,3
2017-07-06,9,15516,North,50,3
2017-07-06,9,15517,South,22,3
2017-07-06,9,15518,East,19,3
2017-07-06,9,15519,West,17,3
2017-07-06,9,15520,North,50,3
2017-07-06,9,15521,South,22,3
2017-07-06,9,15522,East,19,3
2017-07-06,9,15523,West,17,3
2017-07-06,9,15524,North,50,3
2017-07-06,9,15525,South,22,3
2017-07-06,9,15526,East,19,3
2017-07-06,9,15527,West,17,3
2017-07-06,9,15528,North,50,3
2017-07-06,9,15529,South,22,3
2017-07-06,9,15530,East,19,3
2017-07-06,9,15531,West,17,3
2017-07-06,9,15532,North,50,3
2017-07-06,9,15533,South,22,3
2017-07-06,9,15534,East,19,3
2017-07-06,9,15535,West,17,3
2017-07-06,9,15536,North,50,3
2017-07-06,9,15537,South,22,3
2017-07-06,9,15538,East,19,3
2017-07-06,9,15539,West,17,3
2017-07-06,9,15540,North,50,3
2017-07-06,9,15541,South,22,3
2017-07-06,9,15542,East,19,3
2017-07-06,9,15543,West,17,3
2017-07-06,9,15544,North,50,3
2017-07-06,9,15545,South,22,3
2017-07-06,9,15546,East,19,3
2017-07-06,9,15547,West,17,3
2017-07-06,9,15548,North,50,3
2017-07-06,9,15549,South,22,3
2017-07-06,9,15550,East,19,3
2017-07-06,9,15551,West,17,3
2017-07-06,9,15552,North,50,3
2017-07-06,9,15553,South,22,3
2017-07-06,9,15554,East,19,3
2017-07-06,9,15555,West,17,3
2017-07-06,9,15556,North,50,3
2017-07-06,9,15557,South,22,3
2017-07-06,9,15558,East,19,3
2017-07-06,9,15559,West,17,3
2017-07-06,9,15560,North,50,3
2017-07-06,9,15561,South,22,3
2017-07-06,9,15562,East,19,3
2017-07-06,9,15563,West,17,3
2017-07-06,9,15564,North,50,3
2017-07-06,9,15565,South,22,3
2017-07-06,9,15566,East,19,3
2017-07-06,9,15567,West,17,3
2017-07-06,9,15568,North,50,3
2017-07-06,9,15569,South,22,3
2017-07-06,9,15570,East,19,3
2017-07-06,9,15571,West,17,3
2017-07-06,9,15572,North,50,3
2017-07-06,9,15573,South,22,3
2017-07-06,9,15574,East,19,3
2017-07-06,9,15575,West,17,3
2017-07-06,9,15576,North,50,3
2017-07-06,9,15577,South,22,3
2017-07-06,9,15578,East,19,3
2017-07-06,9,15579,West,17,3
2017-07-06,9,15580,North,50,3
2017-07-06,9,15581,South,22,3
2017-07-06,9,15582,East,19,3
2017-07-06,9,15583,West,17,3
2017-07-06,9,15584,North,50,3
2017-07-06,9,15585,South,22,3
2017-07-06,9,15586,East,19,3
2017-07-06,9,15587,West,17,3
2017-07-06,9,15588,North,50,3
2017-07-06,9,15589,South,22,3
2017-07-06,9,15590,East,19,3
2017-07-06,9,15591,West,17,3
2017-07-06,9,15592,North,50,3
2017-07-06,9,15593,South,22,3
2017-07-06,9,15594,East,19,3
2017-07-06,9,15595,West,17,3
2017-07-06,9,15596,North,50,3
2017-07-06,9,15597,South,22,3
2017-07-06,9,15598,East,19,3
2017-07-06,9,15599,West,17,3
2017-07-06,10,15600,North,46,3
2017-07-06,10,15601,South,24,3
2017-07-06,10,15602,East,21,3
2017-07-06,10,15603,West,17,3
2017-07-06,10,15604,North,46,3
2017-07-06,10,15605,South,24,3
2017-07-06,10,15606,East,21,3
2017-07-06,10,15607,West,17,3
2017-07-06,10,15608,North,46,3
2017-07-06,10,15609,South,24,3
2017-07-06,10,15610,East,21,3
2017-07-06,10,15611,West,17,3
2017-07-06,10,15612,North,46,3
2017-07-06,10,15613,South,24,3
2017-07-06,10,15614,East,21,3
2017-07-06,10,15615,West,17,3
2017-07-06,10,15616,North,46,3
2017-07-06,10,15617,South,24,3
2017-07-06,10,15618,East,21,3
2017-07-06,10,15619,West,17,3
2017-07-06,10,15620,North,46,3
2017-07-06,10,15621,South,24,3
2017-07-06,10,15622,East,21,3
2017-07-06,10,15623,West,17,3
2017-07-06,10,15624,North,46,3
2017-07-06,10,15625,South,24,3
2017-07-06,10,15626,East,21,3
2017-07-06,10,15627,West,17,3
2017-07-06,10,15628,North,46,3
2017-07-06,10,15629,South,24,3
2017-07-06,10,15630,East,21,3
2017-07-06,10,15631,West,17,3
2017-07-06,10,15632,North,46,3
2017-07-06,10,15633,South,24,3
2017-07-06,10,15634,East,21,3
2017-07-06,10,15635,West,17,3
2017-07-06,10,15636,North,46,3
2017-07-06,10,15637,South,24,3
2017-07-06,10,15638,East,21,3
2017-07-06,10,15639,West,17,3
2017-07-06,10,15640,North,46,3
2017-07-06,10,15641,South,24,3
2017-07-06,10,15642,East,21,3
2017-07-06,10,15643,West,17,3
2017-07-06,10,15644,North,46,3
2017-07-06,10,15645,South,24,3
2017-07-06,10,15646,East,21,3
2017-07-06,10,15647,West,17,3
2017-07-06,10,15648,North,46,3
2017-07-06,10,15649,South,24,3
2017-07-06,10,15650,East,21,3
2017-07-06,10,15651,West,17,3
2017-07-06,10,15652,North,46,3
2017-07-06,10,15653,South,24,3
2017-07-06,10,15654,East,21,3
2017-07-06,10,15655,West,17,3
2017-07-06,10,15656,North,46,3
2017-07-06,10,15657,South,24,3
2017-07-06,10,15658,East,21,3
2017-07-06,10,15659,West,17,3
2017-07-06,10,15660,North,46,3
2017-07-06,10,15661,South,24,3
2017-07-06,10,15662,East,21,3
2017-07-06,10,15663,West,17,3
2017-07-06,10,15664,North,46,3
2017-07-06,10,15665,South,24,3
2017-07-06,10,15666,East,21,3
2017-07-06,10,15667,West,17,3
2017-07-06,10,15668,North,46,3
2017-07-06,10,15669,South,24,3
2017-07-06,10,15670,East,21,3
2017-07-06,10,15671,West,17,3
2017-07-06,10,15672,North,46,3
2017-07-06,10,15673,South,24,3
2017-07-06,10,15674,East,21,3
2017-07-06,10,15675,West,17,3
2017-07-06,10,15676,North,46,3
2017-07-06,10,15677,South,24,3
2017-07-06,10,15678,East,21,3
2017-07-06,10,15679,West,17,3
2017-07-06,10,15680,North,46,3
2017-07-06,10,15681,South,24,3
2017-07-06,10,15682,East,21,3
2017-07-06,10,15683,West,17,3
2017-07-06,10,15684,North,46,3
2017-07-06,10,15685,South,24,3
2017-07-06,10,15686,East,21,3
2017-07-06,10,15687,West,17,3
2017-07-06,10,15688,North,46,3
2017-07-06,10,15689,South,24,3
2017-07-06,10,15690,East,21,3
2017-07-06,10,15691,West,17,3
2017-07-06,10,15692,North,46,3
2017-07-06,10,15693,South,24,3
2017-07-06,10,15694,East,21,3
2017-07-06,10,15695,West,17,3
2017-07-06,10,15696,North,46,3
2017-07-06,10,15697,South,24,3
2017-07-06,10,15698,East,21,3
2017-07-06,10,15699,West,17,3
2017-07-06,10,15700,North,46,3
2017-07-06,10,15701,South,24,3
2017-07-06,10,15702,East,21,3
2017-07-06,10,15703,West,17,3
2017-07-06,10,15704,North,46,3
2017-07-06,10,15705,South,24,3
2017-07-06,10,15706,East,21,3
2017-07-06,10,15707,West,17,3
2017-07-06,10,15708,North,46,3
2017-07-06,10,15709,South,24,3
2017-07-06,10,15710,East,21,3
2017-07-06,10,15711,West,17,3
2017-07-06,10,15712,North,46,3
2017-07-06,10,15713,South,24,3
2017-07-06,10,15714,East,21,3
2017-07-06,10,15715,West,17,3
2017-07-06,10,15716,North,46,3
2017-07-06,10,15717,South,24,3
2017-07-06,10,15718,East,21,3
2017-07-06,10,15719,West,17,3
2017-07-06,11,15720,North,46,3
2017-07-06,11,15721,South,23,3
2017-07-06,11,15722,East,21,3
2017-07-06,11,15723,West,18,3
2017-07-06,11,15724,North,46,3
2017-07-06,11,15725,South,23,3
2017-07-06,11,15726,East,21,3
2017-07-06,11,15727,West,18,3
2017-07-06,11,15728,North,46,3
2017-07-06,11,15729,South,23,3
2017-07-06,11,15730,East,21,3
2017-07-06,11,15731,West,18,3
2017-07-06,11,15732,North,46,3
2017-07-06,11,15733,South,23,3
2017-07-06,11,15734,East,21,3
2017-07-06,11,15735,West,18,3
2017-07-06,11,15736,North,46,3
2017-07-06,11,15737,South,23,3
2017-07-06,11,15738,East,21,3
2017-07-06,11,15739,West,18,3
2017-07-06,11,15740,North,46,3
2017-07-06,11,15741,South,23,3
2017-07-06,11,15742,East,21,3
2017-07-06,11,15743,West,18,3
2017-07-06,11,15744,North,46,3
2017-07-06,11,15745,South,23,3
2017-07-06,11,15746,East,21,3
2017-07-06,11,15747,West,18,3
2017-07-06,11,15748,North,46,3
2017-07-06,11,15749,South,23,3
2017-07-06,11,15750,East,21,3
2017-07-06,11,15751,West,18,3
2017-07-06,11,15752,North,46,3
2017-07-06,11,15753,South,23,3
2017-07-06,11,15754,East,21,3
2017-07-06,11,15755,West,18,3
2017-07-06,11,15756,North,46,3
2017-07-06,11,15757,South,23,3
2017-07-06,11,15758,East,21,3
2017-07-06,11,15759,West,18,3
2017-07-06,11,15760,North,46,3
2017-07-06,11,15761,South,23,3
2017-07-06,11,15762,East,21,3
2017-07-06,11,15763,West,18,3
2017-07-06,11,15764,North,46,3
2017-07-06,11,15765,South,23,3
2017-07-06,11,15766,East,21,3
2017-07-06,11,15767,West,18,3
2017-07-06,11,15768,North,46,3
2017-07-06,11,15769,South,23,3
2017-07-06,11,15770,East,21,3
2017-07-06,11,15771,West,18,3
2017-07-06,11,15772,North,46,3
2017-07-06,11,15773,South,23,3
2017-07-06,11,15774,East,21,3
2017-07-06,11,15775,West,18,3
2017-07-06,11,15776,North,46,3
2017-07-06,11,15777,South,23,3
2017-07-06,11,15778,East,21,3
2017-07-06,11,15779,West,18,3
2017-07-06,11,15780,North,46,3
2017-07-06,11,15781,South,23,3
2017-07-06,11,15782,East,21,3
2017-07-06,11,15783,West,18,3
2017-07-06,11,15784,North,46,3
2017-07-06,11,15785,South,23,3
2017-07-06,11,15786,East,21,3
2017-07-06,11,15787,West,18,3
2017-07-06,11,15788,North,46,3
2017-07-06,11,15789,South,23,3
2017-07-06,11,15790,East,21,3
2017-07-06,11,15791,West,18,3
2017-07-06,11,15792,North,46,3
2017-07-06,11,15793,South,23,3
2017-07-06,11,15794,East,21,3
2017-07-06,11,15795,West,18,3
2017-07-06,11,15796,North,46,3
2017-07-06,11,15797,South,23,3
2017-07-06,11,15798,East,21,3
2017-07-06,11,15799,West,18,3
2017-07-06,11,15800,North,46,3
2017-07-06,11,15801,South,23,3
2017-07-06,11,15802,East,21,3
2017-07-06,11,15803,West,18,3
2017-07-06,11,15804,North,46,3
2017-07-06,11,15805,South,23,3
2017-07-06,11,15806,East,21,3
2017-07-06,11,15807,West,18,3
2017-07-06,11,15808,North,46,3
2017-07-06,11,15809,South,23,3
2017-07-06,11,15810,East,21,3
2017-07-06,11,15811,West,18,3
2017-07-06,11,15812,North,46,3
2017-07-06,11,15813,South,23,3
2017-07-06,11,15814,East,21,3
2017-07-06,11,15815,West,18,3
2017-07-06,11,15816,North,46,3
2017-07-06,11,15817,South,23,3
2017-07-06,11,15818,East,21,3
2017-07-06,11,15819,West,18,3
2017-07-06,11,15820,North,46,3
2017-07-06,11,15821,South,23,3
2017-07-06,11,15822,East,21,3
2017-07-06,11,15823,West,18,3
2017-07-06,11,15824,North,46,3
2017-07-06,11,15825,South,23,3
2017-07-06,11,15826,East,21,3
2017-07-06,11,15827,West,18,3
2017-07-06,11,15828,North,46,3
2017-07-06,11,15829,South,23,3
2017-07-06,11,15830,East,21,3
2017-07-06,11,15831,West,18,3
2017-07-06,11,15832,North,46,3
2017-07-06,11,15833,South,23,3
2017-07-06,11,15834,East,21,3
2017-07-06,11,15835,West,18,3
2017-07-06,11,15836,North,46,3
2017-07-06,11,15837,South,23,3
2017-07-06,11,15838,East,21,3
2017-07-06,11,15839,West,18,3
2017-07-06,12,15840,North,45,3
2017-07-06,12,15841,South,24,3
2017-07-06,12,15842,East,21,3
2017-07-06,12,15843,West,18,3
2017-07-06,12,15844,North,45,3
2017-07-06,12,15845,South,24,3
2017-07-06,12,15846,East,21,3
2017-07-06,12,15847,West,18,3
2017-07-06,12,15848,North,45,3
2017-07-06,12,15849,South,24,3
2017-07-06,12,15850,East,21,3
2017-07-06,12,15851,West,18,3
2017-07-06,12,15852,North,45,3
2017-07-06,12,15853,South,24,3
2017-07-06,12,15854,East,21,3
2017-07-06,12,15855,West,18,3
2017-07-06,12,15856,North,45,3
2017-07-06,12,15857,South,24,3
2017-07-06,12,15858,East,21,3
2017-07-06,12,15859,West,18,3
2017-07-06,12,15860,North,45,3
2017-07-06,12,15861,South,24,3
2017-07-06,12,15862,East,21,3
2017-07-06,12,15863,West,18,3
2017-07-06,12,15864,North,45,3
2017-07-06,12,15865,South,24,3
2017-07-06,12,15866,East,21,3
2017-07-06,12,15867,West,18,3
2017-07-06,12,15868,North,45,3
2017-07-06,12,15869,South,24,3
2017-07-06,12,15870,East,21,3
2017-07-06,12,15871,West,18,3
2017-07-06,12,15872,North,45,3
2017-07-06,12,15873,South,24,3
2017-07-06,12,15874,East,21,3
2017-07-06,12,15875,West,18,3
2017-07-06,12,15876,North,45,3
2017-07-06,12,15877,South,24,3
2017-07-06,12,15878,East,21,3
2017-07-06,12,15879,West,18,3
2017-07-06,12,15880,North,45,3
2017-07-06,12,15881,South,24,3
2017-07-06,12,15882,East,21,3
2017-07-06,12,15883,West,18,3
2017-07-06,12,15884,North,45,3
2017-07-06,12,15885,South,24,3
2017-07-06,12,15886,East,21,3
2017-07-06,12,15887,West,18,3
2017-07-06,12,15888,North,45,3
2017-07-06,12,15889,South,24,3
2017-07-06,12,15890,East,21,3
2017-07-06,12,15891,West,18,3
2017-07-06,12,15892,North,45,3
2017-07-06,12,15893,South,24,3
2017-07-06,12,15894,East,21,3
2017-07-06,12,15895,West,18,3
2017-07-06,12,15896,North,45,3
2017-07-06,12,15897,South,24,3
2017-07-06,12,15898,East,21,3
2017-07-06,12,15899,West,18,3
2017-07-06,12,15900,North,45,3
2017-07-06,12,15901,South,24,3
2017-07-06,12,15902,East,21,3
2017-07-06,12,15903,West,18,3
2017-07-06,12,15904,North,45,3
2017-07-06,12,15905,South,24,3
2017-07-06,12,15906,East,21,3
2017-07-06,12,15907,West,18,3
2017-07-06,12,15908,North,45,3
2017-07-06,12,15909,South,24,3
2017-07-06,12,15910,East,21,3
2017-07-06,12,15911,West,18,3
2017-07-06,12,15912,North,45,3
2017-07-06,12,15913,South,24,3
2017-07-06,12,15914,East,21,3
2017-07-06,12,15915,West,18,3
2017-07-06,12,15916,North,45,3
2017-07-06,12,15917,South,24,3
2017-07-06,12,15918,East,21,3
2017-07-06,12,15919,West,18,3
2017-07-06,12,15920,North,45,3
2017-07-06,12,15921,South,24,3
2017-07-06,12,15922,East,21,3
2017-07-06,12,15923,West,18,3
2017-07-06,12,15924,North,45,3
2017-07-06,12,15925,South,24,3
2017-07-06,12,15926,East,21,3
2017-07-06,12,15927,West,18,3
2017-07-06,12,15928,North,45,3
2017-07-06,12,15929,South,24,3
2017-07-06,12,15930,East,21,3
2017-07-06,12,15931,West,18,3
2017-07-06,12,15932,North,45,3
2017-07-06,12,15933,South,24,3
2017-07-06,12,15934,East,21,3
2017-07-06,12,15935,West,18,3
2017-07-06,12,15936,North,45,3
2017-07-06,12,15937,South,24,3
2017-07-06,12,15938,East,21,3
2017-07-06,12,15939,West,18,3
2017-07-06,12,15940,North,45,3
2017-07-06,12,15941,South,24,3
2017-07-06,12,15942,East,21,3
2017-07-06,12,15943,West,18,3
2017-07-06,12,15944,North,45,3
2017-07-06,12,15945,South,24,3
2017-07-06,12,15946,East,21,3
2017-07-06,12,15947,West,18,3
2017-07-06,12,15948,North,45,3
2017-07-06,12,15949,South,24,3
2017-07-06,12,15950,East,21,3
2017-07-06,12,15951,West,18,3
2017-07-06,12,15952,North,45,3
2017-07-06,12,15953,South,24,3
2017-07-06,12,15954,East,21,3
2017-07-06,12,15955,West,18,3
2017-07-06,12,15956,North,45,3
2017-07-06,12,15957,South,24,3
2017-07-06,12,15958,East,21,3
2017-07-06,12,15959,West,18,3
2017-07-06,13,15960,North,43,3
2017-07-06,13,15961,South,25,3
2017-07-06,13,15962,East,21,3
2017-07-06,13,15963,West,19,3
2017-07-06,13,15964,North,43,3
2017-07-06,13,15965,South,25,3
2017-07-06,13,15966,East,21,3
2017-07-06,13,15967,West,19,3
2017-07-06,13,15968,North,43,3
2017-07-06,13,15969,South,25,3
2017-07-06,13,15970,East,21,3
2017-07-06,13,15971,West,19,3
2017-07-06,13,15972,North,43,3
2017-07-06,13,15973,South,25,3
2017-07-06,13,15974,East,21,3
2017-07-06,13,15975,West,19,3
2017-07-06,13,15976,North,43,3
2017-07-06,13,15977,South,25,3
2017-07-06,13,15978,East,21,3
2017-07-06,13,15979,West,19,3
2017-07-06,13,15980,North,43,3
2017-07-06,13,15981,South,25,3
2017-07-06,13,15982,East,21,3
2017-07-06,13,15983,West,19,3
2017-07-06,13,15984,North,43,3
2017-07-06,13,15985,South,25,3
2017-07-06,13,15986,East,21,3
2017-07-06,13,15987,West,19,3
2017-07-06,13,15988,North,43,3
2017-07-06,13,15989,South,25,3
2017-07-06,13,15990,East,21,3
2017-07-06,13,15991,West,19,3
2017-07-06,13,15992,North,43,3
2017-07-06,13,15993,South,25,3
2017-07-06,13,15994,East,21,3
2017-07-06,13,15995,West,19,3
2017-07-06,13,15996,North,43,3
2017-07-06,13,15997,South,25,3
2017-07-06,13,15998,East,21,3
2017-07-06,13,15999,West,19,3
2017-07-06,13,16000,North,43,3
2017-07-06,13,16001,South,25,3
2017-07-06,13,16002,East,21,3
2017-07-06,13,16003,West,19,3
2017-07-06,13,16004,North,43,3
2017-07-06,13,16005,South,25,3
2017-07-06,13,16006,East,21,3
2017-07-06,13,16007,West,19,3
2017-07-06,13,16008,North,43,3
2017-07-06,13,16009,South,25,3
2017-07-06,13,16010,East,21,3
2017-07-06,13,16011,West,19,3
2017-07-06,13,16012,North,43,3
2017-07-06,13,16013,South,25,3
2017-07-06,13,16014,East,21,3
2017-07-06,13,16015,West,19,3
2017-07-06,13,16016,North,43,3
2017-07-06,13,16017,South,25,3
2017-07-06,13,16018,East,21,3
2017-07-06,13,16019,West,19,3
2017-07-06,13,16020,North,43,3
2017-07-06,13,16021,South,25,3
2017-07-06,13,16022,East,21,3
2017-07-06,13,16023,West,19,3
2017-07-06,13,16024,North,43,3
2017-07-06,13,16025,South,25,3
2017-07-06,13,16026,East,21,3
2017-07-06,13,16027,West,19,3
2017-07-06,13,16028,North,43,3
2017-07-06,13,16029,South,25,3
2017-07-06,13,16030,East,21,3
2017-07-06,13,16031,West,19,3
2017-07-06,13,16032,North,43,3
2017-07-06,13,16033,South,25,3
2017-07-06,13,16034,East,21,3
2017-07-06,13,16035,West,19,3
2017-07-06,13,16036,North,43,3
2017-07-06,13,16037,South,25,3
2017-07-06,13,16038,East,21,3
2017-07-06,13,16039,West,19,3
2017-07-06,13,16040,North,43,3
2017-07-06,13,16041,South,25,3
2017-07-06,13,16042,East,21,3
2017-07-06,13,16043,West,19,3
2017-07-06,13,16044,North,43,3
2017-07-06,13,16045,South,25,3
2017-07-06,13,16046,East,21,3
2017-07-06,13,16047,West,19,3
2017-07-06,13,16048,North,43,3
2017-07-06,13,16049,South,25,3
2017-07-06,13,16050,East,21,3
2017-07-06,13,16051,West,19,3
2017-07-06,13,16052,North,43,3
2017-07-06,13,16053,South,25,3
2017-07-06,13,16054,East,21,3
2017-07-06,13,16055,West,19,3
2017-07-06,13,16056,North,43,3
2017-07-06,13,16057,South,25,3
2017-07-06,13,16058,East,21,3
2017-07-06,13,16059,West,19,3
2017-07-06,13,16060,North,43,3
2017-07-06,13,16061,South,25,3
2017-07-06,13,16062,East,21,3
2017-07-06,13,16063,West,19,3
2017-07-06,13,16064,North,43,3
2017-07-06,13,16065,South,25,3
2017-07-06,13,16066,East,21,3
2017-07-06,13,16067,West,19,3
2017-07-06,13,16068,North,43,3
2017-07-06,13,16069,South,25,3
2017-07-06,13,16070,East,21,3
2017-07-06,13,16071,West,19,3
2017-07-06,13,16072,North,43,3
2017-07-06,13,16073,South,25,3
2017-07-06,13,16074,East,21,3
2017-07-06,13,16075,West,19,3
2017-07-06,13,16076,North,43,3
2017-07-06,13,16077,South,25,3
2017-07-06,13,16078,East,21,3
2017-07-06,13,16079,West,19,3
2017-07-06,14,16080,North,44,3
2017-07-06,14,16081,South,24,3
2017-07-06,14,16082,East,21,3
2017-07-06,14,16083,West,19,3
2017-07-06,14,16084,North,44,3
2017-07-06,14,16085,South,24,3
2017-07-06,14,16086,East,21,3
2017-07-06,14,16087,West,19,3
2017-07-06,14,16088,North,44,3
2017-07-06,14,16089,South,24,3
2017-07-06,14,16090,East,21,3
2017-07-06,14,16091,West,19,3
2017-07-06,14,16092,North,44,3
2017-07-06,14,16093,South,24,3
2017-07-06,14,16094,East,21,3
2017-07-06,14,16095,West,19,3
2017-07-06,14,16096,North,44,3
2017-07-06,14,16097,South,24,3
2017-07-06,14,16098,East,21,3
2017-07-06,14,16099,West,19,3
2017-07-06,14,16100,North,44,3
2017-07-06,14,16101,South,24,3
2017-07-06,14,16102,East,21,3
2017-07-06,14,16103,West,19,3
2017-07-06,14,16104,North,44,3
2017-07-06,14,16105,South,24,3
2017-07-06,14,16106,East,21,3
2017-07-06,14,16107,West,19,3
2017-07-06,14,16108,North,44,3
2017-07-06,14,16109,South,24,3
2017-07-06,14,16110,East,21,3
2017-07-06,14,16111,West,19,3
2017-07-06,14,16112,North,44,3
2017-07-06,14,16113,South,24,3
2017-07-06,14,16114,East,21,3
2017-07-06,14,16115,West,19,3
2017-07-06,14,16116,North,44,3
2017-07-06,14,16117,South,24,3
2017-07-06,14,16118,East,21,3
2017-07-06,14,16119,West,19,3
2017-07-06,14,16120,North,44,3
2017-07-06,14,16121,South,24,3
2017-07-06,14,16122,East,21,3
2017-07-06,14,16123,West,19,3
2017-07-06,14,16124,North,44,3
2017-07-06,14,16125,South,24,3
2017-07-06,14,16126,East,21,3
2017-07-06,14,16127,West,19,3
2017-07-06,14,16128,North,44,3
2017-07-06,14,16129,South,24,3
2017-07-06,14,16130,East,21,3
2017-07-06,14,16131,West,19,3
2017-07-06,14,16132,North,44,3
2017-07-06,14,16133,South,24,3
2017-07-06,14,16134,East,21,3
2017-07-06,14,16135,West,19,3
2017-07-06,14,16136,North,44,3
2017-07-06,14,16137,South,24,3
2017-07-06,14,16138,East,21,3
2017-07-06,14,16139,West,19,3
2017-07-06,14,16140,North,44,3
2017-07-06,14,16141,South,24,3
2017-07-06,14,16142,East,21,3
2017-07-06,14,16143,West,19,3
2017-07-06,14,16144,North,44,3
2017-07-06,14,16145,South,24,3
2017-07-06,14,16146,East,21,3
2017-07-06,14,16147,West,19,3
2017-07-06,14,16148,North,44,3
2017-07-06,14,16149,South,24,3
2017-07-06,14,16150,East,21,3
2017-07-06,14,16151,West,19,3
2017-07-06,14,16152,North,44,3
2017-07-06,14,16153,South,24,3
2017-07-06,14,16154,East,21,3
2017-07-06,14,16155,West,19,3
2017-07-06,14,16156,North,44,3
2017-07-06,14,16157,South,24,3
2017-07-06,14,16158,East,21,3
2017-07-06,14,16159,West,19,3
2017-07-06,14,16160,North,44,3
2017-07-06,14,16161,South,24,3
2017-07-06,14,16162,East,21,3
2017-07-06,14,16163,West,19,3
2017-07-06,14,16164,North,44,3
2017-07-06,14,16165,South,24,3
2017-07-06,14,16166,East,21,3
2017-07-06,14,16167,West,19,3
2017-07-06,14,16168,North,44,3
2017-07-06,14,16169,South,24,3
2017-07-06,14,16170,East,21,3
2017-07-06,14,16171,West,19,3
2017-07-06,14,16172,North,44,3
2017-07-06,14,16173,South,24,3
2017-07-06,14,16174,East,21,3
2017-07-06,14,16175,West,19,3
2017-07-06,14,16176,North,44,3
2017-07-06,14,16177,South,24,3
2017-07-06,14,16178,East,21,3
2017-07-06,14,16179,West,19,3
2017-07-06,14,16180,North,44,3
2017-07-06,14,16181,South,24,3
2017-07-06,14,16182,East,21,3
2017-07-06,14,16183,West,19,3
2017-07-06,14,16184,North,44,3
2017-07-06,14,16185,South,24,3
2017-07-06,14,16186,East,21,3
2017-07-06,14,16187,West,19,3
2017-07-06,14,16188,North,44,3
2017-07-06,14,16189,South,24,3
2017-07-06,14,16190,East,21,3
2017-07-06,14,16191,West,19,3
2017-07-06,14,16192,North,44,3
2017-07-06,14,16193,South,24,3
2017-07-06,14,16194,East,21,3
2017-07-06,14,16195,West,19,3
2017-07-06,14,16196,North,44,3
2017-07-06,14,16197,South,24,3
2017-07-06,14,16198,East,21,3
2017-07-06,14,16199,West,19,3
2017-07-06,15,16200,North,45,3
2017-07-06,15,16201,South,24,3
2017-07-06,15,16202,East,21,3
2017-07-06,15,16203,West,18,3
2017-07-06,15,16204,North,45,3
2017-07-06,15,16205,South,24,3
2017-07-06,15,16206,East,21,3
2017-07-06,15,16207,West,18,3
2017-07-06,15,16208,North,45,3
2017-07-06,15,16209,South,24,3
2017-07-06,15,16210,East,21,3
2017-07-06,15,16211,West,18,3
2017-07-06,15,16212,North,45,3
2017-07-06,15,16213,South,24,3
2017-07-06,15,16214,East,21,3
2017-07-06,15,16215,West,18,3
2017-07-06,15,16216,North,45,3
2017-07-06,15,16217,South,24,3
2017-07-06,15,16218,East,21,3
2017-07-06,15,16219,West,18,3
2017-07-06,15,16220,North,45,3
2017-07-06,15,16221,South,24,3
2017-07-06,15,16222,East,21,3
2017-07-06,15,16223,West,18,3
2017-07-06,15,16224,North,45,3
2017-07-06,15,16225,South,24,3
2017-07-06,15,16226,East,21,3
2017-07-06,15,16227,West,18,3
2017-07-06,15,16228,North,45,3
2017-07-06,15,16229,South,24,3
2017-07-06,15,16230,East,21,3
2017-07-06,15,16231,West,18,3
2017-07-06,15,16232,North,45,3
2017-07-06,15,16233,South,24,3
2017-07-06,15,16234,East,21,3
2017-07-06,15,16235,West,18,3
2017-07-06,15,16236,North,45,3
2017-07-06,15,16237,South,24,3
2017-07-06,15,16238,East,21,3
2017-07-06,15,16239,West,18,3
2017-07-06,15,16240,North,45,3
2017-07-06,15,16241,South,24,3
2017-07-06,15,16242,East,21,3
2017-07-06,15,16243,West,18,3
2017-07-06,15,16244,North,45,3
2017-07-06,15,16245,South,24,3
2017-07-06,15,16246,East,21,3
2017-07-06,15,16247,West,18,3
2017-07-06,15,16248,North,45,3
2017-07-06,15,16249,South,24,3
2017-07-06,15,16250,East,21,3
2017-07-06,15,16251,West,18,3
2017-07-06,15,16252,North,45,3
2017-07-06,15,16253,South,24,3
2017-07-06,15,16254,East,21,3
2017-07-06,15,16255,West,18,3
2017-07-06,15,16256,North,45,3
2017-07-06,15,16257,South,24,3
2017-07-06,15,16258,East,21,3
2017-07-06,15,16259,West,18,3
2017-07-06,15,16260,North,45,3
2017-07-06,15,16261,South,24,3
2017-07-06,15,16262,East,21,3
2017-07-06,15,16263,West,18,3
2017-07-06,15,16264,North,45,3
2017-07-06,15,16265,South,24,3
2017-07-06,15,16266,East,21,3
2017-07-06,15,16267,West,18,3
2017-07-06,15,16268,North,45,3
2017-07-06,15,16269,South,24,3
2017-07-06,15,16270,East,21,3
2017-07-06,15,16271,West,18,3
2017-07-06,15,16272,North,45,3
2017-07-06,15,16273,South,24,3
2017-07-06,15,16274,East,21,3
2017-07-06,15,16275,West,18,3
2017-07-06,15,16276,North,45,3
2017-07-06,15,16277,South,24,3
2017-07-06,15,16278,East,21,3
2017-07-06,15,16279,West,18,3
2017-07-06,15,16280,North,45,3
2017-07-06,15,16281,South,24,3
2017-07-06,15,16282,East,21,3
2017-07-06,15,16283,West,18,3
2017-07-06,15,16284,North,45,3
2017-07-06,15,16285,South,24,3
2017-07-06,15,16286,East,21,3
2017-07-06,15,16287,West,18,3
2017-07-06,15,16288,North,45,3
2017-07-06,15,16289,South,24,3
2017-07-06,15,16290,East,21,3
2017-07-06,15,16291,West,18,3
2017-07-06,15,16292,North,45,3
2017-07-06,15,16293,South,24,3
2017-07-06,15,16294,East,21,3
2017-07-06,15,16295,West,18,3
2017-07-06,15,16296,North,45,3
2017-07-06,15,16297,South,24,3
2017-07-06,15,16298,East,21,3
2017-07-06,15,16299,West,18,3
2017-07-06,15,16300,North,45,3
2017-07-06,15,16301,South,24,3
2017-07-06,15,16302,East,21,3
2017-07-06,15,16303,West,18,3
2017-07-06,15,16304,North,45,3
2017-07-06,15,16305,South,24,3
2017-07-06,15,16306,East,21,3
2017-07-06,15,16307,West,18,3
2017-07-06,15,16308,North,45,3
2017-07-06,15,16309,South,24,3
2017-07-06,15,16310,East,21,3
2017-07-06,15,16311,West,18,3
2017-07-06,15,16312,North,45,3
2017-07-06,15,16313,South,24,3
2017-07-06,15,16314,East,21,3
2017-07-06,15,16315,West,18,3
2017-07-06,15,16316,North,45,3
2017-07-06,15,16317,South,24,3
2017-07-06,15,16318,East,21,3
2017-07-06,15,16319,West,18,3
2017-07-06,16,16320,North,44,3
2017-07-06,16,16321,South,24,3
2017-07-06,16,16322,East,21,3
2017-07-06,16,16323,West,19,3
2017-07-06,16,16324,North,44,3
2017-07-06,16,16325,South,24,3
2017-07-06,16,16326,East,21,3
2017-07-06,16,16327,West,19,3
2017-07-06,16,16328,North,44,3
2017-07-06,16,16329,South,24,3
2017-07-06,16,16330,East,21,3
2017-07-06,16,16331,West,19,3
2017-07-06,16,16332,North,44,3
2017-07-06,16,16333,South,24,3
2017-07-06,16,16334,East,21,3
2017-07-06,16,16335,West,19,3
2017-07-06,16,16336,North,44,3
2017-07-06,16,16337,South,24,3
2017-07-06,16,16338,East,21,3
2017-07-06,16,16339,West,19,3
2017-07-06,16,16340,North,44,3
2017-07-06,16,16341,South,24,3
2017-07-06,16,16342,East,21,3
2017-07-06,16,16343,West,19,3
2017-07-06,16,16344,North,44,3
2017-07-06,16,16345,South,24,3
2017-07-06,16,16346,East,21,3
2017-07-06,16,16347,West,19,3
2017-07-06,16,16348,North,44,3
2017-07-06,16,16349,South,24,3
2017-07-06,16,16350,East,21,3
2017-07-06,16,16351,West,19,3
2017-07-06,16,16352,North,44,3
2017-07-06,16,16353,South,24,3
2017-07-06,16,16354,East,21,3
2017-07-06,16,16355,West,19,3
2017-07-06,16,16356,North,44,3
2017-07-06,16,16357,South,24,3
2017-07-06,16,16358,East,21,3
2017-07-06,16,16359,West,19,3
2017-07-06,16,16360,North,44,3
2017-07-06,16,16361,South,24,3
2017-07-06,16,16362,East,21,3
2017-07-06,16,16363,West,19,3
2017-07-06,16,16364,North,44,3
2017-07-06,16,16365,South,24,3
2017-07-06,16,16366,East,21,3
2017-07-06,16,16367,West,19,3
2017-07-06,16,16368,North,44,3
2017-07-06,16,16369,South,24,3
2017-07-06,16,16370,East,21,3
2017-07-06,16,16371,West,19,3
2017-07-06,16,16372,North,44,3
2017-07-06,16,16373,South,24,3
2017-07-06,16,16374,East,21,3
2017-07-06,16,16375,West,19,3
2017-07-06,16,16376,North,44,3
2017-07-06,16,16377,South,24,3
2017-07-06,16,16378,East,21,3
2017-07-06,16,16379,West,19,3
2017-07-06,16,16380,North,44,3
2017-07-06,16,16381,South,24,3
2017-07-06,16,16382,East,21,3
2017-07-06,16,16383,West,19,3
2017-07-06,16,16384,North,44,3
2017-07-06,16,16385,South,24,3
2017-07-06,16,16386,East,21,3
2017-07-06,16,16387,West,19,3
2017-07-06,16,16388,North,44,3
2017-07-06,16,16389,South,24,3
2017-07-06,16,16390,East,21,3
2017-07-06,16,16391,West,19,3
2017-07-06,16,16392,North,44,3
2017-07-06,16,16393,South,24,3
2017-07-06,16,16394,East,21,3
2017-07-06,16,16395,West,19,3
2017-07-06,16,16396,North,44,3
2017-07-06,16,16397,South,24,3
2017-07-06,16,16398,East,21,3
2017-07-06,16,16399,West,19,3
2017-07-06,16,16400,North,44,3
2017-07-06,16,16401,South,24,3
2017-07-06,16,16402,East,21,3
2017-07-06,16,16403,West,19,3
2017-07-06,16,16404,North,44,3
2017-07-06,16,16405,South,24,3
2017-07-06,16,16406,East,21,3
2017-07-06,16,16407,West,19,3
2017-07-06,16,16408,North,44,3
2017-07-06,16,16409,South,24,3
2017-07-06,16,16410,East,21,3
2017-07-06,16,16411,West,19,3
2017-07-06,16,16412,North,44,3
2017-07-06,16,16413,South,24,3
2017-07-06,16,16414,East,21,3
2017-07-06,16,16415,West,19,3
2017-07-06,16,16416,North,44,3
2017-07-06,16,16417,South,24,3
2017-07-06,16,16418,East,21,3
2017-07-06,16,16419,West,19,3
2017-07-06,16,16420,North,44,3
2017-07-06,16,16421,South,24,3
2017-07-06,16,16422,East,21,3
2017-07-06,16,16423,West,19,3
2017-07-06,16,16424,North,44,3
2017-07-06,16,16425,South,24,3
2017-07-06,16,16426,East,21,3
2017-07-06,16,16427,West,19,3
2017-07-06,16,16428,North,44,3
2017-07-06,16,16429,South,24,3
2017-07-06,16,16430,East,21,3
2017-07-06,16,16431,West,19,3
2017-07-06,16,16432,North,44,3
2017-07-06,16,16433,South,24,3
2017-07-06,16,16434,East,21,3
2017-07-06,16,16435,West,19,3
2017-07-06,16,16436,North,44,3
2017-07-06,16,16437,South,24,3
2017-07-06,16,16438,East,21,3
2017-07-06,16,16439,West,19,3
2017-07-06,17,16440,North,44,3
2017-07-06,17,16441,South,24,3
2017-07-06,17,16442,East,22,3
2017-07-06,17,16443,West,18,3
2017-07-06,17,16444,North,44,3
2017-07-06,17,16445,South,24,3
2017-07-06,17,16446,East,22,3
2017-07-06,17,16447,West,18,3
2017-07-06,17,16448,North,44,3
2017-07-06,17,16449,South,24,3
2017-07-06,17,16450,East,22,3
2017-07-06,17,16451,West,18,3
2017-07-06,17,16452,North,44,3
2017-07-06,17,16453,South,24,3
2017-07-06,17,16454,East,22,3
2017-07-06,17,16455,West,18,3
2017-07-06,17,16456,North,44,3
2017-07-06,17,16457,South,24,3
2017-07-06,17,16458,East,22,3
2017-07-06,17,16459,West,18,3
2017-07-06,17,16460,North,44,3
2017-07-06,17,16461,South,24,3
2017-07-06,17,16462,East,22,3
2017-07-06,17,16463,West,18,3
2017-07-06,17,16464,North,44,3
2017-07-06,17,16465,South,24,3
2017-07-06,17,16466,East,22,3
2017-07-06,17,16467,West,18,3
2017-07-06,17,16468,North,44,3
2017-07-06,17,16469,South,24,3
2017-07-06,17,16470,East,22,3
2017-07-06,17,16471,West,18,3
2017-07-06,17,16472,North,44,3
2017-07-06,17,16473,South,24,3
2017-07-06,17,16474,East,22,3
2017-07-06,17,16475,West,18,3
2017-07-06,17,16476,North,44,3
2017-07-06,17,16477,South,24,3
2017-07-06,17,16478,East,22,3
2017-07-06,17,16479,West,18,3
2017-07-06,17,16480,North,44,3
2017-07-06,17,16481,South,24,3
2017-07-06,17,16482,East,22,3
2017-07-06,17,16483,West,18,3
2017-07-06,17,16484,North,44,3
2017-07-06,17,16485,South,24,3
2017-07-06,17,16486,East,22,3
2017-07-06,17,16487,West,18,3
2017-07-06,17,16488,North,44,3
2017-07-06,17,16489,South,24,3
2017-07-06,17,16490,East,22,3
2017-07-06,17,16491,West,18,3
2017-07-06,17,16492,North,44,3
2017-07-06,17,16493,South,24,3
2017-07-06,17,16494,East,22,3
2017-07-06,17,16495,West,18,3
2017-07-06,17,16496,North,44,3
2017-07-06,17,16497,South,24,3
2017-07-06,17,16498,East,22,3
2017-07-06,17,16499,West,18,3
2017-07-06,17,16500,North,44,3
2017-07-06,17,16501,South,24,3
2017-07-06,17,16502,East,22,3
2017-07-06,17,16503,West,18,3
2017-07-06,17,16504,North,44,3
2017-07-06,17,16505,South,24,3
2017-07-06,17,16506,East,22,3
2017-07-06,17,16507,West,18,3
2017-07-06,17,16508,North,44,3
2017-07-06,17,16509,South,24,3
2017-07-06,17,16510,East,22,3
2017-07-06,17,16511,West,18,3
2017-07-06,17,16512,North,44,3
2017-07-06,17,16513,South,24,3
2017-07-06,17,16514,East,22,3
2017-07-06,17,16515,West,18,3
2017-07-06,17,16516,North,44,3
2017-07-06,17,16517,South,24,3
2017-07-06,17,16518,East,22,3
2017-07-06,17,16519,West,18,3
2017-07-06,17,16520,North,44,3
2017-07-06,17,16521,South,24,3
2017-07-06,17,16522,East,22,3
2017-07-06,17,16523,West,18,3
2017-07-06,17,16524,North,44,3
2017-07-06,17,16525,South,24,3
2017-07-06,17,16526,East,22,3
2017-07-06,17,16527,West,18,3
2017-07-06,17,16528,North,44,3
2017-07-06,17,16529,South,24,3
2017-07-06,17,16530,East,22,3
2017-07-06,17,16531,West,18,3
2017-07-06,17,16532,North,44,3
2017-07-06,17,16533,South,24,3
2017-07-06,17,16534,East,22,3
2017-07-06,17,16535,West,18,3
2017-07-06,17,16536,North,44,3
2017-07-06,17,16537,South,24,3
2017-07-06,17,16538,East,22,3
2017-07-06,17,16539,West,18,3
2017-07-06,17,16540,North,44,3
2017-07-06,17,16541,South,24,3
2017-07-06,17,16542,East,22,3
2017-07-06,17,16543,West,18,3
2017-07-06,17,16544,North,44,3
2017-07-06,17,16545,South,24,3
2017-07-06,17,16546,East,22,3
2017-07-06,17,16547,West,18,3
2017-07-06,17,16548,North,44,3
2017-07-06,17,16549,South,24,3
2017-07-06,17,16550,East,22,3
2017-07-06,17,16551,West,18,3
2017-07-06,17,16552,North,44,3
2017-07-06,17,16553,South,24,3
2017-07-06,17,16554,East,22,3
2017-07-06,17,16555,West,18,3
2017-07-06,17,16556,North,44,3
2017-07-06,17,16557,South,24,3
2017-07-06,17,16558,East,22,3
2017-07-06,17,16559,West,18,3
2017-07-06,18,16560,North,45,3
2017-07-06,18,16561,South,24,3
2017-07-06,18,16562,East,21,3
2017-07-06,18,16563,West,18,3
2017-07-06,18,16564,North,45,3
2017-07-06,18,16565,South,24,3
2017-07-06,18,16566,East,21,3
2017-07-06,18,16567,West,18,3
2017-07-06,18,16568,North,45,3
2017-07-06,18,16569,South,24,3
2017-07-06,18,16570,East,21,3
2017-07-06,18,16571,West,18,3
2017-07-06,18,16572,North,45,3
2017-07-06,18,16573,South,24,3
2017-07-06,18,16574,East,21,3
2017-07-06,18,16575,West,18,3
2017-07-06,18,16576,North,45,3
2017-07-06,18,16577,South,24,3
2017-07-06,18,16578,East,21,3
2017-07-06,18,16579,West,18,3
2017-07-06,18,16580,North,45,3
2017-07-06,18,16581,South,24,3
2017-07-06,18,16582,East,21,3
2017-07-06,18,16583,West,18,3
2017-07-06,18,16584,North,45,3
2017-07-06,18,16585,South,24,3
2017-07-06,18,16586,East,21,3
2017-07-06,18,16587,West,18,3
2017-07-06,18,16588,North,45,3
2017-07-06,18,16589,South,24,3
2017-07-06,18,16590,East,21,3
2017-07-06,18,16591,West,18,3
2017-07-06,18,16592,North,45,3
2017-07-06,18,16593,South,24,3
2017-07-06,18,16594,East,21,3
2017-07-06,18,16595,West,18,3
2017-07-06,18,16596,North,45,3
2017-07-06,18,16597,South,24,3
2017-07-06,18,16598,East,21,3
2017-07-06,18,16599,West,18,3
2017-07-06,18,16600,North,45,3
2017-07-06,18,16601,South,24,3
2017-07-06,18,16602,East,21,3
2017-07-06,18,16603,West,18,3
2017-07-06,18,16604,North,45,3
2017-07-06,18,16605,South,24,3
2017-07-06,18,16606,East,21,3
2017-07-06,18,16607,West,18,3
2017-07-06,18,16608,North,45,3
2017-07-06,18,16609,South,24,3
2017-07-06,18,16610,East,21,3
2017-07-06,18,16611,West,18,3
2017-07-06,18,16612,North,45,3
2017-07-06,18,16613,South,24,3
2017-07-06,18,16614,East,21,3
2017-07-06,18,16615,West,18,3
2017-07-06,18,16616,North,45,3
2017-07-06,18,16617,South,24,3
2017-07-06,18,16618,East,21,3
2017-07-06,18,16619,West,18,3
2017-07-06,18,16620,North,45,3
2017-07-06,18,16621,South,24,3
2017-07-06,18,16622,East,21,3
2017-07-06,18,16623,West,18,3
2017-07-06,18,16624,North,45,3
2017-07-06,18,16625,South,24,3
2017-07-06,18,16626,East,21,3
2017-07-06,18,16627,West,18,3
2017-07-06,18,16628,North,45,3
2017-07-06,18,16629,South,24,3
2017-07-06,18,16630,East,21,3
2017-07-06,18,16631,West,18,3
2017-07-06,18,16632,North,45,3
2017-07-06,18,16633,South,24,3
2017-07-06,18,16634,East,21,3
2017-07-06,18,16635,West,18,3
2017-07-06,18,16636,North,45,3
2017-07-06,18,16637,South,24,3
2017-07-06,18,16638,East,21,3
2017-07-06,18,16639,West,18,3
2017-07-06,18,16640,North,45,3
2017-07-06,18,16641,South,24,3
2017-07-06,18,16642,East,21,3
2017-07-06,18,16643,West,18,3
2017-07-06,18,16644,North,45,3
2017-07-06,18,16645,South,24,3
2017-07-06,18,16646,East,21,3
2017-07-06,18,16647,West,18,3
2017-07-06,18,16648,North,45,3
2017-07-06,18,16649,South,24,3
2017-07-06,18,16650,East,21,3
2017-07-06,18,16651,West,18,3
2017-07-06,18,16652,North,45,3
2017-07-06,18,16653,South,24,3
2017-07-06,18,16654,East,21,3
2017-07-06,18,16655,West,18,3
2017-07-06,18,16656,North,45,3
2017-07-06,18,16657,South,24,3
2017-07-06,18,16658,East,21,3
2017-07-06,18,16659,West,18,3
2017-07-06,18,16660,North,45,3
2017-07-06,18,16661,South,24,3
2017-07-06,18,16662,East,21,3
2017-07-06,18,16663,West,18,3
2017-07-06,18,16664,North,45,3
2017-07-06,18,16665,South,24,3
2017-07-06,18,16666,East,21,3
2017-07-06,18,16667,West,18,3
2017-07-06,18,16668,North,45,3
2017-07-06,18,16669,South,24,3
2017-07-06,18,16670,East,21,3
2017-07-06,18,16671,West,18,3
2017-07-06,18,16672,North,45,3
2017-07-06,18,16673,South,24,3
2017-07-06,18,16674,East,21,3
2017-07-06,18,16675,West,18,3
2017-07-06,18,16676,North,45,3
2017-07-06,18,16677,South,24,3
2017-07-06,18,16678,East,21,3
2017-07-06,18,16679,West,18,3
2017-07-06,19,16680,North,45,3
2017-07-06,19,16681,South,25,3
2017-07-06,19,16682,East,21,3
2017-07-06,19,16683,West,17,3
2017-07-06,19,16684,North,45,3
2017-07-06,19,16685,South,25,3
2017-07-06,19,16686,East,21,3
2017-07-06,19,16687,West,17,3
2017-07-06,19,16688,North,45,3
2017-07-06,19,16689,South,25,3
2017-07-06,19,16690,East,21,3
2017-07-06,19,16691,West,17,3
2017-07-06,19,16692,North,45,3
2017-07-06,19,16693,South,25,3
2017-07-06,19,16694,East,21,3
2017-07-06,19,16695,West,17,3
2017-07-06,19,16696,North,45,3
2017-07-06,19,16697,South,25,3
2017-07-06,19,16698,East,21,3
2017-07-06,19,16699,West,17,3
2017-07-06,19,16700,North,45,3
2017-07-06,19,16701,South,25,3
2017-07-06,19,16702,East,21,3
2017-07-06,19,16703,West,17,3
2017-07-06,19,16704,North,45,3
2017-07-06,19,16705,South,25,3
2017-07-06,19,16706,East,21,3
2017-07-06,19,16707,West,17,3
2017-07-06,19,16708,North,45,3
2017-07-06,19,16709,South,25,3
2017-07-06,19,16710,East,21,3
2017-07-06,19,16711,West,17,3
2017-07-06,19,16712,North,45,3
2017-07-06,19,16713,South,25,3
2017-07-06,19,16714,East,21,3
2017-07-06,19,16715,West,17,3
2017-07-06,19,16716,North,45,3
2017-07-06,19,16717,South,25,3
2017-07-06,19,16718,East,21,3
2017-07-06,19,16719,West,17,3
2017-07-06,19,16720,North,45,3
2017-07-06,19,16721,South,25,3
2017-07-06,19,16722,East,21,3
2017-07-06,19,16723,West,17,3
2017-07-06,19,16724,North,45,3
2017-07-06,19,16725,South,25,3
2017-07-06,19,16726,East,21,3
2017-07-06,19,16727,West,17,3
2017-07-06,19,16728,North,45,3
2017-07-06,19,16729,South,25,3
2017-07-06,19,16730,East,21,3
2017-07-06,19,16731,West,17,3
2017-07-06,19,16732,North,45,3
2017-07-06,19,16733,South,25,3
2017-07-06,19,16734,East,21,3
2017-07-06,19,16735,West,17,3
2017-07-06,19,16736,North,45,3
2017-07-06,19,16737,South,25,3
2017-07-06,19,16738,East,21,3
2017-07-06,19,16739,West,17,3
2017-07-06,19,16740,North,45,3
2017-07-06,19,16741,South,25,3
2017-07-06,19,16742,East,21,3
2017-07-06,19,16743,West,17,3
2017-07-06,19,16744,North,45,3
2017-07-06,19,16745,South,25,3
2017-07-06,19,16746,East,21,3
2017-07-06,19,16747,West,17,3
2017-07-06,19,16748,North,45,3
2017-07-06,19,16749,South,25,3
2017-07-06,19,16750,East,21,3
2017-07-06,19,16751,West,17,3
2017-07-06,19,16752,North,45,3
2017-07-06,19,16753,South,25,3
2017-07-06,19,16754,East,21,3
2017-07-06,19,16755,West,17,3
2017-07-06,19,16756,North,45,3
2017-07-06,19,16757,South,25,3
2017-07-06,19,16758,East,21,3
2017-07-06,19,16759,West,17,3
2017-07-06,19,16760,North,45,3
2017-07-06,19,16761,South,25,3
2017-07-06,19,16762,East,21,3
2017-07-06,19,16763,West,17,3
2017-07-06,19,16764,North,45,3
2017-07-06,19,16765,South,25,3
2017-07-06,19,16766,East,21,3
2017-07-06,19,16767,West,17,3
2017-07-06,19,16768,North,45,3
2017-07-06,19,16769,South,25,3
2017-07-06,19,16770,East,21,3
2017-07-06,19,16771,West,17,3
2017-07-06,19,16772,North,45,3
2017-07-06,19,16773,South,25,3
2017-07-06,19,16774,East,21,3
2017-07-06,19,16775,West,17,3
2017-07-06,19,16776,North,45,3
2017-07-06,19,16777,South,25,3
2017-07-06,19,16778,East,21,3
2017-07-06,19,16779,West,17,3
2017-07-06,19,16780,North,45,3
2017-07-06,19,16781,South,25,3
2017-07-06,19,16782,East,21,3
2017-07-06,19,16783,West,17,3
2017-07-06,19,16784,North,45,3
2017-07-06,19,16785,South,25,3
2017-07-06,19,16786,East,21,3
2017-07-06,19,16787,West,17,3
2017-07-06,19,16788,North,45,3
2017-07-06,19,16789,South,25,3
2017-07-06,19,16790,East,21,3
2017-07-06,19,16791,West,17,3
2017-07-06,19,16792,North,45,3
2017-07-06,19,16793,South,25,3
2017-07-06,19,16794,East,21,3
2017-07-06,19,16795,West,17,3
2017-07-06,19,16796,North,45,3
2017-07-06,19,16797,South,25,3
2017-07-06,19,16798,East,21,3
2017-07-06,19,16799,West,17,3
2017-07-06,20,16800,North,44,3
2017-07-06,20,16801,South,25,3
2017-07-06,20,16802,East,22,3
2017-07-06,20,16803,West,17,3
2017-07-06,20,16804,North,44,3
2017-07-06,20,16805,South,25,3
2017-07-06,20,16806,East,22,3
2017-07-06,20,16807,West,17,3
2017-07-06,20,16808,North,44,3
2017-07-06,20,16809,South,25,3
2017-07-06,20,16810,East,22,3
2017-07-06,20,16811,West,17,3
2017-07-06,20,16812,North,44,3
2017-07-06,20,16813,South,25,3
2017-07-06,20,16814,East,22,3
2017-07-06,20,16815,West,17,3
2017-07-06,20,16816,North,44,3
2017-07-06,20,16817,South,25,3
2017-07-06,20,16818,East,22,3
2017-07-06,20,16819,West,17,3
2017-07-06,20,16820,North,44,3
2017-07-06,20,16821,South,25,3
2017-07-06,20,16822,East,22,3
2017-07-06,20,16823,West,17,3
2017-07-06,20,16824,North,44,3
2017-07-06,20,16825,South,25,3
2017-07-06,20,16826,East,22,3
2017-07-06,20,16827,West,17,3
2017-07-06,20,16828,North,44,3
2017-07-06,20,16829,South,25,3
2017-07-06,20,16830,East,22,3
2017-07-06,20,16831,West,17,3
2017-07-06,20,16832,North,44,3
2017-07-06,20,16833,South,25,3
2017-07-06,20,16834,East,22,3
2017-07-06,20,16835,West,17,3
2017-07-06,20,16836,North,44,3
2017-07-06,20,16837,South,25,3
2017-07-06,20,16838,East,22,3
2017-07-06,20,16839,West,17,3
2017-07-06,20,16840,North,44,3
2017-07-06,20,16841,South,25,3
2017-07-06,20,16842,East,22,3
2017-07-06,20,16843,West,17,3
2017-07-06,20,16844,North,44,3
2017-07-06,20,16845,South,25,3
2017-07-06,20,16846,East,22,3
2017-07-06,20,16847,West,17,3
2017-07-06,20,16848,North,44,3
2017-07-06,20,16849,South,25,3
2017-07-06,20,16850,East,22,3
2017-07-06,20,16851,West,17,3
2017-07-06,20,16852,North,44,3
2017-07-06,20,16853,South,25,3
2017-07-06,20,16854,East,22,3
2017-07-06,20,16855,West,17,3
2017-07-06,20,16856,North,44,3
2017-07-06,20,16857,South,25,3
2017-07-06,20,16858,East,22,3
2017-07-06,20,16859,West,17,3
2017-07-06,20,16860,North,44,3
2017-07-06,20,16861,South,25,3
2017-07-06,20,16862,East,22,3
2017-07-06,20,16863,West,17,3
2017-07-06,20,16864,North,44,3
2017-07-06,20,16865,South,25,3
2017-07-06,20,16866,East,22,3
2017-07-06,20,16867,West,17,3
2017-07-06,20,16868,North,44,3
2017-07-06,20,16869,South,25,3
2017-07-06,20,16870,East,22,3
2017-07-06,20,16871,West,17,3
2017-07-06,20,16872,North,44,3
2017-07-06,20,16873,South,25,3
2017-07-06,20,16874,East,22,3
2017-07-06,20,16875,West,17,3
2017-07-06,20,16876,North,44,3
2017-07-06,20,16877,South,25,3
2017-07-06,20,16878,East,22,3
2017-07-06,20,16879,West,17,3
2017-07-06,20,16880,North,44,3
2017-07-06,20,16881,South,25,3
2017-07-06,20,16882,East,22,3
2017-07-06,20,16883,West,17,3
2017-07-06,20,16884,North,44,3
2017-07-06,20,16885,South,25,3
2017-07-06,20,16886,East,22,3
2017-07-06,20,16887,West,17,3
2017-07-06,20,16888,North,44,3
2017-07-06,20,16889,South,25,3
2017-07-06,20,16890,East,22,3
2017-07-06,20,16891,West,17,3
2017-07-06,20,16892,North,44,3
2017-07-06,20,16893,South,25,3
2017-07-06,20,16894,East,22,3
2017-07-06,20,16895,West,17,3
2017-07-06,20,16896,North,44,3
2017-07-06,20,16897,South,25,3
2017-07-06,20,16898,East,22,3
2017-07-06,20,16899,West,17,3
2017-07-06,20,16900,North,44,3
2017-07-06,20,16901,South,25,3
2017-07-06,20,16902,East,22,3
2017-07-06,20,16903,West,17,3
2017-07-06,20,16904,North,44,3
2017-07-06,20,16905,South,25,3
2017-07-06,20,16906,East,22,3
2017-07-06,20,16907,West,17,3
2017-07-06,20,16908,North,44,3
2017-07-06,20,16909,South,25,3
2017-07-06,20,16910,East,22,3
2017-07-06,20,16911,West,17,3
2017-07-06,20,16912,North,44,3
2017-07-06,20,16913,South,25,3
2017-07-06,20,16914,East,22,3
2017-07-06,20,16915,West,17,3
2017-07-06,20,16916,North,44,3
2017-07-06,20,16917,South,25,3
2017-07-06,20,16918,East,22,3
2017-07-06,20,16919,West,17,3
2017-07-06,21,16920,North,44,3
2017-07-06,21,16921,South,25,3
2017-07-06,21,16922,East,22,3
2017-07-06,21,16923,West,17,3
2017-07-06,21,16924,North,44,3
2017-07-06,21,16925,South,25,3
2017-07-06,21,16926,East,22,3
2017-07-06,21,16927,West,17,3
2017-07-06,21,16928,North,44,3
2017-07-06,21,16929,South,25,3
2017-07-06,21,16930,East,22,3
2017-07-06,21,16931,West,17,3
2017-07-06,21,16932,North,44,3
2017-07-06,21,16933,South,25,3
2017-07-06,21,16934,East,22,3
2017-07-06,21,16935,West,17,3
2017-07-06,21,16936,North,44,3
2017-07-06,21,16937,South,25,3
2017-07-06,21,16938,East,22,3
2017-07-06,21,16939,West,17,3
2017-07-06,21,16940,North,44,3
2017-07-06,21,16941,South,25,3
2017-07-06,21,16942,East,22,3
2017-07-06,21,16943,West,17,3
2017-07-06,21,16944,North,44,3
2017-07-06,21,16945,South,25,3
2017-07-06,21,16946,East,22,3
2017-07-06,21,16947,West,17,3
2017-07-06,21,16948,North,44,3
2017-07-06,21,16949,South,25,3
2017-07-06,21,16950,East,22,3
2017-07-06,21,16951,West,17,3
2017-07-06,21,16952,North,44,3
2017-07-06,21,16953,South,25,3
2017-07-06,21,16954,East,22,3
2017-07-06,21,16955,West,17,3
2017-07-06,21,16956,North,44,3
2017-07-06,21,16957,South,25,3
2017-07-06,21,16958,East,22,3
2017-07-06,21,16959,West,17,3
2017-07-06,21,16960,North,44,3
2017-07-06,21,16961,South,25,3
2017-07-06,21,16962,East,22,3
2017-07-06,21,16963,West,17,3
2017-07-06,21,16964,North,44,3
2017-07-06,21,16965,South,25,3
2017-07-06,21,16966,East,22,3
2017-07-06,21,16967,West,17,3
2017-07-06,21,16968,North,44,3
2017-07-06,21,16969,South,25,3
2017-07-06,21,16970,East,22,3
2017-07-06,21,16971,West,17,3
2017-07-06,21,16972,North,44,3
2017-07-06,21,16973,South,25,3
2017-07-06,21,16974,East,22,3
2017-07-06,21,16975,West,17,3
2017-07-06,21,16976,North,44,3
2017-07-06,21,16977,South,25,3
2017-07-06,21,16978,East,22,3
2017-07-06,21,16979,West,17,3
2017-07-06,21,16980,North,44,3
2017-07-06,21,16981,South,25,3
2017-07-06,21,16982,East,22,3
2017-07-06,21,16983,West,17,3
2017-07-06,21,16984,North,44,3
2017-07-06,21,16985,South,25,3
2017-07-06,21,16986,East,22,3
2017-07-06,21,16987,West,17,3
2017-07-06,21,16988,North,44,3
2017-07-06,21,16989,South,25,3
2017-07-06,21,16990,East,22,3
2017-07-06,21,16991,West,17,3
2017-07-06,21,16992,North,44,3
2017-07-06,21,16993,South,25,3
2017-07-06,21,16994,East,22,3
2017-07-06,21,16995,West,17,3
2017-07-06,21,16996,North,44,3
2017-07-06,21,16997,South,25,3
2017-07-06,21,16998,East,22,3
2017-07-06,21,16999,West,17,3
2017-07-06,21,17000,North,44,3
2017-07-06,21,17001,South,25,3
2017-07-06,21,17002,East,22,3
2017-07-06,21,17003,West,17,3
2017-07-06,21,17004,North,44,3
2017-07-06,21,17005,South,25,3
2017-07-06,21,17006,East,22,3
2017-07-06,21,17007,West,17,3
2017-07-06,21,17008,North,44,3
2017-07-06,21,17009,South,25,3
2017-07-06,21,17010,East,22,3
2017-07-06,21,17011,West,17,3
2017-07-06,21,17012,North,44,3
2017-07-06,21,17013,South,25,3
2017-07-06,21,17014,East,22,3
2017-07-06,21,17015,West,17,3
2017-07-06,21,17016,North,44,3
2017-07-06,21,17017,South,25,3
2017-07-06,21,17018,East,22,3
2017-07-06,21,17019,West,17,3
2017-07-06,21,17020,North,44,3
2017-07-06,21,17021,South,25,3
2017-07-06,21,17022,East,22,3
2017-07-06,21,17023,West,17,3
2017-07-06,21,17024,North,44,3
2017-07-06,21,17025,South,25,3
2017-07-06,21,17026,East,22,3
2017-07-06,21,17027,West,17,3
2017-07-06,21,17028,North,44,3
2017-07-06,21,17029,South,25,3
2017-07-06,21,17030,East,22,3
2017-07-06,21,17031,West,17,3
2017-07-06,21,17032,North,44,3
2017-07-06,21,17033,South,25,3
2017-07-06,21,17034,East,22,3
2017-07-06,21,17035,West,17,3
2017-07-06,21,17036,North,44,3
2017-07-06,21,17037,South,25,3
2017-07-06,21,17038,East,22,3
2017-07-06,21,17039,West,17,3
2017-07-06,22,17040,North,47,3
2017-07-06,22,17041,South,23,3
2017-07-06,22,17042,East,21,3
2017-07-06,22,17043,West,17,3
2017-07-06,22,17044,North,47,3
2017-07-06,22,17045,South,23,3
2017-07-06,22,17046,East,21,3
2017-07-06,22,17047,West,17,3
2017-07-06,22,17048,North,47,3
2017-07-06,22,17049,South,23,3
2017-07-06,22,17050,East,21,3
2017-07-06,22,17051,West,17,3
2017-07-06,22,17052,North,47,3
2017-07-06,22,17053,South,23,3
2017-07-06,22,17054,East,21,3
2017-07-06,22,17055,West,17,3
2017-07-06,22,17056,North,47,3
2017-07-06,22,17057,South,23,3
2017-07-06,22,17058,East,21,3
2017-07-06,22,17059,West,17,3
2017-07-06,22,17060,North,47,3
2017-07-06,22,17061,South,23,3
2017-07-06,22,17062,East,21,3
2017-07-06,22,17063,West,17,3
2017-07-06,22,17064,North,47,3
2017-07-06,22,17065,South,23,3
2017-07-06,22,17066,East,21,3
2017-07-06,22,17067,West,17,3
2017-07-06,22,17068,North,47,3
2017-07-06,22,17069,South,23,3
2017-07-06,22,17070,East,21,3
2017-07-06,22,17071,West,17,3
2017-07-06,22,17072,North,47,3
2017-07-06,22,17073,South,23,3
2017-07-06,22,17074,East,21,3
2017-07-06,22,17075,West,17,3
2017-07-06,22,17076,North,47,3
2017-07-06,22,17077,South,23,3
2017-07-06,22,17078,East,21,3
2017-07-06,22,17079,West,17,3
2017-07-06,22,17080,North,47,3
2017-07-06,22,17081,South,23,3
2017-07-06,22,17082,East,21,3
2017-07-06,22,17083,West,17,3
2017-07-06,22,17084,North,47,3
2017-07-06,22,17085,South,23,3
2017-07-06,22,17086,East,21,3
2017-07-06,22,17087,West,17,3
2017-07-06,22,17088,North,47,3
2017-07-06,22,17089,South,23,3
2017-07-06,22,17090,East,21,3
2017-07-06,22,17091,West,17,3
2017-07-06,22,17092,North,47,3
2017-07-06,22,17093,South,23,3
2017-07-06,22,17094,East,21,3
2017-07-06,22,17095,West,17,3
2017-07-06,22,17096,North,47,3
2017-07-06,22,17097,South,23,3
2017-07-06,22,17098,East,21,3
2017-07-06,22,17099,West,17,3
2017-07-06,22,17100,North,47,3
2017-07-06,22,17101,South,23,3
2017-07-06,22,17102,East,21,3
2017-07-06,22,17103,West,17,3
2017-07-06,22,17104,North,47,3
2017-07-06,22,17105,South,23,3
2017-07-06,22,17106,East,21,3
2017-07-06,22,17107,West,17,3
2017-07-06,22,17108,North,47,3
2017-07-06,22,17109,South,23,3
2017-07-06,22,17110,East,21,3
2017-07-06,22,17111,West,17,3
2017-07-06,22,17112,North,47,3
2017-07-06,22,17113,South,23,3
2017-07-06,22,17114,East,21,3
2017-07-06,22,17115,West,17,3
2017-07-06,22,17116,North,47,3
2017-07-06,22,17117,South,23,3
2017-07-06,22,17118,East,21,3
2017-07-06,22,17119,West,17,3
2017-07-06,22,17120,North,47,3
2017-07-06,22,17121,South,23,3
2017-07-06,22,17122,East,21,3
2017-07-06,22,17123,West,17,3
2017-07-06,22,17124,North,47,3
2017-07-06,22,17125,South,23,3
2017-07-06,22,17126,East,21,3
2017-07-06,22,17127,West,17,3
2017-07-06,22,17128,North,47,3
2017-07-06,22,17129,South,23,3
2017-07-06,22,17130,East,21,3
2017-07-06,22,17131,West,17,3
2017-07-06,22,17132,North,47,3
2017-07-06,22,17133,South,23,3
2017-07-06,22,17134,East,21,3
2017-07-06,22,17135,West,17,3
2017-07-06,22,17136,North,47,3
2017-07-06,22,17137,South,23,3
2017-07-06,22,17138,East,21,3
2017-07-06,22,17139,West,17,3
2017-07-06,22,17140,North,47,3
2017-07-06,22,17141,South,23,3
2017-07-06,22,17142,East,21,3
2017-07-06,22,17143,West,17,3
2017-07-06,22,17144,North,47,3
2017-07-06,22,17145,South,23,3
2017-07-06,22,17146,East,21,3
2017-07-06,22,17147,West,17,3
2017-07-06,22,17148,North,47,3
2017-07-06,22,17149,South,23,3
2017-07-06,22,17150,East,21,3
2017-07-06,22,17151,West,17,3
2017-07-06,22,17152,North,47,3
2017-07-06,22,17153,South,23,3
2017-07-06,22,17154,East,21,3
2017-07-06,22,17155,West,17,3
2017-07-06,22,17156,North,47,3
2017-07-06,22,17157,South,23,3
2017-07-06,22,17158,East,21,3
2017-07-06,22,17159,West,17,3
2017-07-06,23,17160,North,48,3
2017-07-06,23,17161,South,23,3
2017-07-06,23,17162,East,21,3
2017-07-06,23,17163,West,16,3
2017-07-06,23,17164,North,48,3
2017-07-06,23,17165,South,23,3
2017-07-06,23,17166,East,21,3
2017-07-06,23,17167,West,16,3
2017-07-06,23,17168,North,48,3
2017-07-06,23,17169,South,23,3
2017-07-06,23,17170,East,21,3
2017-07-06,23,17171,West,16,3
2017-07-06,23,17172,North,48,3
2017-07-06,23,17173,South,23,3
2017-07-06,23,17174,East,21,3
2017-07-06,23,17175,West,16,3
2017-07-06,23,17176,North,48,3
2017-07-06,23,17177,South,23,3
2017-07-06,23,17178,East,21,3
2017-07-06,23,17179,West,16,3
2017-07-06,23,17180,North,48,3
2017-07-06,23,17181,South,23,3
2017-07-06,23,17182,East,21,3
2017-07-06,23,17183,West,16,3
2017-07-06,23,17184,North,48,3
2017-07-06,23,17185,South,23,3
2017-07-06,23,17186,East,21,3
2017-07-06,23,17187,West,16,3
2017-07-06,23,17188,North,48,3
2017-07-06,23,17189,South,23,3
2017-07-06,23,17190,East,21,3
2017-07-06,23,17191,West,16,3
2017-07-06,23,17192,North,48,3
2017-07-06,23,17193,South,23,3
2017-07-06,23,17194,East,21,3
2017-07-06,23,17195,West,16,3
2017-07-06,23,17196,North,48,3
2017-07-06,23,17197,South,23,3
2017-07-06,23,17198,East,21,3
2017-07-06,23,17199,West,16,3
2017-07-06,23,17200,North,48,3
2017-07-06,23,17201,South,23,3
2017-07-06,23,17202,East,21,3
2017-07-06,23,17203,West,16,3
2017-07-06,23,17204,North,48,3
2017-07-06,23,17205,South,23,3
2017-07-06,23,17206,East,21,3
2017-07-06,23,17207,West,16,3
2017-07-06,23,17208,North,48,3
2017-07-06,23,17209,South,23,3
2017-07-06,23,17210,East,21,3
2017-07-06,23,17211,West,16,3
2017-07-06,23,17212,North,48,3
2017-07-06,23,17213,South,23,3
2017-07-06,23,17214,East,21,3
2017-07-06,23,17215,West,16,3
2017-07-06,23,17216,North,48,3
2017-07-06,23,17217,South,23,3
2017-07-06,23,17218,East,21,3
2017-07-06,23,17219,West,16,3
2017-07-06,23,17220,North,48,3
2017-07-06,23,17221,South,23,3
2017-07-06,23,17222,East,21,3
2017-07-06,23,17223,West,16,3
2017-07-06,23,17224,North,48,3
2017-07-06,23,17225,South,23,3
2017-07-06,23,17226,East,21,3
2017-07-06,23,17227,West,16,3
2017-07-06,23,17228,North,48,3
2017-07-06,23,17229,South,23,3
2017-07-06,23,17230,East,21,3
2017-07-06,23,17231,West,16,3
2017-07-06,23,17232,North,48,3
2017-07-06,23,17233,South,23,3
2017-07-06,23,17234,East,21,3
2017-07-06,23,17235,West,16,3
2017-07-06,23,17236,North,48,3
2017-07-06,23,17237,South,23,3
2017-07-06,23,17238,East,21,3
2017-07-06,23,17239,West,16,3
2017-07-06,23,17240,North,48,3
2017-07-06,23,17241,South,23,3
2017-07-06,23,17242,East,21,3
2017-07-06,23,17243,West,16,3
2017-07-06,23,17244,North,48,3
2017-07-06,23,17245,South,23,3
2017-07-06,23,17246,East,21,3
2017-07-06,23,17247,West,16,3
2017-07-06,23,17248,North,48,3
2017-07-06,23,17249,South,23,3
2017-07-06,23,17250,East,21,3
2017-07-06,23,17251,West,16,3
2017-07-06,23,17252,North,48,3
2017-07-06,23,17253,South,23,3
2017-07-06,23,17254,East,21,3
2017-07-06,23,17255,West,16,3
2017-07-06,23,17256,North,48,3
2017-07-06,23,17257,South,23,3
2017-07-06,23,17258,East,21,3
2017-07-06,23,17259,West,16,3
2017-07-06,23,17260,North,48,3
2017-07-06,23,17261,South,23,3
2017-07-06,23,17262,East,21,3
2017-07-06,23,17263,West,16,3
2017-07-06,23,17264,North,48,3
2017-07-06,23,17265,South,23,3
2017-07-06,23,17266,East,21,3
2017-07-06,23,17267,West,16,3
2017-07-06,23,17268,North,48,3
2017-07-06,23,17269,South,23,3
2017-07-06,23,17270,East,21,3
2017-07-06,23,17271,West,16,3
2017-07-06,23,17272,North,48,3
2017-07-06,23,17273,South,23,3
2017-07-06,23,17274,East,21,3
2017-07-06,23,17275,West,16,3
2017-07-06,23,17276,North,48,3
2017-07-06,23,17277,South,23,3
2017-07-06,23,17278,East,21,3
2017-07-06,23,17279,West,16,3
2017-07-07,0,17280,North,49,3
2017-07-07,0,17281,South,23,3
2017-07-07,0,17282,East,20,3
2017-07-07,0,17283,West,16,3
2017-07-07,0,17284,North,49,3
2017-07-07,0,17285,South,23,3
2017-07-07,0,17286,East,20,3
2017-07-07,0,17287,West,16,3
2017-07-07,0,17288,North,49,3
2017-07-07,0,17289,South,23,3
2017-07-07,0,17290,East,20,3
2017-07-07,0,17291,West,16,3
2017-07-07,0,17292,North,49,3
2017-07-07,0,17293,South,23,3
2017-07-07,0,17294,East,20,3
2017-07-07,0,17295,West,16,3
2017-07-07,0,17296,North,49,3
2017-07-07,0,17297,South,23,3
2017-07-07,0,17298,East,20,3
2017-07-07,0,17299,West,16,3
2017-07-07,0,17300,North,49,3
2017-07-07,0,17301,South,23,3
2017-07-07,0,17302,East,20,3
2017-07-07,0,17303,West,16,3
2017-07-07,0,17304,North,49,3
2017-07-07,0,17305,South,23,3
2017-07-07,0,17306,East,20,3
2017-07-07,0,17307,West,16,3
2017-07-07,0,17308,North,49,3
2017-07-07,0,17309,South,23,3
2017-07-07,0,17310,East,20,3
2017-07-07,0,17311,West,16,3
2017-07-07,0,17312,North,49,3
2017-07-07,0,17313,South,23,3
2017-07-07,0,17314,East,20,3
2017-07-07,0,17315,West,16,3
2017-07-07,0,17316,North,49,3
2017-07-07,0,17317,South,23,3
2017-07-07,0,17318,East,20,3
2017-07-07,0,17319,West,16,3
2017-07-07,0,17320,North,49,3
2017-07-07,0,17321,South,23,3
2017-07-07,0,17322,East,20,3
2017-07-07,0,17323,West,16,3
2017-07-07,0,17324,North,49,3
2017-07-07,0,17325,South,23,3
2017-07-07,0,17326,East,20,3
2017-07-07,0,17327,West,16,3
2017-07-07,0,17328,North,49,3
2017-07-07,0,17329,South,23,3
2017-07-07,0,17330,East,20,3
2017-07-07,0,17331,West,16,3
2017-07-07,0,17332,North,49,3
2017-07-07,0,17333,South,23,3
2017-07-07,0,17334,East,20,3
2017-07-07,0,17335,West,16,3
2017-07-07,0,17336,North,49,3
2017-07-07,0,17337,South,23,3
2017-07-07,0,17338,East,20,3
2017-07-07,0,17339,West,16,3
2017-07-07,0,17340,North,49,3
2017-07-07,0,17341,South,23,3
2017-07-07,0,17342,East,20,3
2017-07-07,0,17343,West,16,3
2017-07-07,0,17344,North,49,3
2017-07-07,0,17345,South,23,3
2017-07-07,0,17346,East,20,3
2017-07-07,0,17347,West,16,3
2017-07-07,0,17348,North,49,3
2017-07-07,0,17349,South,23,3
2017-07-07,0,17350,East,20,3
2017-07-07,0,17351,West,16,3
2017-07-07,0,17352,North,49,3
2017-07-07,0,17353,South,23,3
2017-07-07,0,17354,East,20,3
2017-07-07,0,17355,West,16,3
2017-07-07,0,17356,North,49,3
2017-07-07,0,17357,South,23,3
2017-07-07,0,17358,East,20,3
2017-07-07,0,17359,West,16,3
2017-07-07,0,17360,North,49,3
2017-07-07,0,17361,South,23,3
2017-07-07,0,17362,East,20,3
2017-07-07,0,17363,West,16,3
2017-07-07,0,17364,North,49,3
2017-07-07,0,17365,South,23,3
2017-07-07,0,17366,East,20,3
2017-07-07,0,17367,West,16,3
2017-07-07,0,17368,North,49,3
2017-07-07,0,17369,South,23,3
2017-07-07,0,17370,East,20,3
2017-07-07,0,17371,West,16,3
2017-07-07,0,17372,North,49,3
2017-07-07,0,17373,South,23,3
2017-07-07,0,17374,East,20,3
2017-07-07,0,17375,West,16,3
2017-07-07,0,17376,North,49,3
2017-07-07,0,17377,South,23,3
2017-07-07,0,17378,East,20,3
2017-07-07,0,17379,West,16,3
2017-07-07,0,17380,North,49,3
2017-07-07,0,17381,South,23,3
2017-07-07,0,17382,East,20,3
2017-07-07,0,17383,West,16,3
2017-07-07,0,17384,North,49,3
2017-07-07,0,17385,South,23,3
2017-07-07,0,17386,East,20,3
2017-07-07,0,17387,West,16,3
2017-07-07,0,17388,North,49,3
2017-07-07,0,17389,South,23,3
2017-07-07,0,17390,East,20,3
2017-07-07,0,17391,West,16,3
2017-07-07,0,17392,North,49,3
2017-07-07,0,17393,South,23,3
2017-07-07,0,17394,East,20,3
2017-07-07,0,17395,West,16,3
2017-07-07,0,17396,North,49,3
2017-07-07,0,17397,South,23,3
2017-07-07,0,17398,East,20,3
2017-07-07,0,17399,West,16,3
2017-07-07,1,17400,North,50,3
2017-07-07,1,17401,South,24,3
2017-07-07,1,17402,East,19,3
2017-07-07,1,17403,West,15,3
2017-07-07,1,17404,North,50,3
2017-07-07,1,17405,South,24,3
2017-07-07,1,17406,East,19,3
2017-07-07,1,17407,West,15,3
2017-07-07,1,17408,North,50,3
2017-07-07,1,17409,South,24,3
2017-07-07,1,17410,East,19,3
2017-07-07,1,17411,West,15,3
2017-07-07,1,17412,North,50,3
2017-07-07,1,17413,South,24,3
2017-07-07,1,17414,East,19,3
2017-07-07,1,17415,West,15,3
2017-07-07,1,17416,North,50,3
2017-07-07,1,17417,South,24,3
2017-07-07,1,17418,East,19,3
2017-07-07,1,17419,West,15,3
2017-07-07,1,17420,North,50,3
2017-07-07,1,17421,South,24,3
2017-07-07,1,17422,East,19,3
2017-07-07,1,17423,West,15,3
2017-07-07,1,17424,North,50,3
2017-07-07,1,17425,South,24,3
2017-07-07,1,17426,East,19,3
2017-07-07,1,17427,West,15,3
2017-07-07,1,17428,North,50,3
2017-07-07,1,17429,South,24,3
2017-07-07,1,17430,East,19,3
2017-07-07,1,17431,West,15,3
2017-07-07,1,17432,North,50,3
2017-07-07,1,17433,South,24,3
2017-07-07,1,17434,East,19,3
2017-07-07,1,17435,West,15,3
2017-07-07,1,17436,North,50,3
2017-07-07,1,17437,South,24,3
2017-07-07,1,17438,East,19,3
2017-07-07,1,17439,West,15,3
2017-07-07,1,17440,North,50,3
2017-07-07,1,17441,South,24,3
2017-07-07,1,17442,East,19,3
2017-07-07,1,17443,West,15,3
2017-07-07,1,17444,North,50,3
2017-07-07,1,17445,South,24,3
2017-07-07,1,17446,East,19,3
2017-07-07,1,17447,West,15,3
2017-07-07,1,17448,North,50,3
2017-07-07,1,17449,South,24,3
2017-07-07,1,17450,East,19,3
2017-07-07,1,17451,West,15,3
2017-07-07,1,17452,North,50,3
2017-07-07,1,17453,South,24,3
2017-07-07,1,17454,East,19,3
2017-07-07,1,17455,West,15,3
2017-07-07,1,17456,North,50,3
2017-07-07,1,17457,South,24,3
2017-07-07,1,17458,East,19,3
2017-07-07,1,17459,West,15,3
2017-07-07,1,17460,North,50,3
2017-07-07,1,17461,South,24,3
2017-07-07,1,17462,East,19,3
2017-07-07,1,17463,West,15,3
2017-07-07,1,17464,North,50,3
2017-07-07,1,17465,South,24,3
2017-07-07,1,17466,East,19,3
2017-07-07,1,17467,West,15,3
2017-07-07,1,17468,North,50,3
2017-07-07,1,17469,South,24,3
2017-07-07,1,17470,East,19,3
2017-07-07,1,17471,West,15,3
2017-07-07,1,17472,North,50,3
2017-07-07,1,17473,South,24,3
2017-07-07,1,17474,East,19,3
2017-07-07,1,17475,West,15,3
2017-07-07,1,17476,North,50,3
2017-07-07,1,17477,South,24,3
2017-07-07,1,17478,East,19,3
2017-07-07,1,17479,West,15,3
2017-07-07,1,17480,North,50,3
2017-07-07,1,17481,South,24,3
2017-07-07,1,17482,East,19,3
2017-07-07,1,17483,West,15,3
2017-07-07,1,17484,North,50,3
2017-07-07,1,17485,South,24,3
2017-07-07,1,17486,East,19,3
2017-07-07,1,17487,West,15,3
2017-07-07,1,17488,North,50,3
2017-07-07,1,17489,South,24,3
2017-07-07,1,17490,East,19,3
2017-07-07,1,17491,West,15,3
2017-07-07,1,17492,North,50,3
2017-07-07,1,17493,South,24,3
2017-07-07,1,17494,East,19,3
2017-07-07,1,17495,West,15,3
2017-07-07,1,17496,North,50,3
2017-07-07,1,17497,South,24,3
2017-07-07,1,17498,East,19,3
2017-07-07,1,17499,West,15,3
2017-07-07,1,17500,North,50,3
2017-07-07,1,17501,South,24,3
2017-07-07,1,17502,East,19,3
2017-07-07,1,17503,West,15,3
2017-07-07,1,17504,North,50,3
2017-07-07,1,17505,South,24,3
2017-07-07,1,17506,East,19,3
2017-07-07,1,17507,West,15,3
2017-07-07,1,17508,North,50,3
2017-07-07,1,17509,South,24,3
2017-07-07,1,17510,East,19,3
2017-07-07,1,17511,West,15,3
2017-07-07,1,17512,North,50,3
2017-07-07,1,17513,South,24,3
2017-07-07,1,17514,East,19,3
2017-07-07,1,17515,West,15,3
2017-07-07,1,17516,North,50,3
2017-07-07,1,17517,South,24,3
2017-07-07,1,17518,East,19,3
2017-07-07,1,17519,West,15,3
2017-07-07,2,17520,North,49,3
2017-07-07,2,17521,South,26,3
2017-07-07,2,17522,East,18,3
2017-07-07,2,17523,West,15,3
2017-07-07,2,17524,North,49,3
2017-07-07,2,17525,South,26,3
2017-07-07,2,17526,East,18,3
2017-07-07,2,17527,West,15,3
2017-07-07,2,17528,North,49,3
2017-07-07,2,17529,South,26,3
2017-07-07,2,17530,East,18,3
2017-07-07,2,17531,West,15,3
2017-07-07,2,17532,North,49,3
2017-07-07,2,17533,South,26,3
2017-07-07,2,17534,East,18,3
2017-07-07,2,17535,West,15,3
2017-07-07,2,17536,North,49,3
2017-07-07,2,17537,South,26,3
2017-07-07,2,17538,East,18,3
2017-07-07,2,17539,West,15,3
2017-07-07,2,17540,North,49,3
2017-07-07,2,17541,South,26,3
2017-07-07,2,17542,East,18,3
2017-07-07,2,17543,West,15,3
2017-07-07,2,17544,North,49,3
2017-07-07,2,17545,South,26,3
2017-07-07,2,17546,East,18,3
2017-07-07,2,17547,West,15,3
2017-07-07,2,17548,North,49,3
2017-07-07,2,17549,South,26,3
2017-07-07,2,17550,East,18,3
2017-07-07,2,17551,West,15,3
2017-07-07,2,17552,North,49,3
2017-07-07,2,17553,South,26,3
2017-07-07,2,17554,East,18,3
2017-07-07,2,17555,West,15,3
2017-07-07,2,17556,North,49,3
2017-07-07,2,17557,South,26,3
2017-07-07,2,17558,East,18,3
2017-07-07,2,17559,West,15,3
2017-07-07,2,17560,North,49,3
2017-07-07,2,17561,South,26,3
2017-07-07,2,17562,East,18,3
2017-07-07,2,17563,West,15,3
2017-07-07,2,17564,North,49,3
2017-07-07,2,17565,South,26,3
2017-07-07,2,17566,East,18,3
2017-07-07,2,17567,West,15,3
2017-07-07,2,17568,North,49,3
2017-07-07,2,17569,South,26,3
2017-07-07,2,17570,East,18,3
2017-07-07,2,17571,West,15,3
2017-07-07,2,17572,North,49,3
2017-07-07,2,17573,South,26,3
2017-07-07,2,17574,East,18,3
2017-07-07,2,17575,West,15,3
2017-07-07,2,17576,North,49,3
2017-07-07,2,17577,South,26,3
2017-07-07,2,17578,East,18,3
2017-07-07,2,17579,West,15,3
2017-07-07,2,17580,North,49,3
2017-07-07,2,17581,South,26,3
2017-07-07,2,17582,East,18,3
2017-07-07,2,17583,West,15,3
2017-07-07,2,17584,North,49,3
2017-07-07,2,17585,South,26,3
2017-07-07,2,17586,East,18,3
2017-07-07,2,17587,West,15,3
2017-07-07,2,17588,North,49,3
2017-07-07,2,17589,South,26,3
2017-07-07,2,17590,East,18,3
2017-07-07,2,17591,West,15,3
2017-07-07,2,17592,North,49,3
2017-07-07,2,17593,South,26,3
2017-07-07,2,17594,East,18,3
2017-07-07,2,17595,West,15,3
2017-07-07,2,17596,North,49,3
2017-07-07,2,17597,South,26,3
2017-07-07,2,17598,East,18,3
2017-07-07,2,17599,West,15,3
2017-07-07,2,17600,North,49,3
2017-07-07,2,17601,South,26,3
2017-07-07,2,17602,East,18,3
2017-07-07,2,17603,West,15,3
2017-07-07,2,17604,North,49,3
2017-07-07,2,17605,South,26,3
2017-07-07,2,17606,East,18,3
2017-07-07,2,17607,West,15,3
2017-07-07,2,17608,North,49,3
2017-07-07,2,17609,South,26,3
2017-07-07,2,17610,East,18,3
2017-07-07,2,17611,West,15,3
2017-07-07,2,17612,North,49,3
2017-07-07,2,17613,South,26,3
2017-07-07,2,17614,East,18,3
2017-07-07,2,17615,West,15,3
2017-07-07,2,17616,North,49,3
2017-07-07,2,17617,South,26,3
2017-07-07,2,17618,East,18,3
2017-07-07,2,17619,West,15,3
2017-07-07,2,17620,North,49,3
2017-07-07,2,17621,South,26,3
2017-07-07,2,17622,East,18,3
2017-07-07,2,17623,West,15,3
2017-07-07,2,17624,North,49,3
2017-07-07,2,17625,South,26,3
2017-07-07,2,17626,East,18,3
2017-07-07,2,17627,West,15,3
2017-07-07,2,17628,North,49,3
2017-07-07,2,17629,South,26,3
2017-07-07,2,17630,East,18,3
2017-07-07,2,17631,West,15,3
2017-07-07,2,17632,North,49,3
2017-07-07,2,17633,South,26,3
2017-07-07,2,17634,East,18,3
2017-07-07,2,17635,West,15,3
2017-07-07,2,17636,North,49,3
2017-07-07,2,17637,South,26,3
2017-07-07,2,17638,East,18,3
2017-07-07,2,17639,West,15,3
2017-07-07,3,17640,North,48,3
2017-07-07,3,17641,South,26,3
2017-07-07,3,17642,East,17,3
2017-07-07,3,17643,West,17,3
2017-07-07,3,17644,North,48,3
2017-07-07,3,17645,South,26,3
2017-07-07,3,17646,East,17,3
2017-07-07,3,17647,West,17,3
2017-07-07,3,17648,North,48,3
2017-07-07,3,17649,South,26,3
2017-07-07,3,17650,East,17,3
2017-07-07,3,17651,West,17,3
2017-07-07,3,17652,North,48,3
2017-07-07,3,17653,South,26,3
2017-07-07,3,17654,East,17,3
2017-07-07,3,17655,West,17,3
2017-07-07,3,17656,North,48,3
2017-07-07,3,17657,South,26,3
2017-07-07,3,17658,East,17,3
2017-07-07,3,17659,West,17,3
2017-07-07,3,17660,North,48,3
2017-07-07,3,17661,South,26,3
2017-07-07,3,17662,East,17,3
2017-07-07,3,17663,West,17,3
2017-07-07,3,17664,North,48,3
2017-07-07,3,17665,South,26,3
2017-07-07,3,17666,East,17,3
2017-07-07,3,17667,West,17,3
2017-07-07,3,17668,North,48,3
2017-07-07,3,17669,South,26,3
2017-07-07,3,17670,East,17,3
2017-07-07,3,17671,West,17,3
2017-07-07,3,17672,North,48,3
2017-07-07,3,17673,South,26,3
2017-07-07,3,17674,East,17,3
2017-07-07,3,17675,West,17,3
2017-07-07,3,17676,North,48,3
2017-07-07,3,17677,South,26,3
2017-07-07,3,17678,East,17,3
2017-07-07,3,17679,West,17,3
2017-07-07,3,17680,North,48,3
2017-07-07,3,17681,South,26,3
2017-07-07,3,17682,East,17,3
2017-07-07,3,17683,West,17,3
2017-07-07,3,17684,North,48,3
2017-07-07,3,17685,South,26,3
2017-07-07,3,17686,East,17,3
2017-07-07,3,17687,West,17,3
2017-07-07,3,17688,North,48,3
2017-07-07,3,17689,South,26,3
2017-07-07,3,17690,East,17,3
2017-07-07,3,17691,West,17,3
2017-07-07,3,17692,North,48,3
2017-07-07,3,17693,South,26,3
2017-07-07,3,17694,East,17,3
2017-07-07,3,17695,West,17,3
2017-07-07,3,17696,North,48,3
2017-07-07,3,17697,South,26,3
2017-07-07,3,17698,East,17,3
2017-07-07,3,17699,West,17,3
2017-07-07,3,17700,North,48,3
2017-07-07,3,17701,South,26,3
2017-07-07,3,17702,East,17,3
2017-07-07,3,17703,West,17,3
2017-07-07,3,17704,North,48,3
2017-07-07,3,17705,South,26,3
2017-07-07,3,17706,East,17,3
2017-07-07,3,17707,West,17,3
2017-07-07,3,17708,North,48,3
2017-07-07,3,17709,South,26,3
2017-07-07,3,17710,East,17,3
2017-07-07,3,17711,West,17,3
2017-07-07,3,17712,North,48,3
2017-07-07,3,17713,South,26,3
2017-07-07,3,17714,East,17,3
2017-07-07,3,17715,West,17,3
2017-07-07,3,17716,North,48,3
2017-07-07,3,17717,South,26,3
2017-07-07,3,17718,East,17,3
2017-07-07,3,17719,West,17,3
2017-07-07,3,17720,North,48,3
2017-07-07,3,17721,South,26,3
2017-07-07,3,17722,East,17,3
2017-07-07,3,17723,West,17,3
2017-07-07,3,17724,North,48,3
2017-07-07,3,17725,South,26,3
2017-07-07,3,17726,East,17,3
2017-07-07,3,17727,West,17,3
2017-07-07,3,17728,North,48,3
2017-07-07,3,17729,South,26,3
2017-07-07,3,17730,East,17,3
2017-07-07,3,17731,West,17,3
2017-07-07,3,17732,North,48,3
2017-07-07,3,17733,South,26,3
2017-07-07,3,17734,East,17,3
2017-07-07,3,17735,West,17,3
2017-07-07,3,17736,North,48,3
2017-07-07,3,17737,South,26,3
2017-07-07,3,17738,East,17,3
2017-07-07,3,17739,West,17,3
2017-07-07,3,17740,North,48,3
2017-07-07,3,17741,South,26,3
2017-07-07,3,17742,East,17,3
2017-07-07,3,17743,West,17,3
2017-07-07,3,17744,North,48,3
2017-07-07,3,17745,South,26,3
2017-07-07,3,17746,East,17,3
2017-07-07,3,17747,West,17,3
2017-07-07,3,17748,North,48,3
2017-07-07,3,17749,South,26,3
2017-07-07,3,17750,East,17,3
2017-07-07,3,17751,West,17,3
2017-07-07,3,17752,North,48,3
2017-07-07,3,17753,South,26,3
2017-07-07,3,17754,East,17,3
2017-07-07,3,17755,West,17,3
2017-07-07,3,17756,North,48,3
2017-07-07,3,17757,South,26,3
2017-07-07,3,17758,East,17,3
2017-07-07,3,17759,West,17,3
2017-07-07,4,17760,North,49,3
2017-07-07,4,17761,South,25,3
2017-07-07,4,17762,East,18,3
2017-07-07,4,17763,West,16,3
2017-07-07,4,17764,North,49,3
2017-07-07,4,17765,South,25,3
2017-07-07,4,17766,East,18,3
2017-07-07,4,17767,West,16,3
2017-07-07,4,17768,North,49,3
2017-07-07,4,17769,South,25,3
2017-07-07,4,17770,East,18,3
2017-07-07,4,17771,West,16,3
2017-07-07,4,17772,North,49,3
2017-07-07,4,17773,South,25,3
2017-07-07,4,17774,East,18,3
2017-07-07,4,17775,West,16,3
2017-07-07,4,17776,North,49,3
2017-07-07,4,17777,South,25,3
2017-07-07,4,17778,East,18,3
2017-07-07,4,17779,West,16,3
2017-07-07,4,17780,North,49,3
2017-07-07,4,17781,South,25,3
2017-07-07,4,17782,East,18,3
2017-07-07,4,17783,West,16,3
2017-07-07,4,17784,North,49,3
2017-07-07,4,17785,South,25,3
2017-07-07,4,17786,East,18,3
2017-07-07,4,17787,West,16,3
2017-07-07,4,17788,North,49,3
2017-07-07,4,17789,South,25,3
2017-07-07,4,17790,East,18,3
2017-07-07,4,17791,West,16,3
2017-07-07,4,17792,North,49,3
2017-07-07,4,17793,South,25,3
2017-07-07,4,17794,East,18,3
2017-07-07,4,17795,West,16,3
2017-07-07,4,17796,North,49,3
2017-07-07,4,17797,South,25,3
2017-07-07,4,17798,East,18,3
2017-07-07,4,17799,West,16,3
2017-07-07,4,17800,North,49,3
2017-07-07,4,17801,South,25,3
2017-07-07,4,17802,East,18,3
2017-07-07,4,17803,West,16,3
2017-07-07,4,17804,North,49,3
2017-07-07,4,17805,South,25,3
2017-07-07,4,17806,East,18,3
2017-07-07,4,17807,West,16,3
2017-07-07,4,17808,North,49,3
2017-07-07,4,17809,South,25,3
2017-07-07,4,17810,East,18,3
2017-07-07,4,17811,West,16,3
2017-07-07,4,17812,North,49,3
2017-07-07,4,17813,South,25,3
2017-07-07,4,17814,East,18,3
2017-07-07,4,17815,West,16,3
2017-07-07,4,17816,North,49,3
2017-07-07,4,17817,South,25,3
2017-07-07,4,17818,East,18,3
2017-07-07,4,17819,West,16,3
2017-07-07,4,17820,North,49,3
2017-07-07,4,17821,South,25,3
2017-07-07,4,17822,East,18,3
2017-07-07,4,17823,West,16,3
2017-07-07,4,17824,North,49,3
2017-07-07,4,17825,South,25,3
2017-07-07,4,17826,East,18,3
2017-07-07,4,17827,West,16,3
2017-07-07,4,17828,North,49,3
2017-07-07,4,17829,South,25,3
2017-07-07,4,17830,East,18,3
2017-07-07,4,17831,West,16,3
2017-07-07,4,17832,North,49,3
2017-07-07,4,17833,South,25,3
2017-07-07,4,17834,East,18,3
2017-07-07,4,17835,West,16,3
2017-07-07,4,17836,North,49,3
2017-07-07,4,17837,South,25,3
2017-07-07,4,17838,East,18,3
2017-07-07,4,17839,West,16,3
2017-07-07,4,17840,North,49,3
2017-07-07,4,17841,South,25,3
2017-07-07,4,17842,East,18,3
2017-07-07,4,17843,West,16,3
2017-07-07,4,17844,North,49,3
2017-07-07,4,17845,South,25,3
2017-07-07,4,17846,East,18,3
2017-07-07,4,17847,West,16,3
2017-07-07,4,17848,North,49,3
2017-07-07,4,17849,South,25,3
2017-07-07,4,17850,East,18,3
2017-07-07,4,17851,West,16,3
2017-07-07,4,17852,North,49,3
2017-07-07,4,17853,South,25,3
2017-07-07,4,17854,East,18,3
2017-07-07,4,17855,West,16,3
2017-07-07,4,17856,North,49,3
2017-07-07,4,17857,South,25,3
2017-07-07,4,17858,East,18,3
2017-07-07,4,17859,West,16,3
2017-07-07,4,17860,North,49,3
2017-07-07,4,17861,South,25,3
2017-07-07,4,17862,East,18,3
2017-07-07,4,17863,West,16,3
2017-07-07,4,17864,North,49,3
2017-07-07,4,17865,South,25,3
2017-07-07,4,17866,East,18,3
2017-07-07,4,17867,West,16,3
2017-07-07,4,17868,North,49,3
2017-07-07,4,17869,South,25,3
2017-07-07,4,17870,East,18,3
2017-07-07,4,17871,West,16,3
2017-07-07,4,17872,North,49,3
2017-07-07,4,17873,South,25,3
2017-07-07,4,17874,East,18,3
2017-07-07,4,17875,West,16,3
2017-07-07,4,17876,North,49,3
2017-07-07,4,17877,South,25,3
2017-07-07,4,17878,East,18,3
2017-07-07,4,17879,West,16,3
2017-07-07,5,17880,North,47,3
2017-07-07,5,17881,South,25,3
2017-07-07,5,17882,East,20,3
2017-07-07,5,17883,West,16,3
2017-07-07,5,17884,North,47,3
2017-07-07,5,17885,South,25,3
2017-07-07,5,17886,East,20,3
2017-07-07,5,17887,West,16,3
2017-07-07,5,17888,North,47,3
2017-07-07,5,17889,South,25,3
2017-07-07,5,17890,East,20,3
2017-07-07,5,17891,West,16,3
2017-07-07,5,17892,North,47,3
2017-07-07,5,17893,South,25,3
2017-07-07,5,17894,East,20,3
2017-07-07,5,17895,West,16,3
2017-07-07,5,17896,North,47,3
2017-07-07,5,17897,South,25,3
2017-07-07,5,17898,East,20,3
2017-07-07,5,17899,West,16,3
2017-07-07,5,17900,North,47,3
2017-07-07,5,17901,South,25,3
2017-07-07,5,17902,East,20,3
2017-07-07,5,17903,West,16,3
2017-07-07,5,17904,North,47,3
2017-07-07,5,17905,South,25,3
2017-07-07,5,17906,East,20,3
2017-07-07,5,17907,West,16,3
2017-07-07,5,17908,North,47,3
2017-07-07,5,17909,South,25,3
2017-07-07,5,17910,East,20,3
2017-07-07,5,17911,West,16,3
2017-07-07,5,17912,North,47,3
2017-07-07,5,17913,South,25,3
2017-07-07,5,17914,East,20,3
2017-07-07,5,17915,West,16,3
2017-07-07,5,17916,North,47,3
2017-07-07,5,17917,South,25,3
2017-07-07,5,17918,East,20,3
2017-07-07,5,17919,West,16,3
2017-07-07,5,17920,North,47,3
2017-07-07,5,17921,South,25,3
2017-07-07,5,17922,East,20,3
2017-07-07,5,17923,West,16,3
2017-07-07,5,17924,North,47,3
2017-07-07,5,17925,South,25,3
2017-07-07,5,17926,East,20,3
2017-07-07,5,17927,West,16,3
2017-07-07,5,17928,North,47,3
2017-07-07,5,17929,South,25,3
2017-07-07,5,17930,East,20,3
2017-07-07,5,17931,West,16,3
2017-07-07,5,17932,North,47,3
2017-07-07,5,17933,South,25,3
2017-07-07,5,17934,East,20,3
2017-07-07,5,17935,West,16,3
2017-07-07,5,17936,North,47,3
2017-07-07,5,17937,South,25,3
2017-07-07,5,17938,East,20,3
2017-07-07,5,17939,West,16,3
2017-07-07,5,17940,North,47,3
2017-07-07,5,17941,South,25,3
2017-07-07,5,17942,East,20,3
2017-07-07,5,17943,West,16,3
2017-07-07,5,17944,North,47,3
2017-07-07,5,17945,South,25,3
2017-07-07,5,17946,East,20,3
2017-07-07,5,17947,West,16,3
2017-07-07,5,17948,North,47,3
2017-07-07,5,17949,South,25,3
2017-07-07,5,17950,East,20,3
2017-07-07,5,17951,West,16,3
2017-07-07,5,17952,North,47,3
2017-07-07,5,17953,South,25,3
2017-07-07,5,17954,East,20,3
2017-07-07,5,17955,West,16,3
2017-07-07,5,17956,North,47,3
2017-07-07,5,17957,South,25,3
2017-07-07,5,17958,East,20,3
2017-07-07,5,17959,West,16,3
2017-07-07,5,17960,North,47,3
2017-07-07,5,17961,South,25,3
2017-07-07,5,17962,East,20,3
2017-07-07,5,17963,West,16,3
2017-07-07,5,17964,North,47,3
2017-07-07,5,17965,South,25,3
2017-07-07,5,17966,East,20,3
2017-07-07,5,17967,West,16,3
2017-07-07,5,17968,North,47,3
2017-07-07,5,17969,South,25,3
2017-07-07,5,17970,East,20,3
2017-07-07,5,17971,West,16,3
2017-07-07,5,17972,North,47,3
2017-07-07,5,17973,South,25,3
2017-07-07,5,17974,East,20,3
2017-07-07,5,17975,West,16,3
2017-07-07,5,17976,North,47,3
2017-07-07,5,17977,South,25,3
2017-07-07,5,17978,East,20,3
2017-07-07,5,17979,West,16,3
2017-07-07,5,17980,North,47,3
2017-07-07,5,17981,South,25,3
2017-07-07,5,17982,East,20,3
2017-07-07,5,17983,West,16,3
2017-07-07,5,17984,North,47,3
2017-07-07,5,17985,South,25,3
2017-07-07,5,17986,East,20,3
2017-07-07,5,17987,West,16,3
2017-07-07,5,17988,North,47,3
2017-07-07,5,17989,South,25,3
2017-07-07,5,17990,East,20,3
2017-07-07,5,17991,West,16,3
2017-07-07,5,17992,North,47,3
2017-07-07,5,17993,South,25,3
2017-07-07,5,17994,East,20,3
2017-07-07,5,17995,West,16,3
2017-07-07,5,17996,North,47,3
2017-07-07,5,17997,South,25,3
2017-07-07,5,17998,East,20,3
2017-07-07,5,17999,West,16,3
2017-07-07,6,18000,North,47,3
2017-07-07,6,18001,South,25,3
2017-07-07,6,18002,East,19,3
2017-07-07,6,18003,West,17,3
2017-07-07,6,18004,North,47,3
2017-07-07,6,18005,South,25,3
2017-07-07,6,18006,East,19,3
2017-07-07,6,18007,West,17,3
2017-07-07,6,18008,North,47,3
2017-07-07,6,18009,South,25,3
2017-07-07,6,18010,East,19,3
2017-07-07,6,18011,West,17,3
2017-07-07,6,18012,North,47,3
2017-07-07,6,18013,South,25,3
2017-07-07,6,18014,East,19,3
2017-07-07,6,18015,West,17,3
2017-07-07,6,18016,North,47,3
2017-07-07,6,18017,South,25,3
2017-07-07,6,18018,East,19,3
2017-07-07,6,18019,West,17,3
2017-07-07,6,18020,North,47,3
2017-07-07,6,18021,South,25,3
2017-07-07,6,18022,East,19,3
2017-07-07,6,18023,West,17,3
2017-07-07,6,18024,North,47,3
2017-07-07,6,18025,South,25,3
2017-07-07,6,18026,East,19,3
2017-07-07,6,18027,West,17,3
2017-07-07,6,18028,North,47,3
2017-07-07,6,18029,South,25,3
2017-07-07,6,18030,East,19,3
2017-07-07,6,18031,West,17,3
2017-07-07,6,18032,North,47,3
2017-07-07,6,18033,South,25,3
2017-07-07,6,18034,East,19,3
2017-07-07,6,18035,West,17,3
2017-07-07,6,18036,North,47,3
2017-07-07,6,18037,South,25,3
2017-07-07,6,18038,East,19,3
2017-07-07,6,18039,West,17,3
2017-07-07,6,18040,North,47,3
2017-07-07,6,18041,South,25,3
2017-07-07,6,18042,East,19,3
2017-07-07,6,18043,West,17,3
2017-07-07,6,18044,North,47,3
2017-07-07,6,18045,South,25,3
2017-07-07,6,18046,East,19,3
2017-07-07,6,18047,West,17,3
2017-07-07,6,18048,North,47,3
2017-07-07,6,18049,South,25,3
2017-07-07,6,18050,East,19,3
2017-07-07,6,18051,West,17,3
2017-07-07,6,18052,North,47,3
2017-07-07,6,18053,South,25,3
2017-07-07,6,18054,East,19,3
2017-07-07,6,18055,West,17,3
2017-07-07,6,18056,North,47,3
2017-07-07,6,18057,South,25,3
2017-07-07,6,18058,East,19,3
2017-07-07,6,18059,West,17,3
2017-07-07,6,18060,North,47,3
2017-07-07,6,18061,South,25,3
2017-07-07,6,18062,East,19,3
2017-07-07,6,18063,West,17,3
2017-07-07,6,18064,North,47,3
2017-07-07,6,18065,South,25,3
2017-07-07,6,18066,East,19,3
2017-07-07,6,18067,West,17,3
2017-07-07,6,18068,North,47,3
2017-07-07,6,18069,South,25,3
2017-07-07,6,18070,East,19,3
2017-07-07,6,18071,West,17,3
2017-07-07,6,18072,North,47,3
2017-07-07,6,18073,South,25,3
2017-07-07,6,18074,East,19,3
2017-07-07,6,18075,West,17,3
2017-07-07,6,18076,North,47,3
2017-07-07,6,18077,South,25,3
2017-07-07,6,18078,East,19,3
2017-07-07,6,18079,West,17,3
2017-07-07,6,18080,North,47,3
2017-07-07,6,18081,South,25,3
2017-07-07,6,18082,East,19,3
2017-07-07,6,18083,West,17,3
2017-07-07,6,18084,North,47,3
2017-07-07,6,18085,South,25,3
2017-07-07,6,18086,East,19,3
2017-07-07,6,18087,West,17,3
2017-07-07,6,18088,North,47,3
2017-07-07,6,18089,South,25,3
2017-07-07,6,18090,East,19,3
2017-07-07,6,18091,West,17,3
2017-07-07,6,18092,North,47,3
2017-07-07,6,18093,South,25,3
2017-07-07,6,18094,East,19,3
2017-07-07,6,18095,West,17,3
2017-07-07,6,18096,North,47,3
2017-07-07,6,18097,South,25,3
2017-07-07,6,18098,East,19,3
2017-07-07,6,18099,West,17,3
2017-07-07,6,18100,North,47,3
2017-07-07,6,18101,South,25,3
2017-07-07,6,18102,East,19,3
2017-07-07,6,18103,West,17,3
2017-07-07,6,18104,North,47,3
2017-07-07,6,18105,South,25,3
2017-07-07,6,18106,East,19,3
2017-07-07,6,18107,West,17,3
2017-07-07,6,18108,North,47,3
2017-07-07,6,18109,South,25,3
2017-07-07,6,18110,East,19,3
2017-07-07,6,18111,West,17,3
2017-07-07,6,18112,North,47,3
2017-07-07,6,18113,South,25,3
2017-07-07,6,18114,East,19,3
2017-07-07,6,18115,West,17,3
2017-07-07,6,18116,North,47,3
2017-07-07,6,18117,South,25,3
2017-07-07,6,18118,East,19,3
2017-07-07,6,18119,West,17,3
2017-07-07,7,18120,North,49,3
2017-07-07,7,18121,South,24,3
2017-07-07,7,18122,East,19,3
2017-07-07,7,18123,West,16,3
2017-07-07,7,18124,North,49,3
2017-07-07,7,18125,South,24,3
2017-07-07,7,18126,East,19,3
2017-07-07,7,18127,West,16,3
2017-07-07,7,18128,North,49,3
2017-07-07,7,18129,South,24,3
2017-07-07,7,18130,East,19,3
2017-07-07,7,18131,West,16,3
2017-07-07,7,18132,North,49,3
2017-07-07,7,18133,South,24,3
2017-07-07,7,18134,East,19,3
2017-07-07,7,18135,West,16,3
2017-07-07,7,18136,North,49,3
2017-07-07,7,18137,South,24,3
2017-07-07,7,18138,East,19,3
2017-07-07,7,18139,West,16,3
2017-07-07,7,18140,North,49,3
2017-07-07,7,18141,South,24,3
2017-07-07,7,18142,East,19,3
2017-07-07,7,18143,West,16,3
2017-07-07,7,18144,North,49,3
2017-07-07,7,18145,South,24,3
2017-07-07,7,18146,East,19,3
2017-07-07,7,18147,West,16,3
2017-07-07,7,18148,North,49,3
2017-07-07,7,18149,South,24,3
2017-07-07,7,18150,East,19,3
2017-07-07,7,18151,West,16,3
2017-07-07,7,18152,North,49,3
2017-07-07,7,18153,South,24,3
2017-07-07,7,18154,East,19,3
2017-07-07,7,18155,West,16,3
2017-07-07,7,18156,North,49,3
2017-07-07,7,18157,South,24,3
2017-07-07,7,18158,East,19,3
2017-07-07,7,18159,West,16,3
2017-07-07,7,18160,North,49,3
2017-07-07,7,18161,South,24,3
2017-07-07,7,18162,East,19,3
2017-07-07,7,18163,West,16,3
2017-07-07,7,18164,North,49,3
2017-07-07,7,18165,South,24,3
2017-07-07,7,18166,East,19,3
2017-07-07,7,18167,West,16,3
2017-07-07,7,18168,North,49,3
2017-07-07,7,18169,South,24,3
2017-07-07,7,18170,East,19,3
2017-07-07,7,18171,West,16,3
2017-07-07,7,18172,North,49,3
2017-07-07,7,18173,South,24,3
2017-07-07,7,18174,East,19,3
2017-07-07,7,18175,West,16,3
2017-07-07,7,18176,North,49,3
2017-07-07,7,18177,South,24,3
2017-07-07,7,18178,East,19,3
2017-07-07,7,18179,West,16,3
2017-07-07,7,18180,North,49,3
2017-07-07,7,18181,South,24,3
2017-07-07,7,18182,East,19,3
2017-07-07,7,18183,West,16,3
2017-07-07,7,18184,North,49,3
2017-07-07,7,18185,South,24,3
2017-07-07,7,18186,East,19,3
2017-07-07,7,18187,West,16,3
2017-07-07,7,18188,North,49,3
2017-07-07,7,18189,South,24,3
2017-07-07,7,18190,East,19,3
2017-07-07,7,18191,West,16,3
2017-07-07,7,18192,North,49,3
2017-07-07,7,18193,South,24,3
2017-07-07,7,18194,East,19,3
2017-07-07,7,18195,West,16,3
2017-07-07,7,18196,North,49,3
2017-07-07,7,18197,South,24,3
2017-07-07,7,18198,East,19,3
2017-07-07,7,18199,West,16,3
2017-07-07,7,18200,North,49,3
2017-07-07,7,18201,South,24,3
2017-07-07,7,18202,East,19,3
2017-07-07,7,18203,West,16,3
2017-07-07,7,18204,North,49,3
2017-07-07,7,18205,South,24,3
2017-07-07,7,18206,East,19,3
2017-07-07,7,18207,West,16,3
2017-07-07,7,18208,North,49,3
2017-07-07,7,18209,South,24,3
2017-07-07,7,18210,East,19,3
2017-07-07,7,18211,West,16,3
2017-07-07,7,18212,North,49,3
2017-07-07,7,18213,South,24,3
2017-07-07,7,18214,East,19,3
2017-07-07,7,18215,West,16,3
2017-07-07,7,18216,North,49,3
2017-07-07,7,18217,South,24,3
2017-07-07,7,18218,East,19,3
2017-07-07,7,18219,West,16,3
2017-07-07,7,18220,North,49,3
2017-07-07,7,18221,South,24,3
2017-07-07,7,18222,East,19,3
2017-07-07,7,18223,West,16,3
2017-07-07,7,18224,North,49,3
2017-07-07,7,18225,South,24,3
2017-07-07,7,18226,East,19,3
2017-07-07,7,18227,West,16,3
2017-07-07,7,18228,North,49,3
2017-07-07,7,18229,South,24,3
2017-07-07,7,18230,East,19,3
2017-07-07,7,18231,West,16,3
2017-07-07,7,18232,North,49,3
2017-07-07,7,18233,South,24,3
2017-07-07,7,18234,East,19,3
2017-07-07,7,18235,West,16,3
2017-07-07,7,18236,North,49,3
2017-07-07,7,18237,South,24,3
2017-07-07,7,18238,East,19,3
2017-07-07,7,18239,West,16,3
2017-07-07,8,18240,North,51,3
2017-07-07,8,18241,South,22,3
2017-07-07,8,18242,East,19,3
2017-07-07,8,18243,West,16,3
2017-07-07,8,18244,North,51,3
2017-07-07,8,18245,South,22,3
2017-07-07,8,18246,East,19,3
2017-07-07,8,18247,West,16,3
2017-07-07,8,18248,North,51,3
2017-07-07,8,18249,South,22,3
2017-07-07,8,18250,East,19,3
2017-07-07,8,18251,West,16,3
2017-07-07,8,18252,North,51,3
2017-07-07,8,18253,South,22,3
2017-07-07,8,18254,East,19,3
2017-07-07,8,18255,West,16,3
2017-07-07,8,18256,North,51,3
2017-07-07,8,18257,South,22,3
2017-07-07,8,18258,East,19,3
2017-07-07,8,18259,West,16,3
2017-07-07,8,18260,North,51,3
2017-07-07,8,18261,South,22,3
2017-07-07,8,18262,East,19,3
2017-07-07,8,18263,West,16,3
2017-07-07,8,18264,North,51,3
2017-07-07,8,18265,South,22,3
2017-07-07,8,18266,East,19,3
2017-07-07,8,18267,West,16,3
2017-07-07,8,18268,North,51,3
2017-07-07,8,18269,South,22,3
2017-07-07,8,18270,East,19,3
2017-07-07,8,18271,West,16,3
2017-07-07,8,18272,North,51,3
2017-07-07,8,18273,South,22,3
2017-07-07,8,18274,East,19,3
2017-07-07,8,18275,West,16,3
2017-07-07,8,18276,North,51,3
2017-07-07,8,18277,South,22,3
2017-07-07,8,18278,East,19,3
2017-07-07,8,18279,West,16,3
2017-07-07,8,18280,North,51,3
2017-07-07,8,18281,South,22,3
2017-07-07,8,18282,East,19,3
2017-07-07,8,18283,West,16,3
2017-07-07,8,18284,North,51,3
2017-07-07,8,18285,South,22,3
2017-07-07,8,18286,East,19,3
2017-07-07,8,18287,West,16,3
2017-07-07,8,18288,North,51,3
2017-07-07,8,18289,South,22,3
2017-07-07,8,18290,East,19,3
2017-07-07,8,18291,West,16,3
2017-07-07,8,18292,North,51,3
2017-07-07,8,18293,South,22,3
2017-07-07,8,18294,East,19,3
2017-07-07,8,18295,West,16,3
2017-07-07,8,18296,North,51,3
2017-07-07,8,18297,South,22,3
2017-07-07,8,18298,East,19,3
2017-07-07,8,18299,West,16,3
2017-07-07,8,18300,North,51,3
2017-07-07,8,18301,South,22,3
2017-07-07,8,18302,East,19,3
2017-07-07,8,18303,West,16,3
2017-07-07,8,18304,North,51,3
2017-07-07,8,18305,South,22,3
2017-07-07,8,18306,East,19,3
2017-07-07,8,18307,West,16,3
2017-07-07,8,18308,North,51,3
2017-07-07,8,18309,South,22,3
2017-07-07,8,18310,East,19,3
2017-07-07,8,18311,West,16,3
2017-07-07,8,18312,North,51,3
2017-07-07,8,18313,South,22,3
2017-07-07,8,18314,East,19,3
2017-07-07,8,18315,West,16,3
2017-07-07,8,18316,North,51,3
2017-07-07,8,18317,South,22,3
2017-07-07,8,18318,East,19,3
2017-07-07,8,18319,West,16,3
2017-07-07,8,18320,North,51,3
2017-07-07,8,18321,South,22,3
2017-07-07,8,18322,East,19,3
2017-07-07,8,18323,West,16,3
2017-07-07,8,18324,North,51,3
2017-07-07,8,18325,South,22,3
2017-07-07,8,18326,East,19,3
2017-07-07,8,18327,West,16,3
2017-07-07,8,18328,North,51,3
2017-07-07,8,18329,South,22,3
2017-07-07,8,18330,East,19,3
2017-07-07,8,18331,West,16,3
2017-07-07,8,18332,North,51,3
2017-07-07,8,18333,South,22,3
2017-07-07,8,18334,East,19,3
2017-07-07,8,18335,West,16,3
2017-07-07,8,18336,North,51,3
2017-07-07,8,18337,South,22,3
2017-07-07,8,18338,East,19,3
2017-07-07,8,18339,West,16,3
2017-07-07,8,18340,North,51,3
2017-07-07,8,18341,South,22,3
2017-07-07,8,18342,East,19,3
2017-07-07,8,18343,West,16,3
2017-07-07,8,18344,North,51,3
2017-07-07,8,18345,South,22,3
2017-07-07,8,18346,East,19,3
2017-07-07,8,18347,West,16,3
2017-07-07,8,18348,North,51,3
2017-07-07,8,18349,South,22,3
2017-07-07,8,18350,East,19,3
2017-07-07,8,18351,West,16,3
2017-07-07,8,18352,North,51,3
2017-07-07,8,18353,South,22,3
2017-07-07,8,18354,East,19,3
2017-07-07,8,18355,West,16,3
2017-07-07,8,18356,North,51,3
2017-07-07,8,18357,South,22,3
2017-07-07,8,18358,East,19,3
2017-07-07,8,18359,West,16,3
2017-07-07,9,18360,North,50,3
2017-07-07,9,18361,South,23,3
2017-07-07,9,18362,East,19,3
2017-07-07,9,18363,West,16,3
2017-07-07,9,18364,North,50,3
2017-07-07,9,18365,South,23,3
2017-07-07,9,18366,East,19,3
2017-07-07,9,18367,West,16,3
2017-07-07,9,18368,North,50,3
2017-07-07,9,18369,South,23,3
2017-07-07,9,18370,East,19,3
2017-07-07,9,18371,West,16,3
2017-07-07,9,18372,North,50,3
2017-07-07,9,18373,South,23,3
2017-07-07,9,18374,East,19,3
2017-07-07,9,18375,West,16,3
2017-07-07,9,18376,North,50,3
2017-07-07,9,18377,South,23,3
2017-07-07,9,18378,East,19,3
2017-07-07,9,18379,West,16,3
2017-07-07,9,18380,North,50,3
2017-07-07,9,18381,South,23,3
2017-07-07,9,18382,East,19,3
2017-07-07,9,18383,West,16,3
2017-07-07,9,18384,North,50,3
2017-07-07,9,18385,South,23,3
2017-07-07,9,18386,East,19,3
2017-07-07,9,18387,West,16,3
2017-07-07,9,18388,North,50,3
2017-07-07,9,18389,South,23,3
2017-07-07,9,18390,East,19,3
2017-07-07,9,18391,West,16,3
2017-07-07,9,18392,North,50,3
2017-07-07,9,18393,South,23,3
2017-07-07,9,18394,East,19,3
2017-07-07,9,18395,West,16,3
2017-07-07,9,18396,North,50,3
2017-07-07,9,18397,South,23,3
2017-07-07,9,18398,East,19,3
2017-07-07,9,18399,West,16,3
2017-07-07,9,18400,North,50,3
2017-07-07,9,18401,South,23,3
2017-07-07,9,18402,East,19,3
2017-07-07,9,18403,West,16,3
2017-07-07,9,18404,North,50,3
2017-07-07,9,18405,South,23,3
2017-07-07,9,18406,East,19,3
2017-07-07,9,18407,West,16,3
2017-07-07,9,18408,North,50,3
2017-07-07,9,18409,South,23,3
2017-07-07,9,18410,East,19,3
2017-07-07,9,18411,West,16,3
2017-07-07,9,18412,North,50,3
2017-07-07,9,18413,South,23,3
2017-07-07,9,18414,East,19,3
2017-07-07,9,18415,West,16,3
2017-07-07,9,18416,North,50,3
2017-07-07,9,18417,South,23,3
2017-07-07,9,18418,East,19,3
2017-07-07,9,18419,West,16,3
2017-07-07,9,18420,North,50,3
2017-07-07,9,18421,South,23,3
2017-07-07,9,18422,East,19,3
2017-07-07,9,18423,West,16,3
2017-07-07,9,18424,North,50,3
2017-07-07,9,18425,South,23,3
2017-07-07,9,18426,East,19,3
2017-07-07,9,18427,West,16,3
2017-07-07,9,18428,North,50,3
2017-07-07,9,18429,South,23,3
2017-07-07,9,18430,East,19,3
2017-07-07,9,18431,West,16,3
2017-07-07,9,18432,North,50,3
2017-07-07,9,18433,South,23,3
2017-07-07,9,18434,East,19,3
2017-07-07,9,18435,West,16,3
2017-07-07,9,18436,North,50,3
2017-07-07,9,18437,South,23,3
2017-07-07,9,18438,East,19,3
2017-07-07,9,18439,West,16,3
2017-07-07,9,18440,North,50,3
2017-07-07,9,18441,South,23,3
2017-07-07,9,18442,East,19,3
2017-07-07,9,18443,West,16,3
2017-07-07,9,18444,North,50,3
2017-07-07,9,18445,South,23,3
2017-07-07,9,18446,East,19,3
2017-07-07,9,18447,West,16,3
2017-07-07,9,18448,North,50,3
2017-07-07,9,18449,South,23,3
2017-07-07,9,18450,East,19,3
2017-07-07,9,18451,West,16,3
2017-07-07,9,18452,North,50,3
2017-07-07,9,18453,South,23,3
2017-07-07,9,18454,East,19,3
2017-07-07,9,18455,West,16,3
2017-07-07,9,18456,North,50,3
2017-07-07,9,18457,South,23,3
2017-07-07,9,18458,East,19,3
2017-07-07,9,18459,West,16,3
2017-07-07,9,18460,North,50,3
2017-07-07,9,18461,South,23,3
2017-07-07,9,18462,East,19,3
2017-07-07,9,18463,West,16,3
2017-07-07,9,18464,North,50,3
2017-07-07,9,18465,South,23,3
2017-07-07,9,18466,East,19,3
2017-07-07,9,18467,West,16,3
2017-07-07,9,18468,North,50,3
2017-07-07,9,18469,South,23,3
2017-07-07,9,18470,East,19,3
2017-07-07,9,18471,West,16,3
2017-07-07,9,18472,North,50,3
2017-07-07,9,18473,South,23,3
2017-07-07,9,18474,East,19,3
2017-07-07,9,18475,West,16,3
2017-07-07,9,18476,North,50,3
2017-07-07,9,18477,South,23,3
2017-07-07,9,18478,East,19,3
2017-07-07,9,18479,West,16,3
2017-07-07,10,18480,North,48,3
2017-07-07,10,18481,South,21,3
2017-07-07,10,18482,East,22,3
2017-07-07,10,18483,West,17,3
2017-07-07,10,18484,North,48,3
2017-07-07,10,18485,South,21,3
2017-07-07,10,18486,East,22,3
2017-07-07,10,18487,West,17,3
2017-07-07,10,18488,North,48,3
2017-07-07,10,18489,South,21,3
2017-07-07,10,18490,East,22,3
2017-07-07,10,18491,West,17,3
2017-07-07,10,18492,North,48,3
2017-07-07,10,18493,South,21,3
2017-07-07,10,18494,East,22,3
2017-07-07,10,18495,West,17,3
2017-07-07,10,18496,North,48,3
2017-07-07,10,18497,South,21,3
2017-07-07,10,18498,East,22,3
2017-07-07,10,18499,West,17,3
2017-07-07,10,18500,North,48,3
2017-07-07,10,18501,South,21,3
2017-07-07,10,18502,East,22,3
2017-07-07,10,18503,West,17,3
2017-07-07,10,18504,North,48,3
2017-07-07,10,18505,South,21,3
2017-07-07,10,18506,East,22,3
2017-07-07,10,18507,West,17,3
2017-07-07,10,18508,North,48,3
2017-07-07,10,18509,South,21,3
2017-07-07,10,18510,East,22,3
2017-07-07,10,18511,West,17,3
2017-07-07,10,18512,North,48,3
2017-07-07,10,18513,South,21,3
2017-07-07,10,18514,East,22,3
2017-07-07,10,18515,West,17,3
2017-07-07,10,18516,North,48,3
2017-07-07,10,18517,South,21,3
2017-07-07,10,18518,East,22,3
2017-07-07,10,18519,West,17,3
2017-07-07,10,18520,North,48,3
2017-07-07,10,18521,South,21,3
2017-07-07,10,18522,East,22,3
2017-07-07,10,18523,West,17,3
2017-07-07,10,18524,North,48,3
2017-07-07,10,18525,South,21,3
2017-07-07,10,18526,East,22,3
2017-07-07,10,18527,West,17,3
2017-07-07,10,18528,North,48,3
2017-07-07,10,18529,South,21,3
2017-07-07,10,18530,East,22,3
2017-07-07,10,18531,West,17,3
2017-07-07,10,18532,North,48,3
2017-07-07,10,18533,South,21,3
2017-07-07,10,18534,East,22,3
2017-07-07,10,18535,West,17,3
2017-07-07,10,18536,North,48,3
2017-07-07,10,18537,South,21,3
2017-07-07,10,18538,East,22,3
2017-07-07,10,18539,West,17,3
2017-07-07,10,18540,North,48,3
2017-07-07,10,18541,South,21,3
2017-07-07,10,18542,East,22,3
2017-07-07,10,18543,West,17,3
2017-07-07,10,18544,North,48,3
2017-07-07,10,18545,South,21,3
2017-07-07,10,18546,East,22,3
2017-07-07,10,18547,West,17,3
2017-07-07,10,18548,North,48,3
2017-07-07,10,18549,South,21,3
2017-07-07,10,18550,East,22,3
2017-07-07,10,18551,West,17,3
2017-07-07,10,18552,North,48,3
2017-07-07,10,18553,South,21,3
2017-07-07,10,18554,East,22,3
2017-07-07,10,18555,West,17,3
2017-07-07,10,18556,North,48,3
2017-07-07,10,18557,South,21,3
2017-07-07,10,18558,East,22,3
2017-07-07,10,18559,West,17,3
2017-07-07,10,18560,North,48,3
2017-07-07,10,18561,South,21,3
2017-07-07,10,18562,East,22,3
2017-07-07,10,18563,West,17,3
2017-07-07,10,18564,North,48,3
2017-07-07,10,18565,South,21,3
2017-07-07,10,18566,East,22,3
2017-07-07,10,18567,West,17,3
2017-07-07,10,18568,North,48,3
2017-07-07,10,18569,South,21,3
2017-07-07,10,18570,East,22,3
2017-07-07,10,18571,West,17,3
2017-07-07,10,18572,North,48,3
2017-07-07,10,18573,South,21,3
2017-07-07,10,18574,East,22,3
2017-07-07,10,18575,West,17,3
2017-07-07,10,18576,North,48,3
2017-07-07,10,18577,South,21,3
2017-07-07,10,18578,East,22,3
2017-07-07,10,18579,West,17,3
2017-07-07,10,18580,North,48,3
2017-07-07,10,18581,South,21,3
2017-07-07,10,18582,East,22,3
2017-07-07,10,18583,West,17,3
2017-07-07,10,18584,North,48,3
2017-07-07,10,18585,South,21,3
2017-07-07,10,18586,East,22,3
2017-07-07,10,18587,West,17,3
2017-07-07,10,18588,North,48,3
2017-07-07,10,18589,South,21,3
2017-07-07,10,18590,East,22,3
2017-07-07,10,18591,West,17,3
2017-07-07,10,18592,North,48,3
2017-07-07,10,18593,South,21,3
2017-07-07,10,18594,East,22,3
2017-07-07,10,18595,West,17,3
2017-07-07,10,18596,North,48,3
2017-07-07,10,18597,South,21,3
2017-07-07,10,18598,East,22,3
2017-07-07,10,18599,West,17,3
2017-07-07,11,18600,North,42,3
2017-07-07,11,18601,South,24,3
2017-07-07,11,18602,East,25,3
2017-07-07,11,18603,West,17,3
2017-07-07,11,18604,North,42,3
2017-07-07,11,18605,South,24,3
2017-07-07,11,18606,East,25,3
2017-07-07,11,18607,West,17,3
2017-07-07,11,18608,North,42,3
2017-07-07,11,18609,South,24,3
2017-07-07,11,18610,East,25,3
2017-07-07,11,18611,West,17,3
2017-07-07,11,18612,North,42,3
2017-07-07,11,18613,South,24,3
2017-07-07,11,18614,East,25,3
2017-07-07,11,18615,West,17,3
2017-07-07,11,18616,North,42,3
2017-07-07,11,18617,South,24,3
2017-07-07,11,18618,East,25,3
2017-07-07,11,18619,West,17,3
2017-07-07,11,18620,North,42,3
2017-07-07,11,18621,South,24,3
2017-07-07,11,18622,East,25,3
2017-07-07,11,18623,West,17,3
2017-07-07,11,18624,North,42,3
2017-07-07,11,18625,South,24,3
2017-07-07,11,18626,East,25,3
2017-07-07,11,18627,West,17,3
2017-07-07,11,18628,North,42,3
2017-07-07,11,18629,South,24,3
2017-07-07,11,18630,East,25,3
2017-07-07,11,18631,West,17,3
2017-07-07,11,18632,North,42,3
2017-07-07,11,18633,South,24,3
2017-07-07,11,18634,East,25,3
2017-07-07,11,18635,West,17,3
2017-07-07,11,18636,North,42,3
2017-07-07,11,18637,South,24,3
2017-07-07,11,18638,East,25,3
2017-07-07,11,18639,West,17,3
2017-07-07,11,18640,North,42,3
2017-07-07,11,18641,South,24,3
2017-07-07,11,18642,East,25,3
2017-07-07,11,18643,West,17,3
2017-07-07,11,18644,North,42,3
2017-07-07,11,18645,South,24,3
2017-07-07,11,18646,East,25,3
2017-07-07,11,18647,West,17,3
2017-07-07,11,18648,North,42,3
2017-07-07,11,18649,South,24,3
2017-07-07,11,18650,East,25,3
2017-07-07,11,18651,West,17,3
2017-07-07,11,18652,North,42,3
2017-07-07,11,18653,South,24,3
2017-07-07,11,18654,East,25,3
2017-07-07,11,18655,West,17,3
2017-07-07,11,18656,North,42,3
2017-07-07,11,18657,South,24,3
2017-07-07,11,18658,East,25,3
2017-07-07,11,18659,West,17,3
2017-07-07,11,18660,North,42,3
2017-07-07,11,18661,South,24,3
2017-07-07,11,18662,East,25,3
2017-07-07,11,18663,West,17,3
2017-07-07,11,18664,North,42,3
2017-07-07,11,18665,South,24,3
2017-07-07,11,18666,East,25,3
2017-07-07,11,18667,West,17,3
2017-07-07,11,18668,North,42,3
2017-07-07,11,18669,South,24,3
2017-07-07,11,18670,East,25,3
2017-07-07,11,18671,West,17,3
2017-07-07,11,18672,North,42,3
2017-07-07,11,18673,South,24,3
2017-07-07,11,18674,East,25,3
2017-07-07,11,18675,West,17,3
2017-07-07,11,18676,North,42,3
2017-07-07,11,18677,South,24,3
2017-07-07,11,18678,East,25,3
2017-07-07,11,18679,West,17,3
2017-07-07,11,18680,North,42,3
2017-07-07,11,18681,South,24,3
2017-07-07,11,18682,East,25,3
2017-07-07,11,18683,West,17,3
2017-07-07,11,18684,North,42,3
2017-07-07,11,18685,South,24,3
2017-07-07,11,18686,East,25,3
2017-07-07,11,18687,West,17,3
2017-07-07,11,18688,North,42,3
2017-07-07,11,18689,South,24,3
2017-07-07,11,18690,East,25,3
2017-07-07,11,18691,West,17,3
2017-07-07,11,18692,North,42,3
2017-07-07,11,18693,South,24,3
2017-07-07,11,18694,East,25,3
2017-07-07,11,18695,West,17,3
2017-07-07,11,18696,North,42,3
2017-07-07,11,18697,South,24,3
2017-07-07,11,18698,East,25,3
2017-07-07,11,18699,West,17,3
2017-07-07,11,18700,North,42,3
2017-07-07,11,18701,South,24,3
2017-07-07,11,18702,East,25,3
2017-07-07,11,18703,West,17,3
2017-07-07,11,18704,North,42,3
2017-07-07,11,18705,South,24,3
2017-07-07,11,18706,East,25,3
2017-07-07,11,18707,West,17,3
2017-07-07,11,18708,North,42,3
2017-07-07,11,18709,South,24,3
2017-07-07,11,18710,East,25,3
2017-07-07,11,18711,West,17,3
2017-07-07,11,18712,North,42,3
2017-07-07,11,18713,South,24,3
2017-07-07,11,18714,East,25,3
2017-07-07,11,18715,West,17,3
2017-07-07,11,18716,North,42,3
2017-07-07,11,18717,South,24,3
2017-07-07,11,18718,East,25,3
2017-07-07,11,18719,West,17,3
2017-07-07,12,18720,North,41,3
2017-07-07,12,18721,South,23,3
2017-07-07,12,18722,East,26,3
2017-07-07,12,18723,West,18,3
2017-07-07,12,18724,North,41,3
2017-07-07,12,18725,South,23,3
2017-07-07,12,18726,East,26,3
2017-07-07,12,18727,West,18,3
2017-07-07,12,18728,North,41,3
2017-07-07,12,18729,South,23,3
2017-07-07,12,18730,East,26,3
2017-07-07,12,18731,West,18,3
2017-07-07,12,18732,North,41,3
2017-07-07,12,18733,South,23,3
2017-07-07,12,18734,East,26,3
2017-07-07,12,18735,West,18,3
2017-07-07,12,18736,North,41,3
2017-07-07,12,18737,South,23,3
2017-07-07,12,18738,East,26,3
2017-07-07,12,18739,West,18,3
2017-07-07,12,18740,North,41,3
2017-07-07,12,18741,South,23,3
2017-07-07,12,18742,East,26,3
2017-07-07,12,18743,West,18,3
2017-07-07,12,18744,North,41,3
2017-07-07,12,18745,South,23,3
2017-07-07,12,18746,East,26,3
2017-07-07,12,18747,West,18,3
2017-07-07,12,18748,North,41,3
2017-07-07,12,18749,South,23,3
2017-07-07,12,18750,East,26,3
2017-07-07,12,18751,West,18,3
2017-07-07,12,18752,North,41,3
2017-07-07,12,18753,South,23,3
2017-07-07,12,18754,East,26,3
2017-07-07,12,18755,West,18,3
2017-07-07,12,18756,North,41,3
2017-07-07,12,18757,South,23,3
2017-07-07,12,18758,East,26,3
2017-07-07,12,18759,West,18,3
2017-07-07,12,18760,North,41,3
2017-07-07,12,18761,South,23,3
2017-07-07,12,18762,East,26,3
2017-07-07,12,18763,West,18,3
2017-07-07,12,18764,North,41,3
2017-07-07,12,18765,South,23,3
2017-07-07,12,18766,East,26,3
2017-07-07,12,18767,West,18,3
2017-07-07,12,18768,North,41,3
2017-07-07,12,18769,South,23,3
2017-07-07,12,18770,East,26,3
2017-07-07,12,18771,West,18,3
2017-07-07,12,18772,North,41,3
2017-07-07,12,18773,South,23,3
2017-07-07,12,18774,East,26,3
2017-07-07,12,18775,West,18,3
2017-07-07,12,18776,North,41,3
2017-07-07,12,18777,South,23,3
2017-07-07,12,18778,East,26,3
2017-07-07,12,18779,West,18,3
2017-07-07,12,18780,North,41,3
2017-07-07,12,18781,South,23,3
2017-07-07,12,18782,East,26,3
2017-07-07,12,18783,West,18,3
2017-07-07,12,18784,North,41,3
2017-07-07,12,18785,South,23,3
2017-07-07,12,18786,East,26,3
2017-07-07,12,18787,West,18,3
2017-07-07,12,18788,North,41,3
2017-07-07,12,18789,South,23,3
2017-07-07,12,18790,East,26,3
2017-07-07,12,18791,West,18,3
2017-07-07,12,18792,North,41,3
2017-07-07,12,18793,South,23,3
2017-07-07,12,18794,East,26,3
2017-07-07,12,18795,West,18,3
2017-07-07,12,18796,North,41,3
2017-07-07,12,18797,South,23,3
2017-07-07,12,18798,East,26,3
2017-07-07,12,18799,West,18,3
2017-07-07,12,18800,North,41,3
2017-07-07,12,18801,South,23,3
2017-07-07,12,18802,East,26,3
2017-07-07,12,18803,West,18,3
2017-07-07,12,18804,North,41,3
2017-07-07,12,18805,South,23,3
2017-07-07,12,18806,East,26,3
2017-07-07,12,18807,West,18,3
2017-07-07,12,18808,North,41,3
2017-07-07,12,18809,South,23,3
2017-07-07,12,18810,East,26,3
2017-07-07,12,18811,West,18,3
2017-07-07,12,18812,North,41,3
2017-07-07,12,18813,South,23,3
2017-07-07,12,18814,East,26,3
2017-07-07,12,18815,West,18,3
2017-07-07,12,18816,North,41,3
2017-07-07,12,18817,South,23,3
2017-07-07,12,18818,East,26,3
2017-07-07,12,18819,West,18,3
2017-07-07,12,18820,North,41,3
2017-07-07,12,18821,South,23,3
2017-07-07,12,18822,East,26,3
2017-07-07,12,18823,West,18,3
2017-07-07,12,18824,North,41,3
2017-07-07,12,18825,South,23,3
2017-07-07,12,18826,East,26,3
2017-07-07,12,18827,West,18,3
2017-07-07,12,18828,North,41,3
2017-07-07,12,18829,South,23,3
2017-07-07,12,18830,East,26,3
2017-07-07,12,18831,West,18,3
2017-07-07,12,18832,North,41,3
2017-07-07,12,18833,South,23,3
2017-07-07,12,18834,East,26,3
2017-07-07,12,18835,West,18,3
2017-07-07,12,18836,North,41,3
2017-07-07,12,18837,South,23,3
2017-07-07,12,18838,East,26,3
2017-07-07,12,18839,West,18,3
2017-07-07,13,18840,North,47,3
2017-07-07,13,18841,South,22,3
2017-07-07,13,18842,East,23,3
2017-07-07,13,18843,West,16,3
2017-07-07,13,18844,North,47,3
2017-07-07,13,18845,South,22,3
2017-07-07,13,18846,East,23,3
2017-07-07,13,18847,West,16,3
2017-07-07,13,18848,North,47,3
2017-07-07,13,18849,South,22,3
2017-07-07,13,18850,East,23,3
2017-07-07,13,18851,West,16,3
2017-07-07,13,18852,North,47,3
2017-07-07,13,18853,South,22,3
2017-07-07,13,18854,East,23,3
2017-07-07,13,18855,West,16,3
2017-07-07,13,18856,North,47,3
2017-07-07,13,18857,South,22,3
2017-07-07,13,18858,East,23,3
2017-07-07,13,18859,West,16,3
2017-07-07,13,18860,North,47,3
2017-07-07,13,18861,South,22,3
2017-07-07,13,18862,East,23,3
2017-07-07,13,18863,West,16,3
2017-07-07,13,18864,North,47,3
2017-07-07,13,18865,South,22,3
2017-07-07,13,18866,East,23,3
2017-07-07,13,18867,West,16,3
2017-07-07,13,18868,North,47,3
2017-07-07,13,18869,South,22,3
2017-07-07,13,18870,East,23,3
2017-07-07,13,18871,West,16,3
2017-07-07,13,18872,North,47,3
2017-07-07,13,18873,South,22,3
2017-07-07,13,18874,East,23,3
2017-07-07,13,18875,West,16,3
2017-07-07,13,18876,North,47,3
2017-07-07,13,18877,South,22,3
2017-07-07,13,18878,East,23,3
2017-07-07,13,18879,West,16,3
2017-07-07,13,18880,North,47,3
2017-07-07,13,18881,South,22,3
2017-07-07,13,18882,East,23,3
2017-07-07,13,18883,West,16,3
2017-07-07,13,18884,North,47,3
2017-07-07,13,18885,South,22,3
2017-07-07,13,18886,East,23,3
2017-07-07,13,18887,West,16,3
2017-07-07,13,18888,North,47,3
2017-07-07,13,18889,South,22,3
2017-07-07,13,18890,East,23,3
2017-07-07,13,18891,West,16,3
2017-07-07,13,18892,North,47,3
2017-07-07,13,18893,South,22,3
2017-07-07,13,18894,East,23,3
2017-07-07,13,18895,West,16,3
2017-07-07,13,18896,North,47,3
2017-07-07,13,18897,South,22,3
2017-07-07,13,18898,East,23,3
2017-07-07,13,18899,West,16,3
2017-07-07,13,18900,North,47,3
2017-07-07,13,18901,South,22,3
2017-07-07,13,18902,East,23,3
2017-07-07,13,18903,West,16,3
2017-07-07,13,18904,North,47,3
2017-07-07,13,18905,South,22,3
2017-07-07,13,18906,East,23,3
2017-07-07,13,18907,West,16,3
2017-07-07,13,18908,North,47,3
2017-07-07,13,18909,South,22,3
2017-07-07,13,18910,East,23,3
2017-07-07,13,18911,West,16,3
2017-07-07,13,18912,North,47,3
2017-07-07,13,18913,South,22,3
2017-07-07,13,18914,East,23,3
2017-07-07,13,18915,West,16,3
2017-07-07,13,18916,North,47,3
2017-07-07,13,18917,South,22,3
2017-07-07,13,18918,East,23,3
2017-07-07,13,18919,West,16,3
2017-07-07,13,18920,North,47,3
2017-07-07,13,18921,South,22,3
2017-07-07,13,18922,East,23,3
2017-07-07,13,18923,West,16,3
2017-07-07,13,18924,North,47,3
2017-07-07,13,18925,South,22,3
2017-07-07,13,18926,East,23,3
2017-07-07,13,18927,West,16,3
2017-07-07,13,18928,North,47,3
2017-07-07,13,18929,South,22,3
2017-07-07,13,18930,East,23,3
2017-07-07,13,18931,West,16,3
2017-07-07,13,18932,North,47,3
2017-07-07,13,18933,South,22,3
2017-07-07,13,18934,East,23,3
2017-07-07,13,18935,West,16,3
2017-07-07,13,18936,North,47,3
2017-07-07,13,18937,South,22,3
2017-07-07,13,18938,East,23,3
2017-07-07,13,18939,West,16,3
2017-07-07,13,18940,North,47,3
2017-07-07,13,18941,South,22,3
2017-07-07,13,18942,East,23,3
2017-07-07,13,18943,West,16,3
2017-07-07,13,18944,North,47,3
2017-07-07,13,18945,South,22,3
2017-07-07,13,18946,East,23,3
2017-07-07,13,18947,West,16,3
2017-07-07,13,18948,North,47,3
2017-07-07,13,18949,South,22,3
2017-07-07,13,18950,East,23,3
2017-07-07,13,18951,West,16,3
2017-07-07,13,18952,North,47,3
2017-07-07,13,18953,South,22,3
2017-07-07,13,18954,East,23,3
2017-07-07,13,18955,West,16,3
2017-07-07,13,18956,North,47,3
2017-07-07,13,18957,South,22,3
2017-07-07,13,18958,East,23,3
2017-07-07,13,18959,West,16,3
2017-07-07,14,18960,North,42,3
2017-07-07,14,18961,South,25,3
2017-07-07,14,18962,East,24,3
2017-07-07,14,18963,West,17,3
2017-07-07,14,18964,North,42,3
2017-07-07,14,18965,South,25,3
2017-07-07,14,18966,East,24,3
2017-07-07,14,18967,West,17,3
2017-07-07,14,18968,North,42,3
2017-07-07,14,18969,South,25,3
2017-07-07,14,18970,East,24,3
2017-07-07,14,18971,West,17,3
2017-07-07,14,18972,North,42,3
2017-07-07,14,18973,South,25,3
2017-07-07,14,18974,East,24,3
2017-07-07,14,18975,West,17,3
2017-07-07,14,18976,North,42,3
2017-07-07,14,18977,South,25,3
2017-07-07,14,18978,East,24,3
2017-07-07,14,18979,West,17,3
2017-07-07,14,18980,North,42,3
2017-07-07,14,18981,South,25,3
2017-07-07,14,18982,East,24,3
2017-07-07,14,18983,West,17,3
2017-07-07,14,18984,North,42,3
2017-07-07,14,18985,South,25,3
2017-07-07,14,18986,East,24,3
2017-07-07,14,18987,West,17,3
2017-07-07,14,18988,North,42,3
2017-07-07,14,18989,South,25,3
2017-07-07,14,18990,East,24,3
2017-07-07,14,18991,West,17,3
2017-07-07,14,18992,North,42,3
2017-07-07,14,18993,South,25,3
2017-07-07,14,18994,East,24,3
2017-07-07,14,18995,West,17,3
2017-07-07,14,18996,North,42,3
2017-07-07,14,18997,South,25,3
2017-07-07,14,18998,East,24,3
2017-07-07,14,18999,West,17,3
2017-07-07,14,19000,North,42,3
2017-07-07,14,19001,South,25,3
2017-07-07,14,19002,East,24,3
2017-07-07,14,19003,West,17,3
2017-07-07,14,19004,North,42,3
2017-07-07,14,19005,South,25,3
2017-07-07,14,19006,East,24,3
2017-07-07,14,19007,West,17,3
2017-07-07,14,19008,North,42,3
2017-07-07,14,19009,South,25,3
2017-07-07,14,19010,East,24,3
2017-07-07,14,19011,West,17,3
2017-07-07,14,19012,North,42,3
2017-07-07,14,19013,South,25,3
2017-07-07,14,19014,East,24,3
2017-07-07,14,19015,West,17,3
2017-07-07,14,19016,North,42,3
2017-07-07,14,19017,South,25,3
2017-07-07,14,19018,East,24,3
2017-07-07,14,19019,West,17,3
2017-07-07,14,19020,North,42,3
2017-07-07,14,19021,South,25,3
2017-07-07,14,19022,East,24,3
2017-07-07,14,19023,West,17,3
2017-07-07,14,19024,North,42,3
2017-07-07,14,19025,South,25,3
2017-07-07,14,19026,East,24,3
2017-07-07,14,19027,West,17,3
2017-07-07,14,19028,North,42,3
2017-07-07,14,19029,South,25,3
2017-07-07,14,19030,East,24,3
2017-07-07,14,19031,West,17,3
2017-07-07,14,19032,North,42,3
2017-07-07,14,19033,South,25,3
2017-07-07,14,19034,East,24,3
2017-07-07,14,19035,West,17,3
2017-07-07,14,19036,North,42,3
2017-07-07,14,19037,South,25,3
2017-07-07,14,19038,East,24,3
2017-07-07,14,19039,West,17,3
2017-07-07,14,19040,North,42,3
2017-07-07,14,19041,South,25,3
2017-07-07,14,19042,East,24,3
2017-07-07,14,19043,West,17,3
2017-07-07,14,19044,North,42,3
2017-07-07,14,19045,South,25,3
2017-07-07,14,19046,East,24,3
2017-07-07,14,19047,West,17,3
2017-07-07,14,19048,North,42,3
2017-07-07,14,19049,South,25,3
2017-07-07,14,19050,East,24,3
2017-07-07,14,19051,West,17,3
2017-07-07,14,19052,North,42,3
2017-07-07,14,19053,South,25,3
2017-07-07,14,19054,East,24,3
2017-07-07,14,19055,West,17,3
2017-07-07,14,19056,North,42,3
2017-07-07,14,19057,South,25,3
2017-07-07,14,19058,East,24,3
2017-07-07,14,19059,West,17,3
2017-07-07,14,19060,North,42,3
2017-07-07,14,19061,South,25,3
2017-07-07,14,19062,East,24,3
2017-07-07,14,19063,West,17,3
2017-07-07,14,19064,North,42,3
2017-07-07,14,19065,South,25,3
2017-07-07,14,19066,East,24,3
2017-07-07,14,19067,West,17,3
2017-07-07,14,19068,North,42,3
2017-07-07,14,19069,South,25,3
2017-07-07,14,19070,East,24,3
2017-07-07,14,19071,West,17,3
2017-07-07,14,19072,North,42,3
2017-07-07,14,19073,South,25,3
2017-07-07,14,19074,East,24,3
2017-07-07,14,19075,West,17,3
2017-07-07,14,19076,North,42,3
2017-07-07,14,19077,South,25,3
2017-07-07,14,19078,East,24,3
2017-07-07,14,19079,West,17,3
2017-07-07,15,19080,North,43,3
2017-07-07,15,19081,South,24,3
2017-07-07,15,19082,East,24,3
2017-07-07,15,19083,West,17,3
2017-07-07,15,19084,North,43,3
2017-07-07,15,19085,South,24,3
2017-07-07,15,19086,East,24,3
2017-07-07,15,19087,West,17,3
2017-07-07,15,19088,North,43,3
2017-07-07,15,19089,South,24,3
2017-07-07,15,19090,East,24,3
2017-07-07,15,19091,West,17,3
2017-07-07,15,19092,North,43,3
2017-07-07,15,19093,South,24,3
2017-07-07,15,19094,East,24,3
2017-07-07,15,19095,West,17,3
2017-07-07,15,19096,North,43,3
2017-07-07,15,19097,South,24,3
2017-07-07,15,19098,East,24,3
2017-07-07,15,19099,West,17,3
2017-07-07,15,19100,North,43,3
2017-07-07,15,19101,South,24,3
2017-07-07,15,19102,East,24,3
2017-07-07,15,19103,West,17,3
2017-07-07,15,19104,North,43,3
2017-07-07,15,19105,South,24,3
2017-07-07,15,19106,East,24,3
2017-07-07,15,19107,West,17,3
2017-07-07,15,19108,North,43,3
2017-07-07,15,19109,South,24,3
2017-07-07,15,19110,East,24,3
2017-07-07,15,19111,West,17,3
2017-07-07,15,19112,North,43,3
2017-07-07,15,19113,South,24,3
2017-07-07,15,19114,East,24,3
2017-07-07,15,19115,West,17,3
2017-07-07,15,19116,North,43,3
2017-07-07,15,19117,South,24,3
2017-07-07,15,19118,East,24,3
2017-07-07,15,19119,West,17,3
2017-07-07,15,19120,North,43,3
2017-07-07,15,19121,South,24,3
2017-07-07,15,19122,East,24,3
2017-07-07,15,19123,West,17,3
2017-07-07,15,19124,North,43,3
2017-07-07,15,19125,South,24,3
2017-07-07,15,19126,East,24,3
2017-07-07,15,19127,West,17,3
2017-07-07,15,19128,North,43,3
2017-07-07,15,19129,South,24,3
2017-07-07,15,19130,East,24,3
2017-07-07,15,19131,West,17,3
2017-07-07,15,19132,North,43,3
2017-07-07,15,19133,South,24,3
2017-07-07,15,19134,East,24,3
2017-07-07,15,19135,West,17,3
2017-07-07,15,19136,North,43,3
2017-07-07,15,19137,South,24,3
2017-07-07,15,19138,East,24,3
2017-07-07,15,19139,West,17,3
2017-07-07,15,19140,North,43,3
2017-07-07,15,19141,South,24,3
2017-07-07,15,19142,East,24,3
2017-07-07,15,19143,West,17,3
2017-07-07,15,19144,North,43,3
2017-07-07,15,19145,South,24,3
2017-07-07,15,19146,East,24,3
2017-07-07,15,19147,West,17,3
2017-07-07,15,19148,North,43,3
2017-07-07,15,19149,South,24,3
2017-07-07,15,19150,East,24,3
2017-07-07,15,19151,West,17,3
2017-07-07,15,19152,North,43,3
2017-07-07,15,19153,South,24,3
2017-07-07,15,19154,East,24,3
2017-07-07,15,19155,West,17,3
2017-07-07,15,19156,North,43,3
2017-07-07,15,19157,South,24,3
2017-07-07,15,19158,East,24,3
2017-07-07,15,19159,West,17,3
2017-07-07,15,19160,North,43,3
2017-07-07,15,19161,South,24,3
2017-07-07,15,19162,East,24,3
2017-07-07,15,19163,West,17,3
2017-07-07,15,19164,North,43,3
2017-07-07,15,19165,South,24,3
2017-07-07,15,19166,East,24,3
2017-07-07,15,19167,West,17,3
2017-07-07,15,19168,North,43,3
2017-07-07,15,19169,South,24,3
2017-07-07,15,19170,East,24,3
2017-07-07,15,19171,West,17,3
2017-07-07,15,19172,North,43,3
2017-07-07,15,19173,South,24,3
2017-07-07,15,19174,East,24,3
2017-07-07,15,19175,West,17,3
2017-07-07,15,19176,North,43,3
2017-07-07,15,19177,South,24,3
2017-07-07,15,19178,East,24,3
2017-07-07,15,19179,West,17,3
2017-07-07,15,19180,North,43,3
2017-07-07,15,19181,South,24,3
2017-07-07,15,19182,East,24,3
2017-07-07,15,19183,West,17,3
2017-07-07,15,19184,North,43,3
2017-07-07,15,19185,South,24,3
2017-07-07,15,19186,East,24,3
2017-07-07,15,19187,West,17,3
2017-07-07,15,19188,North,43,3
2017-07-07,15,19189,South,24,3
2017-07-07,15,19190,East,24,3
2017-07-07,15,19191,West,17,3
2017-07-07,15,19192,North,43,3
2017-07-07,15,19193,South,24,3
2017-07-07,15,19194,East,24,3
2017-07-07,15,19195,West,17,3
2017-07-07,15,19196,North,43,3
2017-07-07,15,19197,South,24,3
2017-07-07,15,19198,East,24,3
2017-07-07,15,19199,West,17,3
2017-07-07,16,19200,North,49,3
2017-07-07,16,19201,South,21,3
2017-07-07,16,19202,East,21,3
2017-07-07,16,19203,West,17,3
2017-07-07,16,19204,North,49,3
2017-07-07,16,19205,South,21,3
2017-07-07,16,19206,East,21,3
2017-07-07,16,19207,West,17,3
2017-07-07,16,19208,North,49,3
2017-07-07,16,19209,South,21,3
2017-07-07,16,19210,East,21,3
2017-07-07,16,19211,West,17,3
2017-07-07,16,19212,North,49,3
2017-07-07,16,19213,South,21,3
2017-07-07,16,19214,East,21,3
2017-07-07,16,19215,West,17,3
2017-07-07,16,19216,North,49,3
2017-07-07,16,19217,South,21,3
2017-07-07,16,19218,East,21,3
2017-07-07,16,19219,West,17,3
2017-07-07,16,19220,North,49,3
2017-07-07,16,19221,South,21,3
2017-07-07,16,19222,East,21,3
2017-07-07,16,19223,West,17,3
2017-07-07,16,19224,North,49,3
2017-07-07,16,19225,South,21,3
2017-07-07,16,19226,East,21,3
2017-07-07,16,19227,West,17,3
2017-07-07,16,19228,North,49,3
2017-07-07,16,19229,South,21,3
2017-07-07,16,19230,East,21,3
2017-07-07,16,19231,West,17,3
2017-07-07,16,19232,North,49,3
2017-07-07,16,19233,South,21,3
2017-07-07,16,19234,East,21,3
2017-07-07,16,19235,West,17,3
2017-07-07,16,19236,North,49,3
2017-07-07,16,19237,South,21,3
2017-07-07,16,19238,East,21,3
2017-07-07,16,19239,West,17,3
2017-07-07,16,19240,North,49,3
2017-07-07,16,19241,South,21,3
2017-07-07,16,19242,East,21,3
2017-07-07,16,19243,West,17,3
2017-07-07,16,19244,North,49,3
2017-07-07,16,19245,South,21,3
2017-07-07,16,19246,East,21,3
2017-07-07,16,19247,West,17,3
2017-07-07,16,19248,North,49,3
2017-07-07,16,19249,South,21,3
2017-07-07,16,19250,East,21,3
2017-07-07,16,19251,West,17,3
2017-07-07,16,19252,North,49,3
2017-07-07,16,19253,South,21,3
2017-07-07,16,19254,East,21,3
2017-07-07,16,19255,West,17,3
2017-07-07,16,19256,North,49,3
2017-07-07,16,19257,South,21,3
2017-07-07,16,19258,East,21,3
2017-07-07,16,19259,West,17,3
2017-07-07,16,19260,North,49,3
2017-07-07,16,19261,South,21,3
2017-07-07,16,19262,East,21,3
2017-07-07,16,19263,West,17,3
2017-07-07,16,19264,North,49,3
2017-07-07,16,19265,South,21,3
2017-07-07,16,19266,East,21,3
2017-07-07,16,19267,West,17,3
2017-07-07,16,19268,North,49,3
2017-07-07,16,19269,South,21,3
2017-07-07,16,19270,East,21,3
2017-07-07,16,19271,West,17,3
2017-07-07,16,19272,North,49,3
2017-07-07,16,19273,South,21,3
2017-07-07,16,19274,East,21,3
2017-07-07,16,19275,West,17,3
2017-07-07,16,19276,North,49,3
2017-07-07,16,19277,South,21,3
2017-07-07,16,19278,East,21,3
2017-07-07,16,19279,West,17,3
2017-07-07,16,19280,North,49,3
2017-07-07,16,19281,South,21,3
2017-07-07,16,19282,East,21,3
2017-07-07,16,19283,West,17,3
2017-07-07,16,19284,North,49,3
2017-07-07,16,19285,South,21,3
2017-07-07,16,19286,East,21,3
2017-07-07,16,19287,West,17,3
2017-07-07,16,19288,North,49,3
2017-07-07,16,19289,South,21,3
2017-07-07,16,19290,East,21,3
2017-07-07,16,19291,West,17,3
2017-07-07,16,19292,North,49,3
2017-07-07,16,19293,South,21,3
2017-07-07,16,19294,East,21,3
2017-07-07,16,19295,West,17,3
2017-07-07,16,19296,North,49,3
2017-07-07,16,19297,South,21,3
2017-07-07,16,19298,East,21,3
2017-07-07,16,19299,West,17,3
2017-07-07,16,19300,North,49,3
2017-07-07,16,19301,South,21,3
2017-07-07,16,19302,East,21,3
2017-07-07,16,19303,West,17,3
2017-07-07,16,19304,North,49,3
2017-07-07,16,19305,South,21,3
2017-07-07,16,19306,East,21,3
2017-07-07,16,19307,West,17,3
2017-07-07,16,19308,North,49,3
2017-07-07,16,19309,South,21,3
2017-07-07,16,19310,East,21,3
2017-07-07,16,19311,West,17,3
2017-07-07,16,19312,North,49,3
2017-07-07,16,19313,South,21,3
2017-07-07,16,19314,East,21,3
2017-07-07,16,19315,West,17,3
2017-07-07,16,19316,North,49,3
2017-07-07,16,19317,South,21,3
2017-07-07,16,19318,East,21,3
2017-07-07,16,19319,West,17,3
2017-07-07,17,19320,North,48,3
2017-07-07,17,19321,South,22,3
2017-07-07,17,19322,East,21,3
2017-07-07,17,19323,West,17,3
2017-07-07,17,19324,North,48,3
2017-07-07,17,19325,South,22,3
2017-07-07,17,19326,East,21,3
2017-07-07,17,19327,West,17,3
2017-07-07,17,19328,North,48,3
2017-07-07,17,19329,South,22,3
2017-07-07,17,19330,East,21,3
2017-07-07,17,19331,West,17,3
2017-07-07,17,19332,North,48,3
2017-07-07,17,19333,South,22,3
2017-07-07,17,19334,East,21,3
2017-07-07,17,19335,West,17,3
2017-07-07,17,19336,North,48,3
2017-07-07,17,19337,South,22,3
2017-07-07,17,19338,East,21,3
2017-07-07,17,19339,West,17,3
2017-07-07,17,19340,North,48,3
2017-07-07,17,19341,South,22,3
2017-07-07,17,19342,East,21,3
2017-07-07,17,19343,West,17,3
2017-07-07,17,19344,North,48,3
2017-07-07,17,19345,South,22,3
2017-07-07,17,19346,East,21,3
2017-07-07,17,19347,West,17,3
2017-07-07,17,19348,North,48,3
2017-07-07,17,19349,South,22,3
2017-07-07,17,19350,East,21,3
2017-07-07,17,19351,West,17,3
2017-07-07,17,19352,North,48,3
2017-07-07,17,19353,South,22,3
2017-07-07,17,19354,East,21,3
2017-07-07,17,19355,West,17,3
2017-07-07,17,19356,North,48,3
2017-07-07,17,19357,South,22,3
2017-07-07,17,19358,East,21,3
2017-07-07,17,19359,West,17,3
2017-07-07,17,19360,North,48,3
2017-07-07,17,19361,South,22,3
2017-07-07,17,19362,East,21,3
2017-07-07,17,19363,West,17,3
2017-07-07,17,19364,North,48,3
2017-07-07,17,19365,South,22,3
2017-07-07,17,19366,East,21,3
2017-07-07,17,19367,West,17,3
2017-07-07,17,19368,North,48,3
2017-07-07,17,19369,South,22,3
2017-07-07,17,19370,East,21,3
2017-07-07,17,19371,West,17,3
2017-07-07,17,19372,North,48,3
2017-07-07,17,19373,South,22,3
2017-07-07,17,19374,East,21,3
2017-07-07,17,19375,West,17,3
2017-07-07,17,19376,North,48,3
2017-07-07,17,19377,South,22,3
2017-07-07,17,19378,East,21,3
2017-07-07,17,19379,West,17,3
2017-07-07,17,19380,North,48,3
2017-07-07,17,19381,South,22,3
2017-07-07,17,19382,East,21,3
2017-07-07,17,19383,West,17,3
2017-07-07,17,19384,North,48,3
2017-07-07,17,19385,South,22,3
2017-07-07,17,19386,East,21,3
2017-07-07,17,19387,West,17,3
2017-07-07,17,19388,North,48,3
2017-07-07,17,19389,South,22,3
2017-07-07,17,19390,East,21,3
2017-07-07,17,19391,West,17,3
2017-07-07,17,19392,North,48,3
2017-07-07,17,19393,South,22,3
2017-07-07,17,19394,East,21,3
2017-07-07,17,19395,West,17,3
2017-07-07,17,19396,North,48,3
2017-07-07,17,19397,South,22,3
2017-07-07,17,19398,East,21,3
2017-07-07,17,19399,West,17,3
2017-07-07,17,19400,North,48,3
2017-07-07,17,19401,South,22,3
2017-07-07,17,19402,East,21,3
2017-07-07,17,19403,West,17,3
2017-07-07,17,19404,North,48,3
2017-07-07,17,19405,South,22,3
2017-07-07,17,19406,East,21,3
2017-07-07,17,19407,West,17,3
2017-07-07,17,19408,North,48,3
2017-07-07,17,19409,South,22,3
2017-07-07,17,19410,East,21,3
2017-07-07,17,19411,West,17,3
2017-07-07,17,19412,North,48,3
2017-07-07,17,19413,South,22,3
2017-07-07,17,19414,East,21,3
2017-07-07,17,19415,West,17,3
2017-07-07,17,19416,North,48,3
2017-07-07,17,19417,South,22,3
2017-07-07,17,19418,East,21,3
2017-07-07,17,19419,West,17,3
2017-07-07,17,19420,North,48,3
2017-07-07,17,19421,South,22,3
2017-07-07,17,19422,East,21,3
2017-07-07,17,19423,West,17,3
2017-07-07,17,19424,North,48,3
2017-07-07,17,19425,South,22,3
2017-07-07,17,19426,East,21,3
2017-07-07,17,19427,West,17,3
2017-07-07,17,19428,North,48,3
2017-07-07,17,19429,South,22,3
2017-07-07,17,19430,East,21,3
2017-07-07,17,19431,West,17,3
2017-07-07,17,19432,North,48,3
2017-07-07,17,19433,South,22,3
2017-07-07,17,19434,East,21,3
2017-07-07,17,19435,West,17,3
2017-07-07,17,19436,North,48,3
2017-07-07,17,19437,South,22,3
2017-07-07,17,19438,East,21,3
2017-07-07,17,19439,West,17,3
2017-07-07,18,19440,North,48,3
2017-07-07,18,19441,South,22,3
2017-07-07,18,19442,East,21,3
2017-07-07,18,19443,West,17,3
2017-07-07,18,19444,North,48,3
2017-07-07,18,19445,South,22,3
2017-07-07,18,19446,East,21,3
2017-07-07,18,19447,West,17,3
2017-07-07,18,19448,North,48,3
2017-07-07,18,19449,South,22,3
2017-07-07,18,19450,East,21,3
2017-07-07,18,19451,West,17,3
2017-07-07,18,19452,North,48,3
2017-07-07,18,19453,South,22,3
2017-07-07,18,19454,East,21,3
2017-07-07,18,19455,West,17,3
2017-07-07,18,19456,North,48,3
2017-07-07,18,19457,South,22,3
2017-07-07,18,19458,East,21,3
2017-07-07,18,19459,West,17,3
2017-07-07,18,19460,North,48,3
2017-07-07,18,19461,South,22,3
2017-07-07,18,19462,East,21,3
2017-07-07,18,19463,West,17,3
2017-07-07,18,19464,North,48,3
2017-07-07,18,19465,South,22,3
2017-07-07,18,19466,East,21,3
2017-07-07,18,19467,West,17,3
2017-07-07,18,19468,North,48,3
2017-07-07,18,19469,South,22,3
2017-07-07,18,19470,East,21,3
2017-07-07,18,19471,West,17,3
2017-07-07,18,19472,North,48,3
2017-07-07,18,19473,South,22,3
2017-07-07,18,19474,East,21,3
2017-07-07,18,19475,West,17,3
2017-07-07,18,19476,North,48,3
2017-07-07,18,19477,South,22,3
2017-07-07,18,19478,East,21,3
2017-07-07,18,19479,West,17,3
2017-07-07,18,19480,North,48,3
2017-07-07,18,19481,South,22,3
2017-07-07,18,19482,East,21,3
2017-07-07,18,19483,West,17,3
2017-07-07,18,19484,North,48,3
2017-07-07,18,19485,South,22,3
2017-07-07,18,19486,East,21,3
2017-07-07,18,19487,West,17,3
2017-07-07,18,19488,North,48,3
2017-07-07,18,19489,South,22,3
2017-07-07,18,19490,East,21,3
2017-07-07,18,19491,West,17,3
2017-07-07,18,19492,North,48,3
2017-07-07,18,19493,South,22,3
2017-07-07,18,19494,East,21,3
2017-07-07,18,19495,West,17,3
2017-07-07,18,19496,North,48,3
2017-07-07,18,19497,South,22,3
2017-07-07,18,19498,East,21,3
2017-07-07,18,19499,West,17,3
2017-07-07,18,19500,North,48,3
2017-07-07,18,19501,South,22,3
2017-07-07,18,19502,East,21,3
2017-07-07,18,19503,West,17,3
2017-07-07,18,19504,North,48,3
2017-07-07,18,19505,South,22,3
2017-07-07,18,19506,East,21,3
2017-07-07,18,19507,West,17,3
2017-07-07,18,19508,North,48,3
2017-07-07,18,19509,South,22,3
2017-07-07,18,19510,East,21,3
2017-07-07,18,19511,West,17,3
2017-07-07,18,19512,North,48,3
2017-07-07,18,19513,South,22,3
2017-07-07,18,19514,East,21,3
2017-07-07,18,19515,West,17,3
2017-07-07,18,19516,North,48,3
2017-07-07,18,19517,South,22,3
2017-07-07,18,19518,East,21,3
2017-07-07,18,19519,West,17,3
2017-07-07,18,19520,North,48,3
2017-07-07,18,19521,South,22,3
2017-07-07,18,19522,East,21,3
2017-07-07,18,19523,West,17,3
2017-07-07,18,19524,North,48,3
2017-07-07,18,19525,South,22,3
2017-07-07,18,19526,East,21,3
2017-07-07,18,19527,West,17,3
2017-07-07,18,19528,North,48,3
2017-07-07,18,19529,South,22,3
2017-07-07,18,19530,East,21,3
2017-07-07,18,19531,West,17,3
2017-07-07,18,19532,North,48,3
2017-07-07,18,19533,South,22,3
2017-07-07,18,19534,East,21,3
2017-07-07,18,19535,West,17,3
2017-07-07,18,19536,North,48,3
2017-07-07,18,19537,South,22,3
2017-07-07,18,19538,East,21,3
2017-07-07,18,19539,West,17,3
2017-07-07,18,19540,North,48,3
2017-07-07,18,19541,South,22,3
2017-07-07,18,19542,East,21,3
2017-07-07,18,19543,West,17,3
2017-07-07,18,19544,North,48,3
2017-07-07,18,19545,South,22,3
2017-07-07,18,19546,East,21,3
2017-07-07,18,19547,West,17,3
2017-07-07,18,19548,North,48,3
2017-07-07,18,19549,South,22,3
2017-07-07,18,19550,East,21,3
2017-07-07,18,19551,West,17,3
2017-07-07,18,19552,North,48,3
2017-07-07,18,19553,South,22,3
2017-07-07,18,19554,East,21,3
2017-07-07,18,19555,West,17,3
2017-07-07,18,19556,North,48,3
2017-07-07,18,19557,South,22,3
2017-07-07,18,19558,East,21,3
2017-07-07,18,19559,West,17,3
2017-07-07,19,19560,North,43,3
2017-07-07,19,19561,South,24,3
2017-07-07,19,19562,East,23,3
2017-07-07,19,19563,West,18,3
2017-07-07,19,19564,North,43,3
2017-07-07,19,19565,South,24,3
2017-07-07,19,19566,East,23,3
2017-07-07,19,19567,West,18,3
2017-07-07,19,19568,North,43,3
2017-07-07,19,19569,South,24,3
2017-07-07,19,19570,East,23,3
2017-07-07,19,19571,West,18,3
2017-07-07,19,19572,North,43,3
2017-07-07,19,19573,South,24,3
2017-07-07,19,19574,East,23,3
2017-07-07,19,19575,West,18,3
2017-07-07,19,19576,North,43,3
2017-07-07,19,19577,South,24,3
2017-07-07,19,19578,East,23,3
2017-07-07,19,19579,West,18,3
2017-07-07,19,19580,North,43,3
2017-07-07,19,19581,South,24,3
2017-07-07,19,19582,East,23,3
2017-07-07,19,19583,West,18,3
2017-07-07,19,19584,North,43,3
2017-07-07,19,19585,South,24,3
2017-07-07,19,19586,East,23,3
2017-07-07,19,19587,West,18,3
2017-07-07,19,19588,North,43,3
2017-07-07,19,19589,South,24,3
2017-07-07,19,19590,East,23,3
2017-07-07,19,19591,West,18,3
2017-07-07,19,19592,North,43,3
2017-07-07,19,19593,South,24,3
2017-07-07,19,19594,East,23,3
2017-07-07,19,19595,West,18,3
2017-07-07,19,19596,North,43,3
2017-07-07,19,19597,South,24,3
2017-07-07,19,19598,East,23,3
2017-07-07,19,19599,West,18,3
2017-07-07,19,19600,North,43,3
2017-07-07,19,19601,South,24,3
2017-07-07,19,19602,East,23,3
2017-07-07,19,19603,West,18,3
2017-07-07,19,19604,North,43,3
2017-07-07,19,19605,South,24,3
2017-07-07,19,19606,East,23,3
2017-07-07,19,19607,West,18,3
2017-07-07,19,19608,North,43,3
2017-07-07,19,19609,South,24,3
2017-07-07,19,19610,East,23,3
2017-07-07,19,19611,West,18,3
2017-07-07,19,19612,North,43,3
2017-07-07,19,19613,South,24,3
2017-07-07,19,19614,East,23,3
2017-07-07,19,19615,West,18,3
2017-07-07,19,19616,North,43,3
2017-07-07,19,19617,South,24,3
2017-07-07,19,19618,East,23,3
2017-07-07,19,19619,West,18,3
2017-07-07,19,19620,North,43,3
2017-07-07,19,19621,South,24,3
2017-07-07,19,19622,East,23,3
2017-07-07,19,19623,West,18,3
2017-07-07,19,19624,North,43,3
2017-07-07,19,19625,South,24,3
2017-07-07,19,19626,East,23,3
2017-07-07,19,19627,West,18,3
2017-07-07,19,19628,North,43,3
2017-07-07,19,19629,South,24,3
2017-07-07,19,19630,East,23,3
2017-07-07,19,19631,West,18,3
2017-07-07,19,19632,North,43,3
2017-07-07,19,19633,South,24,3
2017-07-07,19,19634,East,23,3
2017-07-07,19,19635,West,18,3
2017-07-07,19,19636,North,43,3
2017-07-07,19,19637,South,24,3
2017-07-07,19,19638,East,23,3
2017-07-07,19,19639,West,18,3
2017-07-07,19,19640,North,43,3
2017-07-07,19,19641,South,24,3
2017-07-07,19,19642,East,23,3
2017-07-07,19,19643,West,18,3
2017-07-07,19,19644,North,43,3
2017-07-07,19,19645,South,24,3
2017-07-07,19,19646,East,23,3
2017-07-07,19,19647,West,18,3
2017-07-07,19,19648,North,43,3
2017-07-07,19,19649,South,24,3
2017-07-07,19,19650,East,23,3
2017-07-07,19,19651,West,18,3
2017-07-07,19,19652,North,43,3
2017-07-07,19,19653,South,24,3
2017-07-07,19,19654,East,23,3
2017-07-07,19,19655,West,18,3
2017-07-07,19,19656,North,43,3
2017-07-07,19,19657,South,24,3
2017-07-07,19,19658,East,23,3
2017-07-07,19,19659,West,18,3
2017-07-07,19,19660,North,43,3
2017-07-07,19,19661,South,24,3
2017-07-07,19,19662,East,23,3
2017-07-07,19,19663,West,18,3
2017-07-07,19,19664,North,43,3
2017-07-07,19,19665,South,24,3
2017-07-07,19,19666,East,23,3
2017-07-07,19,19667,West,18,3
2017-07-07,19,19668,North,43,3
2017-07-07,19,19669,South,24,3
2017-07-07,19,19670,East,23,3
2017-07-07,19,19671,West,18,3
2017-07-07,19,19672,North,43,3
2017-07-07,19,19673,South,24,3
2017-07-07,19,19674,East,23,3
2017-07-07,19,19675,West,18,3
2017-07-07,19,19676,North,43,3
2017-07-07,19,19677,South,24,3
2017-07-07,19,19678,East,23,3
2017-07-07,19,19679,West,18,3
2017-07-07,20,19680,North,44,3
2017-07-07,20,19681,South,22,3
2017-07-07,20,19682,East,21,3
2017-07-07,20,19683,West,21,3
2017-07-07,20,19684,North,44,3
2017-07-07,20,19685,South,22,3
2017-07-07,20,19686,East,21,3
2017-07-07,20,19687,West,21,3
2017-07-07,20,19688,North,44,3
2017-07-07,20,19689,South,22,3
2017-07-07,20,19690,East,21,3
2017-07-07,20,19691,West,21,3
2017-07-07,20,19692,North,44,3
2017-07-07,20,19693,South,22,3
2017-07-07,20,19694,East,21,3
2017-07-07,20,19695,West,21,3
2017-07-07,20,19696,North,44,3
2017-07-07,20,19697,South,22,3
2017-07-07,20,19698,East,21,3
2017-07-07,20,19699,West,21,3
2017-07-07,20,19700,North,44,3
2017-07-07,20,19701,South,22,3
2017-07-07,20,19702,East,21,3
2017-07-07,20,19703,West,21,3
2017-07-07,20,19704,North,44,3
2017-07-07,20,19705,South,22,3
2017-07-07,20,19706,East,21,3
2017-07-07,20,19707,West,21,3
2017-07-07,20,19708,North,44,3
2017-07-07,20,19709,South,22,3
2017-07-07,20,19710,East,21,3
2017-07-07,20,19711,West,21,3
2017-07-07,20,19712,North,44,3
2017-07-07,20,19713,South,22,3
2017-07-07,20,19714,East,21,3
2017-07-07,20,19715,West,21,3
2017-07-07,20,19716,North,44,3
2017-07-07,20,19717,South,22,3
2017-07-07,20,19718,East,21,3
2017-07-07,20,19719,West,21,3
2017-07-07,20,19720,North,44,3
2017-07-07,20,19721,South,22,3
2017-07-07,20,19722,East,21,3
2017-07-07,20,19723,West,21,3
2017-07-07,20,19724,North,44,3
2017-07-07,20,19725,South,22,3
2017-07-07,20,19726,East,21,3
2017-07-07,20,19727,West,21,3
2017-07-07,20,19728,North,44,3
2017-07-07,20,19729,South,22,3
2017-07-07,20,19730,East,21,3
2017-07-07,20,19731,West,21,3
2017-07-07,20,19732,North,44,3
2017-07-07,20,19733,South,22,3
2017-07-07,20,19734,East,21,3
2017-07-07,20,19735,West,21,3
2017-07-07,20,19736,North,44,3
2017-07-07,20,19737,South,22,3
2017-07-07,20,19738,East,21,3
2017-07-07,20,19739,West,21,3
2017-07-07,20,19740,North,44,3
2017-07-07,20,19741,South,22,3
2017-07-07,20,19742,East,21,3
2017-07-07,20,19743,West,21,3
2017-07-07,20,19744,North,44,3
2017-07-07,20,19745,South,22,3
2017-07-07,20,19746,East,21,3
2017-07-07,20,19747,West,21,3
2017-07-07,20,19748,North,44,3
2017-07-07,20,19749,South,22,3
2017-07-07,20,19750,East,21,3
2017-07-07,20,19751,West,21,3
2017-07-07,20,19752,North,44,3
2017-07-07,20,19753,South,22,3
2017-07-07,20,19754,East,21,3
2017-07-07,20,19755,West,21,3
2017-07-07,20,19756,North,44,3
2017-07-07,20,19757,South,22,3
2017-07-07,20,19758,East,21,3
2017-07-07,20,19759,West,21,3
2017-07-07,20,19760,North,44,3
2017-07-07,20,19761,South,22,3
2017-07-07,20,19762,East,21,3
2017-07-07,20,19763,West,21,3
2017-07-07,20,19764,North,44,3
2017-07-07,20,19765,South,22,3
2017-07-07,20,19766,East,21,3
2017-07-07,20,19767,West,21,3
2017-07-07,20,19768,North,44,3
2017-07-07,20,19769,South,22,3
2017-07-07,20,19770,East,21,3
2017-07-07,20,19771,West,21,3
2017-07-07,20,19772,North,44,3
2017-07-07,20,19773,South,22,3
2017-07-07,20,19774,East,21,3
2017-07-07,20,19775,West,21,3
2017-07-07,20,19776,North,44,3
2017-07-07,20,19777,South,22,3
2017-07-07,20,19778,East,21,3
2017-07-07,20,19779,West,21,3
2017-07-07,20,19780,North,44,3
2017-07-07,20,19781,South,22,3
2017-07-07,20,19782,East,21,3
2017-07-07,20,19783,West,21,3
2017-07-07,20,19784,North,44,3
2017-07-07,20,19785,South,22,3
2017-07-07,20,19786,East,21,3
2017-07-07,20,19787,West,21,3
2017-07-07,20,19788,North,44,3
2017-07-07,20,19789,South,22,3
2017-07-07,20,19790,East,21,3
2017-07-07,20,19791,West,21,3
2017-07-07,20,19792,North,44,3
2017-07-07,20,19793,South,22,3
2017-07-07,20,19794,East,21,3
2017-07-07,20,19795,West,21,3
2017-07-07,20,19796,North,44,3
2017-07-07,20,19797,South,22,3
2017-07-07,20,19798,East,21,3
2017-07-07,20,19799,West,21,3
2017-07-07,21,19800,North,48,3
2017-07-07,21,19801,South,21,3
2017-07-07,21,19802,East,22,3
2017-07-07,21,19803,West,17,3
2017-07-07,21,19804,North,48,3
2017-07-07,21,19805,South,21,3
2017-07-07,21,19806,East,22,3
2017-07-07,21,19807,West,17,3
2017-07-07,21,19808,North,48,3
2017-07-07,21,19809,South,21,3
2017-07-07,21,19810,East,22,3
2017-07-07,21,19811,West,17,3
2017-07-07,21,19812,North,48,3
2017-07-07,21,19813,South,21,3
2017-07-07,21,19814,East,22,3
2017-07-07,21,19815,West,17,3
2017-07-07,21,19816,North,48,3
2017-07-07,21,19817,South,21,3
2017-07-07,21,19818,East,22,3
2017-07-07,21,19819,West,17,3
2017-07-07,21,19820,North,48,3
2017-07-07,21,19821,South,21,3
2017-07-07,21,19822,East,22,3
2017-07-07,21,19823,West,17,3
2017-07-07,21,19824,North,48,3
2017-07-07,21,19825,South,21,3
2017-07-07,21,19826,East,22,3
2017-07-07,21,19827,West,17,3
2017-07-07,21,19828,North,48,3
2017-07-07,21,19829,South,21,3
2017-07-07,21,19830,East,22,3
2017-07-07,21,19831,West,17,3
2017-07-07,21,19832,North,48,3
2017-07-07,21,19833,South,21,3
2017-07-07,21,19834,East,22,3
2017-07-07,21,19835,West,17,3
2017-07-07,21,19836,North,48,3
2017-07-07,21,19837,South,21,3
2017-07-07,21,19838,East,22,3
2017-07-07,21,19839,West,17,3
2017-07-07,21,19840,North,48,3
2017-07-07,21,19841,South,21,3
2017-07-07,21,19842,East,22,3
2017-07-07,21,19843,West,17,3
2017-07-07,21,19844,North,48,3
2017-07-07,21,19845,South,21,3
2017-07-07,21,19846,East,22,3
2017-07-07,21,19847,West,17,3
2017-07-07,21,19848,North,48,3
2017-07-07,21,19849,South,21,3
2017-07-07,21,19850,East,22,3
2017-07-07,21,19851,West,17,3
2017-07-07,21,19852,North,48,3
2017-07-07,21,19853,South,21,3
2017-07-07,21,19854,East,22,3
2017-07-07,21,19855,West,17,3
2017-07-07,21,19856,North,48,3
2017-07-07,21,19857,South,21,3
2017-07-07,21,19858,East,22,3
2017-07-07,21,19859,West,17,3
2017-07-07,21,19860,North,48,3
2017-07-07,21,19861,South,21,3
2017-07-07,21,19862,East,22,3
2017-07-07,21,19863,West,17,3
2017-07-07,21,19864,North,48,3
2017-07-07,21,19865,South,21,3
2017-07-07,21,19866,East,22,3
2017-07-07,21,19867,West,17,3
2017-07-07,21,19868,North,48,3
2017-07-07,21,19869,South,21,3
2017-07-07,21,19870,East,22,3
2017-07-07,21,19871,West,17,3
2017-07-07,21,19872,North,48,3
2017-07-07,21,19873,South,21,3
2017-07-07,21,19874,East,22,3
2017-07-07,21,19875,West,17,3
2017-07-07,21,19876,North,48,3
2017-07-07,21,19877,South,21,3
2017-07-07,21,19878,East,22,3
2017-07-07,21,19879,West,17,3
2017-07-07,21,19880,North,48,3
2017-07-07,21,19881,South,21,3
2017-07-07,21,19882,East,22,3
2017-07-07,21,19883,West,17,3
2017-07-07,21,19884,North,48,3
2017-07-07,21,19885,South,21,3
2017-07-07,21,19886,East,22,3
2017-07-07,21,19887,West,17,3
2017-07-07,21,19888,North,48,3
2017-07-07,21,19889,South,21,3
2017-07-07,21,19890,East,22,3
2017-07-07,21,19891,West,17,3
2017-07-07,21,19892,North,48,3
2017-07-07,21,19893,South,21,3
2017-07-07,21,19894,East,22,3
2017-07-07,21,19895,West,17,3
2017-07-07,21,19896,North,48,3
2017-07-07,21,19897,South,21,3
2017-07-07,21,19898,East,22,3
2017-07-07,21,19899,West,17,3
2017-07-07,21,19900,North,48,3
2017-07-07,21,19901,South,21,3
2017-07-07,21,19902,East,22,3
2017-07-07,21,19903,West,17,3
2017-07-07,21,19904,North,48,3
2017-07-07,21,19905,South,21,3
2017-07-07,21,19906,East,22,3
2017-07-07,21,19907,West,17,3
2017-07-07,21,19908,North,48,3
2017-07-07,21,19909,South,21,3
2017-07-07,21,19910,East,22,3
2017-07-07,21,19911,West,17,3
2017-07-07,21,19912,North,48,3
2017-07-07,21,19913,South,21,3
2017-07-07,21,19914,East,22,3
2017-07-07,21,19915,West,17,3
2017-07-07,21,19916,North,48,3
2017-07-07,21,19917,South,21,3
2017-07-07,21,19918,East,22,3
2017-07-07,21,19919,West,17,3
2017-07-07,22,19920,North,46,3
2017-07-07,22,19921,South,21,3
2017-07-07,22,19922,East,22,3
2017-07-07,22,19923,West,19,3
2017-07-07,22,19924,North,46,3
2017-07-07,22,19925,South,21,3
2017-07-07,22,19926,East,22,3
2017-07-07,22,19927,West,19,3
2017-07-07,22,19928,North,46,3
2017-07-07,22,19929,South,21,3
2017-07-07,22,19930,East,22,3
2017-07-07,22,19931,West,19,3
2017-07-07,22,19932,North,46,3
2017-07-07,22,19933,South,21,3
2017-07-07,22,19934,East,22,3
2017-07-07,22,19935,West,19,3
2017-07-07,22,19936,North,46,3
2017-07-07,22,19937,South,21,3
2017-07-07,22,19938,East,22,3
2017-07-07,22,19939,West,19,3
2017-07-07,22,19940,North,46,3
2017-07-07,22,19941,South,21,3
2017-07-07,22,19942,East,22,3
2017-07-07,22,19943,West,19,3
2017-07-07,22,19944,North,46,3
2017-07-07,22,19945,South,21,3
2017-07-07,22,19946,East,22,3
2017-07-07,22,19947,West,19,3
2017-07-07,22,19948,North,46,3
2017-07-07,22,19949,South,21,3
2017-07-07,22,19950,East,22,3
2017-07-07,22,19951,West,19,3
2017-07-07,22,19952,North,46,3
2017-07-07,22,19953,South,21,3
2017-07-07,22,19954,East,22,3
2017-07-07,22,19955,West,19,3
2017-07-07,22,19956,North,46,3
2017-07-07,22,19957,South,21,3
2017-07-07,22,19958,East,22,3
2017-07-07,22,19959,West,19,3
2017-07-07,22,19960,North,46,3
2017-07-07,22,19961,South,21,3
2017-07-07,22,19962,East,22,3
2017-07-07,22,19963,West,19,3
2017-07-07,22,19964,North,46,3
2017-07-07,22,19965,South,21,3
2017-07-07,22,19966,East,22,3
2017-07-07,22,19967,West,19,3
2017-07-07,22,19968,North,46,3
2017-07-07,22,19969,South,21,3
2017-07-07,22,19970,East,22,3
2017-07-07,22,19971,West,19,3
2017-07-07,22,19972,North,46,3
2017-07-07,22,19973,South,21,3
2017-07-07,22,19974,East,22,3
2017-07-07,22,19975,West,19,3
2017-07-07,22,19976,North,46,3
2017-07-07,22,19977,South,21,3
2017-07-07,22,19978,East,22,3
2017-07-07,22,19979,West,19,3
2017-07-07,22,19980,North,46,3
2017-07-07,22,19981,South,21,3
2017-07-07,22,19982,East,22,3
2017-07-07,22,19983,West,19,3
2017-07-07,22,19984,North,46,3
2017-07-07,22,19985,South,21,3
2017-07-07,22,19986,East,22,3
2017-07-07,22,19987,West,19,3
2017-07-07,22,19988,North,46,3
2017-07-07,22,19989,South,21,3
2017-07-07,22,19990,East,22,3
2017-07-07,22,19991,West,19,3
2017-07-07,22,19992,North,46,3
2017-07-07,22,19993,South,21,3
2017-07-07,22,19994,East,22,3
2017-07-07,22,19995,West,19,3
2017-07-07,22,19996,North,46,3
2017-07-07,22,19997,South,21,3
2017-07-07,22,19998,East,22,3
2017-07-07,22,19999,West,19,3
2017-07-07,22,20000,North,46,3
2017-07-07,22,20001,South,21,3
2017-07-07,22,20002,East,22,3
2017-07-07,22,20003,West,19,3
2017-07-07,22,20004,North,46,3
2017-07-07,22,20005,South,21,3
2017-07-07,22,20006,East,22,3
2017-07-07,22,20007,West,19,3
2017-07-07,22,20008,North,46,3
2017-07-07,22,20009,South,21,3
2017-07-07,22,20010,East,22,3
2017-07-07,22,20011,West,19,3
2017-07-07,22,20012,North,46,3
2017-07-07,22,20013,South,21,3
2017-07-07,22,20014,East,22,3
2017-07-07,22,20015,West,19,3
2017-07-07,22,20016,North,46,3
2017-07-07,22,20017,South,21,3
2017-07-07,22,20018,East,22,3
2017-07-07,22,20019,West,19,3
2017-07-07,22,20020,North,46,3
2017-07-07,22,20021,South,21,3
2017-07-07,22,20022,East,22,3
2017-07-07,22,20023,West,19,3
2017-07-07,22,20024,North,46,3
2017-07-07,22,20025,South,21,3
2017-07-07,22,20026,East,22,3
2017-07-07,22,20027,West,19,3
2017-07-07,22,20028,North,46,3
2017-07-07,22,20029,South,21,3
2017-07-07,22,20030,East,22,3
2017-07-07,22,20031,West,19,3
2017-07-07,22,20032,North,46,3
2017-07-07,22,20033,South,21,3
2017-07-07,22,20034,East,22,3
2017-07-07,22,20035,West,19,3
2017-07-07,22,20036,North,46,3
2017-07-07,22,20037,South,21,3
2017-07-07,22,20038,East,22,3
2017-07-07,22,20039,West,19,3
2017-07-07,23,20040,North,49,3
2017-07-07,23,20041,South,23,3
2017-07-07,23,20042,East,20,3
2017-07-07,23,20043,West,16,3
2017-07-07,23,20044,North,49,3
2017-07-07,23,20045,South,23,3
2017-07-07,23,20046,East,20,3
2017-07-07,23,20047,West,16,3
2017-07-07,23,20048,North,49,3
2017-07-07,23,20049,South,23,3
2017-07-07,23,20050,East,20,3
2017-07-07,23,20051,West,16,3
2017-07-07,23,20052,North,49,3
2017-07-07,23,20053,South,23,3
2017-07-07,23,20054,East,20,3
2017-07-07,23,20055,West,16,3
2017-07-07,23,20056,North,49,3
2017-07-07,23,20057,South,23,3
2017-07-07,23,20058,East,20,3
2017-07-07,23,20059,West,16,3
2017-07-07,23,20060,North,49,3
2017-07-07,23,20061,South,23,3
2017-07-07,23,20062,East,20,3
2017-07-07,23,20063,West,16,3
2017-07-07,23,20064,North,49,3
2017-07-07,23,20065,South,23,3
2017-07-07,23,20066,East,20,3
2017-07-07,23,20067,West,16,3
2017-07-07,23,20068,North,49,3
2017-07-07,23,20069,South,23,3
2017-07-07,23,20070,East,20,3
2017-07-07,23,20071,West,16,3
2017-07-07,23,20072,North,49,3
2017-07-07,23,20073,South,23,3
2017-07-07,23,20074,East,20,3
2017-07-07,23,20075,West,16,3
2017-07-07,23,20076,North,49,3
2017-07-07,23,20077,South,23,3
2017-07-07,23,20078,East,20,3
2017-07-07,23,20079,West,16,3
2017-07-07,23,20080,North,49,3
2017-07-07,23,20081,South,23,3
2017-07-07,23,20082,East,20,3
2017-07-07,23,20083,West,16,3
2017-07-07,23,20084,North,49,3
2017-07-07,23,20085,South,23,3
2017-07-07,23,20086,East,20,3
2017-07-07,23,20087,West,16,3
2017-07-07,23,20088,North,49,3
2017-07-07,23,20089,South,23,3
2017-07-07,23,20090,East,20,3
2017-07-07,23,20091,West,16,3
2017-07-07,23,20092,North,49,3
2017-07-07,23,20093,South,23,3
2017-07-07,23,20094,East,20,3
2017-07-07,23,20095,West,16,3
2017-07-07,23,20096,North,49,3
2017-07-07,23,20097,South,23,3
2017-07-07,23,20098,East,20,3
2017-07-07,23,20099,West,16,3
2017-07-07,23,20100,North,49,3
2017-07-07,23,20101,South,23,3
2017-07-07,23,20102,East,20,3
2017-07-07,23,20103,West,16,3
2017-07-07,23,20104,North,49,3
2017-07-07,23,20105,South,23,3
2017-07-07,23,20106,East,20,3
2017-07-07,23,20107,West,16,3
2017-07-07,23,20108,North,49,3
2017-07-07,23,20109,South,23,3
2017-07-07,23,20110,East,20,3
2017-07-07,23,20111,West,16,3
2017-07-07,23,20112,North,49,3
2017-07-07,23,20113,South,23,3
2017-07-07,23,20114,East,20,3
2017-07-07,23,20115,West,16,3
2017-07-07,23,20116,North,49,3
2017-07-07,23,20117,South,23,3
2017-07-07,23,20118,East,20,3
2017-07-07,23,20119,West,16,3
2017-07-07,23,20120,North,49,3
2017-07-07,23,20121,South,23,3
2017-07-07,23,20122,East,20,3
2017-07-07,23,20123,West,16,3
2017-07-07,23,20124,North,49,3
2017-07-07,23,20125,South,23,3
2017-07-07,23,20126,East,20,3
2017-07-07,23,20127,West,16,3
2017-07-07,23,20128,North,49,3
2017-07-07,23,20129,South,23,3
2017-07-07,23,20130,East,20,3
2017-07-07,23,20131,West,16,3
2017-07-07,23,20132,North,49,3
2017-07-07,23,20133,South,23,3
2017-07-07,23,20134,East,20,3
2017-07-07,23,20135,West,16,3
2017-07-07,23,20136,North,49,3
2017-07-07,23,20137,South,23,3
2017-07-07,23,20138,East,20,3
2017-07-07,23,20139,West,16,3
2017-07-07,23,20140,North,49,3
2017-07-07,23,20141,South,23,3
2017-07-07,23,20142,East,20,3
2017-07-07,23,20143,West,16,3
2017-07-07,23,20144,North,49,3
2017-07-07,23,20145,South,23,3
2017-07-07,23,20146,East,20,3
2017-07-07,23,20147,West,16,3
2017-07-07,23,20148,North,49,3
2017-07-07,23,20149,South,23,3
2017-07-07,23,20150,East,20,3
2017-07-07,23,20151,West,16,3
2017-07-07,23,20152,North,49,3
2017-07-07,23,20153,South,23,3
2017-07-07,23,20154,East,20,3
2017-07-07,23,20155,West,16,3
2017-07-07,23,20156,North,49,3
2017-07-07,23,20157,South,23,3
2017-07-07,23,20158,East,20,3
2017-07-07,23,20159,West,16,3
