datetime,hour_of_week,road,predicted_count,green_seconds
2017-01-01T00:00:00,144,North,34.3982478375621,43
2017-01-01T00:00:00,144,South,9.114891659456898,20
2017-01-01T00:00:00,144,East,16.740491664947534,27
2017-01-01T00:00:00,144,West,7.200209454346198,18
2017-01-01T01:00:00,145,North,26.94422823040983,43
2017-01-01T01:00:00,145,South,9.027775438096631,23
2017-01-01T01:00:00,145,East,10.566146223474806,24
2017-01-01T01:00:00,145,West,5.002103238696108,18
2017-01-01T02:00:00,146,North,26.927454612884524,46
2017-01-01T02:00:00,146,South,6.936845067379149,21
2017-01-01T02:00:00,146,East,9.264506876732739,24
2017-01-01T02:00:00,146,West,4.225061414668987,17
2017-01-01T03:00:00,147,North,23.75108557634581,45
2017-01-01T03:00:00,147,South,6.4544008928361745,21
2017-01-01T03:00:00,147,East,7.8970136755327704,23
2017-01-01T03:00:00,147,West,4.755136194583936,19
2017-01-01T04:00:00,148,North,20.713929787265357,44
2017-01-01T04:00:00,148,South,7.430775063965437,23
2017-01-01T04:00:00,148,East,7.125531184170939,23
2017-01-01T04:00:00,148,West,3.9138095301325957,18
2017-01-01T05:00:00,149,North,17.201738633394065,43
2017-01-01T05:00:00,149,South,5.8378617881862604,23
2017-01-01T05:00:00,149,East,5.860659497267742,23
2017-01-01T05:00:00,149,West,3.950900663762416,19
2017-01-01T06:00:00,150,North,21.75108557634581,48
2017-01-01T06:00:00,150,South,5.862310336387465,21
2017-01-01T06:00:00,150,East,5.297620777229368,21
2017-01-01T06:00:00,150,West,3.6613241421288336,18
2017-01-01T07:00:00,151,North,20.713929787265357,44
2017-01-01T07:00:00,151,South,6.541644588566198,22
2017-01-01T07:00:00,151,East,7.874343968423453,24
2017-01-01T07:00:00,151,West,3.667741609624594,18
2017-01-01T08:00:00,152,North,20.829929112320556,41
2017-01-01T08:00:00,152,South,7.323059867875821,22
2017-01-01T08:00:00,152,East,9.339956196058658,25
2017-01-01T08:00:00,152,West,5.513221727425047,20
2017-01-01T09:00:00,153,North,29.82251969245587,43
2017-01-01T09:00:00,153,South,8.366434977795285,21
2017-01-01T09:00:00,153,East,12.914155723067822,26
2017-01-01T09:00:00,153,West,6.14628144519363,18
2017-01-01T10:00:00,154,North,31.90460793603409,44
2017-01-01T10:00:00,154,South,6.921220313501261,19
2017-01-01T10:00:00,154,East,14.353448023282295,27
2017-01-01T10:00:00,154,West,6.132498671766973,18
2017-01-01T11:00:00,155,North,35.32089364675651,43
2017-01-01T11:00:00,155,South,7.2821904466029475,18
2017-01-01T11:00:00,155,East,18.912557625700238,29
2017-01-01T11:00:00,155,West,7.3420934788162615,18
2017-01-01T12:00:00,156,North,34.68749748106463,41
2017-01-01T12:00:00,156,South,9.004804208946618,20
2017-01-01T12:00:00,156,East,18.0810985097158,27
2017-01-01T12:00:00,156,West,9.513157889470099,20
2017-01-01T13:00:00,157,North,34.9156796792592,42
2017-01-01T13:00:00,157,South,9.19389695116471,20
2017-01-01T13:00:00,157,East,17.28828169083672,27
2017-01-01T13:00:00,157,West,7.50748163153901,19
2017-01-01T14:00:00,158,North,34.084005578406874,43
2017-01-01T14:00:00,158,South,8.126394903120449,19
2017-01-01T14:00:00,158,East,17.771386840235067,28
2017-01-01T14:00:00,158,West,7.125613681369031,18
2017-01-01T15:00:00,159,North,36.278054431128936,42
2017-01-01T15:00:00,159,South,9.58485846114591,20
2017-01-01T15:00:00,159,East,17.43455945101398,27
2017-01-01T15:00:00,159,West,8.053037360670704,19
2017-01-01T16:00:00,160,North,34.85571900516847,43
2017-01-01T16:00:00,160,South,9.241997145338603,20
2017-01-01T16:00:00,160,East,15.772932837349787,26
2017-01-01T16:00:00,160,West,7.942783347678085,19
2017-01-01T17:00:00,161,North,38.64634815878687,44
2017-01-01T17:00:00,161,South,9.947865896794445,20
2017-01-01T17:00:00,161,East,16.195419493915534,26
2017-01-01T17:00:00,161,West,7.622063757488503,18
2017-01-01T18:00:00,162,North,40.5890342493046,45
2017-01-01T18:00:00,162,South,11.536498463222879,21
2017-01-01T18:00:00,162,East,14.868510158034947,24
2017-01-01T18:00:00,162,West,7.411509256631517,18
2017-01-01T19:00:00,163,North,44.99143365090059,46
2017-01-01T19:00:00,163,South,10.052105326184458,20
2017-01-01T19:00:00,163,East,16.352979831747035,24
2017-01-01T19:00:00,163,West,7.435745567359284,18
2017-01-01T20:00:00,164,North,41.91613158400652,45
2017-01-01T20:00:00,164,South,8.521469882304128,19
2017-01-01T20:00:00,164,East,16.105335488223506,25
2017-01-01T20:00:00,164,West,8.972131587408317,19
2017-01-01T21:00:00,165,North,40.77474595189292,44
2017-01-01T21:00:00,165,South,9.863966112699407,20
2017-01-01T21:00:00,165,East,18.274208725039333,26
2017-01-01T21:00:00,165,West,7.279574044378852,18
2017-01-01T22:00:00,166,North,36.88110000603826,43
2017-01-01T22:00:00,166,South,9.696124900025263,20
2017-01-01T22:00:00,166,East,16.65777592983008,26
2017-01-01T22:00:00,166,West,8.139928642877594,19
2017-01-01T23:00:00,167,North,24.301060786677212,37
2017-01-01T23:00:00,167,South,10.933499261930738,23
2017-01-01T23:00:00,167,East,16.799558889503633,29
2017-01-01T23:00:00,167,West,6.594175302413776,19
2017-01-02T00:00:00,0,North,37.3878894534554,44
2017-01-02T00:00:00,0,South,9.453960590731135,20
2017-01-02T00:00:00,0,East,15.854544945751343,26
2017-01-02T00:00:00,0,West,7.395039625876809,18
2017-01-02T01:00:00,1,North,25.87889281424254,44
2017-01-02T01:00:00,1,South,7.849494609320731,22
2017-01-02T01:00:00,1,East,10.27175959090002,24
2017-01-02T01:00:00,1,West,4.844691289516959,18
2017-01-02T02:00:00,2,North,27.964323628408618,46
2017-01-02T02:00:00,2,South,7.164497737926094,21
2017-01-02T02:00:00,2,East,8.540741249695117,23
2017-01-02T02:00:00,2,West,5.05355608584577,18
2017-01-02T03:00:00,3,North,25.94422823040983,48
2017-01-02T03:00:00,3,South,5.804112659797754,20
2017-01-02T03:00:00,3,East,7.093748791599039,22
2017-01-02T03:00:00,3,West,4.570337394439382,18
2017-01-02T04:00:00,4,North,23.927454612884524,47
2017-01-02T04:00:00,4,South,5.906983130148573,21
2017-01-02T04:00:00,4,East,6.800223975838781,22
2017-01-02T04:00:00,4,West,4.5043683695164125,18
2017-01-02T05:00:00,5,North,24.919293607697284,47
2017-01-02T05:00:00,5,South,7.280511082251055,22
2017-01-02T05:00:00,5,East,5.357481899388232,20
2017-01-02T05:00:00,5,West,4.869399818528819,19
2017-01-02T06:00:00,6,North,27.927454612884524,47
2017-01-02T06:00:00,6,South,7.110185460800188,21
2017-01-02T06:00:00,6,East,7.502731232992671,22
2017-01-02T06:00:00,6,West,4.647960153316576,18
2017-01-02T07:00:00,7,North,31.728542474874395,47
2017-01-02T07:00:00,7,South,8.05591445705292,21
2017-01-02T07:00:00,7,East,9.444667967876189,22
2017-01-02T07:00:00,7,West,5.743891469794886,18
2017-01-02T08:00:00,8,North,34.20450124849967,49
2017-01-02T08:00:00,8,South,8.789994910326937,22
2017-01-02T08:00:00,8,East,7.76154049002705,20
2017-01-02T08:00:00,8,West,4.876188726081599,17
2017-01-02T09:00:00,9,North,45.04492341053897,48
2017-01-02T09:00:00,9,South,11.16900620185718,21
2017-01-02T09:00:00,9,East,12.26512454734439,22
2017-01-02T09:00:00,9,West,5.591401392502818,17
2017-01-02T10:00:00,10,North,63.191196733063435,49
2017-01-02T10:00:00,10,South,13.881891156135858,20
2017-01-02T10:00:00,10,East,16.060841372885005,22
2017-01-02T10:00:00,10,West,8.714739882334856,17
2017-01-02T11:00:00,11,North,67.71149147271986,49
2017-01-02T11:00:00,11,South,14.166026391459823,20
2017-01-02T11:00:00,11,East,17.272459918215652,22
2017-01-02T11:00:00,11,West,9.039583070860209,17
2017-01-02T12:00:00,12,North,68.74699303647668,50
2017-01-02T12:00:00,12,South,14.307167955766495,20
2017-01-02T12:00:00,12,East,17.259353162998092,21
2017-01-02T12:00:00,12,West,9.145209733199856,17
2017-01-02T13:00:00,13,North,65.68954948764453,49
2017-01-02T13:00:00,13,South,14.891492751266862,20
2017-01-02T13:00:00,13,East,18.296220180800955,22
2017-01-02T13:00:00,13,West,9.393248049974513,17
2017-01-02T14:00:00,14,North,68.49135734217472,48
2017-01-02T14:00:00,14,South,15.968579295986709,21
2017-01-02T14:00:00,14,East,19.38550109793782,22
2017-01-02T14:00:00,14,West,10.022923235311126,17
2017-01-02T15:00:00,15,North,71.5890913842463,49
2017-01-02T15:00:00,15,South,14.330174405583719,19
2017-01-02T15:00:00,15,East,20.313624817827662,23
2017-01-02T15:00:00,15,West,9.108542392842045,17
2017-01-02T16:00:00,16,North,64.10289206171088,48
2017-01-02T16:00:00,16,South,14.875536875801744,20
2017-01-02T16:00:00,16,East,19.42093332396342,23
2017-01-02T16:00:00,16,West,9.388513082327158,17
2017-01-02T17:00:00,17,North,66.91989283796457,48
2017-01-02T17:00:00,17,South,14.356926800863844,20
2017-01-02T17:00:00,17,East,20.313624817827662,23
2017-01-02T17:00:00,17,West,10.0132028547469,17
2017-01-02T18:00:00,18,North,63.11805115261997,49
2017-01-02T18:00:00,18,South,13.347203137371714,20
2017-01-02T18:00:00,18,East,17.51297124017772,22
2017-01-02T18:00:00,18,West,8.904011631276543,17
2017-01-02T19:00:00,19,North,65.68434740673446,49
2017-01-02T19:00:00,19,South,13.409729453161189,20
2017-01-02T19:00:00,19,East,18.572299243193612,22
2017-01-02T19:00:00,19,West,8.034362284683258,17
2017-01-02T20:00:00,20,North,63.36388746982195,48
2017-01-02T20:00:00,20,South,14.267255161404343,20
2017-01-02T20:00:00,20,East,18.09948268720636,22
2017-01-02T20:00:00,20,West,9.571619762775278,18
2017-01-02T21:00:00,21,North,62.203653159846326,49
2017-01-02T21:00:00,21,South,13.021561731192115,20
2017-01-02T21:00:00,21,East,17.51297124017772,22
2017-01-02T21:00:00,21,West,8.812678288443912,17
2017-01-02T22:00:00,22,North,61.908920803155276,49
2017-01-02T22:00:00,22,South,13.062129913010295,20
2017-01-02T22:00:00,22,East,17.414134092907457,22
2017-01-02T22:00:00,22,West,8.949119175541336,17
2017-01-02T23:00:00,23,North,62.36830901128083,49
2017-01-02T23:00:00,23,South,12.534041817774582,19
2017-01-02T23:00:00,23,East,18.351361330917218,23
2017-01-02T23:00:00,23,West,8.522462297781813,17
2017-01-03T00:00:00,24,North,57.352925708336,50
2017-01-03T00:00:00,24,South,10.233166587240737,19
2017-01-03T00:00:00,24,East,16.034844886608987,22
2017-01-03T00:00:00,24,West,7.721923365291004,17
2017-01-03T01:00:00,25,North,34.74305590011516,45
2017-01-03T01:00:00,25,South,10.486177220186232,22
2017-01-03T01:00:00,25,East,12.193344756782427,24
2017-01-03T01:00:00,25,West,5.089776570266331,17
2017-01-03T02:00:00,26,North,31.25604630508378,46
2017-01-03T02:00:00,26,South,8.751225321447176,22
2017-01-03T02:00:00,26,East,9.289713491012419,22
2017-01-03T02:00:00,26,West,5.1069061664804165,18
2017-01-03T03:00:00,27,North,31.81894821939909,48
2017-01-03T03:00:00,27,South,8.648885350326895,22
2017-01-03T03:00:00,27,East,7.80617411115985,21
2017-01-03T03:00:00,27,West,4.694933047961758,17
2017-01-03T04:00:00,28,North,26.338023756077,48
2017-01-03T04:00:00,28,South,5.683562893597238,20
2017-01-03T04:00:00,28,East,7.524396894357428,22
2017-01-03T04:00:00,28,West,4.712290523368374,18
2017-01-03T05:00:00,29,North,27.00311528481003,48
2017-01-03T05:00:00,29,South,6.9307401061370655,21
2017-01-03T05:00:00,29,East,6.708384629612795,21
2017-01-03T05:00:00,29,West,4.6439264320798905,18
2017-01-03T06:00:00,30,North,31.087824780979943,47
2017-01-03T06:00:00,30,South,10.201288767057346,23
2017-01-03T06:00:00,30,East,7.853208356791133,21
2017-01-03T06:00:00,30,West,4.604784680864233,17
2017-01-03T07:00:00,31,North,37.80377005773375,49
2017-01-03T07:00:00,31,South,9.177611183684622,21
2017-01-03T07:00:00,31,East,9.442624213554376,21
2017-01-03T07:00:00,31,West,4.897740546950648,17
2017-01-03T08:00:00,32,North,41.476490820712414,49
2017-01-03T08:00:00,32,South,9.826078732232528,21
2017-01-03T08:00:00,32,East,11.605977383324195,22
2017-01-03T08:00:00,32,West,4.671523227184638,16
2017-01-03T09:00:00,33,North,45.493792715294504,49
2017-01-03T09:00:00,33,South,10.73305921220563,21
2017-01-03T09:00:00,33,East,12.104175099872089,22
2017-01-03T09:00:00,33,West,5.361157285295158,16
2017-01-03T10:00:00,34,North,56.853685810089075,48
2017-01-03T10:00:00,34,South,13.615891156135858,20
2017-01-03T10:00:00,34,East,17.10103150572558,23
2017-01-03T10:00:00,34,West,7.698971437279654,17
2017-01-03T11:00:00,35,North,61.86377218308016,47
2017-01-03T11:00:00,35,South,14.896307401585176,21
2017-01-03T11:00:00,35,East,19.18653589412153,23
2017-01-03T11:00:00,35,West,8.793328458389981,17
2017-01-03T12:00:00,36,North,71.21113636564094,49
2017-01-03T12:00:00,36,South,16.33537165923297,20
2017-01-03T12:00:00,36,East,18.236872035130784,21
2017-01-03T12:00:00,36,West,10.577403361814213,18
2017-01-03T13:00:00,37,North,58.494093553542044,46
2017-01-03T13:00:00,37,South,15.929633459154251,21
2017-01-03T13:00:00,37,East,18.894959173515822,23
2017-01-03T13:00:00,37,West,9.61579004175609,18
2017-01-03T14:00:00,38,North,63.221899667637196,47
2017-01-03T14:00:00,38,South,15.952180861382079,21
2017-01-03T14:00:00,38,East,17.48287464237931,22
2017-01-03T14:00:00,38,West,10.068005364328274,18
2017-01-03T15:00:00,39,North,78.74720950524105,50
2017-01-03T15:00:00,39,South,16.064365023776908,20
2017-01-03T15:00:00,39,East,19.280943451039924,21
2017-01-03T15:00:00,39,West,9.884945913213915,17
2017-01-03T16:00:00,40,North,66.3184434364891,48
2017-01-03T16:00:00,40,South,15.711707370571487,21
2017-01-03T16:00:00,40,East,17.518306868404913,22
2017-01-03T16:00:00,40,West,9.830199196348747,17
2017-01-03T17:00:00,41,North,68.91837572299426,49
2017-01-03T17:00:00,41,South,16.179909869635157,20
2017-01-03T17:00:00,41,East,18.474504707327277,22
2017-01-03T17:00:00,41,West,9.08526188364787,17
2017-01-03T18:00:00,42,North,68.19444839782524,48
2017-01-03T18:00:00,42,South,16.20283945388544,21
2017-01-03T18:00:00,42,East,18.55508898294272,22
2017-01-03T18:00:00,42,West,8.840979840336479,17
2017-01-03T19:00:00,43,North,68.94438753701864,49
2017-01-03T19:00:00,43,South,15.665514339248606,20
2017-01-03T19:00:00,43,East,18.41057708089735,22
2017-01-03T19:00:00,43,West,9.668299878647042,17
2017-01-03T20:00:00,44,North,69.96136017571459,49
2017-01-03T20:00:00,44,South,16.20283945388544,21
2017-01-03T20:00:00,44,East,17.434660261135438,21
2017-01-03T20:00:00,44,West,8.669125632271747,17
2017-01-03T21:00:00,45,North,69.91506530391972,49
2017-01-03T21:00:00,45,South,16.134374284670358,21
2017-01-03T21:00:00,45,East,16.34820078580193,21
2017-01-03T21:00:00,45,West,8.997820428726873,17
2017-01-03T22:00:00,46,North,67.41095424560989,48
2017-01-03T22:00:00,46,South,16.53336623403998,21
2017-01-03T22:00:00,46,East,18.07895651897838,22
2017-01-03T22:00:00,46,West,9.274332494210354,17
2017-01-03T23:00:00,47,North,60.710238750247356,48
2017-01-03T23:00:00,47,South,14.065794892038815,20
2017-01-03T23:00:00,47,East,15.850143541282396,22
2017-01-03T23:00:00,47,West,9.819777673658173,18
2017-01-04T00:00:00,48,North,55.82002267657469,48
2017-01-04T00:00:00,48,South,12.758570147974606,20
2017-01-04T00:00:00,48,East,15.751439956572233,22
2017-01-04T00:00:00,48,West,8.351077313872466,18
2017-01-04T01:00:00,49,North,41.78315466541261,48
2017-01-04T01:00:00,49,South,12.56490346518687,23
2017-01-04T01:00:00,49,East,10.663026395591876,21
2017-01-04T01:00:00,49,West,5.191570998230238,16
2017-01-04T02:00:00,50,North,39.72270018527173,49
2017-01-04T02:00:00,50,South,12.424764112462498,24
2017-01-04T02:00:00,50,East,7.2063682979239,19
2017-01-04T02:00:00,50,West,4.230469379588886,16
2017-01-04T03:00:00,51,North,38.000579035450016,51
2017-01-04T03:00:00,51,South,9.353305295079387,21
2017-01-04T03:00:00,51,East,6.992229255961652,19
2017-01-04T03:00:00,51,West,4.918488378585863,17
2017-01-04T04:00:00,52,North,29.291806950308644,47
2017-01-04T04:00:00,52,South,11.169675963136093,25
2017-01-04T04:00:00,52,East,5.898408313685705,19
2017-01-04T04:00:00,52,West,3.9713660056470297,17
2017-01-04T05:00:00,53,North,26.00311528481003,46
2017-01-04T05:00:00,53,South,9.446060426705913,24
2017-01-04T05:00:00,53,East,6.381232393715578,20
2017-01-04T05:00:00,53,West,4.585166128804547,18
2017-01-04T06:00:00,54,North,29.861311348857285,48
2017-01-04T06:00:00,54,South,8.05591445705292,22
2017-01-04T06:00:00,54,East,7.9711162121699095,21
2017-01-04T06:00:00,54,West,4.131007439481868,17
2017-01-04T07:00:00,55,North,32.463129649811194,47
2017-01-04T07:00:00,55,South,9.70226144801349,23
2017-01-04T07:00:00,55,East,7.984980111783809,21
2017-01-04T07:00:00,55,West,4.724675960503033,17
2017-01-04T08:00:00,56,North,41.87792595662193,50
2017-01-04T08:00:00,56,South,9.77822204034819,21
2017-01-04T08:00:00,56,East,10.086254241268698,21
2017-01-04T08:00:00,56,West,4.306973668731251,16
2017-01-04T09:00:00,57,North,46.86125795022152,49
2017-01-04T09:00:00,57,South,9.874567906514637,20
2017-01-04T09:00:00,57,East,12.748131713155562,22
2017-01-04T09:00:00,57,West,6.631624282652991,17
2017-01-04T10:00:00,58,North,59.10831994667578,49
2017-01-04T10:00:00,58,South,12.278082460268108,20
2017-01-04T10:00:00,58,East,14.714375896009244,21
2017-01-04T10:00:00,58,West,9.800772134550604,18
2017-01-04T11:00:00,59,North,68.24233823734237,48
2017-01-04T11:00:00,59,South,13.919192542388323,19
2017-01-04T11:00:00,59,East,20.105149029776815,23
2017-01-04T11:00:00,59,West,10.564341746832742,18
2017-01-04T12:00:00,60,North,75.15082987167685,50
2017-01-04T12:00:00,60,South,14.828129851937227,20
2017-01-04T12:00:00,60,East,17.306595837999467,21
2017-01-04T12:00:00,60,West,10.171358868444761,17
2017-01-04T13:00:00,61,North,61.47008442804274,48
2017-01-04T13:00:00,61,South,13.86377228948885,20
2017-01-04T13:00:00,61,East,17.217934526760295,22
2017-01-04T13:00:00,61,West,10.060914289802508,18
2017-01-04T14:00:00,62,North,69.91992809559424,49
2017-01-04T14:00:00,62,South,14.69504533161027,20
2017-01-04T14:00:00,62,East,18.55091402693536,22
2017-01-04T14:00:00,62,West,9.935314140027906,17
2017-01-04T15:00:00,63,North,73.13511915904027,50
2017-01-04T15:00:00,63,South,14.031264990730179,19
2017-01-04T15:00:00,63,East,20.33954645961871,22
2017-01-04T15:00:00,63,West,9.487715192263279,17
2017-01-04T16:00:00,64,North,62.41907920283573,47
2017-01-04T16:00:00,64,South,15.65765860739341,21
2017-01-04T16:00:00,64,East,17.97244546883949,22
2017-01-04T16:00:00,64,West,10.101358283668063,18
2017-01-04T17:00:00,65,North,62.41907920283573,47
2017-01-04T17:00:00,65,South,16.16053855482874,21
2017-01-04T17:00:00,65,East,18.97244546883949,22
2017-01-04T17:00:00,65,West,10.083683464597659,18
2017-01-04T18:00:00,66,North,68.28003315405292,49
2017-01-04T18:00:00,66,South,17.125136954033056,21
2017-01-04T18:00:00,66,East,17.44977970660687,21
2017-01-04T18:00:00,66,West,9.31505176713926,17
2017-01-04T19:00:00,67,North,68.28003315405292,49
2017-01-04T19:00:00,67,South,16.280271123465276,21
2017-01-04T19:00:00,67,East,16.58300415955062,21
2017-01-04T19:00:00,67,West,9.164049460663245,17
2017-01-04T20:00:00,68,North,69.07117365412392,49
2017-01-04T20:00:00,68,South,15.51715388895175,20
2017-01-04T20:00:00,68,East,17.630480183556067,22
2017-01-04T20:00:00,68,West,9.151369821601756,17
2017-01-04T21:00:00,69,North,69.99739461345138,49
2017-01-04T21:00:00,69,South,16.06151696287496,20
2017-01-04T21:00:00,69,East,17.9692031203616,22
2017-01-04T21:00:00,69,West,9.239809876984973,17
2017-01-04T22:00:00,70,North,68.26987027526503,49
2017-01-04T22:00:00,70,South,14.687502712092826,20
2017-01-04T22:00:00,70,East,18.464994123092715,22
2017-01-04T22:00:00,70,West,8.296599084242107,17
2017-01-04T23:00:00,71,North,62.228254981613006,48
2017-01-04T23:00:00,71,South,15.246578350902281,21
2017-01-04T23:00:00,71,East,18.274152808614733,22
2017-01-04T23:00:00,71,West,8.487155170020774,17
2017-01-05T00:00:00,72,North,53.37056506698222,46
2017-01-05T00:00:00,72,South,15.056539042482092,22
2017-01-05T00:00:00,72,East,18.146190732387705,23
2017-01-05T00:00:00,72,West,7.413981160997658,17
2017-01-05T01:00:00,73,North,41.78315466541261,47
2017-01-05T01:00:00,73,South,11.764423838784838,22
2017-01-05T01:00:00,73,East,11.12503864047731,22
2017-01-05T01:00:00,73,West,6.2341022156405685,17
2017-01-05T02:00:00,74,North,38.19626917996098,45
2017-01-05T02:00:00,74,South,13.892424053410588,24
2017-01-05T02:00:00,74,East,11.011694177667657,22
2017-01-05T02:00:00,74,West,5.730034911563218,17
2017-01-05T03:00:00,75,North,32.911277424218994,47
2017-01-05T03:00:00,75,South,10.717939574854302,24
2017-01-05T03:00:00,75,East,7.160853207401451,20
2017-01-05T03:00:00,75,West,4.807504878573118,17
2017-01-05T04:00:00,76,North,29.881406746856072,46
2017-01-05T04:00:00,76,South,10.613176897809012,24
2017-01-05T04:00:00,76,East,9.213644952261408,22
2017-01-05T04:00:00,76,West,3.906297565502644,16
2017-01-05T05:00:00,77,North,28.851739462453462,47
2017-01-05T05:00:00,77,South,9.699007499604537,23
2017-01-05T05:00:00,77,East,7.262335306075167,21
2017-01-05T05:00:00,77,West,4.043218923600319,17
2017-01-05T06:00:00,78,North,26.983019886811242,48
2017-01-05T06:00:00,78,South,6.417840489969894,21
2017-01-05T06:00:00,78,East,5.956316748649386,20
2017-01-05T06:00:00,78,West,4.951454290312638,19
2017-01-05T07:00:00,79,North,35.658996959165115,49
2017-01-05T07:00:00,79,South,9.656844781346823,22
2017-01-05T07:00:00,79,East,7.038353068983751,20
2017-01-05T07:00:00,79,West,5.009838160957964,17
2017-01-05T08:00:00,80,North,41.427333164625914,48
2017-01-05T08:00:00,80,South,11.14345424733335,22
2017-01-05T08:00:00,80,East,10.587183107067945,21
2017-01-05T08:00:00,80,West,5.231218551736003,17
2017-01-05T09:00:00,81,North,46.94661113925381,48
2017-01-05T09:00:00,81,South,9.783340381475522,19
2017-01-05T09:00:00,81,East,13.096319053187031,22
2017-01-05T09:00:00,81,West,9.111701731129692,19
2017-01-05T10:00:00,82,North,55.780290585395655,48
2017-01-05T10:00:00,82,South,15.417981331420197,22
2017-01-05T10:00:00,82,East,15.1943198657234,22
2017-01-05T10:00:00,82,West,6.994253466223914,16
2017-01-05T11:00:00,83,North,64.5016538261023,49
2017-01-05T11:00:00,83,South,13.71996837041091,20
2017-01-05T11:00:00,83,East,17.472185265683926,22
2017-01-05T11:00:00,83,West,9.672117031043545,17
2017-01-05T12:00:00,84,North,75.49339266704413,50
2017-01-05T12:00:00,84,South,15.791531530312785,20
2017-01-05T12:00:00,84,East,18.231968344937297,21
2017-01-05T12:00:00,84,West,9.696793206299116,17
2017-01-05T13:00:00,85,North,63.560272849992565,48
2017-01-05T13:00:00,85,South,14.46190253466531,20
2017-01-05T13:00:00,85,East,20.161261933092387,23
2017-01-05T13:00:00,85,West,9.496142504767,17
2017-01-05T14:00:00,86,North,68.20979841364299,49
2017-01-05T14:00:00,86,South,13.978433639185644,20
2017-01-05T14:00:00,86,East,18.55091402693536,22
2017-01-05T14:00:00,86,West,10.093304053799061,17
2017-01-05T15:00:00,87,North,71.41013342766774,49
2017-01-05T15:00:00,87,South,17.84709511340886,21
2017-01-05T15:00:00,87,East,18.35922530435686,21
2017-01-05T15:00:00,87,West,9.868885176709169,17
2017-01-05T16:00:00,88,North,63.712041969761685,48
2017-01-05T16:00:00,88,South,15.125691603830303,21
2017-01-05T16:00:00,88,East,18.50042634911832,22
2017-01-05T16:00:00,88,West,9.137380877606585,17
2017-01-05T17:00:00,89,North,65.47313981553816,48
2017-01-05T17:00:00,89,South,13.541116974447664,20
2017-01-05T17:00:00,89,East,19.41602963376993,23
2017-01-05T17:00:00,89,West,9.44573432818547,17
2017-01-05T18:00:00,90,North,66.25761060895721,48
2017-01-05T18:00:00,90,South,15.549941354742367,21
2017-01-05T18:00:00,90,East,18.586678022478427,22
2017-01-05T18:00:00,90,West,9.90394370712157,17
2017-01-05T19:00:00,91,North,66.52202881378312,48
2017-01-05T19:00:00,91,South,15.333462433520339,21
2017-01-05T19:00:00,91,East,18.9692031203616,22
2017-01-05T19:00:00,91,West,9.201348524308957,17
2017-01-05T20:00:00,92,North,66.18193283314532,48
2017-01-05T20:00:00,92,South,15.614269168673943,21
2017-01-05T20:00:00,92,East,17.336710400012997,22
2017-01-05T20:00:00,92,West,9.709244955661665,17
2017-01-05T21:00:00,93,North,67.65352715391313,49
2017-01-05T21:00:00,93,South,14.160726227288304,20
2017-01-05T21:00:00,93,East,19.09948268720636,22
2017-01-05T21:00:00,93,West,8.82356136880818,17
2017-01-05T22:00:00,94,North,64.47391599177772,48
2017-01-05T22:00:00,94,South,14.68267700380622,20
2017-01-05T22:00:00,94,East,19.07895651897838,23
2017-01-05T22:00:00,94,West,9.434977906097663,17
2017-01-05T23:00:00,95,North,58.33369459442063,47
2017-01-05T23:00:00,95,South,12.3062928533608,19
2017-01-05T23:00:00,95,East,18.977464465475766,24
2017-01-05T23:00:00,95,West,9.054869392756713,18
2017-01-06T00:00:00,96,North,51.48418427112942,48
2017-01-06T00:00:00,96,South,11.222522636617779,20
2017-01-06T00:00:00,96,East,15.869116479686912,23
2017-01-06T00:00:00,96,West,7.977894955739781,17
2017-01-06T01:00:00,97,North,43.299123258434896,48
2017-01-06T01:00:00,97,South,12.882111339484723,23
2017-01-06T01:00:00,97,East,9.266134434128228,20
2017-01-06T01:00:00,97,West,5.542473004743638,17
2017-01-06T02:00:00,98,North,37.56847568123382,49
2017-01-06T02:00:00,98,South,11.090687866674406,23
2017-01-06T02:00:00,98,East,6.953570356437347,19
2017-01-06T02:00:00,98,West,5.057115270825041,17
2017-01-06T03:00:00,99,North,31.74723873327702,46
2017-01-06T03:00:00,99,South,8.901653008699379,22
2017-01-06T03:00:00,99,East,10.163152941274275,23
2017-01-06T03:00:00,99,West,4.514447255929775,17
2017-01-06T04:00:00,100,North,32.53152124004565,51
2017-01-06T04:00:00,100,South,7.388328127833379,21
2017-01-06T04:00:00,100,East,5.855206837591416,19
2017-01-06T04:00:00,100,West,4.451430694007627,17
2017-01-06T05:00:00,101,North,27.848808483413887,48
2017-01-06T05:00:00,101,South,7.560947068761951,22
2017-01-06T05:00:00,101,East,6.708384629612795,20
2017-01-06T05:00:00,101,West,4.816686785664109,18
2017-01-06T06:00:00,102,North,25.983019886811242,48
2017-01-06T06:00:00,102,South,6.144206339979288,20
2017-01-06T06:00:00,102,East,7.133404669129175,22
2017-01-06T06:00:00,102,West,4.537323510924189,18
2017-01-06T07:00:00,103,North,28.90449913344154,48
2017-01-06T07:00:00,103,South,8.37724462907289,22
2017-01-06T07:00:00,103,East,6.925148169185208,21
2017-01-06T07:00:00,103,West,4.310071917165444,17
2017-01-06T08:00:00,104,North,36.316846087530344,49
2017-01-06T08:00:00,104,South,9.073615128647344,21
2017-01-06T08:00:00,104,East,8.506852153757217,21
2017-01-06T08:00:00,104,West,4.979798404332332,17
2017-01-06T09:00:00,105,North,42.42349997594948,46
2017-01-06T09:00:00,105,South,12.73361477609968,23
2017-01-06T09:00:00,105,East,13.962997895817477,23
2017-01-06T09:00:00,105,West,5.26120194891303,16
2017-01-06T10:00:00,106,North,54.71762753404478,50
2017-01-06T10:00:00,106,South,10.43108183628138,19
2017-01-06T10:00:00,106,East,13.341267590656681,22
2017-01-06T10:00:00,106,West,7.562544448070422,17
2017-01-06T11:00:00,107,North,64.61192977222761,49
2017-01-06T11:00:00,107,South,14.101974592861765,20
2017-01-06T11:00:00,107,East,17.179358042962278,22
2017-01-06T11:00:00,107,West,8.78325580421763,17
2017-01-06T12:00:00,108,North,66.08746246795776,48
2017-01-06T12:00:00,108,South,14.46981281037377,20
2017-01-06T12:00:00,108,East,19.0710993109095,23
2017-01-06T12:00:00,108,West,9.612577517113074,17
2017-01-06T13:00:00,109,North,57.35565831957903,47
2017-01-06T13:00:00,109,South,12.547238525185785,20
2017-01-06T13:00:00,109,East,17.22782100102116,23
2017-01-06T13:00:00,109,West,10.04748951316118,18
2017-01-06T14:00:00,110,North,62.60513990453815,48
2017-01-06T14:00:00,110,South,12.837112553068682,19
2017-01-06T14:00:00,110,East,19.273299757080387,23
2017-01-06T14:00:00,110,West,9.687346052017286,18
2017-01-06T15:00:00,111,North,61.91171992570379,47
2017-01-06T15:00:00,111,South,15.299510857687512,21
2017-01-06T15:00:00,111,East,17.40610552754748,22
2017-01-06T15:00:00,111,West,10.064801137611969,18
2017-01-06T16:00:00,112,North,54.11663254584906,46
2017-01-06T16:00:00,112,South,14.29413112003896,21
2017-01-06T16:00:00,112,East,18.393128698454376,23
2017-01-06T16:00:00,112,West,9.014568614803984,18
2017-01-06T17:00:00,113,North,48.269296955417836,44
2017-01-06T17:00:00,113,South,15.133481742623731,22
2017-01-06T17:00:00,113,East,16.85499299144156,23
2017-01-06T17:00:00,113,West,9.549668883856373,19
2017-01-06T18:00:00,114,North,57.854361949669666,48
2017-01-06T18:00:00,114,South,10.963411176182314,19
2017-01-06T18:00:00,114,East,17.523182532892122,23
2017-01-06T18:00:00,114,West,8.865768667776962,18
2017-01-06T19:00:00,115,North,63.106883623172806,50
2017-01-06T19:00:00,115,South,10.509761912297405,18
2017-01-06T19:00:00,115,East,18.423560196204424,23
2017-01-06T19:00:00,115,West,8.927593736576833,17
2017-01-06T20:00:00,116,North,61.93994356229772,50
2017-01-06T20:00:00,116,South,11.887692176723423,19
2017-01-06T20:00:00,116,East,16.47685523550671,22
2017-01-06T20:00:00,116,West,8.755021829130214,17
2017-01-06T21:00:00,117,North,58.668432585564695,48
2017-01-06T21:00:00,117,South,11.725592923838319,19
2017-01-06T21:00:00,117,East,18.488788373611754,23
2017-01-06T21:00:00,117,West,8.806235717300924,18
2017-01-06T22:00:00,118,North,54.364105159268554,48
2017-01-06T22:00:00,118,South,11.184806881099334,19
2017-01-06T22:00:00,118,East,16.98524863032504,23
2017-01-06T22:00:00,118,West,8.87635730795649,18
2017-01-06T23:00:00,119,North,48.56060679757417,46
2017-01-06T23:00:00,119,South,12.585293179586213,21
2017-01-06T23:00:00,119,East,16.88375657682242,24
2017-01-06T23:00:00,119,West,8.244357233944054,17
2017-01-07T00:00:00,120,North,44.90161563247176,46
2017-01-07T00:00:00,120,South,9.79579995165198,19
2017-01-07T00:00:00,120,East,18.032555316540098,26
2017-01-07T00:00:00,120,West,7.219828102154984,17
2017-01-07T01:00:00,121,North,35.804401928623385,48
2017-01-07T01:00:00,121,South,9.252614505153776,22
2017-01-07T01:00:00,121,East,9.119635463553463,21
2017-01-07T01:00:00,121,West,5.052908970621819,17
2017-01-07T02:00:00,122,North,31.74723873327702,47
2017-01-07T02:00:00,122,South,10.426891653980233,24
2017-01-07T02:00:00,122,East,7.18559963567564,20
2017-01-07T02:00:00,122,West,4.16434062970517,17
2017-01-07T03:00:00,123,North,33.66431929329593,50
2017-01-07T03:00:00,123,South,8.80838852154541,22
2017-01-07T03:00:00,123,East,6.420100506315585,19
2017-01-07T03:00:00,123,West,3.962330430986025,17
2017-01-07T04:00:00,124,North,26.958085264098695,48
2017-01-07T04:00:00,124,South,7.928058868603749,23
2017-01-07T04:00:00,124,East,6.044174374705575,20
2017-01-07T04:00:00,124,West,3.916969785127382,17
2017-01-07T05:00:00,125,North,26.848808483413887,48
2017-01-07T05:00:00,125,South,7.065102397582184,22
2017-01-07T05:00:00,125,East,6.634121723877897,21
2017-01-07T05:00:00,125,West,3.711295048291131,17
2017-01-07T06:00:00,126,North,25.848808483413887,48
2017-01-07T06:00:00,126,South,7.892559955888151,23
2017-01-07T06:00:00,126,East,5.963895597594837,20
2017-01-07T06:00:00,126,West,3.902589569843089,17
2017-01-07T07:00:00,127,North,25.72464061869464,46
2017-01-07T07:00:00,127,South,7.065102397582184,21
2017-01-07T07:00:00,127,East,9.505268397693037,24
2017-01-07T07:00:00,127,West,4.015189287273811,17
2017-01-07T08:00:00,128,North,26.72464061869464,48
2017-01-07T08:00:00,128,South,6.362061065849632,20
2017-01-07T08:00:00,128,East,7.92925088544043,23
2017-01-07T08:00:00,128,West,4.106242363992076,17
2017-01-07T09:00:00,129,North,31.561681009038654,47
2017-01-07T09:00:00,129,South,8.629381294297852,22
2017-01-07T09:00:00,129,East,8.170274895521073,21
2017-01-07T09:00:00,129,West,5.633739082723698,18
2017-01-07T10:00:00,130,North,35.35968530315792,46
2017-01-07T10:00:00,130,South,8.236095302584188,20
2017-01-07T10:00:00,130,East,11.731024211111244,23
2017-01-07T10:00:00,130,West,6.64233960512039,19
2017-01-07T11:00:00,131,North,39.99280049828457,47
2017-01-07T11:00:00,131,South,9.104191407136,20
2017-01-07T11:00:00,131,East,11.114095161277497,22
2017-01-07T11:00:00,131,West,8.629873282076588,19
2017-01-07T12:00:00,132,North,39.86475348864359,44
2017-01-07T12:00:00,132,South,7.6555497452593455,18
2017-01-07T12:00:00,132,East,16.640187847288374,26
2017-01-07T12:00:00,132,West,10.285615929998105,20
2017-01-07T13:00:00,133,North,34.43703949396352,43
2017-01-07T13:00:00,133,South,8.928226700961408,20
2017-01-07T13:00:00,133,East,15.527056974644712,26
2017-01-07T13:00:00,133,West,7.118434532128733,19
2017-01-07T14:00:00,134,North,37.48576939939478,44
2017-01-07T14:00:00,134,South,7.770168056293802,19
2017-01-07T14:00:00,134,East,17.01001090421838,26
2017-01-07T14:00:00,134,West,7.700105902981734,19
2017-01-07T15:00:00,135,North,31.74723873327702,41
2017-01-07T15:00:00,135,South,7.778662388662007,19
2017-01-07T15:00:00,135,East,16.798383735118477,28
2017-01-07T15:00:00,135,West,8.500602582790238,20
2017-01-07T16:00:00,136,North,29.861311348857285,39
2017-01-07T16:00:00,136,South,9.363713788840558,21
2017-01-07T16:00:00,136,East,17.60297961523462,28
2017-01-07T16:00:00,136,West,8.283831089765165,20
2017-01-07T17:00:00,137,North,29.881406746856072,39
2017-01-07T17:00:00,137,South,10.744600894411299,21
2017-01-07T17:00:00,137,East,18.872432183696844,29
2017-01-07T17:00:00,137,West,7.917648285902048,19
2017-01-07T18:00:00,138,North,32.024740405724586,42
2017-01-07T18:00:00,138,South,9.115029248981736,20
2017-01-07T18:00:00,138,East,15.916103538509649,27
2017-01-07T18:00:00,138,West,7.889588276684144,19
2017-01-07T19:00:00,139,North,35.447205217137665,41
2017-01-07T19:00:00,139,South,9.653392468755287,20
2017-01-07T19:00:00,139,East,19.168485942599794,28
2017-01-07T19:00:00,139,West,8.469737462081287,19
2017-01-07T20:00:00,140,North,39.120065671287676,44
2017-01-07T20:00:00,140,South,8.4338038364821,19
2017-01-07T20:00:00,140,East,17.14653212425513,26
2017-01-07T20:00:00,140,West,8.705108212387259,19
2017-01-07T21:00:00,141,North,33.12279723480829,40
2017-01-07T21:00:00,141,South,10.49904579378652,21
2017-01-07T21:00:00,141,East,18.523552186860627,28
2017-01-07T21:00:00,141,West,7.684963542213232,19
2017-01-07T22:00:00,142,North,34.72628913746605,41
2017-01-07T22:00:00,142,South,11.17853753575405,22
2017-01-07T22:00:00,142,East,17.515467054023212,27
2017-01-07T22:00:00,142,West,7.549593949560326,18
2017-01-07T23:00:00,143,North,32.91323982344249,43
2017-01-07T23:00:00,143,South,8.938723905994483,20
2017-01-07T23:00:00,143,East,15.202752565374551,26
2017-01-07T23:00:00,143,West,7.514263900175096,19
2017-01-08T00:00:00,144,North,27.983019886811242,42
2017-01-08T00:00:00,144,South,7.881273043558958,20
2017-01-08T00:00:00,144,East,14.509014728746198,27
2017-01-08T00:00:00,144,West,6.440372231665057,19
2017-01-08T01:00:00,145,North,23.848808483413887,43
2017-01-08T01:00:00,145,South,8.10235597694785,22
2017-01-08T01:00:00,145,East,9.978611563479333,25
2017-01-08T01:00:00,145,West,4.917190565352701,18
2017-01-08T02:00:00,146,North,17.853682275708724,42
2017-01-08T02:00:00,146,South,6.720826475258162,23
2017-01-08T02:00:00,146,East,7.229628056391883,24
2017-01-08T02:00:00,146,West,4.230122020729593,19
2017-01-08T03:00:00,147,North,17.286209038667216,42
2017-01-08T03:00:00,147,South,5.887206018535683,22
2017-01-08T03:00:00,147,East,7.139920989961309,25
2017-01-08T03:00:00,147,West,4.018790901247832,19
2017-01-08T04:00:00,148,North,17.205675161906587,43
2017-01-08T04:00:00,148,South,6.882489250531081,24
2017-01-08T04:00:00,148,East,5.980696682414218,23
2017-01-08T04:00:00,148,West,3.619451249747775,18
2017-01-08T05:00:00,149,North,15.38216041118977,42
2017-01-08T05:00:00,149,South,6.107944853519502,24
2017-01-08T05:00:00,149,East,5.225799649973357,22
2017-01-08T05:00:00,149,West,3.905785183036091,20
2017-01-08T06:00:00,150,North,15.443825195742559,42
2017-01-08T06:00:00,150,South,6.020434848423435,24
2017-01-08T06:00:00,150,East,5.952985686413753,23
2017-01-08T06:00:00,150,West,3.9043217684019447,19
2017-01-08T07:00:00,151,North,18.61768825545249,44
2017-01-08T07:00:00,151,South,5.390125723526199,21
2017-01-08T07:00:00,151,East,6.943064463407708,24
2017-01-08T07:00:00,151,West,3.914397977395997,19
2017-01-08T08:00:00,152,North,20.58016843752359,44
2017-01-08T08:00:00,152,South,7.493522249890006,24
2017-01-08T08:00:00,152,East,6.762132052844413,22
2017-01-08T08:00:00,152,West,4.0335698641669016,18
2017-01-08T09:00:00,153,North,22.966246269285936,41
2017-01-08T09:00:00,153,South,8.304573971094571,23
2017-01-08T09:00:00,153,East,10.578920863475933,25
2017-01-08T09:00:00,153,West,5.166373418136619,19
2017-01-08T10:00:00,154,North,21.983019886811242,43
2017-01-08T10:00:00,154,South,7.678041605454305,23
2017-01-08T10:00:00,154,East,7.483778554458053,22
2017-01-08T10:00:00,154,West,5.740387105020698,20
2017-01-08T11:00:00,155,North,24.983019886811242,39
2017-01-08T11:00:00,155,South,8.338143667856807,21
2017-01-08T11:00:00,155,East,15.109592884711823,28
2017-01-08T11:00:00,155,West,6.942347226090987,20
2017-01-08T12:00:00,156,North,20.983019886811242,37
2017-01-08T12:00:00,156,South,8.048935143967794,21
2017-01-08T12:00:00,156,East,13.326059141023258,28
2017-01-08T12:00:00,156,West,8.199693047097904,22
2017-01-08T13:00:00,157,North,22.00311528481003,36
2017-01-08T13:00:00,157,South,7.850185081764244,21
2017-01-08T13:00:00,157,East,17.441245369338617,31
2017-01-08T13:00:00,157,West,7.410997952412043,20
2017-01-08T14:00:00,158,North,26.983019886811242,39
2017-01-08T14:00:00,158,South,7.631711508238552,20
2017-01-08T14:00:00,158,East,17.105087293269456,29
2017-01-08T14:00:00,158,West,8.052632048432816,20
2017-01-08T15:00:00,159,North,30.767334131275806,42
2017-01-08T15:00:00,159,South,7.847078464542616,20
2017-01-08T15:00:00,159,East,15.487630098495549,27
2017-01-08T15:00:00,159,West,7.581141359985993,19
2017-01-08T16:00:00,160,North,32.717078964284006,41
2017-01-08T16:00:00,160,South,8.5615096688079,20
2017-01-08T16:00:00,160,East,17.45201425830213,28
2017-01-08T16:00:00,160,West,7.595285649325649,19
2017-01-08T17:00:00,161,North,28.338023756077,39
2017-01-08T17:00:00,161,South,8.809919523119515,21
2017-01-08T17:00:00,161,East,17.618044067060033,29
2017-01-08T17:00:00,161,West,7.5902877388717265,19
2017-01-08T18:00:00,162,North,35.316846087530344,42
2017-01-08T18:00:00,162,South,9.39702505030024,20
2017-01-08T18:00:00,162,East,17.452500989645024,26
2017-01-08T18:00:00,162,West,9.210053548069093,20
2017-01-08T19:00:00,163,North,37.54326282017691,45
2017-01-08T19:00:00,163,South,8.00214954680913,19
2017-01-08T19:00:00,163,East,15.03217622608501,25
2017-01-08T19:00:00,163,West,7.971319633751142,19
2017-01-08T20:00:00,164,North,40.18060406689622,43
2017-01-08T20:00:00,164,South,9.616733362148267,19
2017-01-08T20:00:00,164,East,18.71332256477318,27
2017-01-08T20:00:00,164,West,8.795914727922607,19
2017-01-08T21:00:00,165,North,40.65305335301274,45
2017-01-08T21:00:00,165,South,9.729365719315188,20
2017-01-08T21:00:00,165,East,16.50255981636161,25
2017-01-08T21:00:00,165,West,7.554943087702025,18
2017-01-08T22:00:00,166,North,38.35467687366459,45
2017-01-08T22:00:00,166,South,8.948900695497116,20
2017-01-08T22:00:00,166,East,14.788891370997657,24
2017-01-08T22:00:00,166,West,8.136737556090896,19
2017-01-08T23:00:00,167,North,36.28786663966319,43
2017-01-08T23:00:00,167,South,9.245659988605826,20
2017-01-08T23:00:00,167,East,15.994096810825061,26
2017-01-08T23:00:00,167,West,8.488734148347211,19
2017-01-09T00:00:00,0,North,34.6247215253272,44
2017-01-09T00:00:00,0,South,9.23838168389031,20
2017-01-09T00:00:00,0,East,14.581486897138628,25
2017-01-09T00:00:00,0,West,7.462869245253156,19
2017-01-09T01:00:00,1,North,29.637625037511683,46
2017-01-09T01:00:00,1,South,8.014456482410917,21
2017-01-09T01:00:00,1,East,10.670772586598936,24
2017-01-09T01:00:00,1,West,4.669124072422842,17
2017-01-09T02:00:00,2,North,27.868720768721968,47
2017-01-09T02:00:00,2,South,7.600392860138428,21
2017-01-09T02:00:00,2,East,7.730283526131369,22
2017-01-09T02:00:00,2,West,4.609432164346592,18
2017-01-09T03:00:00,3,North,22.789877232747227,45
2017-01-09T03:00:00,3,South,7.6567219219846985,23
2017-01-09T03:00:00,3,East,6.90734695324534,22
2017-01-09T03:00:00,3,West,4.046436626214495,18
2017-01-09T04:00:00,4,North,24.789877232747227,48
2017-01-09T04:00:00,4,South,6.633283910691736,21
2017-01-09T04:00:00,4,East,6.049441586034577,21
2017-01-09T04:00:00,4,West,3.8920191886419144,18
2017-01-09T05:00:00,5,North,19.789877232747227,44
2017-01-09T05:00:00,5,South,7.0245303157514,23
2017-01-09T05:00:00,5,East,6.640509487962404,23
2017-01-09T05:00:00,5,West,4.057890997106683,18
2017-01-09T06:00:00,6,North,20.868720768721968,44
2017-01-09T06:00:00,6,South,6.895258015134949,23
2017-01-09T06:00:00,6,East,6.5570794747223555,22
2017-01-09T06:00:00,6,West,4.486329104363602,19
2017-01-09T07:00:00,7,North,22.983019886811242,43
2017-01-09T07:00:00,7,South,8.516703422950572,24
2017-01-09T07:00:00,7,East,8.094926408485595,23
2017-01-09T07:00:00,7,West,4.653054803775576,18
2017-01-09T08:00:00,8,North,31.74723873327702,48
2017-01-09T08:00:00,8,South,8.61543414552589,22
2017-01-09T08:00:00,8,East,7.591621191563258,21
2017-01-09T08:00:00,8,West,4.465291114407339,17
2017-01-09T09:00:00,9,North,40.26532385391912,47
2017-01-09T09:00:00,9,South,10.597462231850995,21
2017-01-09T09:00:00,9,East,12.09512743618064,23
2017-01-09T09:00:00,9,West,5.713791743681037,17
2017-01-09T10:00:00,10,North,58.5319034090735,49
2017-01-09T10:00:00,10,South,11.609307365534537,19
2017-01-09T10:00:00,10,East,15.903580799232282,22
2017-01-09T10:00:00,10,West,8.911520408739998,18
2017-01-09T11:00:00,11,North,64.15765390072328,48
2017-01-09T11:00:00,11,South,15.162307401585176,21
2017-01-09T11:00:00,11,East,18.21693189075754,22
2017-01-09T11:00:00,11,West,9.123414622001018,17
2017-01-09T12:00:00,12,North,62.83292650845944,47
2017-01-09T12:00:00,12,South,15.390213470360507,21
2017-01-09T12:00:00,12,East,18.46285345374323,22
2017-01-09T12:00:00,12,West,10.868299738487176,18
2017-01-09T13:00:00,13,North,55.21608749345841,46
2017-01-09T13:00:00,13,South,13.684661544967447,20
2017-01-09T13:00:00,13,East,19.493495480135405,24
2017-01-09T13:00:00,13,West,9.978103047814987,18
2017-01-09T14:00:00,14,North,63.74556119748359,47
2017-01-09T14:00:00,14,South,16.235655878013883,21
2017-01-09T14:00:00,14,East,20.493495480135405,23
2017-01-09T14:00:00,14,West,9.18668029598538,17
2017-01-09T15:00:00,15,North,63.21421681987533,47
2017-01-09T15:00:00,15,South,16.993084098804378,21
2017-01-09T15:00:00,15,East,20.4934954801354,23
2017-01-09T15:00:00,15,West,9.312527551191035,17
2017-01-09T16:00:00,16,North,61.50494259588714,47
2017-01-09T16:00:00,16,South,15.265299347062834,21
2017-01-09T16:00:00,16,East,19.224473725704748,23
2017-01-09T16:00:00,16,West,9.334548198705125,17
2017-01-09T17:00:00,17,North,60.48712576201144,47
2017-01-09T17:00:00,17,South,13.578798576448937,20
2017-01-09T17:00:00,17,East,20.313624817827662,24
2017-01-09T17:00:00,17,West,8.981229839618592,17
2017-01-09T18:00:00,18,North,55.74089830655344,47
2017-01-09T18:00:00,18,South,12.57286679093819,20
2017-01-09T18:00:00,18,East,18.46916907910008,23
2017-01-09T18:00:00,18,West,9.875197879954895,18
2017-01-09T19:00:00,19,North,58.022643455161685,47
2017-01-09T19:00:00,19,South,12.596491416686693,20
2017-01-09T19:00:00,19,East,20.53674439705078,24
2017-01-09T19:00:00,19,West,8.984090677611011,17
2017-01-09T20:00:00,20,North,54.50191238870798,46
2017-01-09T20:00:00,20,South,12.601005465653378,20
2017-01-09T20:00:00,20,East,19.251125269221742,24
2017-01-09T20:00:00,20,West,9.214551250310802,18
2017-01-09T21:00:00,21,North,59.67663554158439,48
2017-01-09T21:00:00,21,South,12.992527243847249,20
2017-01-09T21:00:00,21,East,19.393148668955753,23
2017-01-09T21:00:00,21,West,8.459003473201921,17
2017-01-09T22:00:00,22,North,62.111551924594025,48
2017-01-09T22:00:00,22,South,10.612094394372049,18
2017-01-09T22:00:00,22,East,23.04317198397725,25
2017-01-09T22:00:00,22,West,9.324356300814355,17
2017-01-09T23:00:00,23,North,53.6290432411608,45
2017-01-09T23:00:00,23,South,12.879185694808497,20
2017-01-09T23:00:00,23,East,20.724547967779408,25
2017-01-09T23:00:00,23,West,9.927305614746086,18
2017-01-10T00:00:00,24,North,48.13629859328153,45
2017-01-10T00:00:00,24,South,11.858365062732544,20
2017-01-10T00:00:00,24,East,19.057414097269305,25
2017-01-10T00:00:00,24,West,8.70596410900515,18
2017-01-10T01:00:00,25,North,38.35467687366459,46
2017-01-10T01:00:00,25,South,10.376101401249397,21
2017-01-10T01:00:00,25,East,14.321307059542418,25
2017-01-10T01:00:00,25,West,4.691854442232861,16
2017-01-10T02:00:00,26,North,33.636362540054456,47
2017-01-10T02:00:00,26,South,8.08549987288219,21
2017-01-10T02:00:00,26,East,10.806785228199262,23
2017-01-10T02:00:00,26,West,5.100551030265533,17
2017-01-10T03:00:00,27,North,31.666522309047465,46
2017-01-10T03:00:00,27,South,9.386234161838868,22
2017-01-10T03:00:00,27,East,9.169472290390905,22
2017-01-10T03:00:00,27,West,5.47601842855452,18
2017-01-10T04:00:00,28,North,25.789877232747227,46
2017-01-10T04:00:00,28,South,6.647172029503618,21
2017-01-10T04:00:00,28,East,8.055633310319813,23
2017-01-10T04:00:00,28,West,4.6439264320798905,18
2017-01-10T05:00:00,29,North,25.848808483413887,46
2017-01-10T05:00:00,29,South,7.232843287539339,22
2017-01-10T05:00:00,29,East,7.262335306075168,22
2017-01-10T05:00:00,29,West,4.568108935978639,18
2017-01-10T06:00:00,30,North,34.45232221132708,48
2017-01-10T06:00:00,30,South,8.801930466388749,21
2017-01-10T06:00:00,30,East,10.471441882703946,23
2017-01-10T06:00:00,30,West,4.083194975616605,16
2017-01-10T07:00:00,31,North,32.91323982344249,46
2017-01-10T07:00:00,31,South,8.171976774292723,20
2017-01-10T07:00:00,31,East,13.08830480046011,25
2017-01-10T07:00:00,31,West,4.5704464674911325,17
2017-01-10T08:00:00,32,North,43.14539208166978,48
2017-01-10T08:00:00,32,South,10.602030791072355,21
2017-01-10T08:00:00,32,East,11.58525093982018,22
2017-01-10T08:00:00,32,West,5.693440476638736,17
2017-01-10T09:00:00,33,North,49.64154603532878,48
2017-01-10T09:00:00,33,South,9.777236219735386,19
2017-01-10T09:00:00,33,East,17.61198826025,25
2017-01-10T09:00:00,33,West,5.708440066169439,16
2017-01-10T10:00:00,34,North,63.35163406762361,48
2017-01-10T10:00:00,34,South,15.033693450005174,20
2017-01-10T10:00:00,34,East,19.493495480135405,23
2017-01-10T10:00:00,34,West,9.377142349248071,17
2017-01-10T11:00:00,35,North,70.1008906992689,48
2017-01-10T11:00:00,35,South,15.386643467650934,20
2017-01-10T11:00:00,35,East,21.73675475127379,23
2017-01-10T11:00:00,35,West,9.595085974787873,17
2017-01-10T12:00:00,36,North,71.6105848479932,48
2017-01-10T12:00:00,36,South,15.726898576984441,20
2017-01-10T12:00:00,36,East,22.05010898202521,23
2017-01-10T12:00:00,36,West,10.84320916857466,17
2017-01-10T13:00:00,37,North,67.54679357312773,49
2017-01-10T13:00:00,37,South,14.237536123965953,20
2017-01-10T13:00:00,37,East,18.259228750186388,22
2017-01-10T13:00:00,37,West,9.248276760441405,17
2017-01-10T14:00:00,38,North,76.83674779818897,48
2017-01-10T14:00:00,38,South,17.189279421280446,20
2017-01-10T14:00:00,38,East,23.12375667289411,23
2017-01-10T14:00:00,38,West,9.55973789880751,17
2017-01-10T15:00:00,39,North,77.35035700733106,49
2017-01-10T15:00:00,39,South,17.23876620880181,20
2017-01-10T15:00:00,39,East,20.72053208783305,22
2017-01-10T15:00:00,39,West,9.751379672278741,17
2017-01-10T16:00:00,40,North,76.11774369951085,48
2017-01-10T16:00:00,40,South,18.993774389778288,21
2017-01-10T16:00:00,40,East,22.420945800773765,22
2017-01-10T16:00:00,40,West,9.85314809269772,17
2017-01-10T17:00:00,41,North,72.8570078077653,48
2017-01-10T17:00:00,41,South,18.074571334251917,21
2017-01-10T17:00:00,41,East,19.53674439705078,22
2017-01-10T17:00:00,41,West,9.540796634001987,17
2017-01-10T18:00:00,42,North,75.24156102690893,50
2017-01-10T18:00:00,42,South,16.070907437644184,20
2017-01-10T18:00:00,42,East,19.194655543886565,21
2017-01-10T18:00:00,42,West,9.267881673297065,17
2017-01-10T19:00:00,43,North,76.99443308314812,50
2017-01-10T19:00:00,43,South,17.474092443441876,20
2017-01-10T19:00:00,43,East,18.259228750186388,21
2017-01-10T19:00:00,43,West,9.431083237122431,17
2017-01-10T20:00:00,44,North,77.17513472388674,50
2017-01-10T20:00:00,44,South,18.074571334251917,21
2017-01-10T20:00:00,44,East,17.454425758823714,21
2017-01-10T20:00:00,44,West,9.17959668920585,16
2017-01-10T21:00:00,45,North,75.75513664105988,49
2017-01-10T21:00:00,45,South,17.254688413583125,21
2017-01-10T21:00:00,45,East,19.393148668955753,22
2017-01-10T21:00:00,45,West,9.126420299863788,16
2017-01-10T22:00:00,46,North,75.3257956947014,49
2017-01-10T22:00:00,46,South,18.232758207451,21
2017-01-10T22:00:00,46,East,19.357158194059974,21
2017-01-10T22:00:00,46,West,9.47493181075139,17
2017-01-10T23:00:00,47,North,68.81555225718864,48
2017-01-10T23:00:00,47,South,15.444059585874133,20
2017-01-10T23:00:00,47,East,19.944800934975508,23
2017-01-10T23:00:00,47,West,8.853741166585298,17
2017-01-11T00:00:00,48,North,70.30307517835469,51
2017-01-11T00:00:00,48,South,12.140180392159152,19
2017-01-11T00:00:00,48,East,17.079661450806164,21
2017-01-11T00:00:00,48,West,9.089057262717322,17
2017-01-11T01:00:00,49,North,49.796843301925456,50
2017-01-11T01:00:00,49,South,11.279191164631762,21
2017-01-11T01:00:00,49,East,12.267903508886974,21
2017-01-11T01:00:00,49,West,5.692776960040651,16
2017-01-11T02:00:00,50,North,45.15003619522906,49
2017-01-11T02:00:00,50,South,12.137239986758592,22
2017-01-11T02:00:00,50,East,9.556823988811685,20
2017-01-11T02:00:00,50,West,5.512998575450016,17
2017-01-11T03:00:00,51,North,41.156634621516076,49
2017-01-11T03:00:00,51,South,12.227241220445723,23
2017-01-11T03:00:00,51,East,9.071047169647288,20
2017-01-11T03:00:00,51,West,4.166935612276674,16
2017-01-11T04:00:00,52,North,39.89624576253614,48
2017-01-11T04:00:00,52,South,10.693018260039615,22
2017-01-11T04:00:00,52,East,10.73157004093766,22
2017-01-11T04:00:00,52,West,4.061725585944258,16
2017-01-11T05:00:00,53,North,32.489638357019615,49
2017-01-11T05:00:00,53,South,9.23742675589766,23
2017-01-11T05:00:00,53,East,5.957000139475399,19
2017-01-11T05:00:00,53,West,4.648573856088404,17
2017-01-11T06:00:00,54,North,37.2866230189035,51
2017-01-11T06:00:00,54,South,8.511895903612562,21
2017-01-11T06:00:00,54,East,7.787278875486869,20
2017-01-11T06:00:00,54,West,4.046723419890045,16
2017-01-11T07:00:00,55,North,38.31897782153189,49
2017-01-11T07:00:00,55,South,9.23742675589766,21
2017-01-11T07:00:00,55,East,10.48891377060248,22
2017-01-11T07:00:00,55,West,4.283518488452552,16
2017-01-11T08:00:00,56,North,42.42349997594948,49
2017-01-11T08:00:00,56,South,9.130572812658501,20
2017-01-11T08:00:00,56,East,11.459299146436926,22
2017-01-11T08:00:00,56,West,5.7536573171229755,17
2017-01-11T09:00:00,57,North,49.584313934256336,49
2017-01-11T09:00:00,57,South,12.178880109334614,21
2017-01-11T09:00:00,57,East,13.09976339371271,22
2017-01-11T09:00:00,57,West,6.219614494525769,16
2017-01-11T10:00:00,58,North,68.35695898105305,50
2017-01-11T10:00:00,58,South,13.615891156135858,19
2017-01-11T10:00:00,58,East,18.922127271243507,22
2017-01-11T10:00:00,58,West,8.246919891632553,17
2017-01-11T11:00:00,59,North,73.2031251629373,49
2017-01-11T11:00:00,59,South,16.28393145728673,20
2017-01-11T11:00:00,59,East,20.493495480135405,22
2017-01-11T11:00:00,59,West,9.287605063052379,17
2017-01-11T12:00:00,60,North,79.16907890753501,49
2017-01-11T12:00:00,60,South,15.376804018590443,19
2017-01-11T12:00:00,60,East,22.52352155328165,23
2017-01-11T12:00:00,60,West,10.460571556795793,17
2017-01-11T13:00:00,61,North,72.57468386324476,49
2017-01-11T13:00:00,61,South,12.918046051065788,19
2017-01-11T13:00:00,61,East,21.900987745601366,23
2017-01-11T13:00:00,61,West,10.029785946031451,17
2017-01-11T14:00:00,62,North,77.69096174960063,48
2017-01-11T14:00:00,62,South,18.957209234889568,21
2017-01-11T14:00:00,62,East,20.872923909622322,22
2017-01-11T14:00:00,62,West,9.985794754026134,17
2017-01-11T15:00:00,63,North,79.93418537867431,49
2017-01-11T15:00:00,63,South,19.02872492427878,21
2017-01-11T15:00:00,63,East,20.776127645222495,22
2017-01-11T15:00:00,63,West,9.604867040245844,16
2017-01-11T16:00:00,64,North,76.74354817277396,48
2017-01-11T16:00:00,64,South,19.028724924278784,21
2017-01-11T16:00:00,64,East,22.420945800773765,22
2017-01-11T16:00:00,64,West,9.746365218106924,17
2017-01-11T17:00:00,65,North,72.91770087292153,49
2017-01-11T17:00:00,65,South,15.446261169436587,20
2017-01-11T17:00:00,65,East,20.787446067912057,22
2017-01-11T17:00:00,65,West,9.289145637911567,17
2017-01-11T18:00:00,66,North,76.60297726193534,49
2017-01-11T18:00:00,66,South,18.369955264959806,21
2017-01-11T18:00:00,66,East,19.66087699777087,21
2017-01-11T18:00:00,66,West,9.587726255214042,17
2017-01-11T19:00:00,67,North,77.39742757142727,49
2017-01-11T19:00:00,67,South,17.48945297746058,20
2017-01-11T19:00:00,67,East,20.97848032249963,22
2017-01-11T19:00:00,67,West,9.400143223451114,17
2017-01-11T20:00:00,68,North,79.76721520557972,50
2017-01-11T20:00:00,68,South,16.19527040365386,20
2017-01-11T20:00:00,68,East,20.568753718503714,22
2017-01-11T20:00:00,68,West,9.575238645143383,16
2017-01-11T21:00:00,69,North,75.21178037495726,48
2017-01-11T21:00:00,69,South,16.395091533811332,20
2017-01-11T21:00:00,69,East,25.55596423312725,24
2017-01-11T21:00:00,69,West,9.664148452241228,16
2017-01-11T22:00:00,70,North,76.90712900949374,50
2017-01-11T22:00:00,70,South,17.209278985466256,20
2017-01-11T22:00:00,70,East,20.404556727900022,22
2017-01-11T22:00:00,70,West,8.895512863830302,16
2017-01-11T23:00:00,71,North,65.09311819835898,47
2017-01-11T23:00:00,71,South,15.628658560479359,20
2017-01-11T23:00:00,71,East,21.14820445187175,24
2017-01-11T23:00:00,71,West,8.431136774861265,17
2017-01-12T00:00:00,72,North,61.6574769057449,47
2017-01-12T00:00:00,72,South,15.786329973651577,21
2017-01-12T00:00:00,72,East,19.879374014175028,23
2017-01-12T00:00:00,72,West,8.883518027846254,17
2017-01-12T01:00:00,73,North,48.99907936657764,45
2017-01-12T01:00:00,73,South,13.21072264767128,21
2017-01-12T01:00:00,73,East,17.952431247808047,24
2017-01-12T01:00:00,73,West,8.25822668534734,18
2017-01-12T02:00:00,74,North,44.41752243237506,46
2017-01-12T02:00:00,74,South,13.444377559045082,22
2017-01-12T02:00:00,74,East,14.460534379338556,23
2017-01-12T02:00:00,74,West,5.841422564731727,17
2017-01-12T03:00:00,75,North,42.75320771338204,49
2017-01-12T03:00:00,75,South,9.81191435856027,21
2017-01-12T03:00:00,75,East,11.035393486700865,22
2017-01-12T03:00:00,75,West,4.939180769347355,16
2017-01-12T04:00:00,76,North,32.636362540054456,46
2017-01-12T04:00:00,76,South,11.38966477896926,24
2017-01-12T04:00:00,76,East,8.942908076075733,22
2017-01-12T04:00:00,76,West,4.133825254810246,16
2017-01-12T05:00:00,77,North,31.591368465341965,46
2017-01-12T05:00:00,77,South,11.38966477896926,24
2017-01-12T05:00:00,77,East,7.9711162121699095,21
2017-01-12T05:00:00,77,West,4.878792281909366,17
2017-01-12T06:00:00,78,North,35.27902039507963,50
2017-01-12T06:00:00,78,South,7.963462920228618,21
2017-01-12T06:00:00,78,East,7.234842880736611,20
2017-01-12T06:00:00,78,West,4.516245894486545,17
2017-01-12T07:00:00,79,North,41.90542808645351,51
2017-01-12T07:00:00,79,South,8.167136517855223,19
2017-01-12T07:00:00,79,East,10.40974292650406,22
2017-01-12T07:00:00,79,West,4.765773626834893,16
2017-01-12T08:00:00,80,North,40.814788807562586,44
2017-01-12T08:00:00,80,South,9.691581227809067,20
2017-01-12T08:00:00,80,East,18.56819443664641,27
2017-01-12T08:00:00,80,West,6.405587187124368,17
2017-01-12T09:00:00,81,North,48.49265847207146,46
2017-01-12T09:00:00,81,South,11.38966477896926,20
2017-01-12T09:00:00,81,East,18.679252071064372,25
2017-01-12T09:00:00,81,West,6.723028574254547,17
2017-01-12T10:00:00,82,North,64.72550509233594,47
2017-01-12T10:00:00,82,South,14.201198805269547,20
2017-01-12T10:00:00,82,East,21.84274811178154,24
2017-01-12T10:00:00,82,West,8.438415464621958,17
2017-01-12T11:00:00,83,North,77.54998447570199,50
2017-01-12T11:00:00,83,South,12.779416648386682,18
2017-01-12T11:00:00,83,East,22.53249946788629,23
2017-01-12T11:00:00,83,West,9.469145496131308,17
2017-01-12T12:00:00,84,North,77.20081102928148,49
2017-01-12T12:00:00,84,South,15.421583679771315,19
2017-01-12T12:00:00,84,East,21.82696964525499,23
2017-01-12T12:00:00,84,West,9.672929161387769,17
2017-01-12T13:00:00,85,North,69.36326414379559,48
2017-01-12T13:00:00,85,South,16.345596814585093,20
2017-01-12T13:00:00,85,East,21.211687931287678,23
2017-01-12T13:00:00,85,West,9.487542125888472,17
2017-01-12T14:00:00,86,North,75.79189062960448,48
2017-01-12T14:00:00,86,South,15.516674202461637,19
2017-01-12T14:00:00,86,East,24.08548983558132,24
2017-01-12T14:00:00,86,West,9.435466310762425,17
2017-01-12T15:00:00,87,North,77.57997002550093,49
2017-01-12T15:00:00,87,South,16.646700182031022,20
2017-01-12T15:00:00,87,East,20.655655624015218,22
2017-01-12T15:00:00,87,West,9.484335861964174,17
2017-01-12T16:00:00,88,North,76.89264624564242,48
2017-01-12T16:00:00,88,South,16.37967834476435,20
2017-01-12T16:00:00,88,East,23.858478180569666,23
2017-01-12T16:00:00,88,West,9.914097571712926,17
2017-01-12T17:00:00,89,North,75.57044808605272,49
2017-01-12T17:00:00,89,South,15.504523476993942,19
2017-01-12T17:00:00,89,East,21.727453157843374,23
2017-01-12T17:00:00,89,West,10.004768289590872,17
2017-01-12T18:00:00,90,North,72.010439670043,47
2017-01-12T18:00:00,90,South,18.33819304680637,21
2017-01-12T18:00:00,90,East,21.5574273781154,23
2017-01-12T18:00:00,90,West,9.649275316941255,17
2017-01-12T19:00:00,91,North,76.19423101979949,49
2017-01-12T19:00:00,91,South,16.60050715070814,20
2017-01-12T19:00:00,91,East,19.592425462677483,22
2017-01-12T19:00:00,91,West,9.701428294415836,17
2017-01-12T20:00:00,92,North,76.13349527319316,48
2017-01-12T20:00:00,92,South,20.882466216426707,22
2017-01-12T20:00:00,92,East,21.24793586483229,22
2017-01-12T20:00:00,92,West,9.19864960050666,16
2017-01-12T21:00:00,93,North,73.04636334201841,48
2017-01-12T21:00:00,93,South,18.36301697085804,21
2017-01-12T21:00:00,93,East,20.75493915576996,22
2017-01-12T21:00:00,93,West,9.167153398588336,17
2017-01-12T22:00:00,94,North,69.24720846898995,49
2017-01-12T22:00:00,94,South,15.396766450210347,20
2017-01-12T22:00:00,94,East,19.168126335077837,22
2017-01-12T22:00:00,94,West,9.671196959937877,17
2017-01-12T23:00:00,95,North,64.40019345832191,48
2017-01-12T23:00:00,95,South,16.17575062785877,21
2017-01-12T23:00:00,95,East,18.482051042981023,22
2017-01-12T23:00:00,95,West,9.485089017781283,17
2017-01-13T00:00:00,96,North,61.01092840525513,49
2017-01-13T00:00:00,96,South,12.859431303397043,20
2017-01-13T00:00:00,96,East,17.257214905642332,22
2017-01-13T00:00:00,96,West,8.480490054961649,17
2017-01-13T01:00:00,97,North,50.46136358604944,47
2017-01-13T01:00:00,97,South,15.393647666971662,23
2017-01-13T01:00:00,97,East,15.044196105846884,22
2017-01-13T01:00:00,97,West,5.703718568198704,16
2017-01-13T02:00:00,98,North,44.378730775973644,49
2017-01-13T02:00:00,98,South,11.381129780419297,22
2017-01-13T02:00:00,98,East,11.0019707226087,21
2017-01-13T02:00:00,98,West,4.788995797089219,16
2017-01-13T03:00:00,99,North,39.25252593839965,49
2017-01-13T03:00:00,99,South,8.69570814033092,20
2017-01-13T03:00:00,99,East,11.384233222390026,23
2017-01-13T03:00:00,99,West,4.787871403774604,16
2017-01-13T04:00:00,100,North,34.565834470927,49
2017-01-13T04:00:00,100,South,9.494807585339341,22
2017-01-13T04:00:00,100,East,7.499812484823709,20
2017-01-13T04:00:00,100,West,4.695007581504196,17
2017-01-13T05:00:00,101,North,32.492729583644234,49
2017-01-13T05:00:00,101,South,7.287846012435249,20
2017-01-13T05:00:00,101,East,8.948669179206854,22
2017-01-13T05:00:00,101,West,4.447497368419937,17
2017-01-13T06:00:00,102,North,31.481006469611213,49
2017-01-13T06:00:00,102,South,7.277980703405655,21
2017-01-13T06:00:00,102,East,7.585742569672098,21
2017-01-13T06:00:00,102,West,4.480148327959389,17
2017-01-13T07:00:00,103,North,33.52241703994754,48
2017-01-13T07:00:00,103,South,7.610076988472841,20
2017-01-13T07:00:00,103,East,10.119392662431647,23
2017-01-13T07:00:00,103,West,4.111011753241767,17
2017-01-13T08:00:00,104,North,40.12865306965629,46
2017-01-13T08:00:00,104,South,10.668104571749152,21
2017-01-13T08:00:00,104,East,14.054899605932482,24
2017-01-13T08:00:00,104,West,5.485795295093168,17
2017-01-13T09:00:00,105,North,44.02052888413284,47
2017-01-13T09:00:00,105,South,11.180152308593836,21
2017-01-13T09:00:00,105,East,15.417763546449944,24
2017-01-13T09:00:00,105,West,4.96661689875667,16
2017-01-13T10:00:00,106,North,58.81634076572693,50
2017-01-13T10:00:00,106,South,9.57395695273107,18
2017-01-13T10:00:00,106,East,16.865237708748623,23
2017-01-13T10:00:00,106,West,7.61772900626369,17
2017-01-13T11:00:00,107,North,68.10874428327323,50
2017-01-13T11:00:00,107,South,15.270473908549688,20
2017-01-13T11:00:00,107,East,17.276494181240764,21
2017-01-13T11:00:00,107,West,8.232893249385064,17
2017-01-13T12:00:00,108,North,69.67219006640356,50
2017-01-13T12:00:00,108,South,15.339830716571948,20
2017-01-13T12:00:00,108,East,16.3532111938429,21
2017-01-13T12:00:00,108,West,9.880572393724936,17
2017-01-13T13:00:00,109,North,62.71500031362236,47
2017-01-13T13:00:00,109,South,15.339830716571948,21
2017-01-13T13:00:00,109,East,20.040093723943837,23
2017-01-13T13:00:00,109,West,9.014388982156817,17
2017-01-13T14:00:00,110,North,69.15870557019701,48
2017-01-13T14:00:00,110,South,17.187466952131913,21
2017-01-13T14:00:00,110,East,19.524344235779452,22
2017-01-13T14:00:00,110,West,9.594171497420286,17
2017-01-13T15:00:00,111,North,66.81990399891995,49
2017-01-13T15:00:00,111,South,15.439133127457833,20
2017-01-13T15:00:00,111,East,18.177278413025867,22
2017-01-13T15:00:00,111,West,9.22790655828794,17
2017-01-13T16:00:00,112,North,63.788964827081635,47
2017-01-13T16:00:00,112,South,16.384711893902455,21
2017-01-13T16:00:00,112,East,19.378241645971187,23
2017-01-13T16:00:00,112,West,8.580903862367517,17
2017-01-13T17:00:00,113,North,62.615983115324504,46
2017-01-13T17:00:00,113,South,19.044531531361958,22
2017-01-13T17:00:00,113,East,19.404443804784236,23
2017-01-13T17:00:00,113,West,9.783816557714571,17
2017-01-13T18:00:00,114,North,60.14343351405997,47
2017-01-13T18:00:00,114,South,17.962822308253045,22
2017-01-13T18:00:00,114,East,16.969151181446158,22
2017-01-13T18:00:00,114,West,9.41571928799046,17
2017-01-13T19:00:00,115,North,65.85681935848724,47
2017-01-13T19:00:00,115,South,17.98758212543428,22
2017-01-13T19:00:00,115,East,19.054944192156032,22
2017-01-13T19:00:00,115,West,9.387568053057528,17
2017-01-13T20:00:00,116,North,67.45489181394557,48
2017-01-13T20:00:00,116,South,17.11302496172272,21
2017-01-13T20:00:00,116,East,19.985093789962416,22
2017-01-13T20:00:00,116,West,8.691456757287614,17
2017-01-13T21:00:00,117,North,68.87503035895011,49
2017-01-13T21:00:00,117,South,16.359810655027694,21
2017-01-13T21:00:00,117,East,17.140270474869773,21
2017-01-13T21:00:00,117,West,8.32081241882932,17
2017-01-13T22:00:00,118,North,63.788964827081635,48
2017-01-13T22:00:00,118,South,17.353845866823058,22
2017-01-13T22:00:00,118,East,16.800305693050127,21
2017-01-13T22:00:00,118,West,8.103656778370528,17
2017-01-13T23:00:00,119,North,57.31174579723193,46
2017-01-13T23:00:00,119,South,18.73303495459876,23
2017-01-13T23:00:00,119,East,18.021230409004517,22
2017-01-13T23:00:00,119,West,8.348613638049642,17
2017-01-14T00:00:00,120,North,50.11159221006193,46
2017-01-14T00:00:00,120,South,13.092799529458608,21
2017-01-14T00:00:00,120,East,18.503612475112813,24
2017-01-14T00:00:00,120,West,7.846990230468083,17
2017-01-14T01:00:00,121,North,47.689333401169655,49
2017-01-14T01:00:00,121,South,12.076498521797337,21
2017-01-14T01:00:00,121,East,12.183672856834425,22
2017-01-14T01:00:00,121,West,4.727833241677353,16
2017-01-14T02:00:00,122,North,38.28018616513047,46
2017-01-14T02:00:00,122,South,12.973827681095019,23
2017-01-14T02:00:00,122,East,11.960665727272923,23
2017-01-14T02:00:00,122,West,4.448830580275639,16
2017-01-14T03:00:00,123,North,33.6782873078826,50
2017-01-14T03:00:00,123,South,8.700798223160486,22
2017-01-14T03:00:00,123,East,6.7633375984899216,19
2017-01-14T03:00:00,123,West,4.121202708055218,17
2017-01-14T04:00:00,124,North,31.495820396147376,49
2017-01-14T04:00:00,124,South,7.873078374945605,21
2017-01-14T04:00:00,124,East,7.317261865917742,21
2017-01-14T04:00:00,124,West,4.253842504411826,17
2017-01-14T05:00:00,125,North,27.810016827012475,47
2017-01-14T05:00:00,125,South,7.907731885712713,22
2017-01-14T05:00:00,125,East,7.239862647044559,21
2017-01-14T05:00:00,125,West,4.250868145437467,18
2017-01-14T06:00:00,126,North,25.75108557634581,46
2017-01-14T06:00:00,126,South,7.996034556424914,23
2017-01-14T06:00:00,126,East,7.433910304164294,22
2017-01-14T06:00:00,126,West,3.890483835076064,17
2017-01-14T07:00:00,127,North,24.75108557634581,45
2017-01-14T07:00:00,127,South,7.907731885712713,22
2017-01-14T07:00:00,127,East,9.00334241446182,24
2017-01-14T07:00:00,127,West,3.9412780683350075,17
2017-01-14T08:00:00,128,North,29.61364730764643,47
2017-01-14T08:00:00,128,South,8.522036709006253,22
2017-01-14T08:00:00,128,East,8.631317968979758,22
2017-01-14T08:00:00,128,West,4.014503341406169,17
2017-01-14T09:00:00,129,North,35.54159791936487,46
2017-01-14T09:00:00,129,South,8.578890497104217,20
2017-01-14T09:00:00,129,East,13.99250349292044,25
2017-01-14T09:00:00,129,West,5.733454281915257,17
2017-01-14T10:00:00,130,North,42.800886181910265,45
2017-01-14T10:00:00,130,South,9.731485752954441,19
2017-01-14T10:00:00,130,East,18.550154736166515,26
2017-01-14T10:00:00,130,West,7.686362341089899,18
2017-01-14T11:00:00,131,North,44.446131701820136,46
2017-01-14T11:00:00,131,South,9.264980972116467,19
2017-01-14T11:00:00,131,East,17.068156840285877,25
2017-01-14T11:00:00,131,West,8.159055647110012,18
2017-01-14T12:00:00,132,North,44.446131701820136,46
2017-01-14T12:00:00,132,South,8.7203890021856,19
2017-01-14T12:00:00,132,East,17.324034305107368,25
2017-01-14T12:00:00,132,West,7.873319817628216,18
2017-01-14T13:00:00,133,North,41.8666364300521,45
2017-01-14T13:00:00,133,South,9.772814593158857,19
2017-01-14T13:00:00,133,East,17.831399099418967,26
2017-01-14T13:00:00,133,West,7.503730344595109,18
2017-01-14T14:00:00,134,North,39.569298029599594,44
2017-01-14T14:00:00,134,South,11.148101381194572,21
2017-01-14T14:00:00,134,East,16.70609479143412,25
2017-01-14T14:00:00,134,West,7.517258319302908,18
2017-01-14T15:00:00,135,North,38.28018616513048,44
2017-01-14T15:00:00,135,South,9.586204301408904,20
2017-01-14T15:00:00,135,East,16.38185728556376,26
2017-01-14T15:00:00,135,West,7.716457506138611,18
2017-01-14T16:00:00,136,North,40.797717453020454,42
2017-01-14T16:00:00,136,South,15.402025167744284,23
2017-01-14T16:00:00,136,East,17.590743444819935,25
2017-01-14T16:00:00,136,West,7.52600936169314,18
2017-01-14T17:00:00,137,North,40.797717453020454,41
2017-01-14T17:00:00,137,South,16.58793141787587,24
2017-01-14T17:00:00,137,East,18.316526124065096,25
2017-01-14T17:00:00,137,West,8.21876612258538,18
2017-01-14T18:00:00,138,North,45.34937660934321,42
2017-01-14T18:00:00,138,South,11.453239332221253,20
2017-01-14T18:00:00,138,East,26.144647359869722,29
2017-01-14T18:00:00,138,West,7.999767281092865,17
2017-01-14T19:00:00,139,North,49.483078467848145,41
2017-01-14T19:00:00,139,South,14.7978663438285,21
2017-01-14T19:00:00,139,East,28.055543401043394,29
2017-01-14T19:00:00,139,West,8.262846669145766,17
2017-01-14T20:00:00,140,North,53.25187414281154,32
2017-01-14T20:00:00,140,South,10.403538106991757,16
2017-01-14T20:00:00,140,East,89.50999999999999,45
2017-01-14T20:00:00,140,West,8.601971962015684,15
2017-01-14T21:00:00,141,North,50.26393548044231,34
2017-01-14T21:00:00,141,South,12.174302343498937,17
2017-01-14T21:00:00,141,East,67.6,41
2017-01-14T21:00:00,141,West,8.522861563240776,16
2017-01-14T22:00:00,142,North,47.689333401169655,44
2017-01-14T22:00:00,142,South,12.283550327037696,20
2017-01-14T22:00:00,142,East,22.663263568489842,27
2017-01-14T22:00:00,142,West,8.09576089831597,17
2017-01-14T23:00:00,143,North,48.49511532935585,46
2017-01-14T23:00:00,143,South,9.872715779567047,19
2017-01-14T23:00:00,143,East,18.06347215989914,25
2017-01-14T23:00:00,143,West,8.026093923191452,18
2017-01-15T00:00:00,144,North,42.27053597187192,47
2017-01-15T00:00:00,144,South,10.51633258076557,21
2017-01-15T00:00:00,144,East,12.0404412823341,22
2017-01-15T00:00:00,144,West,6.966030273686341,18
2017-01-15T01:00:00,145,North,33.45084670061821,43
2017-01-15T01:00:00,145,South,10.648843820536975,22
2017-01-15T01:00:00,145,East,13.55655483261153,25
2017-01-15T01:00:00,145,West,5.932538988337319,18
2017-01-15T02:00:00,146,North,30.115417923069256,47
2017-01-15T02:00:00,146,South,8.74127885263082,22
2017-01-15T02:00:00,146,East,8.222415581681268,21
2017-01-15T02:00:00,146,West,5.376421613947501,18
2017-01-15T03:00:00,147,North,26.375627444605055,46
2017-01-15T03:00:00,147,South,8.577935714985728,23
2017-01-15T03:00:00,147,East,6.893745988374942,21
2017-01-15T03:00:00,147,West,4.767198592255349,18
2017-01-15T04:00:00,148,North,23.403708269577184,45
2017-01-15T04:00:00,148,South,7.397097180131295,23
2017-01-15T04:00:00,148,East,7.372252337645178,22
2017-01-15T04:00:00,148,West,4.4274041333411756,18
2017-01-15T05:00:00,149,North,24.403708269577184,45
2017-01-15T05:00:00,149,South,7.494939206249944,22
2017-01-15T05:00:00,149,East,7.963370958010997,23
2017-01-15T05:00:00,149,West,4.417712108641785,18
2017-01-15T06:00:00,150,North,27.375627444605055,48
2017-01-15T06:00:00,150,South,6.047836642721402,20
2017-01-15T06:00:00,150,East,7.350586676280422,22
2017-01-15T06:00:00,150,West,4.713772296263157,18
2017-01-15T07:00:00,151,North,26.375627444605055,47
2017-01-15T07:00:00,151,South,6.542226657694155,21
2017-01-15T07:00:00,151,East,7.879548599083084,22
2017-01-15T07:00:00,151,West,4.519354518664186,18
2017-01-15T08:00:00,152,North,29.33543343800552,45
2017-01-15T08:00:00,152,South,7.719627776244798,20
2017-01-15T08:00:00,152,East,10.90936433423973,24
2017-01-15T08:00:00,152,West,6.0154623645847,19
2017-01-15T09:00:00,153,North,40.52857989577404,45
2017-01-15T09:00:00,153,South,15.36607793234084,25
2017-01-15T09:00:00,153,East,11.284510140295044,21
2017-01-15T09:00:00,153,West,6.440126973548715,17
2017-01-15T10:00:00,154,North,41.22039489099219,45
2017-01-15T10:00:00,154,South,16.17315172764066,25
2017-01-15T10:00:00,154,East,10.739600604004709,20
2017-01-15T10:00:00,154,West,7.288834370083031,18
2017-01-15T11:00:00,155,North,42.27053597187192,46
2017-01-15T11:00:00,155,South,11.344380892791358,21
2017-01-15T11:00:00,155,East,13.250179579647504,23
2017-01-15T11:00:00,155,West,7.301378901582984,18
2017-01-15T12:00:00,156,North,63.79183438177641,51
2017-01-15T12:00:00,156,South,12.970002945104655,20
2017-01-15T12:00:00,156,East,12.678680092505616,20
2017-01-15T12:00:00,156,West,7.70453947108205,17
2017-01-15T13:00:00,157,North,55.732266155848656,50
2017-01-15T13:00:00,157,South,9.668240110550206,19
2017-01-15T13:00:00,157,East,14.439441014392376,22
2017-01-15T13:00:00,157,West,7.742417196353484,17
2017-01-15T14:00:00,158,North,59.830521045946384,51
2017-01-15T14:00:00,158,South,12.970002945104655,21
2017-01-15T14:00:00,158,East,10.873526784245275,19
2017-01-15T14:00:00,158,West,7.16047754289597,17
2017-01-15T15:00:00,159,North,61.691481042476376,53
2017-01-15T15:00:00,159,South,10.542566896341404,19
2017-01-15T15:00:00,159,East,10.282089290979853,19
2017-01-15T15:00:00,159,West,7.936206732105066,17
2017-01-15T16:00:00,160,North,59.07953891432836,51
2017-01-15T16:00:00,160,South,13.076733857881942,21
2017-01-15T16:00:00,160,East,10.873526784245275,19
2017-01-15T16:00:00,160,West,7.815365043498868,17
2017-01-15T17:00:00,161,North,59.830521045946384,50
2017-01-15T17:00:00,161,South,13.189276420931353,20
2017-01-15T17:00:00,161,East,13.529046767251275,21
2017-01-15T17:00:00,161,West,7.234216937974397,17
2017-01-15T18:00:00,162,North,68.26377403035806,53
2017-01-15T18:00:00,162,South,10.628370425018392,19
2017-01-15T18:00:00,162,East,13.950696286392951,20
2017-01-15T18:00:00,162,West,7.2722457080433855,16
2017-01-15T19:00:00,163,North,75.77099500042235,54
2017-01-15T19:00:00,163,South,12.260315907381283,19
2017-01-15T19:00:00,163,East,11.601661992140011,19
2017-01-15T19:00:00,163,West,7.586486918604718,16
2017-01-15T20:00:00,164,North,75.13128848368487,53
2017-01-15T20:00:00,164,South,14.7978663438285,20
2017-01-15T20:00:00,164,East,12.20964713938596,19
2017-01-15T20:00:00,164,West,7.841991505905827,16
2017-01-15T21:00:00,165,North,72.19316350154618,52
2017-01-15T21:00:00,165,South,14.80624446951159,20
2017-01-15T21:00:00,165,East,14.858013573274878,20
2017-01-15T21:00:00,165,West,7.347466798730602,16
2017-01-15T22:00:00,166,North,70.80420251485751,52
2017-01-15T22:00:00,166,South,13.237436813730042,20
2017-01-15T22:00:00,166,East,14.670164893722834,20
2017-01-15T22:00:00,166,West,7.638523967452033,16
2017-01-15T23:00:00,167,North,70.5771405940374,54
2017-01-15T23:00:00,167,South,10.063072803704209,18
2017-01-15T23:00:00,167,East,13.63291597714205,20
2017-01-15T23:00:00,167,West,7.274347095791843,16
2017-01-16T00:00:00,0,North,62.53157423642569,50
2017-01-16T00:00:00,0,South,13.520658744248337,20
2017-01-16T00:00:00,0,East,14.447641550973625,21
2017-01-16T00:00:00,0,West,9.115182572686415,17
2017-01-16T01:00:00,1,North,53.06407828194103,51
2017-01-16T01:00:00,1,South,12.055748427893606,21
2017-01-16T01:00:00,1,East,10.317390004780865,19
2017-01-16T01:00:00,1,West,6.2402995640986925,17
2017-01-16T02:00:00,2,North,45.12849517011393,52
2017-01-16T02:00:00,2,South,7.385809868358002,19
2017-01-16T02:00:00,2,East,9.099789295200111,20
2017-01-16T02:00:00,2,West,5.652686765161264,17
2017-01-16T03:00:00,3,North,36.77562549633187,50
2017-01-16T03:00:00,3,South,9.942031372786719,22
2017-01-16T03:00:00,3,East,6.368981896134678,19
2017-01-16T03:00:00,3,West,4.812784794074887,17
2017-01-16T04:00:00,4,North,35.399506317086534,49
2017-01-16T04:00:00,4,South,8.834255573249033,21
2017-01-16T04:00:00,4,East,8.7027388376795,21
2017-01-16T04:00:00,4,West,5.005487575142853,17
2017-01-16T05:00:00,5,North,32.66577473849211,49
2017-01-16T05:00:00,5,South,7.4648295222428676,21
2017-01-16T05:00:00,5,East,7.383336952025672,20
2017-01-16T05:00:00,5,West,5.333870502778084,18
2017-01-16T06:00:00,6,North,37.6371770325127,53
2017-01-16T06:00:00,6,South,6.515498921642737,19
2017-01-16T06:00:00,6,East,6.366752525784591,19
2017-01-16T06:00:00,6,West,4.851696043801011,17
2017-01-16T07:00:00,7,North,50.70447370454738,52
2017-01-16T07:00:00,7,South,9.963601055579215,20
2017-01-16T07:00:00,7,East,9.929939040032762,20
2017-01-16T07:00:00,7,West,5.481351182024683,16
2017-01-16T08:00:00,8,North,49.27719490705398,53
2017-01-16T08:00:00,8,South,9.382038511444978,20
2017-01-16T08:00:00,8,East,8.083697267662439,18
2017-01-16T08:00:00,8,West,5.861923823890662,17
2017-01-16T09:00:00,9,North,61.34308035232172,52
2017-01-16T09:00:00,9,South,11.502497716850428,20
2017-01-16T09:00:00,9,East,12.041676942746669,20
2017-01-16T09:00:00,9,West,6.233912961768159,16
2017-01-16T10:00:00,10,North,65.7884992660832,51
2017-01-16T10:00:00,10,South,13.635286861873558,20
2017-01-16T10:00:00,10,East,14.7755730584282,21
2017-01-16T10:00:00,10,West,7.4199645113846575,16
2017-01-16T11:00:00,11,North,68.47715773809524,49
2017-01-16T11:00:00,11,South,16.68467707007502,21
2017-01-16T11:00:00,11,East,16.044373260648996,21
2017-01-16T11:00:00,11,West,9.239758826333606,17
2017-01-16T12:00:00,12,North,67.34023076923077,49
2017-01-16T12:00:00,12,South,18.480607251757203,22
2017-01-16T12:00:00,12,East,13.573447634147975,20
2017-01-16T12:00:00,12,West,9.84656294943641,17
2017-01-16T13:00:00,13,North,70.99464306824973,52
2017-01-16T13:00:00,13,South,13.393875078501669,19
2017-01-16T13:00:00,13,East,12.82392151917227,19
2017-01-16T13:00:00,13,West,10.207083819061532,18
2017-01-16T14:00:00,14,North,74.86867184509074,50
2017-01-16T14:00:00,14,South,17.540263668938696,21
2017-01-16T14:00:00,14,East,16.170505843917702,20
2017-01-16T14:00:00,14,West,10.171482573586744,17
2017-01-16T15:00:00,15,North,76.24120531524379,49
2017-01-16T15:00:00,15,South,18.786172251722522,21
2017-01-16T15:00:00,15,East,15.556914537014206,20
2017-01-16T15:00:00,15,West,11.938692995875687,18
2017-01-16T16:00:00,16,North,74.18229003236151,51
2017-01-16T16:00:00,16,South,18.68496940313968,22
2017-01-16T16:00:00,16,East,12.717714122626163,18
2017-01-16T16:00:00,16,West,9.607022764895978,17
2017-01-16T17:00:00,17,North,76.22721550789173,49
2017-01-16T17:00:00,17,South,18.453161454443556,21
2017-01-16T17:00:00,17,East,16.475792270494694,20
2017-01-16T17:00:00,17,West,11.5105932549843,18
2017-01-16T18:00:00,18,North,75.33435399886172,51
2017-01-16T18:00:00,18,South,15.644228580815007,20
2017-01-16T18:00:00,18,East,15.10866123553815,20
2017-01-16T18:00:00,18,West,9.026379038985159,17
2017-01-16T19:00:00,19,North,72.99515414967446,50
2017-01-16T19:00:00,19,South,17.513738402946124,21
2017-01-16T19:00:00,19,East,14.250285186968052,19
2017-01-16T19:00:00,19,West,10.623216628132665,18
2017-01-16T20:00:00,20,North,84.50996257638093,51
2017-01-16T20:00:00,20,South,18.38078862641048,21
2017-01-16T20:00:00,20,East,15.07416123553815,19
2017-01-16T20:00:00,20,West,10.106140611443035,17
2017-01-16T21:00:00,21,North,81.57127504456409,51
2017-01-16T21:00:00,21,South,21.199205046630272,22
2017-01-16T21:00:00,21,East,14.004381298700764,19
2017-01-16T21:00:00,21,West,8.722018525864033,16
2017-01-16T22:00:00,22,North,72.60383603238866,50
2017-01-16T22:00:00,22,South,18.35053716635127,21
2017-01-16T22:00:00,22,East,15.049813736574048,20
2017-01-16T22:00:00,22,West,9.15097348591539,17
2017-01-16T23:00:00,23,North,76.60708947553393,50
2017-01-16T23:00:00,23,South,18.437109746786327,21
2017-01-16T23:00:00,23,East,16.367920516975524,20
2017-01-16T23:00:00,23,West,9.475008508368198,17
2017-01-17T00:00:00,24,North,70.64419248781067,50
2017-01-17T00:00:00,24,South,17.465815298943294,21
2017-01-17T00:00:00,24,East,15.794033448537743,20
2017-01-17T00:00:00,24,West,8.66283077688093,17
2017-01-17T01:00:00,25,North,56.98160271652434,51
2017-01-17T01:00:00,25,South,13.791196566683322,21
2017-01-17T01:00:00,25,East,11.350676545033968,20
2017-01-17T01:00:00,25,West,6.27557877697909,16
2017-01-17T02:00:00,26,North,50.27259913434375,51
2017-01-17T02:00:00,26,South,12.581285651806528,22
2017-01-17T02:00:00,26,East,9.132176213339523,19
2017-01-17T02:00:00,26,West,5.2029018782820735,16
2017-01-17T03:00:00,27,North,46.495040514281094,49
2017-01-17T03:00:00,27,South,13.946577856837282,23
2017-01-17T03:00:00,27,East,8.786112887043558,19
2017-01-17T03:00:00,27,West,5.577896085056073,17
2017-01-17T04:00:00,28,North,43.574241636089944,51
2017-01-17T04:00:00,28,South,10.53082719899187,21
2017-01-17T04:00:00,28,East,7.897610297090763,19
2017-01-17T04:00:00,28,West,5.126734807441354,17
2017-01-17T05:00:00,29,North,34.54352046085625,49
2017-01-17T05:00:00,29,South,7.949544980431014,21
2017-01-17T05:00:00,29,East,7.976781141189182,21
2017-01-17T05:00:00,29,West,5.038209528946682,17
2017-01-17T06:00:00,30,North,36.592313602899395,48
2017-01-17T06:00:00,30,South,8.829430728301336,21
2017-01-17T06:00:00,30,East,10.021862537901209,22
2017-01-17T06:00:00,30,West,4.7555667030407776,17
2017-01-17T07:00:00,31,North,45.78012105782817,51
2017-01-17T07:00:00,31,South,9.49947079706773,20
2017-01-17T07:00:00,31,East,10.94975263080154,21
2017-01-17T07:00:00,31,West,4.86273563276841,16
2017-01-17T08:00:00,32,North,49.640143417304124,51
2017-01-17T08:00:00,32,South,9.837678754703362,20
2017-01-17T08:00:00,32,East,11.78947674746094,21
2017-01-17T08:00:00,32,West,5.680813976606221,16
2017-01-17T09:00:00,33,North,55.447698476893976,51
2017-01-17T09:00:00,33,South,9.873726628890491,19
2017-01-17T09:00:00,33,East,11.994237709923736,21
2017-01-17T09:00:00,33,West,6.965919435151205,17
2017-01-17T10:00:00,34,North,69.3505095034258,50
2017-01-17T10:00:00,34,South,15.63172410419606,21
2017-01-17T10:00:00,34,East,14.137033421996342,20
2017-01-17T10:00:00,34,West,8.982928837892906,17
2017-01-17T11:00:00,35,North,75.44847882163586,51
2017-01-17T11:00:00,35,South,15.703059522223604,20
2017-01-17T11:00:00,35,East,15.114272257482774,20
2017-01-17T11:00:00,35,West,10.0398111707236,17
2017-01-17T12:00:00,36,North,74.36207779157856,49
2017-01-17T12:00:00,36,South,17.571029460299506,21
2017-01-17T12:00:00,36,East,16.710477252103587,20
2017-01-17T12:00:00,36,West,12.229461687917466,18
2017-01-17T13:00:00,37,North,70.63121639451285,51
2017-01-17T13:00:00,37,South,15.3033565239575,20
2017-01-17T13:00:00,37,East,15.02315818558072,20
2017-01-17T13:00:00,37,West,9.672798574378735,17
2017-01-17T14:00:00,38,North,76.50610212922551,51
2017-01-17T14:00:00,38,South,16.8507594404251,20
2017-01-17T14:00:00,38,East,15.48983614309586,20
2017-01-17T14:00:00,38,West,9.476194439784763,17
2017-01-17T15:00:00,39,North,76.12815058800062,49
2017-01-17T15:00:00,39,South,20.35592107208201,22
2017-01-17T15:00:00,39,East,15.16037163692302,20
2017-01-17T15:00:00,39,West,10.496721918307962,17
2017-01-17T16:00:00,40,North,74.90310142240948,50
2017-01-17T16:00:00,40,South,17.996361766830912,21
2017-01-17T16:00:00,40,East,14.751390157652963,20
2017-01-17T16:00:00,40,West,9.38440238012132,17
2017-01-17T17:00:00,41,North,72.43455687408606,49
2017-01-17T17:00:00,41,South,18.830411012450977,22
2017-01-17T17:00:00,41,East,16.397790875504217,20
2017-01-17T17:00:00,41,West,9.397136822932685,17
2017-01-17T18:00:00,42,North,74.80662143512615,49
2017-01-17T18:00:00,42,South,19.367326017378616,22
2017-01-17T18:00:00,42,East,14.184094068445045,19
2017-01-17T18:00:00,42,West,12.665412710237558,18
2017-01-17T19:00:00,43,North,75.6345927313674,50
2017-01-17T19:00:00,43,South,18.69892612148593,21
2017-01-17T19:00:00,43,East,14.92289236018342,20
2017-01-17T19:00:00,43,West,10.86132315739302,17
2017-01-17T20:00:00,44,North,78.81505853629247,51
2017-01-17T20:00:00,44,South,18.84436773079723,21
2017-01-17T20:00:00,44,East,14.160326367583503,19
2017-01-17T20:00:00,44,West,9.474048264611078,17
2017-01-17T21:00:00,45,North,78.71422896009751,50
2017-01-17T21:00:00,45,South,18.69892612148593,21
2017-01-17T21:00:00,45,East,16.192614656005503,20
2017-01-17T21:00:00,45,West,9.392773495711618,17
2017-01-17T22:00:00,46,North,78.46120232677211,51
2017-01-17T22:00:00,46,South,16.20280067026729,20
2017-01-17T22:00:00,46,East,16.046475493352194,20
2017-01-17T22:00:00,46,West,10.287213058149042,17
2017-01-17T23:00:00,47,North,69.51764293473671,51
2017-01-17T23:00:00,47,South,14.158586506952602,20
2017-01-17T23:00:00,47,East,14.301835287337608,20
2017-01-17T23:00:00,47,West,8.917975733531085,17
2017-01-18T00:00:00,48,North,64.14975507529635,49
2017-01-18T00:00:00,48,South,16.582170696442223,22
2017-01-18T00:00:00,48,East,13.838814321543374,20
2017-01-18T00:00:00,48,West,8.993042236645225,17
2017-01-18T01:00:00,49,North,50.321636241684224,48
2017-01-18T01:00:00,49,South,14.128288478405608,22
2017-01-18T01:00:00,49,East,13.139479823261468,21
2017-01-18T01:00:00,49,West,6.8663147961767965,17
2017-01-18T02:00:00,50,North,45.36070217888244,49
2017-01-18T02:00:00,50,South,13.113877468930408,23
2017-01-18T02:00:00,50,East,9.466842053201429,20
2017-01-18T02:00:00,50,West,5.346905516928148,16
2017-01-18T03:00:00,51,North,40.518368364081184,48
2017-01-18T03:00:00,51,South,13.07154111251736,23
2017-01-18T03:00:00,51,East,9.336798672661386,20
2017-01-18T03:00:00,51,West,5.577722270304114,17
2017-01-18T04:00:00,52,North,34.10286851645453,48
2017-01-18T04:00:00,52,South,9.78265239477113,22
2017-01-18T04:00:00,52,East,8.212357195474691,21
2017-01-18T04:00:00,52,West,4.937173107191106,17
2017-01-18T05:00:00,53,North,32.25184827726048,48
2017-01-18T05:00:00,53,South,9.886993588129199,23
2017-01-18T05:00:00,53,East,7.163488638132164,20
2017-01-18T05:00:00,53,West,4.768878617514681,17
2017-01-18T06:00:00,54,North,35.339120652161306,49
2017-01-18T06:00:00,54,South,9.403966496636032,22
2017-01-18T06:00:00,54,East,6.386246180278841,19
2017-01-18T06:00:00,54,West,5.572391006035506,18
2017-01-18T07:00:00,55,North,39.664222185844714,46
2017-01-18T07:00:00,55,South,13.354512158955322,24
2017-01-18T07:00:00,55,East,10.514052305814936,21
2017-01-18T07:00:00,55,West,5.689624218277133,17
2017-01-18T08:00:00,56,North,45.617681140957075,51
2017-01-18T08:00:00,56,South,9.379552191862475,20
2017-01-18T08:00:00,56,East,10.088815340595497,20
2017-01-18T08:00:00,56,West,5.835004402163751,17
2017-01-18T09:00:00,57,North,52.60259975143279,49
2017-01-18T09:00:00,57,South,13.083796742462583,21
2017-01-18T09:00:00,57,East,12.425210460096185,21
2017-01-18T09:00:00,57,West,7.85723438252069,17
2017-01-18T10:00:00,58,North,62.52687613401741,50
2017-01-18T10:00:00,58,South,13.794339875590925,20
2017-01-18T10:00:00,58,East,12.494235462344884,20
2017-01-18T10:00:00,58,West,9.137141227186284,18
2017-01-18T11:00:00,59,North,72.03907829541359,51
2017-01-18T11:00:00,59,South,14.946877116120248,20
2017-01-18T11:00:00,59,East,14.10103278191082,20
2017-01-18T11:00:00,59,West,9.407776121586636,17
2017-01-18T12:00:00,60,North,74.92377798679779,51
2017-01-18T12:00:00,60,South,14.554973332392196,20
2017-01-18T12:00:00,60,East,13.527728549303696,19
2017-01-18T12:00:00,60,West,11.202400880857843,18
2017-01-18T13:00:00,61,North,70.54796343681222,50
2017-01-18T13:00:00,61,South,15.505766623689093,21
2017-01-18T13:00:00,61,East,14.740374212033421,20
2017-01-18T13:00:00,61,West,9.537568069367838,17
2017-01-18T14:00:00,62,North,73.17448533086444,51
2017-01-18T14:00:00,62,South,17.024930512800726,21
2017-01-18T14:00:00,62,East,13.737376917907545,19
2017-01-18T14:00:00,62,West,10.10567490641677,17
2017-01-18T15:00:00,63,North,74.6672154959672,49
2017-01-18T15:00:00,63,South,18.89590374713317,21
2017-01-18T15:00:00,63,East,15.483239738049175,20
2017-01-18T15:00:00,63,West,11.40474820956191,18
2017-01-18T16:00:00,64,North,70.19177890967087,48
2017-01-18T16:00:00,64,South,17.072853616803556,21
2017-01-18T16:00:00,64,East,16.358227569927752,20
2017-01-18T16:00:00,64,West,12.742031649235688,19
2017-01-18T17:00:00,65,North,71.50490606338366,48
2017-01-18T17:00:00,65,South,18.68496940313968,21
2017-01-18T17:00:00,65,East,15.863039704800293,20
2017-01-18T17:00:00,65,West,12.94680105386876,19
2017-01-18T18:00:00,66,North,70.12461539665765,50
2017-01-18T18:00:00,66,South,16.49940817628221,21
2017-01-18T18:00:00,66,East,14.513189234669946,20
2017-01-18T18:00:00,66,West,10.06286513268172,17
2017-01-18T19:00:00,67,North,75.3980648869367,51
2017-01-18T19:00:00,67,South,15.961977843351704,21
2017-01-18T19:00:00,67,East,13.988341670730712,19
2017-01-18T19:00:00,67,West,10.087036128453198,17
2017-01-18T20:00:00,68,North,78.80814996996548,48
2017-01-18T20:00:00,68,South,20.367326017378616,21
2017-01-18T20:00:00,68,East,21.84568889455104,22
2017-01-18T20:00:00,68,West,10.061673510770902,17
2017-01-18T21:00:00,69,North,74.96151050123952,50
2017-01-18T21:00:00,69,South,19.369877790428262,22
2017-01-18T21:00:00,69,East,13.665456550791422,19
2017-01-18T21:00:00,69,West,9.446504703484008,17
2017-01-18T22:00:00,70,North,73.45317183809576,50
2017-01-18T22:00:00,70,South,18.668917695482445,21
2017-01-18T22:00:00,70,East,15.174855164840233,20
2017-01-18T22:00:00,70,West,9.314859927935345,17
2017-01-18T23:00:00,71,North,64.86196045633358,49
2017-01-18T23:00:00,71,South,15.810214678607316,21
2017-01-18T23:00:00,71,East,14.68610506523775,20
2017-01-18T23:00:00,71,West,10.337576477491677,18
2017-01-19T00:00:00,72,North,61.33292500859664,49
2017-01-19T00:00:00,72,South,14.79783103162975,21
2017-01-19T00:00:00,72,East,14.685126690494783,21
2017-01-19T00:00:00,72,West,8.922765246851018,17
2017-01-19T01:00:00,73,North,50.26767013734201,47
2017-01-19T01:00:00,73,South,15.311491464473624,23
2017-01-19T01:00:00,73,East,12.154702067883099,21
2017-01-19T01:00:00,73,West,7.103569682285515,17
2017-01-19T02:00:00,74,North,45.13994821671233,48
2017-01-19T02:00:00,74,South,14.488336990594263,23
2017-01-19T02:00:00,74,East,10.281269818597233,20
2017-01-19T02:00:00,74,West,5.88639345806232,17
2017-01-19T03:00:00,75,North,42.36263963347634,49
2017-01-19T03:00:00,75,South,11.630063476166658,22
2017-01-19T03:00:00,75,East,9.778083125204388,21
2017-01-19T03:00:00,75,West,4.870295484794933,16
2017-01-19T04:00:00,76,North,35.85214390530796,47
2017-01-19T04:00:00,76,South,12.0416506576173,24
2017-01-19T04:00:00,76,East,7.870041972532536,20
2017-01-19T04:00:00,76,West,4.722633194060547,17
2017-01-19T05:00:00,77,North,29.242693812203584,45
2017-01-19T05:00:00,77,South,12.0416506576173,25
2017-01-19T05:00:00,77,East,6.766486534887667,20
2017-01-19T05:00:00,77,West,5.225361611855067,18
2017-01-19T06:00:00,78,North,33.24359477288716,50
2017-01-19T06:00:00,78,South,8.840632223939059,22
2017-01-19T06:00:00,78,East,5.840754116154416,19
2017-01-19T06:00:00,78,West,4.745358260380438,17
2017-01-19T07:00:00,79,North,39.0260651110112,48
2017-01-19T07:00:00,79,South,9.533487661187845,21
2017-01-19T07:00:00,79,East,11.400094839161575,23
2017-01-19T07:00:00,79,West,4.882002823077309,16
2017-01-19T08:00:00,80,North,42.636320322195594,49
2017-01-19T08:00:00,80,South,9.379552191862475,20
2017-01-19T08:00:00,80,East,11.083162930371277,21
2017-01-19T08:00:00,80,West,6.5581400643079055,18
2017-01-19T09:00:00,81,North,47.71411902195165,47
2017-01-19T09:00:00,81,South,13.155521026257604,22
2017-01-19T09:00:00,81,East,14.063616816617998,22
2017-01-19T09:00:00,81,West,6.985475512142906,17
2017-01-19T10:00:00,82,North,55.60445052745931,48
2017-01-19T10:00:00,82,South,13.86461254076407,21
2017-01-19T10:00:00,82,East,14.002112097698063,21
2017-01-19T10:00:00,82,West,9.091785630603216,18
2017-01-19T11:00:00,83,North,72.85697137041075,51
2017-01-19T11:00:00,83,South,13.926704517941978,20
2017-01-19T11:00:00,83,East,15.044890650084037,20
2017-01-19T11:00:00,83,West,9.566514664380591,17
2017-01-19T12:00:00,84,North,75.70477963585957,52
2017-01-19T12:00:00,84,South,14.256558131063695,19
2017-01-19T12:00:00,84,East,14.310585884668912,20
2017-01-19T12:00:00,84,West,9.824199607327023,17
2017-01-19T13:00:00,85,North,73.21538678873279,51
2017-01-19T13:00:00,85,South,15.233676599511,20
2017-01-19T13:00:00,85,East,14.325374346207374,20
2017-01-19T13:00:00,85,West,10.514967648077056,17
2017-01-19T14:00:00,86,North,84.70342858773702,52
2017-01-19T14:00:00,86,South,16.103297878710194,20
2017-01-19T14:00:00,86,East,15.515866238589652,19
2017-01-19T14:00:00,86,West,10.7634914221678,17
2017-01-19T15:00:00,87,North,75.77683893145054,51
2017-01-19T15:00:00,87,South,16.00181692788603,20
2017-01-19T15:00:00,87,East,14.62731775653755,20
2017-01-19T15:00:00,87,West,9.594700528415544,17
2017-01-19T16:00:00,88,North,74.55759151265806,50
2017-01-19T16:00:00,88,South,19.395760156616333,22
2017-01-19T16:00:00,88,East,14.282358559353014,19
2017-01-19T16:00:00,88,West,10.55340691905566,17
2017-01-19T17:00:00,89,North,74.09285364683817,50
2017-01-19T17:00:00,89,South,18.809999748981568,21
2017-01-19T17:00:00,89,East,15.361041465423849,20
2017-01-19T17:00:00,89,West,9.96953798850921,17
2017-01-19T18:00:00,90,North,72.77345945352906,50
2017-01-19T18:00:00,90,South,18.884206815331556,22
2017-01-19T18:00:00,90,East,14.065718024600283,19
2017-01-19T18:00:00,90,West,10.066020938686256,17
2017-01-19T19:00:00,91,North,77.05248734972125,50
2017-01-19T19:00:00,91,South,18.738765206020254,21
2017-01-19T19:00:00,91,East,15.069681018367767,20
2017-01-19T19:00:00,91,West,9.927852930393412,17
2017-01-19T20:00:00,92,North,76.77224077030453,50
2017-01-19T20:00:00,92,South,20.79576157229808,22
2017-01-19T20:00:00,92,East,14.028797353356959,19
2017-01-19T20:00:00,92,West,10.047053948539066,17
2017-01-19T21:00:00,93,North,75.97200386891295,51
2017-01-19T21:00:00,93,South,18.036200851365233,21
2017-01-19T21:00:00,93,East,15.601844841676538,20
2017-01-19T21:00:00,93,West,8.83588478099889,16
2017-01-19T22:00:00,94,North,73.59388485388004,51
2017-01-19T22:00:00,94,South,15.935759041274503,20
2017-01-19T22:00:00,94,East,14.808118044387173,20
2017-01-19T22:00:00,94,West,8.867418674465737,17
2017-01-19T23:00:00,95,North,63.784516855180826,48
2017-01-19T23:00:00,95,South,17.799506783331772,22
2017-01-19T23:00:00,95,East,15.132439778503523,21
2017-01-19T23:00:00,95,West,9.075611109367976,17
2017-01-20T00:00:00,96,North,59.95549471321805,49
2017-01-20T00:00:00,96,South,15.305757388645542,21
2017-01-20T00:00:00,96,East,12.505905046298226,20
2017-01-20T00:00:00,96,West,9.048731407944828,18
2017-01-20T01:00:00,97,North,52.7353871042499,49
2017-01-20T01:00:00,97,South,17.72467356683731,24
2017-01-20T01:00:00,97,East,10.480777570048959,19
2017-01-20T01:00:00,97,West,5.823696955814623,16
2017-01-20T02:00:00,98,North,42.5297450116051,49
2017-01-20T02:00:00,98,South,11.575790214905153,22
2017-01-20T02:00:00,98,East,8.968444003806727,20
2017-01-20T02:00:00,98,West,6.251284902227482,17
2017-01-20T03:00:00,99,North,41.58113142635994,46
2017-01-20T03:00:00,99,South,15.445201803688228,25
2017-01-20T03:00:00,99,East,9.577227226335289,20
2017-01-20T03:00:00,99,West,5.7607823132564615,17
2017-01-20T04:00:00,100,North,36.047486129011034,47
2017-01-20T04:00:00,100,South,11.453941661056907,23
2017-01-20T04:00:00,100,East,8.088446523672774,20
2017-01-20T04:00:00,100,West,5.680399184272817,18
2017-01-20T05:00:00,101,North,31.526636746305744,47
2017-01-20T05:00:00,101,South,8.807964135729629,22
2017-01-20T05:00:00,101,East,8.415033765378883,22
2017-01-20T05:00:00,101,West,4.670806436769632,17
2017-01-20T06:00:00,102,North,34.43446621313521,50
2017-01-20T06:00:00,102,South,7.352732972722245,20
2017-01-20T06:00:00,102,East,8.739069123057448,21
2017-01-20T06:00:00,102,West,4.529315080869223,17
2017-01-20T07:00:00,103,North,37.119910129362225,48
2017-01-20T07:00:00,103,South,10.398707467365536,22
2017-01-20T07:00:00,103,East,9.030680466558987,21
2017-01-20T07:00:00,103,West,4.713772947558725,17
2017-01-20T08:00:00,104,North,40.72793351871343,49
2017-01-20T08:00:00,104,South,10.32560615060341,22
2017-01-20T08:00:00,104,East,9.173318298462554,20
2017-01-20T08:00:00,104,West,5.371713966413436,17
2017-01-20T09:00:00,105,North,44.8191114106158,48
2017-01-20T09:00:00,105,South,12.961460393659912,22
2017-01-20T09:00:00,105,East,10.66573456437607,21
2017-01-20T09:00:00,105,West,6.019522124941339,17
2017-01-20T10:00:00,106,North,64.21098682583067,51
2017-01-20T10:00:00,106,South,12.793855469974325,19
2017-01-20T10:00:00,106,East,14.500422615866896,21
2017-01-20T10:00:00,106,West,7.872992524069436,17
2017-01-20T11:00:00,107,North,68.33107806901619,51
2017-01-20T11:00:00,107,South,15.395595530170954,21
2017-01-20T11:00:00,107,East,13.311378254122513,19
2017-01-20T11:00:00,107,West,8.63853989308303,17
2017-01-20T12:00:00,108,North,67.03035278283738,49
2017-01-20T12:00:00,108,South,15.89249543482932,21
2017-01-20T12:00:00,108,East,15.693376182929196,21
2017-01-20T12:00:00,108,West,9.689938568528035,17
2017-01-20T13:00:00,109,North,61.85085877035519,48
2017-01-20T13:00:00,109,South,15.495131863272874,21
2017-01-20T13:00:00,109,East,16.558444283865033,21
2017-01-20T13:00:00,109,West,10.37475590031342,18
2017-01-20T14:00:00,110,North,65.75335039595853,48
2017-01-20T14:00:00,110,South,18.623674070176637,22
2017-01-20T14:00:00,110,East,15.104987620732206,20
2017-01-20T14:00:00,110,West,10.365209023084677,18
2017-01-20T15:00:00,111,North,66.33272272137845,49
2017-01-20T15:00:00,111,South,16.877343344517726,21
2017-01-20T15:00:00,111,East,16.558444283865033,21
2017-01-20T15:00:00,111,West,8.748975563295298,17
2017-01-20T16:00:00,112,North,60.0232368736537,49
2017-01-20T16:00:00,112,South,16.086570370471104,22
2017-01-20T16:00:00,112,East,12.842911614754229,20
2017-01-20T16:00:00,112,West,8.56613208350516,17
2017-01-20T17:00:00,113,North,67.07727807535385,49
2017-01-20T17:00:00,113,South,17.06529668400895,22
2017-01-20T17:00:00,113,East,13.471554422847989,19
2017-01-20T17:00:00,113,West,9.971123398577365,18
2017-01-20T18:00:00,114,North,59.91494951062341,47
2017-01-20T18:00:00,114,South,16.919601390787243,22
2017-01-20T18:00:00,114,East,15.645639194012878,21
2017-01-20T18:00:00,114,West,9.657030356099574,18
2017-01-20T19:00:00,115,North,67.88013379919086,50
2017-01-20T19:00:00,115,South,16.919601390787243,21
2017-01-20T19:00:00,115,East,13.330141357329762,20
2017-01-20T19:00:00,115,West,9.644832803235774,17
2017-01-20T20:00:00,116,North,64.13109795774218,49
2017-01-20T20:00:00,116,South,16.365777701531766,21
2017-01-20T20:00:00,116,East,14.947750488403852,21
2017-01-20T20:00:00,116,West,9.668559051858448,17
2017-01-20T21:00:00,117,North,61.014186178583095,49
2017-01-20T21:00:00,117,South,16.877343344517726,22
2017-01-20T21:00:00,117,East,13.199798471164383,20
2017-01-20T21:00:00,117,West,8.527267900483622,17
2017-01-20T22:00:00,118,North,57.55548654826955,47
2017-01-20T22:00:00,118,South,17.705302751910487,23
2017-01-20T22:00:00,118,East,12.593159783338894,20
2017-01-20T22:00:00,118,West,9.30635043486555,18
2017-01-20T23:00:00,119,North,50.03693584701673,46
2017-01-20T23:00:00,119,South,15.489592194625086,22
2017-01-20T23:00:00,119,East,14.102184250386419,22
2017-01-20T23:00:00,119,West,9.193741638823676,18
2017-01-21T00:00:00,120,North,48.35397364104537,48
2017-01-21T00:00:00,120,South,13.49192572594662,22
2017-01-21T00:00:00,120,East,12.719703962567985,21
2017-01-21T00:00:00,120,West,6.12423263116455,17
2017-01-21T01:00:00,121,North,40.450639087964674,45
2017-01-21T01:00:00,121,South,14.580404233242481,24
2017-01-21T01:00:00,121,East,12.405743438694607,22
2017-01-21T01:00:00,121,West,5.370552715408049,17
2017-01-21T02:00:00,122,North,38.92533346724546,48
2017-01-21T02:00:00,122,South,12.98902807542031,24
2017-01-21T02:00:00,122,East,8.333823284258205,20
2017-01-21T02:00:00,122,West,4.954321248259857,16
2017-01-21T03:00:00,123,North,34.706111125781845,47
2017-01-21T03:00:00,123,South,13.10890764108137,25
2017-01-21T03:00:00,123,East,7.541876640212722,20
2017-01-21T03:00:00,123,West,4.495589680794457,16
2017-01-21T04:00:00,124,North,25.84363456616575,46
2017-01-21T04:00:00,124,South,8.723117408493295,24
2017-01-21T04:00:00,124,East,5.975692875337745,20
2017-01-21T04:00:00,124,West,4.42472676449197,18
2017-01-21T05:00:00,125,North,24.890636893609532,45
2017-01-21T05:00:00,125,South,7.929899696857121,23
2017-01-21T05:00:00,125,East,7.785929034631744,22
2017-01-21T05:00:00,125,West,4.3757552326522875,18
2017-01-21T06:00:00,126,North,20.86063689360953,43
2017-01-21T06:00:00,126,South,7.37811167232555,23
2017-01-21T06:00:00,126,East,7.321304625153146,23
2017-01-21T06:00:00,126,West,4.774883911647082,19
2017-01-21T07:00:00,127,North,26.833066043407104,47
2017-01-21T07:00:00,127,South,7.389262515783729,22
2017-01-21T07:00:00,127,East,6.88200176846945,21
2017-01-21T07:00:00,127,West,4.484234805509889,18
2017-01-21T08:00:00,128,North,23.0074557949599,43
2017-01-21T08:00:00,128,South,8.310493123258077,23
2017-01-21T08:00:00,128,East,8.536327101455711,23
2017-01-21T08:00:00,128,West,5.232690291454758,19
2017-01-21T09:00:00,129,North,27.0074557949599,43
2017-01-21T09:00:00,129,South,8.607551103495855,22
2017-01-21T09:00:00,129,East,9.932087279460795,24
2017-01-21T09:00:00,129,West,6.308769141659583,19
2017-01-21T10:00:00,130,North,31.23650824617398,43
2017-01-21T10:00:00,130,South,9.668638475687347,22
2017-01-21T10:00:00,130,East,11.870535311120518,24
2017-01-21T10:00:00,130,West,7.5370261810376,19
2017-01-21T11:00:00,131,North,52.24065550288188,51
2017-01-21T11:00:00,131,South,8.69742105336041,18
2017-01-21T11:00:00,131,East,12.494692702723402,21
2017-01-21T11:00:00,131,West,8.035887812792632,18
2017-01-21T12:00:00,132,North,45.00625114772707,47
2017-01-21T12:00:00,132,South,8.860499325138704,19
2017-01-21T12:00:00,132,East,15.14569029789993,24
2017-01-21T12:00:00,132,West,7.729123761320825,18
2017-01-21T13:00:00,133,North,38.28334062140463,46
2017-01-21T13:00:00,133,South,9.06870368529227,20
2017-01-21T13:00:00,133,East,13.897888596047114,24
2017-01-21T13:00:00,133,West,7.291451362497825,18
2017-01-21T14:00:00,134,North,37.812642502342975,45
2017-01-21T14:00:00,134,South,8.377397357446775,19
2017-01-21T14:00:00,134,East,15.624241726411432,25
2017-01-21T14:00:00,134,West,7.753787136465102,19
2017-01-21T15:00:00,135,North,36.688852278921175,44
2017-01-21T15:00:00,135,South,8.409986335518507,19
2017-01-21T15:00:00,135,East,15.665080601091738,26
2017-01-21T15:00:00,135,West,7.820087568792641,19
2017-01-21T16:00:00,136,North,38.57293098253135,43
2017-01-21T16:00:00,136,South,13.574058700241178,23
2017-01-21T16:00:00,136,East,15.782529526284584,24
2017-01-21T16:00:00,136,West,7.757582010558857,18
2017-01-21T17:00:00,137,North,40.5932082292873,44
2017-01-21T17:00:00,137,South,10.622246088541138,21
2017-01-21T17:00:00,137,East,16.78777718231069,25
2017-01-21T17:00:00,137,West,7.245966575365202,18
2017-01-21T18:00:00,138,North,46.78483433787874,47
2017-01-21T18:00:00,138,South,12.110903654602467,21
2017-01-21T18:00:00,138,East,14.206809669910312,23
2017-01-21T18:00:00,138,West,7.288105838735619,17
2017-01-21T19:00:00,139,North,48.80590458383113,42
2017-01-21T19:00:00,139,South,11.647911840769739,19
2017-01-21T19:00:00,139,East,30.30779835510353,30
2017-01-21T19:00:00,139,West,8.005857596223029,17
2017-01-21T20:00:00,140,North,49.56886351065731,42
2017-01-21T20:00:00,140,South,12.574304020001303,19
2017-01-21T20:00:00,140,East,30.91623669912562,30
2017-01-21T20:00:00,140,West,7.740073922552218,17
2017-01-21T21:00:00,141,North,47.72233030650454,40
2017-01-21T21:00:00,141,South,10.468514650006085,18
2017-01-21T21:00:00,141,East,37.468404028577865,34
2017-01-21T21:00:00,141,West,7.783526990737662,16
2017-01-21T22:00:00,142,North,49.642696317578114,44
2017-01-21T22:00:00,142,South,14.870157676692271,22
2017-01-21T22:00:00,142,East,19.747328099513783,25
2017-01-21T22:00:00,142,West,7.968194256423868,17
2017-01-21T23:00:00,143,North,49.52359982635004,45
2017-01-21T23:00:00,143,South,13.124310528317904,21
2017-01-21T23:00:00,143,East,19.080058213607227,25
2017-01-21T23:00:00,143,West,7.6965530426216775,17
2017-01-22T00:00:00,144,North,45.640063405191164,45
2017-01-22T00:00:00,144,South,14.354975078667621,22
2017-01-22T00:00:00,144,East,17.17363225059943,24
2017-01-22T00:00:00,144,West,7.013002026471417,17
2017-01-22T01:00:00,145,North,33.29149403221863,45
2017-01-22T01:00:00,145,South,9.985597673597814,22
2017-01-22T01:00:00,145,East,12.307321236186773,24
2017-01-22T01:00:00,145,West,4.973168797822257,17
2017-01-22T02:00:00,146,North,27.375278728392676,43
2017-01-22T02:00:00,146,South,9.42546328308675,23
2017-01-22T02:00:00,146,East,11.416612312348692,25
2017-01-22T02:00:00,146,West,4.353376822697046,17
2017-01-22T03:00:00,147,North,26.247575036776112,46
2017-01-22T03:00:00,147,South,9.371888039230281,24
2017-01-22T03:00:00,147,East,6.420100506315585,20
2017-01-22T03:00:00,147,West,4.177133251091619,18
2017-01-22T04:00:00,148,North,25.850187940372177,45
2017-01-22T04:00:00,148,South,7.9667034425105,22
2017-01-22T04:00:00,148,East,8.650994033755506,23
2017-01-22T04:00:00,148,West,4.299362726977629,18
2017-01-22T05:00:00,149,North,21.171610421766225,43
2017-01-22T05:00:00,149,South,7.481440557006602,23
2017-01-22T05:00:00,149,East,8.234142417978761,24
2017-01-22T05:00:00,149,West,3.932143324471033,18
2017-01-22T06:00:00,150,North,21.26074147589728,45
2017-01-22T06:00:00,150,South,5.821330634721202,21
2017-01-22T06:00:00,150,East,7.427437880665891,24
2017-01-22T06:00:00,150,West,3.8742567796101017,18
2017-01-22T07:00:00,151,North,26.06417062569485,46
2017-01-22T07:00:00,151,South,5.8634161580038535,19
2017-01-22T07:00:00,151,East,8.945834583811722,24
2017-01-22T07:00:00,151,West,5.3412541760937895,19
2017-01-22T08:00:00,152,North,27.130823675262246,44
2017-01-22T08:00:00,152,South,8.285508918750777,22
2017-01-22T08:00:00,152,East,9.880821926263021,24
2017-01-22T08:00:00,152,West,4.941852020907518,18
2017-01-22T09:00:00,153,North,33.230088129730866,44
2017-01-22T09:00:00,153,South,10.893724020565402,22
2017-01-22T09:00:00,153,East,12.713504898874662,24
2017-01-22T09:00:00,153,West,5.6926882087210675,18
2017-01-22T10:00:00,154,North,37.86104893886943,45
2017-01-22T10:00:00,154,South,8.174716491172568,19
2017-01-22T10:00:00,154,East,16.585276866311112,26
2017-01-22T10:00:00,154,West,6.570184943514029,18
2017-01-22T11:00:00,155,North,41.58423378926987,44
2017-01-22T11:00:00,155,South,10.40030707935058,20
2017-01-22T11:00:00,155,East,18.758924407249037,26
2017-01-22T11:00:00,155,West,7.899506366742729,18
2017-01-22T12:00:00,156,North,40.83791007320188,43
2017-01-22T12:00:00,156,South,12.832705595208576,22
2017-01-22T12:00:00,156,East,17.530162401318908,26
2017-01-22T12:00:00,156,West,7.005759898953458,17
2017-01-22T13:00:00,157,North,37.24089856585225,43
2017-01-22T13:00:00,157,South,9.372496193302114,20
2017-01-22T13:00:00,157,East,17.389515631884347,27
2017-01-22T13:00:00,157,West,6.8861212043365185,18
2017-01-22T14:00:00,158,North,34.93721269688835,42
2017-01-22T14:00:00,158,South,10.090150562592765,20
2017-01-22T14:00:00,158,East,18.49100768538696,28
2017-01-22T14:00:00,158,West,7.026117674555673,18
2017-01-22T15:00:00,159,North,40.63353381167036,44
2017-01-22T15:00:00,159,South,9.869057696900498,20
2017-01-22T15:00:00,159,East,18.511533853614942,27
2017-01-22T15:00:00,159,West,7.013218665161675,17
2017-01-22T16:00:00,160,North,38.08714651776086,42
2017-01-22T16:00:00,160,South,12.507787190885702,22
2017-01-22T16:00:00,160,East,17.543621140142456,26
2017-01-22T16:00:00,160,West,7.7089015599894015,18
2017-01-22T17:00:00,161,North,36.7423862667329,42
2017-01-22T17:00:00,161,South,12.492905834953499,22
2017-01-22T17:00:00,161,East,17.519744386904016,26
2017-01-22T17:00:00,161,West,7.74892923704973,18
2017-01-22T18:00:00,162,North,52.72832446451467,47
2017-01-22T18:00:00,162,South,12.159479214247236,20
2017-01-22T18:00:00,162,East,18.159110918777625,24
2017-01-22T18:00:00,162,West,7.503619262915786,17
2017-01-22T19:00:00,163,North,64.05220409024992,48
2017-01-22T19:00:00,163,South,14.001214409357988,20
2017-01-22T19:00:00,163,East,21.661468344673164,24
2017-01-22T19:00:00,163,West,7.152183177980991,16
2017-01-22T20:00:00,164,North,71.02426553889423,38
2017-01-22T20:00:00,164,South,14.474449576742401,18
2017-01-22T20:00:00,164,East,68.57041666666666,37
2017-01-22T20:00:00,164,West,8.245941931722783,15
2017-01-22T21:00:00,165,North,61.516901392149805,47
2017-01-22T21:00:00,165,South,13.853734815128272,20
2017-01-22T21:00:00,165,East,22.91817045206595,25
2017-01-22T21:00:00,165,West,7.713238710316754,16
2017-01-22T22:00:00,166,North,59.90667270233409,48
2017-01-22T22:00:00,166,South,14.245654712050667,20
2017-01-22T22:00:00,166,East,18.68586528848434,23
2017-01-22T22:00:00,166,West,7.96699871498549,17
2017-01-22T23:00:00,167,North,55.391461644543384,48
2017-01-22T23:00:00,167,South,12.292516154999992,20
2017-01-22T23:00:00,167,East,17.998253110138712,24
2017-01-22T23:00:00,167,West,6.928750103491897,16
2017-01-23T00:00:00,0,North,45.93342791687252,45
2017-01-23T00:00:00,0,South,13.858743682361338,22
2017-01-23T00:00:00,0,East,16.99032150662007,24
2017-01-23T00:00:00,0,West,7.430516042884276,17
2017-01-23T01:00:00,1,North,35.74119137707181,44
2017-01-23T01:00:00,1,South,13.095931830780852,24
2017-01-23T01:00:00,1,East,13.229170488433013,24
2017-01-23T01:00:00,1,West,5.100291910234642,16
2017-01-23T02:00:00,2,North,33.70948488686312,46
2017-01-23T02:00:00,2,South,10.761327842987741,23
2017-01-23T02:00:00,2,East,10.382822775814835,22
2017-01-23T02:00:00,2,West,5.122513986126754,17
2017-01-23T03:00:00,3,North,32.75062547931869,42
2017-01-23T03:00:00,3,South,10.744325836446441,22
2017-01-23T03:00:00,3,East,18.051440768889062,28
2017-01-23T03:00:00,3,West,4.174719373030685,16
2017-01-23T04:00:00,4,North,29.862220420722046,43
2017-01-23T04:00:00,4,South,10.001930648309052,22
2017-01-23T04:00:00,4,East,13.292968550246803,26
2017-01-23T04:00:00,4,West,4.856325652551427,17
2017-01-23T05:00:00,5,North,29.078398499161228,45
2017-01-23T05:00:00,5,South,7.949544980431014,21
2017-01-23T05:00:00,5,East,11.088583317576642,25
2017-01-23T05:00:00,5,West,4.0657104168453815,17
2017-01-23T06:00:00,6,North,28.163151382821756,47
2017-01-23T06:00:00,6,South,8.02600198559179,22
2017-01-23T06:00:00,6,East,7.883638523504903,22
2017-01-23T06:00:00,6,West,4.10182254257774,17
2017-01-23T07:00:00,7,North,38.076084554497044,46
2017-01-23T07:00:00,7,South,9.788866649927483,21
2017-01-23T07:00:00,7,East,14.914807707194898,25
2017-01-23T07:00:00,7,West,4.687705399818457,16
2017-01-23T08:00:00,8,North,39.13782939124304,46
2017-01-23T08:00:00,8,South,9.925323180859039,20
2017-01-23T08:00:00,8,East,16.120898000222287,26
2017-01-23T08:00:00,8,West,4.894911253554126,16
2017-01-23T09:00:00,9,North,51.371734414887996,48
2017-01-23T09:00:00,9,South,10.3763858534323,19
2017-01-23T09:00:00,9,East,17.98728843339414,25
2017-01-23T09:00:00,9,West,6.116977247314584,16
2017-01-23T10:00:00,10,North,74.12163844862796,51
2017-01-23T10:00:00,10,South,13.143964863074569,19
2017-01-23T10:00:00,10,East,19.689018524766922,22
2017-01-23T10:00:00,10,West,8.552487940090222,16
2017-01-23T11:00:00,11,North,73.31751079376177,49
2017-01-23T11:00:00,11,South,16.331076388108407,20
2017-01-23T11:00:00,11,East,20.459378507586493,22
2017-01-23T11:00:00,11,West,8.928293533889558,17
2017-01-23T12:00:00,12,North,83.44204895104895,51
2017-01-23T12:00:00,12,South,16.07838977988438,19
2017-01-23T12:00:00,12,East,20.19195598613954,21
2017-01-23T12:00:00,12,West,10.241534003472463,17
2017-01-23T13:00:00,13,North,72.87252850025725,49
2017-01-23T13:00:00,13,South,15.644065414851262,20
2017-01-23T13:00:00,13,East,19.906594726193042,22
2017-01-23T13:00:00,13,West,9.640500809978466,17
2017-01-23T14:00:00,14,North,70.77556383200132,49
2017-01-23T14:00:00,14,South,15.914054739348874,20
2017-01-23T14:00:00,14,East,19.14444215949333,22
2017-01-23T14:00:00,14,West,9.015628770236312,17
2017-01-23T15:00:00,15,North,80.3382882971497,49
2017-01-23T15:00:00,15,South,20.660285166892034,22
2017-01-23T15:00:00,15,East,19.520147713489443,21
2017-01-23T15:00:00,15,West,9.02330723402076,16
2017-01-23T16:00:00,16,North,76.29207625691353,49
2017-01-23T16:00:00,16,South,19.400159832810463,21
2017-01-23T16:00:00,16,East,19.696685704926434,21
2017-01-23T16:00:00,16,West,9.693371421062697,17
2017-01-23T17:00:00,17,North,78.477028661714,50
2017-01-23T17:00:00,17,South,18.729208163868133,21
2017-01-23T17:00:00,17,East,18.953653070783076,21
2017-01-23T17:00:00,17,West,9.254569049201018,16
2017-01-23T18:00:00,18,North,80.27848975090998,51
2017-01-23T18:00:00,18,South,16.89868254442793,20
2017-01-23T18:00:00,18,East,16.32433948138888,20
2017-01-23T18:00:00,18,West,9.940317065968111,17
2017-01-23T19:00:00,19,North,81.60074609252197,49
2017-01-23T19:00:00,19,South,21.21960334933908,22
2017-01-23T19:00:00,19,East,18.79933313600202,21
2017-01-23T19:00:00,19,West,8.7885284951387,16
2017-01-23T20:00:00,20,North,80.4440032386475,50
2017-01-23T20:00:00,20,South,16.927158323581846,20
2017-01-23T20:00:00,20,East,18.890681550693486,21
2017-01-23T20:00:00,20,West,9.656961025358438,17
2017-01-23T21:00:00,21,North,79.05659140444604,50
2017-01-23T21:00:00,21,South,21.605648046674578,22
2017-01-23T21:00:00,21,East,17.23826685161267,20
2017-01-23T21:00:00,21,West,9.128618166902083,16
2017-01-23T22:00:00,22,North,78.92344960995031,51
2017-01-23T22:00:00,22,South,16.879235219579016,20
2017-01-23T22:00:00,22,East,18.285375445971088,21
2017-01-23T22:00:00,22,West,8.74964304406689,16
2017-01-23T23:00:00,23,North,76.33682092926709,50
2017-01-23T23:00:00,23,South,16.879235219579016,21
2017-01-23T23:00:00,23,East,16.33338844468049,20
2017-01-23T23:00:00,23,West,9.41708008289294,17
2017-01-24T00:00:00,24,North,67.09332881337247,48
2017-01-24T00:00:00,24,South,16.8507594404251,21
2017-01-24T00:00:00,24,East,19.18754078449653,23
2017-01-24T00:00:00,24,West,7.947958444147477,16
2017-01-24T01:00:00,25,North,54.846233747576996,49
2017-01-24T01:00:00,25,South,13.636082373499672,21
2017-01-24T01:00:00,25,East,15.39508140279336,22
2017-01-24T01:00:00,25,West,5.484243140339791,16
2017-01-24T02:00:00,26,North,49.38267005975521,49
2017-01-24T02:00:00,26,South,15.150058038936061,23
2017-01-24T02:00:00,26,East,11.239920640344048,20
2017-01-24T02:00:00,26,West,5.076324046406812,16
2017-01-24T03:00:00,27,North,41.75766960795894,46
2017-01-24T03:00:00,27,South,15.287962269688142,25
2017-01-24T03:00:00,27,East,11.208751841698454,21
2017-01-24T03:00:00,27,West,4.687574774465667,16
2017-01-24T04:00:00,28,North,39.129686901862165,48
2017-01-24T04:00:00,28,South,11.240618757874449,23
2017-01-24T04:00:00,28,East,9.829630648854751,21
2017-01-24T04:00:00,28,West,4.207128880725019,16
2017-01-24T05:00:00,29,North,33.738505131275346,46
2017-01-24T05:00:00,29,South,11.529777261390903,23
2017-01-24T05:00:00,29,East,9.829630648854751,22
2017-01-24T05:00:00,29,West,4.700563880257487,17
2017-01-24T06:00:00,30,North,40.240571461765576,50
2017-01-24T06:00:00,30,South,9.963601055579213,21
2017-01-24T06:00:00,30,East,9.440432015847962,21
2017-01-24T06:00:00,30,West,4.729482335980997,16
2017-01-24T07:00:00,31,North,47.14638768270938,48
2017-01-24T07:00:00,31,South,12.988340519903614,22
2017-01-24T07:00:00,31,East,13.680773124912843,22
2017-01-24T07:00:00,31,West,4.858262732011964,16
2017-01-24T08:00:00,32,North,52.12915317432396,49
2017-01-24T08:00:00,32,South,12.571404721669019,21
2017-01-24T08:00:00,32,East,14.681453687716331,22
2017-01-24T08:00:00,32,West,5.03723968238992,16
2017-01-24T09:00:00,33,North,59.76514427756673,50
2017-01-24T09:00:00,33,South,11.62724465051062,20
2017-01-24T09:00:00,33,East,15.615818143144555,22
2017-01-24T09:00:00,33,West,6.2771066210235045,16
2017-01-24T10:00:00,34,North,72.89599141224038,51
2017-01-24T10:00:00,34,South,15.699822625644803,20
2017-01-24T10:00:00,34,East,16.496417235120102,21
2017-01-24T10:00:00,34,West,7.569234031098303,16
2017-01-24T11:00:00,35,North,73.34719596605024,50
2017-01-24T11:00:00,35,South,15.703059522223604,20
2017-01-24T11:00:00,35,East,17.90718200499756,21
2017-01-24T11:00:00,35,West,9.439305644499164,17
2017-01-24T12:00:00,36,North,76.64840279555071,50
2017-01-24T12:00:00,36,South,16.8507594404251,20
2017-01-24T12:00:00,36,East,17.968820063357164,21
2017-01-24T12:00:00,36,West,10.482668861790113,17
2017-01-24T13:00:00,37,North,74.32236875919286,50
2017-01-24T13:00:00,37,South,15.625492751266863,20
2017-01-24T13:00:00,37,East,17.21770115461932,21
2017-01-24T13:00:00,37,West,9.73118678490221,17
2017-01-24T14:00:00,38,North,79.03482566975299,50
2017-01-24T14:00:00,38,South,17.759667698797447,20
2017-01-24T14:00:00,38,East,18.99578395945149,21
2017-01-24T14:00:00,38,West,9.642791127748128,17
2017-01-24T15:00:00,39,North,77.92314470371554,49
2017-01-24T15:00:00,39,South,19.134585302237028,21
2017-01-24T15:00:00,39,East,18.547199956538005,21
2017-01-24T15:00:00,39,West,9.536425309387237,17
2017-01-24T16:00:00,40,North,75.0931397697963,49
2017-01-24T16:00:00,40,South,20.35592107208201,22
2017-01-24T16:00:00,40,East,18.73913726905654,21
2017-01-24T16:00:00,40,West,9.232546368953617,16
2017-01-24T17:00:00,41,North,73.95298722132519,48
2017-01-24T17:00:00,41,South,20.660285166892034,22
2017-01-24T17:00:00,41,East,19.45644474429006,21
2017-01-24T17:00:00,41,West,9.289740966879277,17
2017-01-24T18:00:00,42,North,75.24063323764989,50
2017-01-24T18:00:00,42,South,17.072853616803556,21
2017-01-24T18:00:00,42,East,17.037816550509348,20
2017-01-24T18:00:00,42,West,9.526391403420119,17
2017-01-24T19:00:00,43,North,77.53931779190356,50
2017-01-24T19:00:00,43,South,17.836066581954192,20
2017-01-24T19:00:00,43,East,18.301436508998698,21
2017-01-24T19:00:00,43,West,9.623382905597984,17
2017-01-24T20:00:00,44,North,79.51172353942,49
2017-01-24T20:00:00,44,South,24.37864425372519,23
2017-01-24T20:00:00,44,East,17.071878855815164,20
2017-01-24T20:00:00,44,West,9.184013082599886,16
2017-01-24T21:00:00,45,North,80.58386201593056,51
2017-01-24T21:00:00,45,South,18.84436773079723,21
2017-01-24T21:00:00,45,East,16.739667187734824,20
2017-01-24T21:00:00,45,West,8.296651278756194,16
2017-01-24T22:00:00,46,North,76.15448093340649,50
2017-01-24T22:00:00,46,South,18.767950530613586,21
2017-01-24T22:00:00,46,East,16.735512046123834,20
2017-01-24T22:00:00,46,West,8.816625682971734,17
2017-01-24T23:00:00,47,North,73.39118377200262,49
2017-01-24T23:00:00,47,South,20.33331263553954,22
2017-01-24T23:00:00,47,East,16.941513563007206,21
2017-01-24T23:00:00,47,West,8.853419026928382,16
2017-01-25T00:00:00,48,North,71.18584712414095,48
2017-01-25T00:00:00,48,South,20.353710938248348,22
2017-01-25T00:00:00,48,East,16.98642036815948,21
2017-01-25T00:00:00,48,West,9.219790677951734,17
2017-01-25T01:00:00,49,North,54.08859318234435,47
2017-01-25T01:00:00,49,South,17.559634483865516,23
2017-01-25T01:00:00,49,East,14.563684272994307,22
2017-01-25T01:00:00,49,West,6.015246623083045,16
2017-01-25T02:00:00,50,North,53.285279966380585,49
2017-01-25T02:00:00,50,South,14.432086990594263,22
2017-01-25T02:00:00,50,East,12.541452349309196,21
2017-01-25T02:00:00,50,West,5.100132005088395,16
2017-01-25T03:00:00,51,North,49.21066143900519,50
2017-01-25T03:00:00,51,South,14.321246143602938,23
2017-01-25T03:00:00,51,East,10.690736263186004,20
2017-01-25T03:00:00,51,West,4.047177355956413,15
2017-01-25T04:00:00,52,North,43.410147492155566,51
2017-01-25T04:00:00,52,South,11.585967965231854,22
2017-01-25T04:00:00,52,East,8.271059203779846,19
2017-01-25T04:00:00,52,West,3.998260867658246,16
2017-01-25T05:00:00,53,North,39.690091131713665,49
2017-01-25T05:00:00,53,South,12.988340519903614,24
2017-01-25T05:00:00,53,East,7.90750811261996,19
2017-01-25T05:00:00,53,West,4.05176295962232,16
2017-01-25T06:00:00,54,North,40.60071370199141,49
2017-01-25T06:00:00,54,South,12.496492722211242,24
2017-01-25T06:00:00,54,East,7.125846592677619,19
2017-01-25T06:00:00,54,West,4.640037531330609,16
2017-01-25T07:00:00,55,North,44.651457435455455,51
2017-01-25T07:00:00,55,South,9.5720261168556,20
2017-01-25T07:00:00,55,East,9.707478238050168,21
2017-01-25T07:00:00,55,West,4.307704882311396,16
2017-01-25T08:00:00,56,North,53.58617458653856,51
2017-01-25T08:00:00,56,South,11.608551805678228,20
2017-01-25T08:00:00,56,East,12.705426987580225,21
2017-01-25T08:00:00,56,West,4.892127663093582,16
2017-01-25T09:00:00,57,North,58.155854644448695,51
2017-01-25T09:00:00,57,South,12.639596649226034,21
2017-01-25T09:00:00,57,East,11.95324490619429,20
2017-01-25T09:00:00,57,West,6.6683843972006995,16
2017-01-25T10:00:00,58,North,69.10057211619467,51
2017-01-25T10:00:00,58,South,15.220588936323086,21
2017-01-25T10:00:00,58,East,15.179836648345221,20
2017-01-25T10:00:00,58,West,7.8308808236426195,16
2017-01-25T11:00:00,59,North,75.87952825548585,51
2017-01-25T11:00:00,59,South,15.526948668789917,20
2017-01-25T11:00:00,59,East,16.850468773310187,20
2017-01-25T11:00:00,59,West,9.341866877207703,17
2017-01-25T12:00:00,60,North,73.78659015046665,49
2017-01-25T12:00:00,60,South,17.408210813710017,21
2017-01-25T12:00:00,60,East,17.018354788608704,21
2017-01-25T12:00:00,60,West,10.867577990581246,17
2017-01-25T13:00:00,61,North,72.43259455925653,50
2017-01-25T13:00:00,61,South,17.571029460299506,21
2017-01-25T13:00:00,61,East,14.871981712070918,20
2017-01-25T13:00:00,61,West,9.64393011830704,17
2017-01-25T14:00:00,62,North,78.37475155948323,50
2017-01-25T14:00:00,62,South,18.77000539954261,21
2017-01-25T14:00:00,62,East,17.27898411930053,20
2017-01-25T14:00:00,62,West,9.651655105997516,17
2017-01-25T15:00:00,63,North,75.78993799904961,49
2017-01-25T15:00:00,63,South,19.400159832810463,22
2017-01-25T15:00:00,63,East,16.304111046676628,20
2017-01-25T15:00:00,63,West,9.379775541176109,17
2017-01-25T16:00:00,64,North,73.74371585913765,50
2017-01-25T16:00:00,64,South,17.807590802800277,21
2017-01-25T16:00:00,64,East,14.853818274165132,20
2017-01-25T16:00:00,64,West,9.235375482641828,17
2017-01-25T17:00:00,65,North,72.86184013795388,49
2017-01-25T17:00:00,65,South,17.836066581954192,21
2017-01-25T17:00:00,65,East,17.118701637091448,21
2017-01-25T17:00:00,65,West,9.619873234707228,17
2017-01-25T18:00:00,66,North,73.57556837183851,50
2017-01-25T18:00:00,66,South,18.493806604746126,21
2017-01-25T18:00:00,66,East,14.866994628386093,20
2017-01-25T18:00:00,66,West,9.065891217546243,17
2017-01-25T19:00:00,67,North,76.78183044655547,50
2017-01-25T19:00:00,67,South,19.369877790428262,22
2017-01-25T19:00:00,67,East,15.760945181323198,20
2017-01-25T19:00:00,67,West,9.226376445674369,16
2017-01-25T20:00:00,68,North,75.49310126486132,49
2017-01-25T20:00:00,68,South,18.99154106800489,21
2017-01-25T20:00:00,68,East,18.234708069430397,21
2017-01-25T20:00:00,68,West,9.56910828326708,17
2017-01-25T21:00:00,69,North,76.26618819657288,49
2017-01-25T21:00:00,69,South,19.67424188523829,22
2017-01-25T21:00:00,69,East,16.830813597726905,20
2017-01-25T21:00:00,69,West,9.461836171053731,17
2017-01-25T22:00:00,70,North,74.08993217467813,49
2017-01-25T22:00:00,70,South,19.397949698976802,22
2017-01-25T22:00:00,70,East,17.574671122156964,21
2017-01-25T22:00:00,70,West,8.296599084242107,16
2017-01-25T23:00:00,71,North,71.24438660987897,48
2017-01-25T23:00:00,71,South,20.33331263553954,22
2017-01-25T23:00:00,71,East,17.746795075091264,21
2017-01-25T23:00:00,71,West,9.03515005167033,17
2017-01-26T00:00:00,72,North,65.83447212741308,49
2017-01-26T00:00:00,72,South,18.476948831320648,22
2017-01-26T00:00:00,72,East,15.377299275020004,21
2017-01-26T00:00:00,72,West,7.735641433430618,16
2017-01-26T01:00:00,73,North,53.29172202530367,49
2017-01-26T01:00:00,73,South,15.550549841172844,23
2017-01-26T01:00:00,73,East,12.483799229982878,21
2017-01-26T01:00:00,73,West,4.801122946355428,15
2017-01-26T02:00:00,74,North,47.361040034122766,49
2017-01-26T02:00:00,74,South,13.649127610262736,23
2017-01-26T02:00:00,74,East,10.585212229571324,20
2017-01-26T02:00:00,74,West,4.974660206213615,16
2017-01-26T03:00:00,75,North,45.3808222057235,49
2017-01-26T03:00:00,75,South,15.096924844526,24
2017-01-26T03:00:00,75,East,9.31061925282518,20
2017-01-26T03:00:00,75,West,4.075584090354456,15
2017-01-26T04:00:00,76,North,37.74330787319406,48
2017-01-26T04:00:00,76,South,12.402952164856075,24
2017-01-26T04:00:00,76,East,7.1468228933648374,19
2017-01-26T04:00:00,76,West,4.7139255755328815,17
2017-01-26T05:00:00,77,North,38.074919962388634,50
2017-01-26T05:00:00,77,South,11.26725977411337,23
2017-01-26T05:00:00,77,East,6.677444270626305,19
2017-01-26T05:00:00,77,West,4.029507583394134,16
2017-01-26T06:00:00,78,North,37.17457518378061,50
2017-01-26T06:00:00,78,South,9.344150924422994,22
2017-01-26T06:00:00,78,East,7.190969599000427,19
2017-01-26T06:00:00,78,West,4.62588716692708,17
2017-01-26T07:00:00,79,North,39.0260651110112,49
2017-01-26T07:00:00,79,South,9.821932988001175,21
2017-01-26T07:00:00,79,East,9.217700272835014,21
2017-01-26T07:00:00,79,West,4.913677751349059,17
2017-01-26T08:00:00,80,North,47.65450289444275,51
2017-01-26T08:00:00,80,South,11.60345447178064,21
2017-01-26T08:00:00,80,East,9.289925448273564,20
2017-01-26T08:00:00,80,West,5.1983956763277614,16
2017-01-26T09:00:00,81,North,54.41248710975004,49
2017-01-26T09:00:00,81,South,13.063914089364866,21
2017-01-26T09:00:00,81,East,13.59098345225963,21
2017-01-26T09:00:00,81,West,6.487760487240726,17
2017-01-26T10:00:00,82,North,67.06612274581721,49
2017-01-26T10:00:00,82,South,14.78800581901577,20
2017-01-26T10:00:00,82,East,17.243095132600065,22
2017-01-26T10:00:00,82,West,9.136326612134965,17
2017-01-26T11:00:00,83,North,76.37669154812355,50
2017-01-26T11:00:00,83,South,17.572785136443525,21
2017-01-26T11:00:00,83,East,17.211805849938564,20
2017-01-26T11:00:00,83,West,9.464108946299207,17
2017-01-26T12:00:00,84,North,77.22853153553882,50
2017-01-26T12:00:00,84,South,16.622009780976548,20
2017-01-26T12:00:00,84,East,17.231745994311808,21
2017-01-26T12:00:00,84,West,10.17735644655122,17
2017-01-26T13:00:00,85,North,72.54511908883714,50
2017-01-26T13:00:00,85,South,15.45116455834622,20
2017-01-26T13:00:00,85,East,18.351287766073504,21
2017-01-26T13:00:00,85,West,9.64930494344685,17
2017-01-26T14:00:00,86,North,79.02702807897715,50
2017-01-26T14:00:00,86,South,18.793832896801657,21
2017-01-26T14:00:00,86,East,16.42202747519253,20
2017-01-26T14:00:00,86,West,10.089950698409757,17
2017-01-26T15:00:00,87,North,78.92957020001671,49
2017-01-26T15:00:00,87,South,18.826011336256848,21
2017-01-26T15:00:00,87,East,20.175429745820544,21
2017-01-26T15:00:00,87,West,9.96735983057255,17
2017-01-26T16:00:00,88,North,72.89924986046535,49
2017-01-26T16:00:00,88,South,18.036200851365237,21
2017-01-26T16:00:00,88,East,18.485580241611384,21
2017-01-26T16:00:00,88,West,9.568062689654061,17
2017-01-26T17:00:00,89,North,70.27185569874604,49
2017-01-26T17:00:00,89,South,16.356439480381336,21
2017-01-26T17:00:00,89,East,17.51232717115791,21
2017-01-26T17:00:00,89,West,9.197310247953816,17
2017-01-26T18:00:00,90,North,77.46103947845434,49
2017-01-26T18:00:00,90,South,19.106700502592137,21
2017-01-26T18:00:00,90,East,19.464493319331297,21
2017-01-26T18:00:00,90,West,9.646673266304191,17
2017-01-26T19:00:00,91,North,80.25058605067238,50
2017-01-26T19:00:00,91,South,18.78300396674871,21
2017-01-26T19:00:00,91,East,18.602643116060605,21
2017-01-26T19:00:00,91,West,9.252804379098869,16
2017-01-26T20:00:00,92,North,75.03616741913716,49
2017-01-26T20:00:00,92,South,19.79576157229808,22
2017-01-26T20:00:00,92,East,15.82066742197049,20
2017-01-26T20:00:00,92,West,9.819515326240198,17
2017-01-26T21:00:00,93,North,74.05221725102426,49
2017-01-26T21:00:00,93,South,20.409716874962584,22
2017-01-26T21:00:00,93,East,16.889567860205226,20
2017-01-26T21:00:00,93,West,9.421303958221015,17
2017-01-26T22:00:00,94,North,76.10945728206185,49
2017-01-26T22:00:00,94,South,20.393550022782673,22
2017-01-26T22:00:00,94,East,19.342809419945585,21
2017-01-26T22:00:00,94,West,8.305087140609194,16
2017-01-26T23:00:00,95,North,72.25852419641534,49
2017-01-26T23:00:00,95,South,16.890598524959426,21
2017-01-26T23:00:00,95,East,18.276516961358688,21
2017-01-26T23:00:00,95,West,9.439958343315798,17
2017-01-27T00:00:00,96,North,64.61381784881871,48
2017-01-27T00:00:00,96,South,17.485898722051736,22
2017-01-27T00:00:00,96,East,18.136577621216222,22
2017-01-27T00:00:00,96,West,7.989139486729189,16
2017-01-27T01:00:00,97,North,56.92222230111601,49
2017-01-27T01:00:00,97,South,17.72467356683731,23
2017-01-27T01:00:00,97,East,13.214359335188762,21
2017-01-27T01:00:00,97,West,4.925610791378881,15
2017-01-27T02:00:00,98,North,49.9081963809533,50
2017-01-27T02:00:00,98,South,13.120079939812008,22
2017-01-27T02:00:00,98,East,11.209879266363243,20
2017-01-27T02:00:00,98,West,4.8426871730753644,16
2017-01-27T03:00:00,99,North,44.82740196785121,50
2017-01-27T03:00:00,99,South,15.44192411124451,25
2017-01-27T03:00:00,99,East,5.91574021446764,17
2017-01-27T03:00:00,99,West,4.866538693175166,16
2017-01-27T04:00:00,100,North,40.82526725692004,50
2017-01-27T04:00:00,100,South,10.307389899686314,22
2017-01-27T04:00:00,100,East,8.009678037660885,20
2017-01-27T04:00:00,100,West,4.451430694007627,16
2017-01-27T05:00:00,101,North,38.23191831140198,50
2017-01-27T05:00:00,101,South,9.919858884559549,22
2017-01-27T05:00:00,101,East,7.883638523504903,20
2017-01-27T05:00:00,101,West,4.451430694007627,16
2017-01-27T06:00:00,102,North,35.73189626776526,49
2017-01-27T06:00:00,102,South,9.388237659308807,21
2017-01-27T06:00:00,102,East,8.50807205994938,21
2017-01-27T06:00:00,102,West,4.867710859527262,17
2017-01-27T07:00:00,103,North,40.96479363162871,50
2017-01-27T07:00:00,103,South,12.022933311169643,23
2017-01-27T07:00:00,103,East,7.851639514821404,19
2017-01-27T07:00:00,103,West,4.136464184401815,16
2017-01-27T08:00:00,104,North,45.881926428039414,49
2017-01-27T08:00:00,104,South,12.498260151357776,22
2017-01-27T08:00:00,104,East,9.932812585380299,20
2017-01-27T08:00:00,104,West,5.752601248076198,17
2017-01-27T09:00:00,105,North,49.96343179879384,48
2017-01-27T09:00:00,105,South,13.654066701303897,22
2017-01-27T09:00:00,105,East,13.894058360156947,22
2017-01-27T09:00:00,105,West,6.482622824488498,16
2017-01-27T10:00:00,106,North,61.47573840615869,49
2017-01-27T10:00:00,106,South,14.160242166407823,20
2017-01-27T10:00:00,106,East,17.311655231472308,22
2017-01-27T10:00:00,106,West,7.988022838092453,17
2017-01-27T11:00:00,107,North,66.01909750902185,49
2017-01-27T11:00:00,107,South,15.373097725540893,20
2017-01-27T11:00:00,107,East,17.254754354588176,22
2017-01-27T11:00:00,107,West,8.644059995841259,17
2017-01-27T12:00:00,108,North,72.00655209168542,49
2017-01-27T12:00:00,108,South,16.847334918514242,21
2017-01-27T12:00:00,108,East,17.49882607959719,21
2017-01-27T12:00:00,108,West,9.77080638316232,17
2017-01-27T13:00:00,109,North,65.93107862036697,48
2017-01-27T13:00:00,109,South,15.669886070057892,21
2017-01-27T13:00:00,109,East,18.313647383755704,22
2017-01-27T13:00:00,109,West,8.770548179234758,17
2017-01-27T14:00:00,110,North,71.09677271688625,49
2017-01-27T14:00:00,110,South,18.823936968209644,22
2017-01-27T14:00:00,110,East,18.43309278405467,21
2017-01-27T14:00:00,110,West,8.673477681599332,16
2017-01-27T15:00:00,111,North,72.54459220372172,49
2017-01-27T15:00:00,111,South,18.795865059661104,21
2017-01-27T15:00:00,111,East,17.51232717115791,21
2017-01-27T15:00:00,111,West,9.364049648326485,17
2017-01-27T16:00:00,112,North,66.90751264163242,47
2017-01-27T16:00:00,112,South,21.22292298853799,23
2017-01-27T16:00:00,112,East,17.51232717115791,21
2017-01-27T16:00:00,112,West,8.979724537156006,17
2017-01-27T17:00:00,113,North,63.45083977941012,48
2017-01-27T17:00:00,113,South,16.228018372938298,21
2017-01-27T17:00:00,113,East,18.505393274331617,22
2017-01-27T17:00:00,113,West,9.472709148613767,17
2017-01-27T18:00:00,114,North,67.55756422911304,48
2017-01-27T18:00:00,114,South,17.73531117791397,21
2017-01-27T18:00:00,114,East,18.4806790147934,22
2017-01-27T18:00:00,114,West,8.900489182786721,17
2017-01-27T19:00:00,115,North,71.16684481020734,49
2017-01-27T19:00:00,115,South,16.163689014538903,20
2017-01-27T19:00:00,115,East,18.55477668344038,22
2017-01-27T19:00:00,115,West,9.281168347007357,17
2017-01-27T20:00:00,116,North,67.21297764932854,48
2017-01-27T20:00:00,116,South,17.51590714805522,21
2017-01-27T20:00:00,116,East,18.602643116060605,22
2017-01-27T20:00:00,116,West,9.628099615249544,17
2017-01-27T21:00:00,117,North,70.95611904687327,49
2017-01-27T21:00:00,117,South,16.877343344517726,21
2017-01-27T21:00:00,117,East,16.889567860205226,21
2017-01-27T21:00:00,117,West,8.9849069753229,17
2017-01-27T22:00:00,118,North,65.69102623497179,50
2017-01-27T22:00:00,118,South,14.261827678146094,20
2017-01-27T22:00:00,118,East,15.864691003380575,21
2017-01-27T22:00:00,118,West,9.152134842639214,17
2017-01-27T23:00:00,119,North,60.903883410473306,47
2017-01-27T23:00:00,119,South,17.45921029009542,22
2017-01-27T23:00:00,119,East,17.13177742192528,22
2017-01-27T23:00:00,119,West,8.649946968425452,17
2017-01-28T00:00:00,120,North,55.660834260516474,48
2017-01-28T00:00:00,120,South,13.339665192460272,20
2017-01-28T00:00:00,120,East,18.257277098710077,24
2017-01-28T00:00:00,120,West,6.7340345999438345,16
2017-01-28T01:00:00,121,North,43.701534060304624,46
2017-01-28T01:00:00,121,South,15.060471789556965,24
2017-01-28T01:00:00,121,East,11.793460462836798,21
2017-01-28T01:00:00,121,West,5.9223634692945595,17
2017-01-28T02:00:00,122,North,37.0684329807228,47
2017-01-28T02:00:00,122,South,13.31497146280613,25
2017-01-28T02:00:00,122,East,7.633713662278531,19
2017-01-28T02:00:00,122,West,4.969843205612842,17
2017-01-28T03:00:00,123,North,34.372066240999175,47
2017-01-28T03:00:00,123,South,11.604557971720721,24
2017-01-28T03:00:00,123,East,8.405210502085021,20
2017-01-28T03:00:00,123,West,4.765851448821224,17
2017-01-28T04:00:00,124,North,32.5036548049684,51
2017-01-28T04:00:00,124,South,7.9667034425105,21
2017-01-28T04:00:00,124,East,6.602345921571305,20
2017-01-28T04:00:00,124,West,3.5983940569955895,16
2017-01-28T05:00:00,125,North,27.578560571565625,48
2017-01-28T05:00:00,125,South,7.490488419380984,22
2017-01-28T05:00:00,125,East,6.807810923943672,21
2017-01-28T05:00:00,125,West,3.910968186519484,17
2017-01-28T06:00:00,126,North,27.46195342870848,49
2017-01-28T06:00:00,126,South,8.078465284728171,23
2017-01-28T06:00:00,126,East,5.346815313501109,19
2017-01-28T06:00:00,126,West,3.941014037146685,17
2017-01-28T07:00:00,127,North,28.53998972136319,48
2017-01-28T07:00:00,127,South,7.2649946814806245,21
2017-01-28T07:00:00,127,East,7.52958466161566,22
2017-01-28T07:00:00,127,West,3.9765024297992015,17
2017-01-28T08:00:00,128,North,42.409722861739525,51
2017-01-28T08:00:00,128,South,7.191765494628991,19
2017-01-28T08:00:00,128,East,11.243673746336402,22
2017-01-28T08:00:00,128,West,4.670484394408675,16
2017-01-28T09:00:00,129,North,50.97542320679796,52
2017-01-28T09:00:00,129,South,8.117386684636273,18
2017-01-28T09:00:00,129,East,11.918845418823746,21
2017-01-28T09:00:00,129,West,6.683867905181151,17
2017-01-28T10:00:00,130,North,52.913591487896504,50
2017-01-28T10:00:00,130,South,9.183214570972062,19
2017-01-28T10:00:00,130,East,13.346026823037075,21
2017-01-28T10:00:00,130,West,7.883387245165034,18
2017-01-28T11:00:00,131,North,58.18581865291236,49
2017-01-28T11:00:00,131,South,9.638701330294383,18
2017-01-28T11:00:00,131,East,18.799590020358437,24
2017-01-28T11:00:00,131,West,8.32137237453319,17
2017-01-28T12:00:00,132,North,55.258940750761,49
2017-01-28T12:00:00,132,South,8.910283651626475,18
2017-01-28T12:00:00,132,East,17.341032740748467,24
2017-01-28T12:00:00,132,West,7.08810564371926,17
2017-01-28T13:00:00,133,North,46.798009323925925,47
2017-01-28T13:00:00,133,South,8.910283651626475,19
2017-01-28T13:00:00,133,East,16.86121718037941,25
2017-01-28T13:00:00,133,West,7.152389183049353,17
2017-01-28T14:00:00,134,North,46.91374572710048,47
2017-01-28T14:00:00,134,South,9.64487607109959,19
2017-01-28T14:00:00,134,East,17.50777195482633,25
2017-01-28T14:00:00,134,West,7.1431492890319515,17
2017-01-28T15:00:00,135,North,44.87638535110754,46
2017-01-28T15:00:00,135,South,8.888915344012661,19
2017-01-28T15:00:00,135,East,17.29038015023618,25
2017-01-28T15:00:00,135,West,7.6571233485310986,18
2017-01-28T16:00:00,136,North,45.91467966548881,48
2017-01-28T16:00:00,136,South,9.573419080456665,19
2017-01-28T16:00:00,136,East,14.31875745747661,23
2017-01-28T16:00:00,136,West,7.7920516909202,18
2017-01-28T17:00:00,137,North,48.9091643005707,47
2017-01-28T17:00:00,137,South,9.167681493620792,19
2017-01-28T17:00:00,137,East,18.751712863980202,25
2017-01-28T17:00:00,137,West,7.677462029948807,17
2017-01-28T18:00:00,138,North,49.78692098690683,47
2017-01-28T18:00:00,138,South,9.98727581056564,19
2017-01-28T18:00:00,138,East,17.514994195748493,24
2017-01-28T18:00:00,138,West,7.809297830038771,18
2017-01-28T19:00:00,139,North,56.64194614912896,49
2017-01-28T19:00:00,139,South,9.750066551531791,18
2017-01-28T19:00:00,139,East,17.42182492109024,24
2017-01-28T19:00:00,139,West,8.01505191326138,17
2017-01-28T20:00:00,140,North,53.871633390123435,47
2017-01-28T20:00:00,140,South,13.257131146656814,20
2017-01-28T20:00:00,140,East,18.102812890418104,24
2017-01-28T20:00:00,140,West,7.929816320243987,17
2017-01-28T21:00:00,141,North,50.135873330501255,47
2017-01-28T21:00:00,141,South,9.30470824465839,19
2017-01-28T21:00:00,141,East,18.070725603890594,25
2017-01-28T21:00:00,141,West,7.649086607613338,17
2017-01-28T22:00:00,142,North,53.85441487872867,46
2017-01-28T22:00:00,142,South,15.17890937292908,21
2017-01-28T22:00:00,142,East,19.050199435662613,24
2017-01-28T22:00:00,142,West,7.57733734673644,17
2017-01-28T23:00:00,143,North,54.683889816072025,48
2017-01-28T23:00:00,143,South,13.41314168014316,21
2017-01-28T23:00:00,143,East,15.71259949346623,22
2017-01-28T23:00:00,143,West,7.1923330280329365,17
2017-01-29T00:00:00,144,North,46.59253523287799,47
2017-01-29T00:00:00,144,South,12.482489405831316,21
2017-01-29T00:00:00,144,East,16.51288697951516,24
2017-01-29T00:00:00,144,West,5.647234159899986,16
2017-01-29T01:00:00,145,North,40.1291800552565,48
2017-01-29T01:00:00,145,South,10.679858856227135,22
2017-01-29T01:00:00,145,East,10.511367786460047,22
2017-01-29T01:00:00,145,West,4.54661072638211,16
2017-01-29T02:00:00,146,North,36.749620317539204,48
2017-01-29T02:00:00,146,South,11.541251589710184,23
2017-01-29T02:00:00,146,East,8.514188025633626,20
2017-01-29T02:00:00,146,West,4.959127951375555,17
2017-01-29T03:00:00,147,North,32.89373679255636,49
2017-01-29T03:00:00,147,South,9.74870451087553,23
2017-01-29T03:00:00,147,East,6.420100506315585,19
2017-01-29T03:00:00,147,West,4.002702157832493,17
2017-01-29T04:00:00,148,North,26.991569460057903,47
2017-01-29T04:00:00,148,South,8.750178812002066,23
2017-01-29T04:00:00,148,East,7.1121806423731915,21
2017-01-29T04:00:00,148,West,3.881534203349876,17
2017-01-29T05:00:00,149,North,24.23944350138627,46
2017-01-29T05:00:00,149,South,7.5942955790011535,23
2017-01-29T05:00:00,149,East,6.701996865528288,21
2017-01-29T05:00:00,149,West,4.69123182046771,18
2017-01-29T06:00:00,150,North,25.153574555517324,48
2017-01-29T06:00:00,150,South,6.041562226764048,21
2017-01-29T06:00:00,150,East,7.243702827442689,22
2017-01-29T06:00:00,150,West,3.9025895698430886,17
2017-01-29T07:00:00,151,North,27.21903941960061,47
2017-01-29T07:00:00,151,South,8.598574379812437,23
2017-01-29T07:00:00,151,East,6.14367412624826,20
2017-01-29T07:00:00,151,West,4.922180201931652,18
2017-01-29T08:00:00,152,North,31.254706086267277,47
2017-01-29T08:00:00,152,South,8.203265259721586,21
2017-01-29T08:00:00,152,East,10.487023748002445,24
2017-01-29T08:00:00,152,West,4.133372354722647,16
2017-01-29T09:00:00,153,North,41.31081242064021,49
2017-01-29T09:00:00,153,South,10.458950493880184,21
2017-01-29T09:00:00,153,East,10.6211045615586,21
2017-01-29T09:00:00,153,West,5.586486982744597,17
2017-01-29T10:00:00,154,North,41.50707569597002,47
2017-01-29T10:00:00,154,South,8.896140538063442,20
2017-01-29T10:00:00,154,East,13.188383218338046,23
2017-01-29T10:00:00,154,West,7.10308768448269,18
2017-01-29T11:00:00,155,North,51.30166739788944,48
2017-01-29T11:00:00,155,South,9.395517175144914,19
2017-01-29T11:00:00,155,East,16.187326419198225,23
2017-01-29T11:00:00,155,West,8.183110211350305,18
2017-01-29T12:00:00,156,North,47.63161621949924,47
2017-01-29T12:00:00,156,South,9.168792495647923,19
2017-01-29T12:00:00,156,East,17.517580600794908,25
2017-01-29T12:00:00,156,West,7.454497535489247,17
2017-01-29T13:00:00,157,North,43.665442097154845,46
2017-01-29T13:00:00,157,South,9.81464201035888,20
2017-01-29T13:00:00,157,East,17.277256594075006,25
2017-01-29T13:00:00,157,West,7.162718509704613,17
2017-01-29T14:00:00,158,North,44.45497971763062,46
2017-01-29T14:00:00,158,South,9.581144642909015,20
2017-01-29T14:00:00,158,East,17.305644420787246,25
2017-01-29T14:00:00,158,West,6.911579442780498,17
2017-01-29T15:00:00,159,North,45.67287516317141,48
2017-01-29T15:00:00,159,South,9.141527858472447,19
2017-01-29T15:00:00,159,East,15.35593218327827,24
2017-01-29T15:00:00,159,West,6.943190025933711,17
2017-01-29T16:00:00,160,North,44.70972838074672,46
2017-01-29T16:00:00,160,South,9.610794809191743,19
2017-01-29T16:00:00,160,East,16.562917991002312,25
2017-01-29T16:00:00,160,West,7.162938593299261,18
2017-01-29T17:00:00,161,North,43.71225601440338,45
2017-01-29T17:00:00,161,South,12.252048444147718,21
2017-01-29T17:00:00,161,East,17.49908921373553,25
2017-01-29T17:00:00,161,West,7.184994251972603,17
2017-01-29T18:00:00,162,North,47.80321094283712,46
2017-01-29T18:00:00,162,South,12.585606967493007,21
2017-01-29T18:00:00,162,East,16.43557479630369,24
2017-01-29T18:00:00,162,West,7.528840146151052,17
2017-01-29T19:00:00,163,North,55.24307068622908,47
2017-01-29T19:00:00,163,South,13.409391680143163,21
2017-01-29T19:00:00,163,East,16.934331837541308,23
2017-01-29T19:00:00,163,West,7.508351570882236,17
2017-01-29T20:00:00,164,North,58.683226950822586,47
2017-01-29T20:00:00,164,South,13.009698903685145,20
2017-01-29T20:00:00,164,East,20.186042151792286,24
2017-01-29T20:00:00,164,West,7.744650643904254,17
2017-01-29T21:00:00,165,North,52.80655698318618,47
2017-01-29T21:00:00,165,South,13.257131146656814,21
2017-01-29T21:00:00,165,East,17.334225223422884,23
2017-01-29T21:00:00,165,West,7.797588874112991,17
2017-01-29T22:00:00,166,North,60.26720988444951,49
2017-01-29T22:00:00,166,South,13.013448903685145,20
2017-01-29T22:00:00,166,East,15.925289190323797,22
2017-01-29T22:00:00,166,West,7.656197834325463,17
2017-01-29T23:00:00,167,North,59.582012481636866,49
2017-01-29T23:00:00,167,South,12.823173691969986,20
2017-01-29T23:00:00,167,East,17.294515756008014,22
2017-01-29T23:00:00,167,West,7.885397004572196,17
2017-01-30T00:00:00,0,North,53.88931081638408,48
2017-01-30T00:00:00,0,South,13.222301318640696,21
2017-01-30T00:00:00,0,East,14.456700997067522,22
2017-01-30T00:00:00,0,West,8.188668195048178,17
2017-01-30T01:00:00,1,North,46.654822917964374,49
2017-01-30T01:00:00,1,South,12.737073336468445,22
2017-01-30T01:00:00,1,East,11.81550432449228,21
2017-01-30T01:00:00,1,West,4.806574642854304,16
2017-01-30T02:00:00,2,North,37.922310109575676,47
2017-01-30T02:00:00,2,South,12.459333442148424,24
2017-01-30T02:00:00,2,East,8.587266238277065,20
2017-01-30T02:00:00,2,West,5.087786918079381,17
2017-01-30T03:00:00,3,North,38.06887086818774,50
2017-01-30T03:00:00,3,South,11.502497716850428,24
2017-01-30T03:00:00,3,East,6.172320148400261,18
2017-01-30T03:00:00,3,West,4.054256045953194,16
2017-01-30T04:00:00,4,North,33.42213971600175,46
2017-01-30T04:00:00,4,South,12.206186680711351,25
2017-01-30T04:00:00,4,East,7.8607744678782785,20
2017-01-30T04:00:00,4,West,4.854418670644445,17
2017-01-30T05:00:00,5,North,33.75107413174394,48
2017-01-30T05:00:00,5,South,9.279667291882543,22
2017-01-30T05:00:00,5,East,9.050383673204163,21
2017-01-30T05:00:00,5,West,4.841406747773815,17
2017-01-30T06:00:00,6,North,39.4105389241494,52
2017-01-30T06:00:00,6,South,7.949544980431014,20
2017-01-30T06:00:00,6,East,6.836169998879575,19
2017-01-30T06:00:00,6,West,4.5347034333784295,17
2017-01-30T07:00:00,7,North,38.51324804182932,49
2017-01-30T07:00:00,7,South,12.502003700367752,24
2017-01-30T07:00:00,7,East,6.039753867448087,18
2017-01-30T07:00:00,7,West,4.687705399818457,17
2017-01-30T08:00:00,8,North,47.005224952589465,49
2017-01-30T08:00:00,8,South,12.18832556960024,21
2017-01-30T08:00:00,8,East,12.98260858628872,22
2017-01-30T08:00:00,8,West,4.894911253554126,16
2017-01-30T09:00:00,9,North,55.996427112834404,50
2017-01-30T09:00:00,9,South,13.394077400511327,21
2017-01-30T09:00:00,9,East,13.510136162548143,21
2017-01-30T09:00:00,9,West,5.3513708016461985,16
2017-01-30T10:00:00,10,North,70.79309569827205,52
2017-01-30T10:00:00,10,South,12.835928611714142,19
2017-01-30T10:00:00,10,East,16.22618914911508,21
2017-01-30T10:00:00,10,West,6.791058462413453,16
2017-01-30T11:00:00,11,North,76.80058685970468,51
2017-01-30T11:00:00,11,South,14.7159425083862,19
2017-01-30T11:00:00,11,East,17.39271054014673,21
2017-01-30T11:00:00,11,West,9.132737637974197,17
2017-01-30T12:00:00,12,North,74.5055454265756,49
2017-01-30T12:00:00,12,South,16.69607204650901,20
2017-01-30T12:00:00,12,East,19.50729210756909,22
2017-01-30T12:00:00,12,West,9.593879513114963,17
2017-01-30T13:00:00,13,North,73.25690545217093,50
2017-01-30T13:00:00,13,South,16.09444023514055,20
2017-01-30T13:00:00,13,East,18.259228750186388,21
2017-01-30T13:00:00,13,West,9.812320933206259,17
2017-01-30T14:00:00,14,North,80.86215962027744,50
2017-01-30T14:00:00,14,South,18.74896513768853,21
2017-01-30T14:00:00,14,East,19.365921010203923,21
2017-01-30T14:00:00,14,West,9.099914837823649,16
2017-01-30T15:00:00,15,North,79.61415541859677,49
2017-01-30T15:00:00,15,South,19.113545040382945,21
2017-01-30T15:00:00,15,East,19.365921010203923,21
2017-01-30T15:00:00,15,West,9.987756449257862,17
2017-01-30T16:00:00,16,North,76.89502031787885,49
2017-01-30T16:00:00,16,South,21.53799257811825,22
2017-01-30T16:00:00,16,East,18.476987135433966,21
2017-01-30T16:00:00,16,West,8.88964427839788,16
2017-01-30T17:00:00,17,North,76.18084232062445,49
2017-01-30T17:00:00,17,South,19.379119570956377,21
2017-01-30T17:00:00,17,East,18.49299745735749,21
2017-01-30T17:00:00,17,West,9.36049444991942,17
2017-01-30T18:00:00,18,North,78.70477970049369,50
2017-01-30T18:00:00,18,South,16.89868254442793,20
2017-01-30T18:00:00,18,East,19.418080123842916,21
2017-01-30T18:00:00,18,West,9.894669954875724,17
2017-01-30T19:00:00,19,North,83.37520741901571,51
2017-01-30T19:00:00,19,South,18.99154106800489,21
2017-01-30T19:00:00,19,East,17.63024940926659,20
2017-01-30T19:00:00,19,West,8.747831755385757,16
2017-01-30T20:00:00,20,North,84.80156649811542,50
2017-01-30T20:00:00,20,South,23.02780658167939,22
2017-01-30T20:00:00,20,East,17.881146274772618,20
2017-01-30T20:00:00,20,West,9.632544188137045,16
2017-01-30T21:00:00,21,North,82.36188117674142,50
2017-01-30T21:00:00,21,South,19.734882225909672,21
2017-01-30T21:00:00,21,East,19.418080123842916,21
2017-01-30T21:00:00,21,West,8.359343353346528,16
2017-01-30T22:00:00,22,North,80.6059420938253,50
2017-01-30T22:00:00,22,South,19.332670676394265,21
2017-01-30T22:00:00,22,East,20.289918458182537,21
2017-01-30T22:00:00,22,West,8.600001202471846,16
2017-01-30T23:00:00,23,North,73.48731957189602,49
2017-01-30T23:00:00,23,South,16.8507594404251,21
2017-01-30T23:00:00,23,East,18.759128053042023,22
2017-01-30T23:00:00,23,West,8.401576674822024,16
2017-01-31T00:00:00,24,North,67.27677616926017,48
2017-01-31T00:00:00,24,South,18.734281443470316,22
2017-01-31T00:00:00,24,East,19.110642473302672,22
2017-01-31T00:00:00,24,West,7.927577423212622,16
2017-01-31T01:00:00,25,North,56.71427982860225,51
2017-01-31T01:00:00,25,South,15.526948668789917,23
2017-01-31T01:00:00,25,East,10.799365660497,19
2017-01-31T01:00:00,25,West,4.829305012664323,15
2017-01-31T02:00:00,26,North,52.86685485850544,50
2017-01-31T02:00:00,26,South,16.679465905279073,24
2017-01-31T02:00:00,26,East,9.333412272767271,19
2017-01-31T02:00:00,26,West,4.806548353814042,15
2017-01-31T03:00:00,27,North,45.89939207137103,47
2017-01-31T03:00:00,27,South,15.535367429248414,24
2017-01-31T03:00:00,27,East,10.39661652382191,20
2017-01-31T03:00:00,27,West,6.383538812427266,17
2017-01-31T04:00:00,28,North,42.120426097970444,49
2017-01-31T04:00:00,28,South,13.017504578506431,24
2017-01-31T04:00:00,28,East,7.8109181317891,19
2017-01-31T04:00:00,28,West,4.658076796483419,16
2017-01-31T05:00:00,29,North,34.926973522178116,48
2017-01-31T05:00:00,29,South,10.192919413766564,22
2017-01-31T05:00:00,29,East,9.083139437738556,21
2017-01-31T05:00:00,29,West,4.873721799611501,17
2017-01-31T06:00:00,30,North,36.93673674578719,48
2017-01-31T06:00:00,30,South,10.759820745948703,22
2017-01-31T06:00:00,30,East,9.791514800093923,22
2017-01-31T06:00:00,30,West,4.0910143953553035,16
2017-01-31T07:00:00,31,North,45.33711302784049,51
2017-01-31T07:00:00,31,South,12.223290369153851,22
2017-01-31T07:00:00,31,East,8.38595839549732,19
2017-01-31T07:00:00,31,West,4.6369522572207265,16
2017-01-31T08:00:00,32,North,49.18405275345458,49
2017-01-31T08:00:00,32,South,13.446379959939712,22
2017-01-31T08:00:00,32,East,12.41169771466696,21
2017-01-31T08:00:00,32,West,5.030683274941947,16
2017-01-31T09:00:00,33,North,62.30602673118701,51
2017-01-31T09:00:00,33,South,12.626836828178652,20
2017-01-31T09:00:00,33,East,13.737703892961465,21
2017-01-31T09:00:00,33,West,6.2937114055309715,16
2017-01-31T10:00:00,34,North,77.54477781120721,52
2017-01-31T10:00:00,34,South,15.916301546866832,20
2017-01-31T10:00:00,34,East,15.952374611740677,20
2017-01-31T10:00:00,34,West,8.233923275980404,16
2017-01-31T11:00:00,35,North,75.60348489753586,50
2017-01-31T11:00:00,35,South,15.746506480795404,20
2017-01-31T11:00:00,35,East,17.263216479941864,21
2017-01-31T11:00:00,35,West,9.155743817976703,17
2017-01-31T12:00:00,36,North,77.64876401695425,49
2017-01-31T12:00:00,36,South,16.8507594404251,20
2017-01-31T12:00:00,36,East,20.08771801201165,22
2017-01-31T12:00:00,36,West,10.38864733738691,17
2017-01-31T13:00:00,37,North,73.62649523171916,50
2017-01-31T13:00:00,37,South,15.658167634074164,20
2017-01-31T13:00:00,37,East,17.342504769985283,21
2017-01-31T13:00:00,37,West,9.785699749795231,17
2017-01-31T14:00:00,38,North,76.59270268586602,48
2017-01-31T14:00:00,38,South,20.29007354548355,22
2017-01-31T14:00:00,38,East,19.50277926702669,21
2017-01-31T14:00:00,38,West,9.774666597036672,17
2017-01-31T15:00:00,39,North,77.17746092193903,48
2017-01-31T15:00:00,39,South,21.509352165553786,22
2017-01-31T15:00:00,39,East,20.493495480135405,22
2017-01-31T15:00:00,39,West,9.031876850395953,16
2017-01-31T16:00:00,40,North,75.50616743289652,49
2017-01-31T16:00:00,40,South,19.692285094998955,22
2017-01-31T16:00:00,40,East,18.798640982812675,21
2017-01-31T16:00:00,40,West,9.275154332690896,16
2017-01-31T17:00:00,41,North,75.91351134757787,50
2017-01-31T17:00:00,41,South,17.139669472661527,20
2017-01-31T17:00:00,41,East,18.798640982812675,21
2017-01-31T17:00:00,41,West,9.471970064753906,17
2017-01-31T18:00:00,42,North,75.82925559641079,48
2017-01-31T18:00:00,42,South,20.320197116009712,22
2017-01-31T18:00:00,42,East,18.47165150720677,21
2017-01-31T18:00:00,42,West,10.155060756814507,17
2017-01-31T19:00:00,43,North,78.39124064040267,50
2017-01-31T19:00:00,43,South,18.69892612148593,21
2017-01-31T19:00:00,43,East,17.167828599722434,20
2017-01-31T19:00:00,43,West,10.478131952485313,17
2017-01-31T20:00:00,44,North,76.70058032115928,49
2017-01-31T20:00:00,44,South,21.68861891292898,22
2017-01-31T20:00:00,44,East,17.881146274772618,21
2017-01-31T20:00:00,44,West,9.011621802439555,16
2017-01-31T21:00:00,45,North,78.96601950399534,49
2017-01-31T21:00:00,45,South,20.624561210819742,21
2017-01-31T21:00:00,45,East,19.418080123842916,21
2017-01-31T21:00:00,45,West,9.95202582314499,17
2017-01-31T22:00:00,46,North,75.78744384916541,49
2017-01-31T22:00:00,46,South,21.479160179404737,22
2017-01-31T22:00:00,46,East,16.19206914943984,20
2017-01-31T22:00:00,46,West,9.259415928286176,17
2017-01-31T23:00:00,47,North,74.8576603208772,49
2017-01-31T23:00:00,47,South,22.518458303297724,23
2017-01-31T23:00:00,47,East,17.04581037799184,20
2017-01-31T23:00:00,47,West,8.823350165008149,16
2017-02-01T00:00:00,48,North,66.91946377325483,50
2017-02-01T00:00:00,48,South,16.914196658352754,22
2017-02-01T00:00:00,48,East,12.048289101510726,19
2017-02-01T00:00:00,48,West,9.176200263466383,17
2017-02-01T01:00:00,49,North,52.81536239170575,48
2017-02-01T01:00:00,49,South,15.691194508416713,23
2017-02-01T01:00:00,49,East,13.15766650664778,21
2017-02-01T01:00:00,49,West,6.650926075323058,16
2017-02-01T02:00:00,50,North,48.92643614889105,47
2017-02-01T02:00:00,50,South,18.370648798972727,25
2017-02-01T02:00:00,50,East,10.508600715481803,20
2017-02-01T02:00:00,50,West,5.56815047690988,16
2017-02-01T03:00:00,51,North,49.12823744208382,50
2017-02-01T03:00:00,51,South,13.4119158283943,23
2017-02-01T03:00:00,51,East,9.238126269704729,19
2017-02-01T03:00:00,51,West,4.927804975976581,16
2017-02-01T04:00:00,52,North,37.65522519019044,47
2017-02-01T04:00:00,52,South,12.871012541493728,24
2017-02-01T04:00:00,52,East,8.265390497036801,20
2017-02-01T04:00:00,52,West,5.184334252043652,17
2017-02-01T05:00:00,53,North,33.025645984696425,46
2017-02-01T05:00:00,53,South,12.36619720353177,25
2017-02-01T05:00:00,53,East,7.790991857189037,20
2017-02-01T05:00:00,53,West,4.7592208208644635,17
2017-02-01T06:00:00,54,North,36.93149865054909,49
2017-02-01T06:00:00,54,South,10.976149347919211,23
2017-02-01T06:00:00,54,East,7.790991857189037,20
2017-02-01T06:00:00,54,West,4.325534761697998,16
2017-02-01T07:00:00,55,North,37.97920481995046,49
2017-02-01T07:00:00,55,South,7.927527459640613,20
2017-02-01T07:00:00,55,East,10.09060612970679,22
2017-02-01T07:00:00,55,West,5.359649987101609,17
2017-02-01T08:00:00,56,North,45.22977881821194,51
2017-02-01T08:00:00,56,South,10.867126356895982,21
2017-02-01T08:00:00,56,East,7.499827791276587,18
2017-02-01T08:00:00,56,West,6.363822647732141,18
2017-02-01T09:00:00,57,North,54.22757465528671,50
2017-02-01T09:00:00,57,South,11.777688790534112,20
2017-02-01T09:00:00,57,East,12.234296549519016,21
2017-02-01T09:00:00,57,West,6.8559349493005675,17
2017-02-01T10:00:00,58,North,67.34048327094605,49
2017-02-01T10:00:00,58,South,13.455549348480012,19
2017-02-01T10:00:00,58,East,20.050390087053838,23
2017-02-01T10:00:00,58,West,8.245638401171114,17
2017-02-01T11:00:00,59,North,77.57492545522986,52
2017-02-01T11:00:00,59,South,15.717040907856024,20
2017-02-01T11:00:00,59,East,14.483844783076524,19
2017-02-01T11:00:00,59,West,10.03913270762319,17
2017-02-01T12:00:00,60,North,76.9038095849334,50
2017-02-01T12:00:00,60,South,19.229438693776185,22
2017-02-01T12:00:00,60,East,13.851075280955866,19
2017-02-01T12:00:00,60,West,11.151578459368402,17
2017-02-01T13:00:00,61,North,68.0952034435357,50
2017-02-01T13:00:00,61,South,15.715804875537899,21
2017-02-01T13:00:00,61,East,12.15492405692465,19
2017-02-01T13:00:00,61,West,10.221418569420269,18
2017-02-01T14:00:00,62,North,74.77628474068761,50
2017-02-01T14:00:00,62,South,17.770888952522135,21
2017-02-01T14:00:00,62,East,15.89236695107997,20
2017-02-01T14:00:00,62,West,10.065357027351853,17
2017-02-01T15:00:00,63,North,76.32290749469743,49
2017-02-01T15:00:00,63,South,20.433054782167545,22
2017-02-01T15:00:00,63,East,16.694348236568764,20
2017-02-01T15:00:00,63,West,10.017743649749232,17
2017-02-01T16:00:00,64,North,76.37229581942448,49
2017-02-01T16:00:00,64,South,20.128690687357516,22
2017-02-01T16:00:00,64,East,15.912893119307947,20
2017-02-01T16:00:00,64,West,9.877962010267119,17
2017-02-01T17:00:00,65,North,64.456892446057,47
2017-02-01T17:00:00,65,South,16.700432680616956,21
2017-02-01T17:00:00,65,East,20.232179996272613,23
2017-02-01T17:00:00,65,West,9.91393846909041,17
2017-02-01T18:00:00,66,North,79.21304908754918,50
2017-02-01T18:00:00,66,South,17.637816718143217,20
2017-02-01T18:00:00,66,East,19.41649673749469,21
2017-02-01T18:00:00,66,West,9.859182964164372,17
2017-02-01T19:00:00,67,North,76.54418020148148,49
2017-02-01T19:00:00,67,South,18.73231075517348,21
2017-02-01T19:00:00,67,East,19.42574017576848,21
2017-02-01T19:00:00,67,West,9.74592796860206,17
2017-02-01T20:00:00,68,North,76.60456531847586,49
2017-02-01T20:00:00,68,South,18.544915018403408,21
2017-02-01T20:00:00,68,East,20.31843166963272,22
2017-02-01T20:00:00,68,West,9.303361869472498,16
2017-02-01T21:00:00,69,North,77.39061054101818,49
2017-02-01T21:00:00,69,South,20.447011500513796,22
2017-02-01T21:00:00,69,East,15.912893119307947,20
2017-02-01T21:00:00,69,West,9.910898103400378,17
2017-02-01T22:00:00,70,North,76.18983509832552,51
2017-02-01T22:00:00,70,South,20.430844648333885,22
2017-02-01T22:00:00,70,East,11.250515894623154,18
2017-02-01T22:00:00,70,West,9.832612807993742,17
2017-02-01T23:00:00,71,North,66.60393599547704,49
2017-02-01T23:00:00,71,South,19.512525250859355,23
2017-02-01T23:00:00,71,East,12.501650313438013,19
2017-02-01T23:00:00,71,West,9.055063177194905,17
2017-02-02T00:00:00,72,North,64.89725278284689,50
2017-02-02T00:00:00,72,South,16.66816032159733,22
2017-02-02T00:00:00,72,East,11.704508529160304,19
2017-02-02T00:00:00,72,West,8.351911168833547,17
2017-02-02T01:00:00,73,North,57.96966192853053,51
2017-02-02T01:00:00,73,South,16.473602172093333,23
2017-02-02T01:00:00,73,East,9.085601224821884,18
2017-02-02T01:00:00,73,West,5.707504935405147,16
2017-02-02T02:00:00,74,North,50.021195117034615,52
2017-02-02T02:00:00,74,South,13.218925024372268,23
2017-02-02T02:00:00,74,East,6.3978178429871955,17
2017-02-02T02:00:00,74,West,4.961237116380724,16
2017-02-02T03:00:00,75,North,49.23086990070016,50
2017-02-02T03:00:00,75,South,15.386563297823784,24
2017-02-02T03:00:00,75,East,7.173973965312998,18
2017-02-02T03:00:00,75,West,5.083372676898701,16
2017-02-02T04:00:00,76,North,39.50208866315046,50
2017-02-02T04:00:00,76,South,11.743850316518188,23
2017-02-02T04:00:00,76,East,6.906631544947296,19
2017-02-02T04:00:00,76,West,4.494677083194416,16
2017-02-02T05:00:00,77,North,35.04280225283657,49
2017-02-02T05:00:00,77,South,10.77096685268536,24
2017-02-02T05:00:00,77,East,5.307761031398375,18
2017-02-02T05:00:00,77,West,5.029736854153777,17
2017-02-02T06:00:00,78,North,35.01859997363429,50
2017-02-02T06:00:00,78,South,11.484007658585753,24
2017-02-02T06:00:00,78,East,4.804189878384479,17
2017-02-02T06:00:00,78,West,4.271880320686975,17
2017-02-02T07:00:00,79,North,33.991029123431865,48
2017-02-02T07:00:00,79,South,9.917831452774063,23
2017-02-02T07:00:00,79,East,6.97829505722038,19
2017-02-02T07:00:00,79,West,5.146833912749756,18
2017-02-02T08:00:00,80,North,35.071139476369,48
2017-02-02T08:00:00,80,South,11.743850316518188,24
2017-02-02T08:00:00,80,East,6.581158417994158,19
2017-02-02T08:00:00,80,West,4.961813670462089,17
2017-02-02T09:00:00,81,North,42.255914276078535,49
2017-02-02T09:00:00,81,South,11.74054868448813,22
2017-02-02T09:00:00,81,East,9.254876693918627,20
2017-02-02T09:00:00,81,West,6.089714921843992,17
2017-02-02T10:00:00,82,North,48.19635364847757,49
2017-02-02T10:00:00,82,South,12.550335915480616,22
2017-02-02T10:00:00,82,East,8.999842468599587,19
2017-02-02T10:00:00,82,West,8.133888709109959,18
2017-02-02T11:00:00,83,North,55.14670458588873,49
2017-02-02T11:00:00,83,South,12.27746898574842,20
2017-02-02T11:00:00,83,East,11.975659525287412,20
2017-02-02T11:00:00,83,West,9.968283269125177,19
2017-02-02T12:00:00,84,North,66.91779969715472,50
2017-02-02T12:00:00,84,South,14.07104233491112,20
2017-02-02T12:00:00,84,East,12.952644654132392,19
2017-02-02T12:00:00,84,West,11.710320090341494,19
2017-02-02T13:00:00,85,North,55.728049169618835,49
2017-02-02T13:00:00,85,South,12.394326412301494,20
2017-02-02T13:00:00,85,East,13.049078170610144,21
2017-02-02T13:00:00,85,West,9.714076880171966,18
2017-02-02T14:00:00,86,North,66.72434725780357,49
2017-02-02T14:00:00,86,South,14.306166501309585,20
2017-02-02T14:00:00,86,East,17.2922260612117,22
2017-02-02T14:00:00,86,West,9.72044805212571,17
2017-02-02T15:00:00,87,North,61.93763165539695,50
2017-02-02T15:00:00,87,South,15.193042598070333,21
2017-02-02T15:00:00,87,East,11.250515894623154,19
2017-02-02T15:00:00,87,West,10.090054142237584,18
2017-02-02T16:00:00,88,North,53.67576643272632,46
2017-02-02T16:00:00,88,South,16.187244613120875,22
2017-02-02T16:00:00,88,East,15.912893119307949,22
2017-02-02T16:00:00,88,West,10.04562656260039,18
2017-02-02T17:00:00,89,North,60.43886387564891,49
2017-02-02T17:00:00,89,South,15.579150547258463,22
2017-02-02T17:00:00,89,East,11.264945187552447,19
2017-02-02T17:00:00,89,West,9.993166993338379,18
2017-02-02T18:00:00,90,North,70.0776822393616,50
2017-02-02T18:00:00,90,South,16.8824788723269,21
2017-02-02T18:00:00,90,East,14.912893119307947,20
2017-02-02T18:00:00,90,West,9.943676820727116,17
2017-02-02T19:00:00,91,North,76.23949250261735,51
2017-02-02T19:00:00,91,South,18.532089984232698,21
2017-02-02T19:00:00,91,East,13.920669475999949,19
2017-02-02T19:00:00,91,West,9.56285482420303,17
2017-02-02T20:00:00,92,North,74.1308706918431,50
2017-02-02T20:00:00,92,South,16.8824788723269,21
2017-02-02T20:00:00,92,East,14.764807308174314,20
2017-02-02T20:00:00,92,West,9.767506350997794,17
2017-02-02T21:00:00,93,North,80.43007841398972,52
2017-02-02T21:00:00,93,South,19.544507481433016,22
2017-02-02T21:00:00,93,East,12.995165336650812,18
2017-02-02T21:00:00,93,West,8.420984490976284,16
2017-02-02T22:00:00,94,North,74.3461239648594,49
2017-02-02T22:00:00,94,South,19.528340629253105,22
2017-02-02T22:00:00,94,East,16.593547309946338,20
2017-02-02T22:00:00,94,West,9.237057685005238,17
2017-02-02T23:00:00,95,North,69.15050401790357,50
2017-02-02T23:00:00,95,South,15.702979841367187,20
2017-02-02T23:00:00,95,East,17.068337847142907,21
2017-02-02T23:00:00,95,West,8.432231621292594,17
2017-02-03T00:00:00,96,North,61.76198517387468,48
2017-02-03T00:00:00,96,South,17.454388769394477,22
2017-02-03T00:00:00,96,East,14.58283617436057,21
2017-02-03T00:00:00,96,West,8.321117863661305,17
2017-02-03T01:00:00,97,North,53.47544477453932,50
2017-02-03T01:00:00,97,South,16.61579175092505,24
2017-02-03T01:00:00,97,East,10.440120421175463,19
2017-02-03T01:00:00,97,West,4.784008567112284,15
2017-02-03T02:00:00,98,North,47.83468810626627,49
2017-02-03T02:00:00,98,South,14.252221484289455,23
2017-02-03T02:00:00,98,East,10.546914282621515,20
2017-02-03T02:00:00,98,West,4.658979966061287,16
2017-02-03T03:00:00,99,North,44.82788857997802,50
2017-02-03T03:00:00,99,South,14.372563056674595,24
2017-02-03T03:00:00,99,East,8.482088897815512,19
2017-02-03T03:00:00,99,West,4.044901653979908,15
2017-02-03T04:00:00,100,North,40.64578630928376,51
2017-02-03T04:00:00,100,South,9.917516208381826,22
2017-02-03T04:00:00,100,East,7.288127125337738,19
2017-02-03T04:00:00,100,West,4.033917944347312,16
2017-02-03T05:00:00,101,North,34.67858546085005,49
2017-02-03T05:00:00,101,South,9.789264899791744,23
2017-02-03T05:00:00,101,East,6.9532803141483015,19
2017-02-03T05:00:00,101,West,4.451430694007627,17
2017-02-03T06:00:00,102,North,35.622751602700404,50
2017-02-03T06:00:00,102,South,7.9721749108855215,20
2017-02-03T06:00:00,102,East,8.83220034488871,21
2017-02-03T06:00:00,102,West,4.447497368419937,17
2017-02-03T07:00:00,103,North,33.65438318164777,47
2017-02-03T07:00:00,103,South,11.771731265133837,24
2017-02-03T07:00:00,103,East,8.216410513830883,20
2017-02-03T07:00:00,103,West,4.915941488575719,17
2017-02-03T08:00:00,104,North,37.334286832397524,47
2017-02-03T08:00:00,104,South,12.898765522694875,24
2017-02-03T08:00:00,104,East,8.845516597241033,20
2017-02-03T08:00:00,104,West,5.181753852990488,17
2017-02-03T09:00:00,105,North,49.73564830429944,49
2017-02-03T09:00:00,105,South,13.337014712513282,22
2017-02-03T09:00:00,105,East,11.118506818511138,20
2017-02-03T09:00:00,105,West,6.59148312865803,17
2017-02-03T10:00:00,106,North,60.686197207769084,50
2017-02-03T10:00:00,106,South,12.898891018698976,20
2017-02-03T10:00:00,106,East,15.896700371032892,22
2017-02-03T10:00:00,106,West,6.0753895584277195,16
2017-02-03T11:00:00,107,North,61.025964817243775,49
2017-02-03T11:00:00,107,South,14.9382480645193,21
2017-02-03T11:00:00,107,East,15.444236077388489,21
2017-02-03T11:00:00,107,West,8.684867071778616,17
2017-02-03T12:00:00,108,North,66.85970465380832,49
2017-02-03T12:00:00,108,South,15.558816355500467,21
2017-02-03T12:00:00,108,East,15.624434836820619,21
2017-02-03T12:00:00,108,West,9.716310679026282,17
2017-02-03T13:00:00,109,North,59.01690661423125,48
2017-02-03T13:00:00,109,South,15.762549330901395,22
2017-02-03T13:00:00,109,East,12.779045216635678,20
2017-02-03T13:00:00,109,West,9.508103454461523,18
2017-02-03T14:00:00,110,North,65.47117243505468,49
2017-02-03T14:00:00,110,South,14.95554846137549,20
2017-02-03T14:00:00,110,East,17.17320254416728,22
2017-02-03T14:00:00,110,West,9.051270257353545,17
2017-02-03T15:00:00,111,North,71.9641751689907,49
2017-02-03T15:00:00,111,South,18.83238367863916,22
2017-02-03T15:00:00,111,East,14.742055536442063,20
2017-02-03T15:00:00,111,West,9.81011678663949,17
2017-02-03T16:00:00,112,North,63.25641078210709,48
2017-02-03T16:00:00,112,South,18.745799929203773,23
2017-02-03T16:00:00,112,East,13.749831893134065,20
2017-02-03T16:00:00,112,West,8.515789407481302,17
2017-02-03T17:00:00,113,North,61.56636863191815,48
2017-02-03T17:00:00,113,South,15.516587854560797,21
2017-02-03T17:00:00,113,East,16.575324719524342,22
2017-02-03T17:00:00,113,West,9.305949978462749,17
2017-02-03T18:00:00,114,North,70.3902155695258,49
2017-02-03T18:00:00,114,South,15.70350692804109,20
2017-02-03T18:00:00,114,East,20.23870580325224,23
2017-02-03T18:00:00,114,West,8.466173775881716,16
2017-02-03T19:00:00,115,North,70.64108909514451,49
2017-02-03T19:00:00,115,South,16.45475844384041,21
2017-02-03T19:00:00,115,East,18.33452938366743,21
2017-02-03T19:00:00,115,West,9.901789915245581,17
2017-02-03T20:00:00,116,North,70.60010014315174,48
2017-02-03T20:00:00,116,South,21.928619024662073,23
2017-02-03T20:00:00,116,East,16.66157639288445,20
2017-02-03T20:00:00,116,West,9.424270336149021,17
2017-02-03T21:00:00,117,North,66.51955500453397,50
2017-02-03T21:00:00,117,South,15.689724660925489,21
2017-02-03T21:00:00,117,East,13.671602811080543,20
2017-02-03T21:00:00,117,West,9.072524223613279,17
2017-02-03T22:00:00,118,North,59.04348517387468,48
2017-02-03T22:00:00,118,South,15.278670828142763,22
2017-02-03T22:00:00,118,East,14.57344355708045,21
2017-02-03T22:00:00,118,West,8.388876521172818,17
2017-02-03T23:00:00,119,North,61.304739864609765,48
2017-02-03T23:00:00,119,South,17.454388769394477,22
2017-02-03T23:00:00,119,East,15.620037314711468,21
2017-02-03T23:00:00,119,West,8.280028393777492,17
2017-02-04T00:00:00,120,North,52.00755957674559,47
2017-02-04T00:00:00,120,South,16.409187005188354,23
2017-02-04T00:00:00,120,East,12.741844076284782,21
2017-02-04T00:00:00,120,West,7.0196314047020625,17
2017-02-04T01:00:00,121,North,51.806753425803464,52
2017-02-04T01:00:00,121,South,12.594745347216296,22
2017-02-04T01:00:00,121,East,9.101763035914168,19
2017-02-04T01:00:00,121,West,4.7169422642235705,15
2017-02-04T02:00:00,122,North,40.970462341052894,49
2017-02-04T02:00:00,122,South,13.195467803223991,24
2017-02-04T02:00:00,122,East,7.667887958021467,19
2017-02-04T02:00:00,122,West,4.1379063371600875,16
2017-02-04T03:00:00,123,North,33.654460850662225,49
2017-02-04T03:00:00,123,South,9.687146524219788,23
2017-02-04T03:00:00,123,East,7.7858351799699115,20
2017-02-04T03:00:00,123,West,4.000698266112911,16
2017-02-04T04:00:00,124,North,26.6977655413816,45
2017-02-04T04:00:00,124,South,9.024091016098478,23
2017-02-04T04:00:00,124,East,7.742679666672689,22
2017-02-04T04:00:00,124,West,4.700140124230199,18
2017-02-04T05:00:00,125,North,24.829689867558354,48
2017-02-04T05:00:00,125,South,6.584427465747964,21
2017-02-04T05:00:00,125,East,6.5803778735297875,21
2017-02-04T05:00:00,125,West,3.8629982719597593,18
2017-02-04T06:00:00,126,North,22.848689867558356,45
2017-02-04T06:00:00,126,South,7.903074656728711,24
2017-02-04T06:00:00,126,East,6.18100399094619,21
2017-02-04T06:00:00,126,West,3.902589569843089,18
2017-02-04T07:00:00,127,North,25.848689867558356,47
2017-02-04T07:00:00,127,South,8.036344465438567,23
2017-02-04T07:00:00,127,East,6.354755130244217,21
2017-02-04T07:00:00,127,West,4.026309912605631,17
2017-02-04T08:00:00,128,North,27.241050343147965,46
2017-02-04T08:00:00,128,South,7.154191500395099,21
2017-02-04T08:00:00,128,East,8.56674177576649,22
2017-02-04T08:00:00,128,West,5.440020598451859,19
2017-02-04T09:00:00,129,North,31.37294414971158,44
2017-02-04T09:00:00,129,South,8.825792703647892,21
2017-02-04T09:00:00,129,East,11.852012423652928,24
2017-02-04T09:00:00,129,West,6.362888658455645,19
2017-02-04T10:00:00,130,North,37.72253054076063,46
2017-02-04T10:00:00,130,South,9.425371999975123,21
2017-02-04T10:00:00,130,East,10.965052724106469,22
2017-02-04T10:00:00,130,West,7.83943532032838,19
2017-02-04T11:00:00,131,North,40.379102204793575,46
2017-02-04T11:00:00,131,South,9.353119091976541,20
2017-02-04T11:00:00,131,East,13.581180197207132,24
2017-02-04T11:00:00,131,West,7.60175591642863,18
2017-02-04T12:00:00,132,North,41.08655928472192,47
2017-02-04T12:00:00,132,South,8.843955482019544,19
2017-02-04T12:00:00,132,East,13.193018164901517,23
2017-02-04T12:00:00,132,West,7.836271146765464,19
2017-02-04T13:00:00,133,North,37.015513815365686,44
2017-02-04T13:00:00,133,South,10.50121028479007,21
2017-02-04T13:00:00,133,East,14.59346766157535,24
2017-02-04T13:00:00,133,West,7.70584222530726,19
2017-02-04T14:00:00,134,North,39.5685188513223,46
2017-02-04T14:00:00,134,South,10.812567581234827,21
2017-02-04T14:00:00,134,East,11.007313200593863,22
2017-02-04T14:00:00,134,West,7.746259587026003,19
2017-02-04T15:00:00,135,North,34.60381472803228,45
2017-02-04T15:00:00,135,South,9.184508931952493,21
2017-02-04T15:00:00,135,East,12.102572397239602,23
2017-02-04T15:00:00,135,West,7.324403182971229,19
2017-02-04T16:00:00,136,North,39.67635130389812,44
2017-02-04T16:00:00,136,South,10.519618878112457,21
2017-02-04T16:00:00,136,East,15.615426576749671,25
2017-02-04T16:00:00,136,West,7.348885262822834,18
2017-02-04T17:00:00,137,North,44.7152214740462,47
2017-02-04T17:00:00,137,South,9.302289426474575,19
2017-02-04T17:00:00,137,East,15.763512387883305,24
2017-02-04T17:00:00,137,West,7.713028707323584,18
2017-02-04T18:00:00,138,North,50.25206621749132,49
2017-02-04T18:00:00,138,South,9.91768518935454,19
2017-02-04T18:00:00,138,East,14.715485883305943,23
2017-02-04T18:00:00,138,West,7.260578443800052,17
2017-02-04T19:00:00,139,North,59.25273890959588,48
2017-02-04T19:00:00,139,South,10.837532477679021,19
2017-02-04T19:00:00,139,East,19.64970657797503,24
2017-02-04T19:00:00,139,West,8.109068651366119,17
2017-02-04T20:00:00,140,North,76.15976974320658,48
2017-02-04T20:00:00,140,South,14.606864796010585,19
2017-02-04T20:00:00,140,East,26.837243449290245,25
2017-02-04T20:00:00,140,West,7.438842513289573,16
2017-02-04T21:00:00,141,North,63.653547988050285,48
2017-02-04T21:00:00,141,South,11.513172102644331,19
2017-02-04T21:00:00,141,East,23.17415674464238,25
2017-02-04T21:00:00,141,West,7.586856544082327,16
2017-02-04T22:00:00,142,North,61.659891186368625,47
2017-02-04T22:00:00,142,South,13.863156065580005,20
2017-02-04T22:00:00,142,East,21.715428034326877,24
2017-02-04T22:00:00,142,West,7.870462284338391,17
2017-02-04T23:00:00,143,North,55.59864368584461,46
2017-02-04T23:00:00,143,South,15.423321785558304,21
2017-02-04T23:00:00,143,East,18.69939718252144,24
2017-02-04T23:00:00,143,West,7.558453211623008,17
2017-02-05T00:00:00,144,North,52.82126552300152,46
2017-02-05T00:00:00,144,South,14.769620321528171,22
2017-02-05T00:00:00,144,East,17.927947412542142,24
2017-02-05T00:00:00,144,West,6.509883019062721,16
2017-02-05T01:00:00,145,North,40.574302062547844,48
2017-02-05T01:00:00,145,South,12.441920286398394,23
2017-02-05T01:00:00,145,East,10.5298084063755,21
2017-02-05T01:00:00,145,West,4.557113470102428,16
2017-02-05T02:00:00,146,North,34.20413536508209,47
2017-02-05T02:00:00,146,South,12.694974096580816,25
2017-02-05T02:00:00,146,East,7.215666915924274,20
2017-02-05T02:00:00,146,West,4.226659410885017,16
2017-02-05T03:00:00,147,North,30.152978032839687,47
2017-02-05T03:00:00,147,South,10.571230630714252,24
2017-02-05T03:00:00,147,East,7.282067493442727,20
2017-02-05T03:00:00,147,West,4.013591713054883,17
2017-02-05T04:00:00,148,North,25.21763291576351,45
2017-02-05T04:00:00,148,South,7.384717511606231,21
2017-02-05T04:00:00,148,East,9.783769098685518,25
2017-02-05T04:00:00,148,West,3.9270396034594266,17
2017-02-05T05:00:00,149,North,25.461430278576174,48
2017-02-05T05:00:00,149,South,7.449152263602964,22
2017-02-05T05:00:00,149,East,6.5803778735297875,21
2017-02-05T05:00:00,149,West,3.729311307274371,17
2017-02-05T06:00:00,150,North,25.53716847556437,48
2017-02-05T06:00:00,150,South,7.582067229327951,23
2017-02-05T06:00:00,150,East,5.976091604777887,20
2017-02-05T06:00:00,150,West,3.902589569843089,17
2017-02-05T07:00:00,151,North,24.53716847556437,45
2017-02-05T07:00:00,151,South,9.071504336511358,24
2017-02-05T07:00:00,151,East,7.069165451419852,22
2017-02-05T07:00:00,151,West,3.9797978415971977,17
2017-02-05T08:00:00,152,North,32.630764469073405,49
2017-02-05T08:00:00,152,South,8.189097640565919,21
2017-02-05T08:00:00,152,East,7.448551230318007,21
2017-02-05T08:00:00,152,West,4.071620338603475,17
2017-02-05T09:00:00,153,North,38.929817816026855,49
2017-02-05T09:00:00,153,South,9.486135587114546,21
2017-02-05T09:00:00,153,East,9.499490142486717,21
2017-02-05T09:00:00,153,West,5.787176316969644,17
2017-02-05T10:00:00,154,North,39.8255294579597,48
2017-02-05T10:00:00,154,South,8.947661164166519,20
2017-02-05T10:00:00,154,East,11.588853051770085,23
2017-02-05T10:00:00,154,West,5.77186242262605,17
2017-02-05T11:00:00,155,North,39.94937177289027,46
2017-02-05T11:00:00,155,South,10.56339429404753,21
2017-02-05T11:00:00,155,East,11.222628463472322,22
2017-02-05T11:00:00,155,West,8.180984126765319,19
2017-02-05T12:00:00,156,North,46.1094280249882,48
2017-02-05T12:00:00,156,South,10.642016818016046,20
2017-02-05T12:00:00,156,East,11.950782700625373,22
2017-02-05T12:00:00,156,West,7.6207212072241965,18
2017-02-05T13:00:00,157,North,35.96432520652867,45
2017-02-05T13:00:00,157,South,9.452240311815908,21
2017-02-05T13:00:00,157,East,11.968603801432211,23
2017-02-05T13:00:00,157,West,7.164956064376902,19
2017-02-05T14:00:00,158,North,38.37809584699429,46
2017-02-05T14:00:00,158,South,9.81464201035888,21
2017-02-05T14:00:00,158,East,12.825838896523074,23
2017-02-05T14:00:00,158,West,7.488973804685006,18
2017-02-05T15:00:00,159,North,40.160875018741876,48
2017-02-05T15:00:00,159,South,9.168013740739836,20
2017-02-05T15:00:00,159,East,11.118849365581353,22
2017-02-05T15:00:00,159,West,7.1028646923241325,18
2017-02-05T16:00:00,160,North,37.5146614255847,44
2017-02-05T16:00:00,160,South,11.587156980006348,22
2017-02-05T16:00:00,160,East,12.924812118374675,23
2017-02-05T16:00:00,160,West,7.5046100189653435,19
2017-02-05T17:00:00,161,North,39.27022079450145,46
2017-02-05T17:00:00,161,South,10.919112923505738,22
2017-02-05T17:00:00,161,East,11.181783456975733,22
2017-02-05T17:00:00,161,West,7.295208083200062,18
2017-02-05T18:00:00,162,North,52.109777317500914,47
2017-02-05T18:00:00,162,South,13.058012568231089,21
2017-02-05T18:00:00,162,East,15.725589642681772,23
2017-02-05T18:00:00,162,West,7.127298791673633,17
2017-02-05T19:00:00,163,North,53.73595524319222,48
2017-02-05T19:00:00,163,South,13.717328094332869,21
2017-02-05T19:00:00,163,East,13.761761541239274,21
2017-02-05T19:00:00,163,West,8.204995733212769,18
2017-02-05T20:00:00,164,North,56.883951589737144,49
2017-02-05T20:00:00,164,South,11.934845317891124,20
2017-02-05T20:00:00,164,East,15.753985184547274,22
2017-02-05T20:00:00,164,West,7.7596035098875245,17
2017-02-05T21:00:00,165,North,57.80427855166164,50
2017-02-05T21:00:00,165,South,14.706285017939473,22
2017-02-05T21:00:00,165,East,11.14897061847347,19
2017-02-05T21:00:00,165,West,7.7011903203487355,17
2017-02-05T22:00:00,166,North,51.27478030391694,47
2017-02-05T22:00:00,166,South,15.057255629976718,23
2017-02-05T22:00:00,166,East,13.332576258579135,21
2017-02-05T22:00:00,166,West,7.266020365522339,17
2017-02-05T23:00:00,167,North,54.21982753738523,49
2017-02-05T23:00:00,167,South,12.585606967493007,20
2017-02-05T23:00:00,167,East,14.710196044870198,22
2017-02-05T23:00:00,167,West,6.848868515113324,17
2017-02-06T00:00:00,0,North,49.251813270869114,47
2017-02-06T00:00:00,0,South,15.170768087318873,23
2017-02-06T00:00:00,0,East,11.91917791892494,20
2017-02-06T00:00:00,0,West,7.850242334164243,18
2017-02-06T01:00:00,1,North,45.2410315923802,47
2017-02-06T01:00:00,1,South,12.652279346172588,22
2017-02-06T01:00:00,1,East,14.35772146994665,23
2017-02-06T01:00:00,1,West,5.569674671036243,16
2017-02-06T02:00:00,2,North,41.04614335163517,47
2017-02-06T02:00:00,2,South,11.82170782132359,22
2017-02-06T02:00:00,2,East,13.454149036286985,23
2017-02-06T02:00:00,2,West,4.696036218559516,16
2017-02-06T03:00:00,3,North,46.0476241972377,48
2017-02-06T03:00:00,3,South,11.767922174603113,21
2017-02-06T03:00:00,3,East,13.86392404359671,23
2017-02-06T03:00:00,3,West,4.7744804760240775,16
2017-02-06T04:00:00,4,North,44.01045596569232,49
2017-02-06T04:00:00,4,South,13.25494520458204,23
2017-02-06T04:00:00,4,East,9.47859045144655,20
2017-02-06T04:00:00,4,West,4.8447910430168175,16
2017-02-06T05:00:00,5,North,43.34305157605136,50
2017-02-06T05:00:00,5,South,9.249581945661584,20
2017-02-06T05:00:00,5,East,11.653048319269253,22
2017-02-06T05:00:00,5,West,4.5981139617451685,16
2017-02-06T06:00:00,6,North,45.388914791846766,53
2017-02-06T06:00:00,6,South,9.169540284792399,20
2017-02-06T06:00:00,6,East,7.24175324213196,19
2017-02-06T06:00:00,6,West,4.114896708555132,16
2017-02-06T07:00:00,7,North,47.388914791846766,49
2017-02-06T07:00:00,7,South,12.385155536865105,22
2017-02-06T07:00:00,7,East,12.73427002166499,22
2017-02-06T07:00:00,7,West,4.162523913327576,15
2017-02-06T08:00:00,8,North,55.24936785404978,52
2017-02-06T08:00:00,8,South,11.746555944223816,20
2017-02-06T08:00:00,8,East,11.251917691065039,20
2017-02-06T08:00:00,8,West,5.6988276255850385,16
2017-02-06T09:00:00,9,North,67.79632136540968,51
2017-02-06T09:00:00,9,South,12.04722719592645,19
2017-02-06T09:00:00,9,East,17.563371509135603,22
2017-02-06T09:00:00,9,West,6.214858605882716,16
2017-02-06T10:00:00,10,North,70.45558863246356,50
2017-02-06T10:00:00,10,South,15.08036451050447,20
2017-02-06T10:00:00,10,East,19.493495480135405,22
2017-02-06T10:00:00,10,West,7.338450332845029,16
2017-02-06T11:00:00,11,North,72.21781102708496,49
2017-02-06T11:00:00,11,South,16.43773778303096,20
2017-02-06T11:00:00,11,East,19.493495480135405,22
2017-02-06T11:00:00,11,West,8.761688892786475,17
2017-02-06T12:00:00,12,North,73.2050761513942,48
2017-02-06T12:00:00,12,South,17.56141783498647,21
2017-02-06T12:00:00,12,East,20.694503274013744,22
2017-02-06T12:00:00,12,West,9.234498968740278,17
2017-02-06T13:00:00,13,North,72.83508242518518,49
2017-02-06T13:00:00,13,South,15.461066836608417,20
2017-02-06T13:00:00,13,East,19.093717094811204,22
2017-02-06T13:00:00,13,West,10.042143717310315,17
2017-02-06T14:00:00,14,North,77.76079897859687,50
2017-02-06T14:00:00,14,South,15.89091825617043,19
2017-02-06T14:00:00,14,East,20.138504327449954,22
2017-02-06T14:00:00,14,West,9.719465172148286,17
2017-02-06T15:00:00,15,North,82.36505278478201,50
2017-02-06T15:00:00,15,South,19.46169519473201,21
2017-02-06T15:00:00,15,East,19.810868246902306,21
2017-02-06T15:00:00,15,West,9.533258608522857,16
2017-02-06T16:00:00,16,North,76.89492082918704,49
2017-02-06T16:00:00,16,South,20.573092112773146,22
2017-02-06T16:00:00,16,East,19.304323422343536,21
2017-02-06T16:00:00,16,West,8.756222488834227,16
2017-02-06T17:00:00,17,North,76.1760587683189,50
2017-02-06T17:00:00,17,South,18.854314727551532,21
2017-02-06T17:00:00,17,East,18.259228750186388,21
2017-02-06T17:00:00,17,West,8.756222488834227,16
2017-02-06T18:00:00,18,North,80.53921840944656,49
2017-02-06T18:00:00,18,South,21.04205363903314,22
2017-02-06T18:00:00,18,East,19.1640214063747,21
2017-02-06T18:00:00,18,West,9.04593674864491,16
2017-02-06T19:00:00,19,North,72.29927018120767,48
2017-02-06T19:00:00,19,South,21.086292399761593,23
2017-02-06T19:00:00,19,East,18.326800519059713,21
2017-02-06T19:00:00,19,West,8.813666090434447,16
2017-02-06T20:00:00,20,North,79.11416006216007,49
2017-02-06T20:00:00,20,South,20.60725365072446,22
2017-02-06T20:00:00,20,East,18.37471042111563,21
2017-02-06T20:00:00,20,West,8.44501319549798,16
2017-02-06T21:00:00,21,North,82.28251655202214,50
2017-02-06T21:00:00,21,South,20.47565191307826,21
2017-02-06T21:00:00,21,East,19.122773707062485,21
2017-02-06T21:00:00,21,West,8.41377383557465,16
2017-02-06T22:00:00,22,North,82.33268321868881,49
2017-02-06T22:00:00,22,South,22.259787578058646,22
2017-02-06T22:00:00,22,East,20.138504327449954,21
2017-02-06T22:00:00,22,West,8.695398289599813,16
2017-02-06T23:00:00,23,North,73.49035495615821,50
2017-02-06T23:00:00,23,South,16.652509576614126,21
2017-02-06T23:00:00,23,East,16.40058781499433,21
2017-02-06T23:00:00,23,West,8.188096995160635,16
2017-02-07T00:00:00,24,North,67.7427707878402,49
2017-02-07T00:00:00,24,South,18.852104593717876,22
2017-02-07T00:00:00,24,East,15.579676483829717,20
2017-02-07T00:00:00,24,West,8.70689030752958,17
2017-02-07T01:00:00,25,North,62.879314953192704,49
2017-02-07T01:00:00,25,South,18.490038646598293,23
2017-02-07T01:00:00,25,East,14.357721469946648,21
2017-02-07T01:00:00,25,West,5.184077371923535,15
2017-02-07T02:00:00,26,North,54.97431465711186,52
2017-02-07T02:00:00,26,South,14.160008325340286,22
2017-02-07T02:00:00,26,East,7.654965156843641,18
2017-02-07T02:00:00,26,West,4.7649392129024495,16
2017-02-07T03:00:00,27,North,52.307775446570155,50
2017-02-07T03:00:00,27,South,14.79921334221237,23
2017-02-07T03:00:00,27,East,10.076522151287836,19
2017-02-07T03:00:00,27,West,5.078816986000107,16
2017-02-07T04:00:00,28,North,44.35759581447379,51
2017-02-07T04:00:00,28,South,10.990595235365099,22
2017-02-07T04:00:00,28,East,7.275204324159912,19
2017-02-07T04:00:00,28,West,4.864094171983874,16
2017-02-07T05:00:00,29,North,38.050923768004395,49
2017-02-07T05:00:00,29,South,11.489104992483341,23
2017-02-07T05:00:00,29,East,6.7004913907024815,19
2017-02-07T05:00:00,29,West,4.877106094854502,17
2017-02-07T06:00:00,30,North,43.60098914563054,48
2017-02-07T06:00:00,30,South,14.65240048223186,24
2017-02-07T06:00:00,30,East,10.040657172384883,20
2017-02-07T06:00:00,30,West,4.915118245847026,16
2017-02-07T07:00:00,31,North,44.671820294939984,50
2017-02-07T07:00:00,31,South,13.900767257779954,24
2017-02-07T07:00:00,31,East,7.7442031082663405,19
2017-02-07T07:00:00,31,West,4.167472033480044,15
2017-02-07T08:00:00,32,North,49.5704474114514,50
2017-02-07T08:00:00,32,South,13.310559261817888,22
2017-02-07T08:00:00,32,East,9.255437197546694,19
2017-02-07T08:00:00,32,West,5.69843581757769,17
2017-02-07T09:00:00,33,North,59.39499675508019,52
2017-02-07T09:00:00,33,South,14.106124908662485,21
2017-02-07T09:00:00,33,East,10.943762715285784,19
2017-02-07T09:00:00,33,West,5.721904646751213,16
2017-02-07T10:00:00,34,North,75.40699536190803,50
2017-02-07T10:00:00,34,South,19.015815410532767,22
2017-02-07T10:00:00,34,East,16.95326293799468,20
2017-02-07T10:00:00,34,West,8.289375695895371,16
2017-02-07T11:00:00,35,North,70.4272463768116,50
2017-02-07T11:00:00,35,South,15.717040907856024,20
2017-02-07T11:00:00,35,East,16.20387018821934,21
2017-02-07T11:00:00,35,West,9.6060913374488,17
2017-02-07T12:00:00,36,North,79.26998495168789,50
2017-02-07T12:00:00,36,South,18.571415427382583,21
2017-02-07T12:00:00,36,East,17.086849001855512,20
2017-02-07T12:00:00,36,West,9.7060938681956,17
2017-02-07T13:00:00,37,North,73.60169369970217,49
2017-02-07T13:00:00,37,South,16.467056391337223,20
2017-02-07T13:00:00,37,East,19.995652026949234,22
2017-02-07T13:00:00,37,West,9.552278441938224,17
2017-02-07T14:00:00,38,North,83.64843853672524,50
2017-02-07T14:00:00,38,South,17.852569555047605,20
2017-02-07T14:00:00,38,East,19.1640214063747,21
2017-02-07T14:00:00,38,West,9.81937169361606,17
2017-02-07T15:00:00,39,North,78.57550184657268,49
2017-02-07T15:00:00,39,South,18.829750954868363,21
2017-02-07T15:00:00,39,East,19.194655543886565,21
2017-02-07T15:00:00,39,West,9.486613602818847,17
2017-02-07T16:00:00,40,North,76.02852895868119,49
2017-02-07T16:00:00,40,South,19.461695194732005,22
2017-02-07T16:00:00,40,East,17.324815008178483,20
2017-02-07T16:00:00,40,West,9.610376072125323,17
2017-02-07T17:00:00,41,North,74.70849674236418,50
2017-02-07T17:00:00,41,South,16.700432680616956,20
2017-02-07T17:00:00,41,East,18.33213614728691,21
2017-02-07T17:00:00,41,West,9.325038764042766,17
2017-02-07T18:00:00,42,North,78.25595863191461,51
2017-02-07T18:00:00,42,South,16.962119762355584,20
2017-02-07T18:00:00,42,East,15.738895845911209,20
2017-02-07T18:00:00,42,West,9.720046967896117,17
2017-02-07T19:00:00,43,North,81.25566667045183,52
2017-02-07T19:00:00,43,South,15.792203758694644,20
2017-02-07T19:00:00,43,East,14.660666763857689,19
2017-02-07T19:00:00,43,West,9.8967898204146,17
2017-02-07T20:00:00,44,North,82.50185451358493,50
2017-02-07T20:00:00,44,South,21.927987175081046,22
2017-02-07T20:00:00,44,East,17.28865404796675,20
2017-02-07T20:00:00,44,West,9.556551461671205,16
2017-02-07T21:00:00,45,North,81.36909066801316,50
2017-02-07T21:00:00,45,South,21.428098336368635,22
2017-02-07T21:00:00,45,East,16.653847528276735,20
2017-02-07T21:00:00,45,West,9.576579719697952,16
2017-02-07T22:00:00,46,North,77.98287729416332,50
2017-02-07T22:00:00,46,South,20.57088197893949,22
2017-02-07T22:00:00,46,East,16.432904970603662,20
2017-02-07T22:00:00,46,West,9.333777183319826,16
2017-02-07T23:00:00,47,North,73.12050944412474,50
2017-02-07T23:00:00,47,South,18.833904066816192,22
2017-02-07T23:00:00,47,East,13.546424898819096,19
2017-02-07T23:00:00,47,West,9.16343529596805,17
2017-02-08T00:00:00,48,North,66.18831834863438,49
2017-02-08T00:00:00,48,South,15.715804875537899,21
2017-02-08T00:00:00,48,East,16.20889921277961,21
2017-02-08T00:00:00,48,West,7.932042776066549,17
2017-02-08T01:00:00,49,North,56.22873864882114,50
2017-02-08T01:00:00,49,South,18.569360558453557,24
2017-02-08T01:00:00,49,East,9.386704867755459,18
2017-02-08T01:00:00,49,West,5.487124031104171,16
2017-02-08T02:00:00,50,North,53.44680622069885,51
2017-02-08T02:00:00,50,South,15.586752039137625,23
2017-02-08T02:00:00,50,East,8.611499932508623,18
2017-02-08T02:00:00,50,West,5.087539107394903,16
2017-02-08T03:00:00,51,North,44.698886881956966,48
2017-02-08T03:00:00,51,South,14.294726294520105,24
2017-02-08T03:00:00,51,East,10.047378987197728,20
2017-02-08T03:00:00,51,West,4.936853821713239,16
2017-02-08T04:00:00,52,North,41.663449920727025,50
2017-02-08T04:00:00,52,South,14.232025274636888,25
2017-02-08T04:00:00,52,East,6.0068038714226955,17
2017-02-08T04:00:00,52,West,4.035114259261785,16
2017-02-08T05:00:00,53,North,33.34951896218161,47
2017-02-08T05:00:00,53,South,12.422834817953792,25
2017-02-08T05:00:00,53,East,7.790991857189037,20
2017-02-08T05:00:00,53,West,4.096802295656492,16
2017-02-08T06:00:00,54,North,36.4400029065114,50
2017-02-08T06:00:00,54,South,9.342101377628513,22
2017-02-08T06:00:00,54,East,6.9532803141483015,19
2017-02-08T06:00:00,54,West,4.565945823825728,17
2017-02-08T07:00:00,55,North,37.39369085548081,49
2017-02-08T07:00:00,55,South,9.846321319221637,21
2017-02-08T07:00:00,55,East,8.871606707628754,21
2017-02-08T07:00:00,55,West,4.901749562517185,17
2017-02-08T08:00:00,56,North,44.87642797215705,48
2017-02-08T08:00:00,56,South,14.1943218571184,24
2017-02-08T08:00:00,56,East,9.685469065131732,20
2017-02-08T08:00:00,56,West,4.957386844107521,16
2017-02-08T09:00:00,57,North,57.51050830434965,51
2017-02-08T09:00:00,57,South,15.329709580178774,22
2017-02-08T09:00:00,57,East,10.492401461327779,19
2017-02-08T09:00:00,57,West,6.06476345471385,16
2017-02-08T10:00:00,58,North,68.02389041481979,49
2017-02-08T10:00:00,58,South,15.40512340056166,20
2017-02-08T10:00:00,58,East,16.470020229211215,21
2017-02-08T10:00:00,58,West,9.922142205989068,18
2017-02-08T11:00:00,59,North,70.94412983164102,49
2017-02-08T11:00:00,59,South,17.580788649913295,21
2017-02-08T11:00:00,59,East,16.12316280399224,20
2017-02-08T11:00:00,59,West,10.591262799464321,18
2017-02-08T12:00:00,60,North,73.49729331152545,50
2017-02-08T12:00:00,60,South,16.847380802494783,20
2017-02-08T12:00:00,60,East,17.05174273418586,21
2017-02-08T12:00:00,60,West,9.654192155618823,17
2017-02-08T13:00:00,61,North,67.13917205946102,50
2017-02-08T13:00:00,61,South,13.99117374843497,20
2017-02-08T13:00:00,61,East,16.315974311893992,21
2017-02-08T13:00:00,61,West,9.518954074692813,17
2017-02-08T14:00:00,62,North,74.441919483098,51
2017-02-08T14:00:00,62,South,15.715804875537899,20
2017-02-08T14:00:00,62,East,15.645015323328876,20
2017-02-08T14:00:00,62,West,9.42281183713391,17
2017-02-08T15:00:00,63,North,73.41451373637904,50
2017-02-08T15:00:00,63,South,16.962119762355584,21
2017-02-08T15:00:00,63,East,15.665541491556855,20
2017-02-08T15:00:00,63,West,9.365611909633406,17
2017-02-08T16:00:00,64,North,72.6276327143638,48
2017-02-08T16:00:00,64,South,19.543375797257475,22
2017-02-08T16:00:00,64,East,18.358057789077954,21
2017-02-08T16:00:00,64,West,9.232966193104922,17
2017-02-08T17:00:00,65,North,72.55600783753678,48
2017-02-08T17:00:00,65,South,18.486719539328703,21
2017-02-08T17:00:00,65,East,19.189943048165745,22
2017-02-08T17:00:00,65,West,9.468519968437587,17
2017-02-08T18:00:00,66,North,75.07613891699495,50
2017-02-08T18:00:00,66,South,18.500676257674954,21
2017-02-08T18:00:00,66,East,14.71111806813343,20
2017-02-08T18:00:00,66,West,9.650471866516357,17
2017-02-08T19:00:00,67,North,76.61240016148469,49
2017-02-08T19:00:00,67,South,21.086292399761593,22
2017-02-08T19:00:00,67,East,15.71111806813343,20
2017-02-08T19:00:00,67,West,9.904180642483546,17
2017-02-08T20:00:00,68,North,78.0467920363076,50
2017-02-08T20:00:00,68,South,23.91232879677321,23
2017-02-08T20:00:00,68,East,12.049472812004376,18
2017-02-08T20:00:00,68,West,9.64902554402702,17
2017-02-08T21:00:00,69,North,74.4085524813351,48
2017-02-08T21:00:00,69,South,20.528692103039266,22
2017-02-08T21:00:00,69,East,21.20289464312757,22
2017-02-08T21:00:00,69,West,9.323174147586668,16
2017-02-08T22:00:00,70,North,82.10532200205547,49
2017-02-08T22:00:00,70,South,21.38329107162426,22
2017-02-08T22:00:00,70,East,21.162624600933476,21
2017-02-08T22:00:00,70,West,9.455355795582161,16
2017-02-08T23:00:00,71,North,75.75806239351444,48
2017-02-08T23:00:00,71,South,20.430844648333885,22
2017-02-08T23:00:00,71,East,19.350782817279857,21
2017-02-08T23:00:00,71,West,9.367904783021478,17
2017-02-09T00:00:00,72,North,71.74787832062682,50
2017-02-09T00:00:00,72,South,18.54390669899366,22
2017-02-09T00:00:00,72,East,15.888608202625067,20
2017-02-09T00:00:00,72,West,7.812014874097347,16
2017-02-09T01:00:00,73,North,61.3990066300703,51
2017-02-09T01:00:00,73,South,15.722350656294008,22
2017-02-09T01:00:00,73,East,13.334436976662156,20
2017-02-09T01:00:00,73,West,5.038519595583704,15
2017-02-09T02:00:00,74,North,55.93306242835036,52
2017-02-09T02:00:00,74,South,15.440058304430034,23
2017-02-09T02:00:00,74,East,7.491285650852468,18
2017-02-09T02:00:00,74,West,4.276019565281084,15
2017-02-09T03:00:00,75,North,45.22131286186521,51
2017-02-09T03:00:00,75,South,13.817020970652626,24
2017-02-09T03:00:00,75,East,6.432224204697219,17
2017-02-09T03:00:00,75,West,4.8013989272948585,16
2017-02-09T04:00:00,76,North,41.26545495522361,50
2017-02-09T04:00:00,76,South,10.77096685268536,22
2017-02-09T04:00:00,76,East,8.848727004848469,20
2017-02-09T04:00:00,76,West,4.6761345580999425,16
2017-02-09T05:00:00,77,North,40.4061793655015,51
2017-02-09T05:00:00,77,South,9.821932988001175,22
2017-02-09T05:00:00,77,East,6.549830854950393,18
2017-02-09T05:00:00,77,West,4.882176577152368,17
2017-02-09T06:00:00,78,North,40.38031041963255,50
2017-02-09T06:00:00,78,South,12.270011269729038,23
2017-02-09T06:00:00,78,East,7.041169560071732,19
2017-02-09T06:00:00,78,West,4.068759019127116,16
2017-02-09T07:00:00,79,North,48.158677356626576,51
2017-02-09T07:00:00,79,South,12.99964346739532,23
2017-02-09T07:00:00,79,East,6.885053754131289,18
2017-02-09T07:00:00,79,West,4.890518065728167,16
2017-02-09T08:00:00,80,North,50.10442203747764,51
2017-02-09T08:00:00,80,South,12.99964346739532,22
2017-02-09T08:00:00,80,East,8.806947687053299,19
2017-02-09T08:00:00,80,West,5.7904188890531,16
2017-02-09T09:00:00,81,North,56.17397521198197,47
2017-02-09T09:00:00,81,South,14.704119728509422,21
2017-02-09T09:00:00,81,East,16.825957706467626,23
2017-02-09T09:00:00,81,West,7.441475901719735,17
2017-02-09T10:00:00,82,North,71.16402747451568,50
2017-02-09T10:00:00,82,South,14.878167198644169,20
2017-02-09T10:00:00,82,East,17.463252432687277,22
2017-02-09T10:00:00,82,West,8.005056456185608,16
2017-02-09T11:00:00,83,North,63.93440372670808,48
2017-02-09T11:00:00,83,South,16.221274570303198,21
2017-02-09T11:00:00,83,East,17.901782159252384,22
2017-02-09T11:00:00,83,West,9.298267196985606,17
2017-02-09T12:00:00,84,North,68.25571428571428,47
2017-02-09T12:00:00,84,South,18.469330009418726,22
2017-02-09T12:00:00,84,East,18.993155953637523,22
2017-02-09T12:00:00,84,West,9.977101249267154,17
2017-02-09T13:00:00,85,North,76.63487710566775,50
2017-02-09T13:00:00,85,South,16.307799654217995,20
2017-02-09T13:00:00,85,East,18.208533944336835,21
2017-02-09T13:00:00,85,West,9.397820513513281,17
2017-02-09T14:00:00,86,North,79.79290195910951,50
2017-02-09T14:00:00,86,South,18.183353069312336,20
2017-02-09T14:00:00,86,East,18.259228750186388,21
2017-02-09T14:00:00,86,West,9.802488571086418,17
2017-02-09T15:00:00,87,North,79.82708704696851,49
2017-02-09T15:00:00,87,South,21.157083613301882,22
2017-02-09T15:00:00,87,East,19.06742783482432,21
2017-02-09T15:00:00,87,West,9.682862975175329,16
2017-02-09T16:00:00,88,North,77.14410418389835,49
2017-02-09T16:00:00,88,South,18.268774988418187,21
2017-02-09T16:00:00,88,East,19.194655543886565,21
2017-02-09T16:00:00,88,West,9.33355056167094,17
2017-02-09T17:00:00,89,North,78.18653287284208,49
2017-02-09T17:00:00,89,South,18.53213994749369,21
2017-02-09T17:00:00,89,East,19.981589991415504,22
2017-02-09T17:00:00,89,West,9.200571083101135,16
2017-02-09T18:00:00,90,North,85.63249070465848,51
2017-02-09T18:00:00,90,South,17.59651590481859,20
2017-02-09T18:00:00,90,East,19.385671405510156,21
2017-02-09T18:00:00,90,West,9.167821086675811,16
2017-02-09T19:00:00,91,North,84.65904850676773,52
2017-02-09T19:00:00,91,South,19.21948881319116,21
2017-02-09T19:00:00,91,East,14.587312409503335,19
2017-02-09T19:00:00,91,West,9.171212435120456,16
2017-02-09T20:00:00,92,North,82.45956241365668,51
2017-02-09T20:00:00,92,South,19.38123219531985,21
2017-02-09T20:00:00,92,East,17.4061629913451,20
2017-02-09T20:00:00,92,West,9.471082869133717,16
2017-02-09T21:00:00,93,North,81.29327240256174,49
2017-02-09T21:00:00,93,South,21.35037996803764,22
2017-02-09T21:00:00,93,East,20.16415546090367,21
2017-02-09T21:00:00,93,West,8.382758808211006,16
2017-02-09T22:00:00,94,North,81.40350691851066,50
2017-02-09T22:00:00,94,South,20.46344729509282,22
2017-02-09T22:00:00,94,East,17.28298262293791,20
2017-02-09T22:00:00,94,West,9.268654949145233,16
2017-02-09T23:00:00,95,North,76.17930291963134,51
2017-02-09T23:00:00,95,South,19.36506534313994,22
2017-02-09T23:00:00,95,East,13.551299626518261,19
2017-02-09T23:00:00,95,West,8.830304785484508,16
2017-02-10T00:00:00,96,North,68.54532101991809,51
2017-02-10T00:00:00,96,South,15.659716234922003,21
2017-02-10T00:00:00,96,East,12.509478965418703,19
2017-02-10T00:00:00,96,West,8.008519554099177,17
2017-02-10T01:00:00,97,North,57.19968769704741,49
2017-02-10T01:00:00,97,South,19.33491906654419,25
2017-02-10T01:00:00,97,East,9.741605097164374,18
2017-02-10T01:00:00,97,West,5.651246948803955,16
2017-02-10T02:00:00,98,North,52.46707148836728,49
2017-02-10T02:00:00,98,South,16.39436160949139,24
2017-02-10T02:00:00,98,East,10.53283030420256,19
2017-02-10T02:00:00,98,West,5.105346160971676,16
2017-02-10T03:00:00,99,North,46.579398360920806,49
2017-02-10T03:00:00,99,South,16.50362206090145,25
2017-02-10T03:00:00,99,East,7.6169689285388555,18
2017-02-10T03:00:00,99,West,4.497914747719235,16
2017-02-10T04:00:00,100,North,41.442465204987215,49
2017-02-10T04:00:00,100,South,13.880561070704463,25
2017-02-10T04:00:00,100,East,6.306869630897243,18
2017-02-10T04:00:00,100,West,4.820770498242666,16
2017-02-10T05:00:00,101,North,35.32807117834367,50
2017-02-10T05:00:00,101,South,9.46537865996377,22
2017-02-10T05:00:00,101,East,6.860501219774101,19
2017-02-10T05:00:00,101,West,4.431355988675266,17
2017-02-10T06:00:00,102,North,36.32561173631819,50
2017-02-10T06:00:00,102,South,11.319605470464627,24
2017-02-10T06:00:00,102,East,6.275394735383105,18
2017-02-10T06:00:00,102,West,4.05945803987411,16
2017-02-10T07:00:00,103,North,39.495496764903265,50
2017-02-10T07:00:00,103,South,12.394040169986644,24
2017-02-10T07:00:00,103,East,6.12333640062464,18
2017-02-10T07:00:00,103,West,4.178518894433081,16
2017-02-10T08:00:00,104,North,51.30055325268319,51
2017-02-10T08:00:00,104,South,12.24712191871667,22
2017-02-10T08:00:00,104,East,9.362459445524383,19
2017-02-10T08:00:00,104,West,5.488182996992729,16
2017-02-10T09:00:00,105,North,59.78917216673759,51
2017-02-10T09:00:00,105,South,13.337014712513282,21
2017-02-10T09:00:00,105,East,10.27742364957239,19
2017-02-10T09:00:00,105,West,8.296539037325092,17
2017-02-10T10:00:00,106,North,69.46928165342479,49
2017-02-10T10:00:00,106,South,15.151475304723556,20
2017-02-10T10:00:00,106,East,18.955178559171127,22
2017-02-10T10:00:00,106,West,8.422973154481745,17
2017-02-10T11:00:00,107,North,70.77621388056438,48
2017-02-10T11:00:00,107,South,18.683901087873423,22
2017-02-10T11:00:00,107,East,19.966623900319703,22
2017-02-10T11:00:00,107,West,8.76201630558674,16
2017-02-10T12:00:00,108,North,72.34314403647755,50
2017-02-10T12:00:00,108,South,15.77732634725531,20
2017-02-10T12:00:00,108,East,18.120091782754983,21
2017-02-10T12:00:00,108,West,9.078536494931681,17
2017-02-10T13:00:00,109,North,66.57963582007044,48
2017-02-10T13:00:00,109,South,18.69529606430741,22
2017-02-10T13:00:00,109,East,16.315974311893992,21
2017-02-10T13:00:00,109,West,9.888537842867004,17
2017-02-10T14:00:00,110,North,71.92431740300324,48
2017-02-10T14:00:00,110,South,18.637841840990284,21
2017-02-10T14:00:00,110,East,19.189943048165745,22
2017-02-10T14:00:00,110,West,9.526381317220023,17
2017-02-10T15:00:00,111,North,73.46935795707765,50
2017-02-10T15:00:00,111,South,18.193232507000626,21
2017-02-10T15:00:00,111,East,17.319911317984992,21
2017-02-10T15:00:00,111,West,8.221702155883495,16
2017-02-10T16:00:00,112,North,68.36860985895707,49
2017-02-10T16:00:00,112,South,16.132350071280904,21
2017-02-10T16:00:00,112,East,17.24543753805195,21
2017-02-10T16:00:00,112,West,9.414310442553532,17
2017-02-10T17:00:00,113,North,66.76330386693999,47
2017-02-10T17:00:00,113,South,18.883491363509975,22
2017-02-10T17:00:00,113,East,18.358057789077954,22
2017-02-10T17:00:00,113,West,10.078594830746304,17
2017-02-10T18:00:00,114,North,68.26041623702186,49
2017-02-10T18:00:00,114,South,17.96314746077843,22
2017-02-10T18:00:00,114,East,15.622874824890188,20
2017-02-10T18:00:00,114,West,8.554818725647545,17
2017-02-10T19:00:00,115,North,72.9441442909288,50
2017-02-10T19:00:00,115,South,17.055991644102857,21
2017-02-10T19:00:00,115,East,16.771356471655082,20
2017-02-10T19:00:00,115,West,9.055095586169632,17
2017-02-10T20:00:00,116,North,71.9952219300471,49
2017-02-10T20:00:00,116,South,19.193885992312612,22
2017-02-10T20:00:00,116,East,16.771356471655082,21
2017-02-10T20:00:00,116,West,8.780528606569966,16
2017-02-10T21:00:00,117,North,72.03872542777034,51
2017-02-10T21:00:00,117,South,17.042209376987255,21
2017-02-10T21:00:00,117,East,12.685515463285684,19
2017-02-10T21:00:00,117,West,9.616533437407446,17
2017-02-10T22:00:00,118,North,69.66990102748463,49
2017-02-10T22:00:00,118,South,17.028367803163682,21
2017-02-10T22:00:00,118,East,18.259478430061804,21
2017-02-10T22:00:00,118,West,9.21578085881931,17
2017-02-10T23:00:00,119,North,68.2928210199181,49
2017-02-10T23:00:00,119,South,16.076250451187814,21
2017-02-10T23:00:00,119,East,16.426509456785375,21
2017-02-10T23:00:00,119,West,9.0396411508872,17
2017-02-11T00:00:00,120,North,58.739504827356186,48
2017-02-11T00:00:00,120,South,19.02062497565765,24
2017-02-11T00:00:00,120,East,12.43455442733786,19
2017-02-11T00:00:00,120,West,8.066896124797566,17
2017-02-11T01:00:00,121,North,50.60109951597221,49
2017-02-11T01:00:00,121,South,16.79081194122458,24
2017-02-11T01:00:00,121,East,9.71323622892616,19
2017-02-11T01:00:00,121,West,5.875075204353898,16
2017-02-11T02:00:00,122,North,46.81881889905479,50
2017-02-11T02:00:00,122,South,13.195467803223991,23
2017-02-11T02:00:00,122,East,7.6179153787910785,18
2017-02-11T02:00:00,122,West,5.7605137075218575,17
2017-02-11T03:00:00,123,North,36.98481729904157,47
2017-02-11T03:00:00,123,South,14.770649923299736,26
2017-02-11T03:00:00,123,East,6.308769658440847,18
2017-02-11T03:00:00,123,West,5.041031157916558,17
2017-02-11T04:00:00,124,North,31.503654804968402,47
2017-02-11T04:00:00,124,South,11.306662635581565,25
2017-02-11T04:00:00,124,East,5.873329365390513,19
2017-02-11T04:00:00,124,West,4.355959466699488,17
2017-02-11T05:00:00,125,North,28.578560571565625,47
2017-02-11T05:00:00,125,South,8.961182490794062,23
2017-02-11T05:00:00,125,East,7.236043564677307,21
2017-02-11T05:00:00,125,West,4.665529361379419,17
2017-02-11T06:00:00,126,North,29.51095342870848,47
2017-02-11T06:00:00,126,South,9.186161210028347,23
2017-02-11T06:00:00,126,East,6.607110219506504,20
2017-02-11T06:00:00,126,West,5.088784916801117,18
2017-02-11T07:00:00,127,North,31.564803106176576,49
2017-02-11T07:00:00,127,South,8.157506750086908,22
2017-02-11T07:00:00,127,East,7.287481402834016,20
2017-02-11T07:00:00,127,West,4.498293746370576,17
2017-02-11T08:00:00,128,North,35.55091421728769,44
2017-02-11T08:00:00,128,South,7.991558643734795,19
2017-02-11T08:00:00,128,East,10.828280139420906,22
2017-02-11T08:00:00,128,West,11.824112927853282,23
2017-02-11T09:00:00,129,North,38.61958984820134,46
2017-02-11T09:00:00,129,South,9.293773680148853,20
2017-02-11T09:00:00,129,East,9.69433210431567,21
2017-02-11T09:00:00,129,West,10.395703774119001,21
2017-02-11T10:00:00,130,North,42.738526975860175,45
2017-02-11T10:00:00,130,South,9.92366909034986,20
2017-02-11T10:00:00,130,East,13.152705831803313,22
2017-02-11T10:00:00,130,West,11.788575402498314,21
2017-02-11T11:00:00,131,North,46.611444102748635,47
2017-02-11T11:00:00,131,South,8.656383470776646,19
2017-02-11T11:00:00,131,East,16.623242870364372,24
2017-02-11T11:00:00,131,West,8.356671594687686,18
2017-02-11T12:00:00,132,North,47.65595155736041,47
2017-02-11T12:00:00,132,South,12.788361444100168,21
2017-02-11T12:00:00,132,East,11.59585038511048,20
2017-02-11T12:00:00,132,West,10.907325835370719,20
2017-02-11T13:00:00,133,North,43.831785618424306,43
2017-02-11T13:00:00,133,South,12.532562906835112,21
2017-02-11T13:00:00,133,East,18.266290677549847,25
2017-02-11T13:00:00,133,West,9.903096603069503,19
2017-02-11T14:00:00,134,North,40.044188688265535,45
2017-02-11T14:00:00,134,South,9.500934544549903,20
2017-02-11T14:00:00,134,East,13.483496053661817,23
2017-02-11T14:00:00,134,West,9.031681633179787,20
2017-02-11T15:00:00,135,North,39.64115385116416,44
2017-02-11T15:00:00,135,South,11.57138622033454,21
2017-02-11T15:00:00,135,East,14.496245865197796,24
2017-02-11T15:00:00,135,West,7.9311731428928205,19
2017-02-11T16:00:00,136,North,46.91467966548881,46
2017-02-11T16:00:00,136,South,13.358927572196118,22
2017-02-11T16:00:00,136,East,13.652108033023431,22
2017-02-11T16:00:00,136,West,8.864711583186994,18
2017-02-11T17:00:00,137,North,43.306086098050805,46
2017-02-11T17:00:00,137,South,12.13664013717455,21
2017-02-11T17:00:00,137,East,13.652108033023431,23
2017-02-11T17:00:00,137,West,7.717109150332103,18
2017-02-11T18:00:00,138,North,46.14601766872096,45
2017-02-11T18:00:00,138,South,11.528705327775937,20
2017-02-11T18:00:00,138,East,17.55582753933386,25
2017-02-11T18:00:00,138,West,7.898007798029374,18
2017-02-11T19:00:00,139,North,56.02049410450373,47
2017-02-11T19:00:00,139,South,10.876872903210936,19
2017-02-11T19:00:00,139,East,20.152379912810005,25
2017-02-11T19:00:00,139,West,7.996545591219002,17
2017-02-11T20:00:00,140,North,61.559421674498545,48
2017-02-11T20:00:00,140,South,13.360799258674758,20
2017-02-11T20:00:00,140,East,19.787480991230986,23
2017-02-11T20:00:00,140,West,9.296040610372842,17
2017-02-11T21:00:00,141,North,61.072513343042,48
2017-02-11T21:00:00,141,South,11.74345550256562,19
2017-02-11T21:00:00,141,East,21.369551010128035,24
2017-02-11T21:00:00,141,West,7.7976400355074,17
2017-02-11T22:00:00,142,North,58.4061291358445,47
2017-02-11T22:00:00,142,South,13.733350596072501,20
2017-02-11T22:00:00,142,East,17.62957613208006,22
2017-02-11T22:00:00,142,West,11.377123863380676,19
2017-02-11T23:00:00,143,North,55.2768695522654,46
2017-02-11T23:00:00,143,South,15.132057251806108,21
2017-02-11T23:00:00,143,East,19.61378371436753,24
2017-02-11T23:00:00,143,West,8.138591126538088,17
2017-02-12T00:00:00,144,North,46.419463843762266,45
2017-02-12T00:00:00,144,South,14.114657067230945,22
2017-02-12T00:00:00,144,East,17.011708395284565,24
2017-02-12T00:00:00,144,West,7.285793075756542,17
2017-02-12T01:00:00,145,North,37.50190732320833,47
2017-02-12T01:00:00,145,South,11.73868374474921,23
2017-02-12T01:00:00,145,East,9.987227849651527,21
2017-02-12T01:00:00,145,West,5.587764200479767,17
2017-02-12T02:00:00,146,North,31.85298686148385,47
2017-02-12T02:00:00,146,South,9.76935720872341,23
2017-02-12T02:00:00,146,East,6.560799651703224,19
2017-02-12T02:00:00,146,West,6.238937215949264,19
2017-02-12T03:00:00,147,North,29.89373679255636,45
2017-02-12T03:00:00,147,South,10.571230630714252,23
2017-02-12T03:00:00,147,East,8.892663814079754,22
2017-02-12T03:00:00,147,West,5.363998350245791,18
2017-02-12T04:00:00,148,North,29.991569460057903,47
2017-02-12T04:00:00,148,South,8.97802378938992,23
2017-02-12T04:00:00,148,East,7.145999259078167,20
2017-02-12T04:00:00,148,West,5.388213643049156,18
2017-02-12T05:00:00,149,North,28.29605064424341,48
2017-02-12T05:00:00,149,South,7.6053666462748,22
2017-02-12T05:00:00,149,East,5.9128765387527125,19
2017-02-12T05:00:00,149,West,5.385999442409546,19
2017-02-12T06:00:00,150,North,26.285181698374465,44
2017-02-12T06:00:00,150,South,10.44307152068324,25
2017-02-12T06:00:00,150,East,8.517154413003123,22
2017-02-12T06:00:00,150,West,4.594624877086078,17
2017-02-12T07:00:00,151,North,30.21903941960061,45
2017-02-12T07:00:00,151,South,8.142934677640769,21
2017-02-12T07:00:00,151,East,10.642463564719758,24
2017-02-12T07:00:00,151,West,5.337949915281519,18
2017-02-12T08:00:00,152,North,31.254706086267277,46
2017-02-12T08:00:00,152,South,9.59158771353506,22
2017-02-12T08:00:00,152,East,8.838058489652376,22
2017-02-12T08:00:00,152,West,5.925914229952756,18
2017-02-12T09:00:00,153,North,40.46304865331041,47
2017-02-12T09:00:00,153,South,9.876510170919602,21
2017-02-12T09:00:00,153,East,11.422590932878204,22
2017-02-12T09:00:00,153,West,6.659468261025706,18
2017-02-12T10:00:00,154,North,41.50707569597002,46
2017-02-12T10:00:00,154,South,11.597684853957757,22
2017-02-12T10:00:00,154,East,12.585632892530773,22
2017-02-12T10:00:00,154,West,7.10620214379442,18
2017-02-12T11:00:00,155,North,39.57394426787684,45
2017-02-12T11:00:00,155,South,9.74324146183491,20
2017-02-12T11:00:00,155,East,15.235291143709155,24
2017-02-12T11:00:00,155,West,8.280761914626657,19
2017-02-12T12:00:00,156,North,40.86311406602362,40
2017-02-12T12:00:00,156,South,11.063879132911032,20
2017-02-12T12:00:00,156,East,16.31228561398691,23
2017-02-12T12:00:00,156,West,18.683034088648263,25
2017-02-12T13:00:00,157,North,42.665442097154845,46
2017-02-12T13:00:00,157,South,9.623639918255108,20
2017-02-12T13:00:00,157,East,10.712492326655605,20
2017-02-12T13:00:00,157,West,13.095019268815687,22
2017-02-12T14:00:00,158,North,39.804186984182714,44
2017-02-12T14:00:00,158,South,10.914340758578398,21
2017-02-12T14:00:00,158,East,13.489816979998354,23
2017-02-12T14:00:00,158,West,10.348506295409372,20
2017-02-12T15:00:00,159,North,42.70665145766979,46
2017-02-12T15:00:00,159,South,12.35917740592941,22
2017-02-12T15:00:00,159,East,10.726118731744707,21
2017-02-12T15:00:00,159,West,8.398914767230123,19
2017-02-12T16:00:00,160,North,40.70972838074672,44
2017-02-12T16:00:00,160,South,12.404543523899687,22
2017-02-12T16:00:00,160,East,14.502566791534331,24
2017-02-12T16:00:00,160,West,8.10106310548359,18
2017-02-12T17:00:00,161,North,40.71225601440338,46
2017-02-12T17:00:00,161,South,11.693932703814664,22
2017-02-12T17:00:00,161,East,12.623342213603614,22
2017-02-12T17:00:00,161,West,7.8306573826935155,18
2017-02-12T18:00:00,162,North,49.885319260051816,45
2017-02-12T18:00:00,162,South,13.07381863282144,21
2017-02-12T18:00:00,162,East,18.326800519059713,24
2017-02-12T18:00:00,162,West,8.86117066258489,18
2017-02-12T19:00:00,163,North,54.37533785687796,46
2017-02-12T19:00:00,163,South,12.585236416069021,20
2017-02-12T19:00:00,163,East,18.16134464084766,23
2017-02-12T19:00:00,163,West,11.521384552389204,19
2017-02-12T20:00:00,164,North,53.20296199580523,46
2017-02-12T20:00:00,164,South,15.273501300231864,22
2017-02-12T20:00:00,164,East,18.394723673659406,23
2017-02-12T20:00:00,164,West,7.595031530651499,17
2017-02-12T21:00:00,165,North,60.10086038812063,45
2017-02-12T21:00:00,165,South,11.945904955569283,18
2017-02-12T21:00:00,165,East,24.80280761663854,26
2017-02-12T21:00:00,165,West,12.410250161960423,19
2017-02-12T22:00:00,166,North,55.47006370805648,45
2017-02-12T22:00:00,166,South,15.143188539667355,21
2017-02-12T22:00:00,166,East,21.677981555490902,25
2017-02-12T22:00:00,166,West,7.896063964079841,17
2017-02-12T23:00:00,167,North,57.218853347045204,47
2017-02-12T23:00:00,167,South,13.701036989211575,20
2017-02-12T23:00:00,167,East,19.227802695906714,24
2017-02-12T23:00:00,167,West,7.537525092205975,17
2017-02-13T00:00:00,0,North,48.97448456453308,47
2017-02-13T00:00:00,0,South,14.472484944881558,23
2017-02-13T00:00:00,0,East,11.545734338808222,20
2017-02-13T00:00:00,0,West,8.844431648071279,18
2017-02-13T01:00:00,1,North,39.9827003234823,45
2017-02-13T01:00:00,1,South,15.119329456197727,25
2017-02-13T01:00:00,1,East,11.323545684662639,21
2017-02-13T01:00:00,1,West,6.356961999141738,17
2017-02-13T02:00:00,2,North,37.9662751689747,48
2017-02-13T02:00:00,2,South,11.003427564367861,22
2017-02-13T02:00:00,2,East,8.31452956498107,20
2017-02-13T02:00:00,2,West,5.780060331901952,18
2017-02-13T03:00:00,3,North,38.27490376559962,49
2017-02-13T03:00:00,3,South,9.46585763984443,21
2017-02-13T03:00:00,3,East,9.206004727626887,21
2017-02-13T03:00:00,3,West,5.251686107221564,17
2017-02-13T04:00:00,4,North,30.481013447769026,45
2017-02-13T04:00:00,4,South,12.972014976316508,26
2017-02-13T04:00:00,4,East,7.124241943168521,20
2017-02-13T04:00:00,4,West,5.187982209016477,17
2017-02-13T05:00:00,5,North,30.809742818387637,48
2017-02-13T05:00:00,5,South,8.315613701793959,22
2017-02-13T05:00:00,5,East,7.0965210997212544,20
2017-02-13T05:00:00,5,West,5.242931574774973,18
2017-02-13T06:00:00,6,North,30.880956179349596,47
2017-02-13T06:00:00,6,South,10.80248336811385,24
2017-02-13T06:00:00,6,East,6.20610828393725,19
2017-02-13T06:00:00,6,West,5.564130054393884,18
2017-02-13T07:00:00,7,North,41.25980315972123,48
2017-02-13T07:00:00,7,South,14.106597591641368,24
2017-02-13T07:00:00,7,East,7.594290449742439,19
2017-02-13T07:00:00,7,West,5.212761265957443,17
2017-02-13T08:00:00,8,North,42.03665774065316,48
2017-02-13T08:00:00,8,South,13.047189254941106,23
2017-02-13T08:00:00,8,East,9.950282252968472,20
2017-02-13T08:00:00,8,West,5.854913994023082,17
2017-02-13T09:00:00,9,North,56.01456472260654,47
2017-02-13T09:00:00,9,South,14.882027147092984,22
2017-02-13T09:00:00,9,East,13.192325366881645,20
2017-02-13T09:00:00,9,West,11.109159279812399,19
2017-02-13T10:00:00,10,North,74.33201816565894,50
2017-02-13T10:00:00,10,South,15.62057222357485,20
2017-02-13T10:00:00,10,East,18.401793938515674,21
2017-02-13T10:00:00,10,West,9.058789843798518,17
2017-02-13T11:00:00,11,North,76.6428090819269,50
2017-02-13T11:00:00,11,South,15.257113163872615,20
2017-02-13T11:00:00,11,East,19.51028274850059,22
2017-02-13T11:00:00,11,West,9.208751737653945,16
2017-02-13T12:00:00,12,North,79.15396323333105,48
2017-02-13T12:00:00,12,South,19.214096811899463,20
2017-02-13T12:00:00,12,East,21.53751467078866,22
2017-02-13T12:00:00,12,West,13.035575387571374,18
2017-02-13T13:00:00,13,North,73.07016501444622,49
2017-02-13T13:00:00,13,South,15.897725387972985,20
2017-02-13T13:00:00,13,East,19.995652026949234,22
2017-02-13T13:00:00,13,West,10.462741235748627,17
2017-02-13T14:00:00,14,North,83.04252775214556,50
2017-02-13T14:00:00,14,South,18.953600815350992,21
2017-02-13T14:00:00,14,East,20.51028274850059,21
2017-02-13T14:00:00,14,West,9.532115675089392,16
2017-02-13T15:00:00,15,North,81.1954473440626,49
2017-02-13T15:00:00,15,South,21.101864847101684,22
2017-02-13T15:00:00,15,East,19.261158913774334,21
2017-02-13T15:00:00,15,West,9.200505173355696,16
2017-02-13T16:00:00,16,North,79.49899694600501,48
2017-02-13T16:00:00,16,South,21.994880869332583,22
2017-02-13T16:00:00,16,East,19.58151351773136,21
2017-02-13T16:00:00,16,West,10.357567399189447,17
2017-02-13T17:00:00,17,North,76.58919139343625,48
2017-02-13T17:00:00,17,South,21.972630667866593,22
2017-02-13T17:00:00,17,East,18.401793938515674,21
2017-02-13T17:00:00,17,West,9.37718761737454,17
2017-02-13T18:00:00,18,North,81.8095915187565,50
2017-02-13T18:00:00,18,South,19.257632198372143,21
2017-02-13T18:00:00,18,East,19.337220732215847,21
2017-02-13T18:00:00,18,West,9.484980017240963,16
2017-02-13T19:00:00,19,North,83.37520741901571,50
2017-02-13T19:00:00,19,South,20.241484186182213,21
2017-02-13T19:00:00,19,East,18.326800519059713,21
2017-02-13T19:00:00,19,West,9.53398534220889,16
2017-02-13T20:00:00,20,North,72.16811111111112,48
2017-02-13T20:00:00,20,South,20.21176787066654,22
2017-02-13T20:00:00,20,East,18.326800519059713,21
2017-02-13T20:00:00,20,West,9.646342373315116,17
2017-02-13T21:00:00,21,North,81.25588117674143,49
2017-02-13T21:00:00,21,South,22.05080047909025,22
2017-02-13T21:00:00,21,East,19.298987794116343,21
2017-02-13T21:00:00,21,West,10.152929690278063,16
2017-02-13T22:00:00,22,North,81.72326959965281,50
2017-02-13T22:00:00,22,South,20.26168900578727,22
2017-02-13T22:00:00,22,East,17.257060981146868,20
2017-02-13T22:00:00,22,West,8.857905875901777,16
2017-02-13T23:00:00,23,North,74.67362027408223,51
2017-02-13T23:00:00,23,South,18.02228322840892,21
2017-02-13T23:00:00,23,East,13.579077404296038,19
2017-02-13T23:00:00,23,West,10.090592035162697,17
2017-02-14T00:00:00,24,North,70.66488285391135,51
2017-02-14T00:00:00,24,South,18.252368274631117,22
2017-02-14T00:00:00,24,East,11.710695460257579,18
2017-02-14T00:00:00,24,West,8.812941945146953,17
2017-02-14T01:00:00,25,North,61.75403021198196,50
2017-02-14T01:00:00,25,South,16.180185685884446,22
2017-02-14T01:00:00,25,East,12.126415236692612,19
2017-02-14T01:00:00,25,West,8.269763621551466,17
2017-02-14T02:00:00,26,North,52.772284174887105,49
2017-02-14T02:00:00,26,South,17.759584625363917,25
2017-02-14T02:00:00,26,East,8.264162433240804,18
2017-02-14T02:00:00,26,West,5.813099515019104,16
2017-02-14T03:00:00,27,North,49.04587524537765,48
2017-02-14T03:00:00,27,South,17.786273057320237,25
2017-02-14T03:00:00,27,East,9.548382903720661,19
2017-02-14T03:00:00,27,West,5.56976763147523,16
2017-02-14T04:00:00,28,North,42.2404789661503,49
2017-02-14T04:00:00,28,South,13.360667759417169,24
2017-02-14T04:00:00,28,East,7.114420544051627,18
2017-02-14T04:00:00,28,West,5.560020221194365,17
2017-02-14T05:00:00,29,North,36.960939024989464,49
2017-02-14T05:00:00,29,South,12.2855153917913,24
2017-02-14T05:00:00,29,East,6.5867656376142945,18
2017-02-14T05:00:00,29,West,4.875600407366803,17
2017-02-14T06:00:00,30,North,41.4493874419209,48
2017-02-14T06:00:00,30,South,13.410012692254966,24
2017-02-14T06:00:00,30,East,9.015518671845058,20
2017-02-14T06:00:00,30,West,4.880718310144137,16
2017-02-14T07:00:00,31,North,45.312279694507154,50
2017-02-14T07:00:00,31,South,13.40482886574693,23
2017-02-14T07:00:00,31,East,8.96062831219622,19
2017-02-14T07:00:00,31,West,4.972244363232259,16
2017-02-14T08:00:00,32,North,52.1608446417064,50
2017-02-14T08:00:00,32,South,14.287639331872734,23
2017-02-14T08:00:00,32,East,8.79999954769902,18
2017-02-14T08:00:00,32,West,6.571585924727858,17
2017-02-14T09:00:00,33,North,58.31257465528671,51
2017-02-14T09:00:00,33,South,15.918106978099637,22
2017-02-14T09:00:00,33,East,10.101433811431427,19
2017-02-14T09:00:00,33,West,6.2224370106433,16
2017-02-14T10:00:00,34,North,76.71097160542723,51
2017-02-14T10:00:00,34,South,17.283335457116827,21
2017-02-14T10:00:00,34,East,14.678563246243629,19
2017-02-14T10:00:00,34,West,9.503649584858803,17
2017-02-14T11:00:00,35,North,75.45021281427495,48
2017-02-14T11:00:00,35,South,21.88161663954257,22
2017-02-14T11:00:00,35,East,18.099988655011174,21
2017-02-14T11:00:00,35,West,9.424362294163231,17
2017-02-14T12:00:00,36,North,76.11129209683486,48
2017-02-14T12:00:00,36,South,21.218779705700264,22
2017-02-14T12:00:00,36,East,18.3833545975065,21
2017-02-14T12:00:00,36,West,10.263630658020768,17
2017-02-14T13:00:00,37,North,75.97247048972703,49
2017-02-14T13:00:00,37,South,18.953600815350992,21
2017-02-14T13:00:00,37,East,18.121529819754578,21
2017-02-14T13:00:00,37,West,10.408407913951175,17
2017-02-14T14:00:00,38,North,79.18043636423054,49
2017-02-14T14:00:00,38,South,19.808620035946326,21
2017-02-14T14:00:00,38,East,19.23656939531192,21
2017-02-14T14:00:00,38,West,11.340761305207112,17
2017-02-14T15:00:00,39,North,80.27261081240243,49
2017-02-14T15:00:00,39,South,19.22668189968587,21
2017-02-14T15:00:00,39,East,19.304323422343536,21
2017-02-14T15:00:00,39,West,10.079856391846373,17
2017-02-14T16:00:00,40,North,75.28239573963661,49
2017-02-14T16:00:00,40,South,19.46978951563299,21
2017-02-14T16:00:00,40,East,19.304323422343536,21
2017-02-14T16:00:00,40,West,9.952418408602634,17
2017-02-14T17:00:00,41,North,75.44776683132847,49
2017-02-14T17:00:00,41,South,20.948641555154065,22
2017-02-14T17:00:00,41,East,15.693319269334632,20
2017-02-14T17:00:00,41,West,9.82180934586538,17
2017-02-14T18:00:00,42,North,77.35585548165017,48
2017-02-14T18:00:00,42,South,21.315864115183707,22
2017-02-14T18:00:00,42,East,18.326800519059713,21
2017-02-14T18:00:00,42,West,10.965463626642826,17
2017-02-14T19:00:00,43,North,81.44509267849178,49
2017-02-14T19:00:00,43,South,20.748794703721423,21
2017-02-14T19:00:00,43,East,19.26816246213181,21
2017-02-14T19:00:00,43,West,10.339927069885462,17
2017-02-14T20:00:00,44,North,78.46743261478636,49
2017-02-14T20:00:00,44,South,19.56488642906192,21
2017-02-14T20:00:00,44,East,16.653847528276735,20
2017-02-14T20:00:00,44,West,11.780283596701956,18
2017-02-14T21:00:00,45,North,75.61954425880569,48
2017-02-14T21:00:00,45,South,23.987712956403403,23
2017-02-14T21:00:00,45,East,18.326800519059713,21
2017-02-14T21:00:00,45,West,9.088856992174417,16
2017-02-14T22:00:00,46,North,76.53819154999752,49
2017-02-14T22:00:00,46,South,20.453337596600072,22
2017-02-14T22:00:00,46,East,18.264382120255295,21
2017-02-14T22:00:00,46,West,9.253190327209298,16
2017-02-14T23:00:00,47,North,70.12316493902253,49
2017-02-14T23:00:00,47,South,18.990371168225487,22
2017-02-14T23:00:00,47,East,15.493071965550516,20
2017-02-14T23:00:00,47,West,8.729317741836693,17
2017-02-15T00:00:00,48,North,68.65371760175232,49
2017-02-15T00:00:00,48,South,18.02228322840892,22
2017-02-15T00:00:00,48,East,14.506322129475361,20
2017-02-15T00:00:00,48,West,9.175579340091778,17
2017-02-15T01:00:00,49,North,55.10645343286703,51
2017-02-15T01:00:00,49,South,16.34743721604959,23
2017-02-15T01:00:00,49,East,8.231048078136276,18
2017-02-15T01:00:00,49,West,6.316660337409373,16
2017-02-15T02:00:00,50,North,46.92643614889105,49
2017-02-15T02:00:00,50,South,16.91316290863355,25
2017-02-15T02:00:00,50,East,7.305766817489813,18
2017-02-15T02:00:00,50,West,5.190590223160482,16
2017-02-15T03:00:00,51,North,46.12823744208382,48
2017-02-15T03:00:00,51,South,16.88239711727274,25
2017-02-15T03:00:00,51,East,7.671494212150607,18
2017-02-15T03:00:00,51,West,5.732043866568414,17
2017-02-15T04:00:00,52,North,41.1861558299406,48
2017-02-15T04:00:00,52,South,14.39295201219517,25
2017-02-15T04:00:00,52,East,7.237697113448367,18
2017-02-15T04:00:00,52,West,5.7255365392602915,17
2017-02-15T05:00:00,53,North,31.93992204212664,47
2017-02-15T05:00:00,53,South,12.2855153917913,25
2017-02-15T05:00:00,53,East,6.7004913907024815,19
2017-02-15T05:00:00,53,West,4.840253795209986,17
2017-02-15T06:00:00,54,North,36.908165317215754,48
2017-02-15T06:00:00,54,South,12.408243333117854,24
2017-02-15T06:00:00,54,East,6.613497983591011,19
2017-02-15T06:00:00,54,West,5.545847465159608,17
2017-02-15T07:00:00,55,North,44.281591504453345,49
2017-02-15T07:00:00,55,South,13.948313045325742,24
2017-02-15T07:00:00,55,East,7.643029526794066,18
2017-02-15T07:00:00,55,West,5.783990865911328,17
2017-02-15T08:00:00,56,North,48.311836733342105,50
2017-02-15T08:00:00,56,South,13.410012692254966,23
2017-02-15T08:00:00,56,East,8.474540465366735,19
2017-02-15T08:00:00,56,West,5.699704569935374,16
2017-02-15T09:00:00,57,North,56.865300982166694,50
2017-02-15T09:00:00,57,South,15.726123058415647,22
2017-02-15T09:00:00,57,East,10.697619292399803,19
2017-02-15T09:00:00,57,West,6.8617253714258055,17
2017-02-15T10:00:00,58,North,70.89323309876043,50
2017-02-15T10:00:00,58,South,17.067850302549644,21
2017-02-15T10:00:00,58,East,16.43686437645502,21
2017-02-15T10:00:00,58,West,8.446161780113872,16
2017-02-15T11:00:00,59,North,72.89585758638574,48
2017-02-15T11:00:00,59,South,19.53391280107763,22
2017-02-15T11:00:00,59,East,18.20954807576784,21
2017-02-15T11:00:00,59,West,9.687546535485982,17
2017-02-15T12:00:00,60,North,74.16223930236966,49
2017-02-15T12:00:00,60,South,18.02228322840892,21
2017-02-15T12:00:00,60,East,15.595947296512772,20
2017-02-15T12:00:00,60,West,11.874873407817871,18
2017-02-15T13:00:00,61,North,72.64947932140181,50
2017-02-15T13:00:00,61,South,18.502578758245754,22
2017-02-15T13:00:00,61,East,13.551299626518261,19
2017-02-15T13:00:00,61,West,10.116541203946714,17
2017-02-15T14:00:00,62,North,76.48278332045733,49
2017-02-15T14:00:00,62,South,19.412853581832014,21
2017-02-15T14:00:00,62,East,19.1402623737472,21
2017-02-15T14:00:00,62,West,10.903274907527054,17
2017-02-15T15:00:00,63,North,74.86961058107143,48
2017-02-15T15:00:00,63,South,22.858166224945982,23
2017-02-15T15:00:00,63,East,15.665541491556855,20
2017-02-15T15:00:00,63,West,10.400314104090896,17
2017-02-15T16:00:00,64,North,74.41756223885946,49
2017-02-15T16:00:00,64,South,18.73213715784388,21
2017-02-15T16:00:00,64,East,16.685104798294972,20
2017-02-15T16:00:00,64,West,11.435153409287667,18
2017-02-15T17:00:00,65,North,71.40252657767573,49
2017-02-15T17:00:00,65,South,18.371037791915327,21
2017-02-15T17:00:00,65,East,17.350736649969527,21
2017-02-15T17:00:00,65,West,9.885306339846434,17
2017-02-15T18:00:00,66,North,75.52878709225304,49
2017-02-15T18:00:00,66,South,21.337890929822876,22
2017-02-15T18:00:00,66,East,13.625291343671494,19
2017-02-15T18:00:00,66,West,11.26965040307967,18
2017-02-15T19:00:00,67,North,75.32773480424662,48
2017-02-15T19:00:00,67,South,19.42948940992483,21
2017-02-15T19:00:00,67,East,20.31843166963272,22
2017-02-15T19:00:00,67,West,9.486905903222482,17
2017-02-15T20:00:00,68,North,77.6403752133682,49
2017-02-15T20:00:00,68,South,20.153744927398208,21
2017-02-15T20:00:00,68,East,18.290033253709016,21
2017-02-15T20:00:00,68,West,10.703227154776407,17
2017-02-15T21:00:00,69,North,76.42580519480111,50
2017-02-15T21:00:00,69,South,21.580058314082127,23
2017-02-15T21:00:00,69,East,11.885719181870016,18
2017-02-15T21:00:00,69,West,10.218571085846262,17
2017-02-15T22:00:00,70,North,76.40970164568492,48
2017-02-15T22:00:00,70,South,22.28414896854533,23
2017-02-15T22:00:00,70,East,16.61735077126336,20
2017-02-15T22:00:00,70,West,10.130576026542606,17
2017-02-15T23:00:00,71,North,75.20097443628595,49
2017-02-15T23:00:00,71,South,20.592731336681,22
2017-02-15T23:00:00,71,East,15.54352326982626,20
2017-02-15T23:00:00,71,West,10.437668093977322,17
2017-02-16T00:00:00,72,North,62.31927589136938,49
2017-02-16T00:00:00,72,South,19.185555799511373,23
2017-02-16T00:00:00,72,East,11.687456379797808,19
2017-02-16T00:00:00,72,West,9.288182010811488,17
2017-02-16T01:00:00,73,North,55.01967845169418,48
2017-02-16T01:00:00,73,South,18.266660566964347,24
2017-02-16T01:00:00,73,East,11.233046417804477,20
2017-02-16T01:00:00,73,West,6.438410818872829,16
2017-02-16T02:00:00,74,North,49.88995776674961,48
2017-02-16T02:00:00,74,South,17.05502526837893,25
2017-02-16T02:00:00,74,East,9.935516072691144,19
2017-02-16T02:00:00,74,West,5.806906205463007,16
2017-02-16T03:00:00,75,North,46.23086990070016,48
2017-02-16T03:00:00,75,South,15.856592520695843,25
2017-02-16T03:00:00,75,East,8.848727004848467,19
2017-02-16T03:00:00,75,West,5.600744334466422,16
2017-02-16T04:00:00,76,North,37.66765020531717,45
2017-02-16T04:00:00,76,South,18.634482408004725,29
2017-02-16T04:00:00,76,East,5.8713927844167655,17
2017-02-16T04:00:00,76,West,5.483122100934523,17
2017-02-16T05:00:00,77,North,33.10580225283657,47
2017-02-16T05:00:00,77,South,12.41538619026071,25
2017-02-16T05:00:00,77,East,5.907233838900631,18
2017-02-16T05:00:00,77,West,4.979405811142325,18
2017-02-16T06:00:00,78,North,37.991654918689235,48
2017-02-16T06:00:00,78,South,13.131080817250425,25
2017-02-16T06:00:00,78,East,5.970448904925806,18
2017-02-16T06:00:00,78,West,5.713372292698914,17
2017-02-16T07:00:00,79,North,42.4780594399452,49
2017-02-16T07:00:00,79,South,13.297139618960744,23
2017-02-16T07:00:00,79,East,7.7442031082663405,19
2017-02-16T07:00:00,79,West,5.858671443267593,17
2017-02-16T08:00:00,80,North,47.39596919195844,48
2017-02-16T08:00:00,80,South,17.746759591193207,25
2017-02-16T08:00:00,80,East,8.892770391912261,19
2017-02-16T08:00:00,80,West,5.884366210259388,16
2017-02-16T09:00:00,81,North,54.10895429095343,48
2017-02-16T09:00:00,81,South,15.596885732403797,22
2017-02-16T09:00:00,81,East,11.681395809313265,20
2017-02-16T09:00:00,81,West,8.156456557995327,18
2017-02-16T10:00:00,82,North,70.89358384307289,50
2017-02-16T10:00:00,82,South,15.952976574279358,21
2017-02-16T10:00:00,82,East,14.417091722243235,20
2017-02-16T10:00:00,82,West,9.687029716661975,17
2017-02-16T11:00:00,83,North,68.68263736263737,49
2017-02-16T11:00:00,83,South,17.091002224535686,21
2017-02-16T11:00:00,83,East,17.11858915769379,21
2017-02-16T11:00:00,83,West,9.994709231171687,17
2017-02-16T12:00:00,84,North,80.56513449447601,50
2017-02-16T12:00:00,84,South,19.17159908116512,21
2017-02-16T12:00:00,84,East,16.48629327529127,20
2017-02-16T12:00:00,84,West,10.886686435094862,17
2017-02-16T13:00:00,85,North,74.6779002702192,49
2017-02-16T13:00:00,85,South,18.919350654980068,21
2017-02-16T13:00:00,85,East,18.14745146154562,21
2017-02-16T13:00:00,85,West,10.547453424355234,17
2017-02-16T14:00:00,86,North,79.92728766897568,50
2017-02-16T14:00:00,86,South,19.519981392793994,21
2017-02-16T14:00:00,86,East,16.61735077126336,20
2017-02-16T14:00:00,86,West,9.720021236689663,17
2017-02-16T15:00:00,87,North,79.16667241499283,48
2017-02-16T15:00:00,87,South,23.653220231716848,23
2017-02-16T15:00:00,87,East,19.33024506413458,21
2017-02-16T15:00:00,87,West,10.277716259890019,16
2017-02-16T16:00:00,88,North,75.09719947928069,48
2017-02-16T16:00:00,88,South,19.92185304545177,22
2017-02-16T16:00:00,88,East,19.168902786311662,21
2017-02-16T16:00:00,88,West,10.075559894808453,17
2017-02-16T17:00:00,89,North,74.87168574184047,49
2017-02-16T17:00:00,89,South,18.60911105461829,21
2017-02-16T17:00:00,89,East,17.350736649969527,21
2017-02-16T17:00:00,89,West,9.999857416557692,17
2017-02-16T18:00:00,90,North,80.62758786889546,49
2017-02-16T18:00:00,90,South,18.294546813490516,21
2017-02-16T18:00:00,90,East,19.41649673749469,21
2017-02-16T18:00:00,90,West,11.299240245403412,17
2017-02-16T19:00:00,91,North,86.09281952609022,50
2017-02-16T19:00:00,91,South,19.603335222978572,21
2017-02-16T19:00:00,91,East,21.654570950262354,21
2017-02-16T19:00:00,91,West,9.935217170428635,16
2017-02-16T20:00:00,92,North,85.1134044560654,47
2017-02-16T20:00:00,92,South,20.727684945029797,21
2017-02-16T20:00:00,92,East,28.070371963560582,24
2017-02-16T20:00:00,92,West,10.690453504844179,16
2017-02-16T21:00:00,93,North,82.88405246802473,50
2017-02-16T21:00:00,93,South,19.60744354074024,21
2017-02-16T21:00:00,93,East,19.867572927494574,21
2017-02-16T21:00:00,93,West,9.375511353385665,16
2017-02-16T22:00:00,94,North,80.98798668827604,49
2017-02-16T22:00:00,94,South,20.132811737722548,21
2017-02-16T22:00:00,94,East,19.3042136459687,21
2017-02-16T22:00:00,94,West,9.963801850714399,17
2017-02-16T23:00:00,95,North,75.41693594820241,49
2017-02-16T23:00:00,95,South,18.561747286865803,21
2017-02-16T23:00:00,95,East,20.02905554827791,22
2017-02-16T23:00:00,95,West,8.973721435419984,16
2017-02-17T00:00:00,96,North,70.15589279754253,48
2017-02-17T00:00:00,96,South,19.04847506889243,22
2017-02-17T00:00:00,96,East,19.18083312360279,22
2017-02-17T00:00:00,96,West,9.122103986917741,16
2017-02-17T01:00:00,97,North,59.1805336018095,48
2017-02-17T01:00:00,97,South,15.835458557289085,21
2017-02-17T01:00:00,97,East,16.743005809515473,22
2017-02-17T01:00:00,97,West,7.780213692459323,17
2017-02-17T02:00:00,98,North,49.43225042490728,50
2017-02-17T02:00:00,98,South,15.694108995824807,24
2017-02-17T02:00:00,98,East,7.325295134312034,18
2017-02-17T02:00:00,98,West,5.907088712051758,16
2017-02-17T03:00:00,99,North,46.53606502758747,47
2017-02-17T03:00:00,99,South,15.694108995824807,24
2017-02-17T03:00:00,99,East,12.296715935322913,21
2017-02-17T03:00:00,99,West,5.062354208891184,16
2017-02-17T04:00:00,100,North,40.442465204987215,47
2017-02-17T04:00:00,100,South,13.377352947578983,24
2017-02-17T04:00:00,100,East,9.394380798435057,20
2017-02-17T04:00:00,100,West,5.5102340688250235,17
2017-02-17T05:00:00,101,North,37.28378556252579,49
2017-02-17T05:00:00,101,South,10.803631820511074,23
2017-02-17T05:00:00,101,East,7.407259403913407,19
2017-02-17T05:00:00,101,West,4.815154447701676,17
2017-02-17T06:00:00,102,North,40.58598339811061,49
2017-02-17T06:00:00,102,South,12.24712191871667,23
2017-02-17T06:00:00,102,East,7.217168832598241,19
2017-02-17T06:00:00,102,West,5.17041119530529,17
2017-02-17T07:00:00,103,North,42.55841254790818,49
2017-02-17T07:00:00,103,South,15.109424582753169,25
2017-02-17T07:00:00,103,East,7.268606670754949,18
2017-02-17T07:00:00,103,West,4.953635451884744,16
2017-02-17T08:00:00,104,North,47.53398291645736,50
2017-02-17T08:00:00,104,South,10.053064577914208,20
2017-02-17T08:00:00,104,East,12.745633102109352,22
2017-02-17T08:00:00,104,West,5.691928391660045,16
2017-02-17T09:00:00,105,North,60.97337967654383,49
2017-02-17T09:00:00,105,South,16.79830372293431,22
2017-02-17T09:00:00,105,East,15.267202413427205,21
2017-02-17T09:00:00,105,West,6.671296159959753,16
2017-02-17T10:00:00,106,North,68.99268334798144,50
2017-02-17T10:00:00,106,South,13.588982016193109,20
2017-02-17T10:00:00,106,East,18.451016526120164,22
2017-02-17T10:00:00,106,West,7.601293554301529,16
2017-02-17T11:00:00,107,North,74.6277489426028,49
2017-02-17T11:00:00,107,South,17.09689906675497,21
2017-02-17T11:00:00,107,East,18.575609027688955,21
2017-02-17T11:00:00,107,West,9.270202028538458,17
2017-02-17T12:00:00,108,North,72.5150142958351,48
2017-02-17T12:00:00,108,South,17.781352317967464,21
2017-02-17T12:00:00,108,East,21.210567504974385,22
2017-02-17T12:00:00,108,West,10.86645785040057,17
2017-02-17T13:00:00,109,North,67.85017624647315,47
2017-02-17T13:00:00,109,South,18.91314809372519,22
2017-02-17T13:00:00,109,East,19.066270600959122,22
2017-02-17T13:00:00,109,West,9.524498773648276,17
2017-02-17T14:00:00,110,North,72.89655663318024,47
2017-02-17T14:00:00,110,South,18.583299228833198,21
2017-02-17T14:00:00,110,East,21.555628923323646,22
2017-02-17T14:00:00,110,West,11.61087667539553,18
2017-02-17T15:00:00,111,North,73.21528846950984,48
2017-02-17T15:00:00,111,South,18.539060468104744,21
2017-02-17T15:00:00,111,East,20.838240921904568,22
2017-02-17T15:00:00,111,West,10.281615803054585,17
2017-02-17T16:00:00,112,North,68.91865000410051,47
2017-02-17T16:00:00,112,South,18.61815137719565,21
2017-02-17T16:00:00,112,East,20.855285966949612,23
2017-02-17T16:00:00,112,West,10.072895234448396,17
2017-02-17T17:00:00,113,North,66.23109830276894,47
2017-02-17T17:00:00,113,South,17.10515209276732,21
2017-02-17T17:00:00,113,East,20.251769134595328,23
2017-02-17T17:00:00,113,West,9.277232743415556,17
2017-02-17T18:00:00,114,North,66.18776496943562,45
2017-02-17T18:00:00,114,South,15.921430276121013,20
2017-02-17T18:00:00,114,East,25.479855859560647,25
2017-02-17T18:00:00,114,West,11.408097218651381,18
2017-02-17T19:00:00,115,North,72.83945528837806,42
2017-02-17T19:00:00,115,South,17.983832130288977,19
2017-02-17T19:00:00,115,East,46.013666666666666,31
2017-02-17T19:00:00,115,West,8.538240536431982,16
2017-02-17T20:00:00,116,North,73.51394652910483,48
2017-02-17T20:00:00,116,South,19.022643508066906,21
2017-02-17T20:00:00,116,East,19.602947920774525,22
2017-02-17T20:00:00,116,West,9.353387398711249,17
2017-02-17T21:00:00,117,North,75.18947514735622,47
2017-02-17T21:00:00,117,South,18.21714174755844,21
2017-02-17T21:00:00,117,East,25.977931976096638,24
2017-02-17T21:00:00,117,West,8.55361952670184,16
2017-02-17T22:00:00,118,North,73.57714683801058,49
2017-02-17T22:00:00,118,South,20.90061031455495,22
2017-02-17T22:00:00,118,East,18.040370631087317,21
2017-02-17T22:00:00,118,West,8.519385608908324,16
2017-02-17T23:00:00,119,North,66.3053371157044,48
2017-02-17T23:00:00,119,South,18.531602089081176,22
2017-02-17T23:00:00,119,East,18.040937195628757,22
2017-02-17T23:00:00,119,West,8.063482234652803,16
2017-02-18T00:00:00,120,North,60.36570541786815,47
2017-02-18T00:00:00,120,South,19.006995005336407,23
2017-02-18T00:00:00,120,East,16.911919219968766,22
2017-02-18T00:00:00,120,West,7.72549337074045,16
2017-02-18T01:00:00,121,North,51.57370209881822,47
2017-02-18T01:00:00,121,South,19.039255333894808,25
2017-02-18T01:00:00,121,East,12.225561516927412,20
2017-02-18T01:00:00,121,West,5.646977656576526,16
2017-02-18T02:00:00,122,North,42.970631733793695,47
2017-02-18T02:00:00,122,South,15.915368396934207,25
2017-02-18T02:00:00,122,East,8.596654067199903,19
2017-02-18T02:00:00,122,West,5.82820831213035,17
2017-02-18T03:00:00,123,North,38.01076834905817,48
2017-02-18T03:00:00,123,South,13.561065288135831,25
2017-02-18T03:00:00,123,East,6.241880190253159,18
2017-02-18T03:00:00,123,West,5.384945495477057,17
2017-02-18T04:00:00,124,North,31.503654804968402,46
2017-02-18T04:00:00,124,South,11.58317917275184,24
2017-02-18T04:00:00,124,East,7.059388479065822,20
2017-02-18T04:00:00,124,West,5.2688900082826216,18
2017-02-18T05:00:00,125,North,27.578560571565625,45
2017-02-18T05:00:00,125,South,9.71901292585249,24
2017-02-18T05:00:00,125,East,7.47375826047055,21
2017-02-18T05:00:00,125,West,4.563652624516067,18
2017-02-18T06:00:00,126,North,25.567560571565622,44
2017-02-18T06:00:00,126,South,10.453495237401953,25
2017-02-18T06:00:00,126,East,7.143987000803582,21
2017-02-18T06:00:00,126,West,4.9985852616877775,18
2017-02-18T07:00:00,127,North,28.53998972136319,46
2017-02-18T07:00:00,127,South,7.9754973609874265,21
2017-02-18T07:00:00,127,East,8.814393601401799,22
2017-02-18T07:00:00,127,West,5.634702986733557,19
2017-02-18T08:00:00,128,North,26.573791264444537,43
2017-02-18T08:00:00,128,South,9.074431387837976,23
2017-02-18T08:00:00,128,East,8.32700285146635,22
2017-02-18T08:00:00,128,West,6.612376543178607,20
2017-02-18T09:00:00,129,North,37.187530045724415,44
2017-02-18T09:00:00,129,South,11.974071409682914,23
2017-02-18T09:00:00,129,East,11.936798739293243,22
2017-02-18T09:00:00,129,West,7.7932465097772,19
2017-02-18T10:00:00,130,North,39.92392144244206,43
2017-02-18T10:00:00,130,South,9.80783981490277,20
2017-02-18T10:00:00,130,East,17.35001889350884,26
2017-02-18T10:00:00,130,West,8.88426115547059,19
2017-02-18T11:00:00,131,North,41.96260067943174,44
2017-02-18T11:00:00,131,South,11.341888114463455,21
2017-02-18T11:00:00,131,East,16.057389081663985,24
2017-02-18T11:00:00,131,West,9.020458780104743,19
2017-02-18T12:00:00,132,North,40.01755740940583,43
2017-02-18T12:00:00,132,South,13.21629796413391,22
2017-02-18T12:00:00,132,East,16.345009600475038,25
2017-02-18T12:00:00,132,West,7.927214934255408,18
2017-02-18T13:00:00,133,North,37.519264243739265,44
2017-02-18T13:00:00,133,South,11.95620730736721,22
2017-02-18T13:00:00,133,East,13.2593807456537,23
2017-02-18T13:00:00,133,West,7.510498096971455,19
2017-02-18T14:00:00,134,North,36.896534990348016,45
2017-02-18T14:00:00,134,South,9.355399656752867,21
2017-02-18T14:00:00,134,East,12.572430212026555,23
2017-02-18T14:00:00,134,West,7.4954682753629935,19
2017-02-18T15:00:00,135,North,41.00682831227259,46
2017-02-18T15:00:00,135,South,10.823665090178153,21
2017-02-18T15:00:00,135,East,12.585032091643692,22
2017-02-18T15:00:00,135,West,8.086603787196804,19
2017-02-18T16:00:00,136,North,37.68383818682277,42
2017-02-18T16:00:00,136,South,14.755474445146492,23
2017-02-18T16:00:00,136,East,15.371105905329308,24
2017-02-18T16:00:00,136,West,8.457813076470913,19
2017-02-18T17:00:00,137,North,39.299655838003524,44
2017-02-18T17:00:00,137,South,12.830322326721943,23
2017-02-18T17:00:00,137,East,12.601849227429183,22
2017-02-18T17:00:00,137,West,8.00755213600294,19
2017-02-18T18:00:00,138,North,41.306086098050805,44
2017-02-18T18:00:00,138,South,13.634783692750071,22
2017-02-18T18:00:00,138,East,16.04784215768618,24
2017-02-18T18:00:00,138,West,7.763537158192774,18
2017-02-18T19:00:00,139,North,49.69657307020048,46
2017-02-18T19:00:00,139,South,12.295908709288641,21
2017-02-18T19:00:00,139,East,16.53159011077401,23
2017-02-18T19:00:00,139,West,8.345553569285745,18
2017-02-18T20:00:00,140,North,53.29793960189808,46
2017-02-18T20:00:00,140,South,14.623740616356677,21
2017-02-18T20:00:00,140,East,19.30373763997006,24
2017-02-18T20:00:00,140,West,8.296128821092061,17
2017-02-18T21:00:00,141,North,54.37703573324224,45
2017-02-18T21:00:00,141,South,15.845003446362186,21
2017-02-18T21:00:00,141,East,21.702171503711902,25
2017-02-18T21:00:00,141,West,7.977605080635437,17
2017-02-18T22:00:00,142,North,53.214625852408076,46
2017-02-18T22:00:00,142,South,15.908300609373748,22
2017-02-18T22:00:00,142,East,16.656424789420775,23
2017-02-18T22:00:00,142,West,8.39068169477443,17
2017-02-18T23:00:00,143,North,47.94381943688794,43
2017-02-18T23:00:00,143,South,16.944954100570325,23
2017-02-18T23:00:00,143,East,20.24421497748596,25
2017-02-18T23:00:00,143,West,8.05264922014343,17
2017-02-19T00:00:00,144,North,39.65212349318834,43
2017-02-19T00:00:00,144,South,15.555418997566612,24
2017-02-19T00:00:00,144,East,14.491433240586474,23
2017-02-19T00:00:00,144,West,7.548550318395423,18
2017-02-19T01:00:00,145,North,33.80655509548605,44
2017-02-19T01:00:00,145,South,14.890703132150206,26
2017-02-19T01:00:00,145,East,9.152948606230582,21
2017-02-19T01:00:00,145,West,5.8107305960350075,17
2017-02-19T02:00:00,146,North,33.84346148891264,47
2017-02-19T02:00:00,146,South,11.635022472765076,24
2017-02-19T02:00:00,146,East,7.871296285023561,20
2017-02-19T02:00:00,146,West,5.013906865107865,17
2017-02-19T03:00:00,147,North,28.89373679255636,44
2017-02-19T03:00:00,147,South,10.571230630714252,23
2017-02-19T03:00:00,147,East,9.88783397903232,23
2017-02-19T03:00:00,147,West,5.417652748793455,18
2017-02-19T04:00:00,148,North,27.991569460057903,46
2017-02-19T04:00:00,148,South,9.165240593057007,23
2017-02-19T04:00:00,148,East,7.145373965916058,21
2017-02-19T04:00:00,148,West,5.316551580718187,18
2017-02-19T05:00:00,149,North,23.29605064424341,44
2017-02-19T05:00:00,149,South,9.235969112192828,25
2017-02-19T05:00:00,149,East,5.769877260389907,20
2017-02-19T05:00:00,149,West,5.274955870793979,19
2017-02-19T06:00:00,150,North,23.285181698374465,44
2017-02-19T06:00:00,150,South,9.8778048500611,25
2017-02-19T06:00:00,150,East,6.168574266053947,20
2017-02-19T06:00:00,150,West,5.282246968861548,19
2017-02-19T07:00:00,151,North,24.21903941960061,43
2017-02-19T07:00:00,151,South,11.041782352434087,26
2017-02-19T07:00:00,151,East,7.118686399843597,21
2017-02-19T07:00:00,151,West,5.111945870253299,18
2017-02-19T08:00:00,152,North,28.254706086267277,44
2017-02-19T08:00:00,152,South,11.285480792061398,24
2017-02-19T08:00:00,152,East,7.755308256666306,21
2017-02-19T08:00:00,152,West,6.194136091628518,19
2017-02-19T09:00:00,153,North,37.23244475506928,46
2017-02-19T09:00:00,153,South,12.04528893126079,23
2017-02-19T09:00:00,153,East,10.366591627910841,22
2017-02-19T09:00:00,153,West,5.907070344725288,17
2017-02-19T10:00:00,154,North,37.95095718261659,45
2017-02-19T10:00:00,154,South,13.019725644693697,23
2017-02-19T10:00:00,154,East,11.999546636748855,23
2017-02-19T10:00:00,154,West,5.977467668224611,17
2017-02-19T11:00:00,155,North,44.51043578402353,45
2017-02-19T11:00:00,155,South,12.323353925818285,21
2017-02-19T11:00:00,155,East,16.027808797194083,24
2017-02-19T11:00:00,155,West,8.384576851923502,18
2017-02-19T12:00:00,156,North,40.665392513997624,43
2017-02-19T12:00:00,156,South,13.144996519094342,22
2017-02-19T12:00:00,156,East,13.588834764315884,23
2017-02-19T12:00:00,156,West,10.042571824028139,20
2017-02-19T13:00:00,157,North,38.19557632939675,46
2017-02-19T13:00:00,157,South,11.49732956844291,22
2017-02-19T13:00:00,157,East,10.65392185126728,21
2017-02-19T13:00:00,157,West,7.929454925615357,19
2017-02-19T14:00:00,158,North,39.12060946965703,44
2017-02-19T14:00:00,158,South,12.292332672028241,22
2017-02-19T14:00:00,158,East,13.559673709078467,23
2017-02-19T14:00:00,158,West,7.704942803949773,19
2017-02-19T15:00:00,159,North,40.84422052742628,45
2017-02-19T15:00:00,159,South,11.227384200909249,21
2017-02-19T15:00:00,159,East,15.502566791534331,24
2017-02-19T15:00:00,159,West,7.842003902043102,18
2017-02-19T16:00:00,160,North,40.70972838074671,44
2017-02-19T16:00:00,160,South,12.630149761188324,22
2017-02-19T16:00:00,160,East,14.602626098090605,24
2017-02-19T16:00:00,160,West,7.872741651778145,18
2017-02-19T17:00:00,161,North,43.71225601440338,44
2017-02-19T17:00:00,161,South,16.854829949247733,24
2017-02-19T17:00:00,161,East,14.502566791534331,22
2017-02-19T17:00:00,161,West,7.908981480616447,18
2017-02-19T18:00:00,162,North,46.92249492272464,45
2017-02-19T18:00:00,162,South,13.734203914678961,22
2017-02-19T18:00:00,162,East,15.650652602667966,23
2017-02-19T18:00:00,162,West,7.714329145060549,18
2017-02-19T19:00:00,163,North,53.654926634465085,47
2017-02-19T19:00:00,163,South,15.30906843829587,22
2017-02-19T19:00:00,163,East,14.650652602667966,22
2017-02-19T19:00:00,163,West,8.296611527423327,17
2017-02-19T20:00:00,164,North,51.840040017162245,48
2017-02-19T20:00:00,164,South,14.200109309830218,22
2017-02-19T20:00:00,164,East,12.20543547718769,21
2017-02-19T20:00:00,164,West,7.4707296103638985,17
2017-02-19T21:00:00,165,North,56.57759032541472,47
2017-02-19T21:00:00,165,South,17.616511072192466,23
2017-02-19T21:00:00,165,East,15.650652602667966,21
2017-02-19T21:00:00,165,West,7.846504192382729,17
2017-02-19T22:00:00,166,North,57.695923300350316,48
2017-02-19T22:00:00,166,South,15.712311227159837,22
2017-02-19T22:00:00,166,East,13.637902791131987,21
2017-02-19T22:00:00,166,West,8.120809554568783,17
2017-02-19T23:00:00,167,North,54.818656822579015,48
2017-02-19T23:00:00,167,South,15.839770830371462,22
2017-02-19T23:00:00,167,East,13.536410737629373,21
2017-02-19T23:00:00,167,West,7.595205516467813,17
2017-02-20T00:00:00,0,North,47.97448456453308,45
2017-02-20T00:00:00,0,South,18.41117605603244,24
2017-02-20T00:00:00,0,East,12.410829251683554,20
2017-02-20T00:00:00,0,West,9.59909662064582,19
2017-02-20T01:00:00,1,North,43.69580205484002,47
2017-02-20T01:00:00,1,South,14.940493661906979,24
2017-02-20T01:00:00,1,East,10.232808581069584,20
2017-02-20T01:00:00,1,West,5.912344511622293,17
2017-02-20T02:00:00,2,North,38.00738628008581,47
2017-02-20T02:00:00,2,South,14.052849308220193,25
2017-02-20T02:00:00,2,East,7.034373705645056,18
2017-02-20T02:00:00,2,West,6.092725109435854,18
2017-02-20T03:00:00,3,North,37.27033740437083,49
2017-02-20T03:00:00,3,South,10.911503878463527,23
2017-02-20T03:00:00,3,East,7.083512758844577,19
2017-02-20T03:00:00,3,West,5.43552871845597,17
2017-02-20T04:00:00,4,North,34.33963971600175,47
2017-02-20T04:00:00,4,South,12.304473725124634,25
2017-02-20T04:00:00,4,East,6.599545342826771,19
2017-02-20T04:00:00,4,West,4.8537889634050995,17
2017-02-20T05:00:00,5,North,34.75107413174394,49
2017-02-20T05:00:00,5,South,11.30628279079268,24
2017-02-20T05:00:00,5,East,5.907233838900631,18
2017-02-20T05:00:00,5,West,4.693015890256483,17
2017-02-20T06:00:00,6,North,37.673451828121635,49
2017-02-20T06:00:00,6,South,12.444380813475723,24
2017-02-20T06:00:00,6,East,6.6060750414112315,18
2017-02-20T06:00:00,6,West,4.861902393518965,17
2017-02-20T07:00:00,7,North,44.08731520057622,48
2017-02-20T07:00:00,7,South,15.344764076979216,25
2017-02-20T07:00:00,7,East,7.7442031082663405,18
2017-02-20T07:00:00,7,West,5.519569195780644,17
2017-02-20T08:00:00,8,North,43.08731520057622,47
2017-02-20T08:00:00,8,South,15.206859846227134,25
2017-02-20T08:00:00,8,East,9.229086667444196,20
2017-02-20T08:00:00,8,West,5.300147744813433,16
2017-02-20T09:00:00,9,North,54.00633668133398,49
2017-02-20T09:00:00,9,South,14.82610725054587,22
2017-02-20T09:00:00,9,East,11.630066526840633,20
2017-02-20T09:00:00,9,West,7.189490443940435,17
2017-02-20T10:00:00,10,North,73.34803602551607,49
2017-02-20T10:00:00,10,South,16.933847578144096,21
2017-02-20T10:00:00,10,East,19.891574369733764,22
2017-02-20T10:00:00,10,West,7.59093465639991,16
2017-02-20T11:00:00,11,North,77.80564102564102,50
2017-02-20T11:00:00,11,South,15.937780872410354,20
2017-02-20T11:00:00,11,East,19.659166686615453,22
2017-02-20T11:00:00,11,West,9.316761208633235,16
2017-02-20T12:00:00,12,North,75.21057526209394,50
2017-02-20T12:00:00,12,South,17.32062626785731,21
2017-02-20T12:00:00,12,East,16.583087450404935,20
2017-02-20T12:00:00,12,West,9.838263330725367,17
2017-02-20T13:00:00,13,North,73.758352636978,49
2017-02-20T13:00:00,13,South,16.13488897870556,20
2017-02-20T13:00:00,13,East,20.41649226193815,22
2017-02-20T13:00:00,13,West,9.67028438595361,17
2017-02-20T14:00:00,14,North,107.02000000000001,54
2017-02-20T14:00:00,14,South,18.654148413110015,19
2017-02-20T14:00:00,14,East,17.861547578272727,19
2017-02-20T14:00:00,14,West,10.03814837709961,16
2017-02-20T15:00:00,15,North,98.265,52
2017-02-20T15:00:00,15,South,21.041935096928682,20
2017-02-20T15:00:00,15,East,20.07336427895254,20
2017-02-20T15:00:00,15,West,9.55123386235431,16
2017-02-20T16:00:00,16,North,98.555,52
2017-02-20T16:00:00,16,South,20.76406794879253,20
2017-02-20T16:00:00,16,East,18.351080134521915,20
2017-02-20T16:00:00,16,West,9.549073862522123,16
2017-02-20T17:00:00,17,North,101.015,52
2017-02-20T17:00:00,17,South,21.738465482442045,21
2017-02-20T17:00:00,17,East,18.297752380142175,19
2017-02-20T17:00:00,17,West,9.083643861951195,16
2017-02-20T18:00:00,18,North,105.69944444444445,53
2017-02-20T18:00:00,18,South,21.87846175617163,20
2017-02-20T18:00:00,18,East,18.475574804985115,19
2017-02-20T18:00:00,18,West,10.147089315843791,16
2017-02-20T19:00:00,19,North,120.64944444444444,55
2017-02-20T19:00:00,19,South,21.686399992803647,20
2017-02-20T19:00:00,19,East,17.28509561280655,18
2017-02-20T19:00:00,19,West,9.29285206750528,15
2017-02-20T20:00:00,20,North,77.59044444444444,49
2017-02-20T20:00:00,20,South,20.205051777832495,22
2017-02-20T20:00:00,20,East,17.28509561280655,20
2017-02-20T20:00:00,20,West,9.532536632819621,17
2017-02-20T21:00:00,21,North,82.3302439872929,49
2017-02-20T21:00:00,21,South,23.264689476391993,22
2017-02-20T21:00:00,21,East,20.068028650725346,21
2017-02-20T21:00:00,21,West,9.885958256433161,16
2017-02-20T22:00:00,22,North,79.17405686041553,49
2017-02-20T22:00:00,22,South,22.432736107402427,23
2017-02-20T22:00:00,22,East,16.558090271935164,20
2017-02-20T22:00:00,22,West,8.964347358563078,16
2017-02-20T23:00:00,23,North,75.12608239625312,48
2017-02-20T23:00:00,23,South,19.74770080306023,21
2017-02-20T23:00:00,23,East,19.753741027982247,22
2017-02-20T23:00:00,23,West,9.578888578825348,17
2017-02-21T00:00:00,24,North,66.60083047678191,48
2017-02-21T00:00:00,24,South,19.88332498552545,23
2017-02-21T00:00:00,24,East,16.149638713451413,20
2017-02-21T00:00:00,24,West,8.778928819331664,17
2017-02-21T01:00:00,25,North,57.1894139794249,48
2017-02-21T01:00:00,25,South,18.36323667676779,24
2017-02-21T01:00:00,25,East,12.838331339883524,20
2017-02-21T01:00:00,25,West,5.781873279464516,16
2017-02-21T02:00:00,26,North,49.93048617599782,49
2017-02-21T02:00:00,26,South,18.211599726569883,26
2017-02-21T02:00:00,26,East,7.045693946749469,17
2017-02-21T02:00:00,26,West,4.99576216325968,16
2017-02-21T03:00:00,27,North,45.11893551976356,48
2017-02-21T03:00:00,27,South,16.83459309286764,25
2017-02-21T03:00:00,27,East,8.49309960501013,19
2017-02-21T03:00:00,27,West,5.425038978230676,16
2017-02-21T04:00:00,28,North,38.413550727256634,49
2017-02-21T04:00:00,28,South,13.186777022926146,25
2017-02-21T04:00:00,28,East,5.757812388226735,17
2017-02-21T04:00:00,28,West,5.56034485903391,17
2017-02-21T05:00:00,29,North,36.93760569165613,46
2017-02-21T05:00:00,29,South,14.826144601531649,26
2017-02-21T05:00:00,29,East,7.204246031420414,19
2017-02-21T05:00:00,29,West,5.546849542578533,17
2017-02-21T06:00:00,30,North,33.00668180073224,46
2017-02-21T06:00:00,30,South,13.053769182107347,26
2017-02-21T06:00:00,30,East,5.790566522171592,18
2017-02-21T06:00:00,30,West,5.484170355262978,18
2017-02-21T07:00:00,31,North,41.38324516314704,47
2017-02-21T07:00:00,31,South,15.566981350192911,25
2017-02-21T07:00:00,31,East,8.5228452010526,19
2017-02-21T07:00:00,31,West,5.45862199235943,17
2017-02-21T08:00:00,32,North,43.266143001441336,46
2017-02-21T08:00:00,32,South,17.405880642288583,26
2017-02-21T08:00:00,32,East,9.199943503354088,19
2017-02-21T08:00:00,32,West,5.934703421564664,17
2017-02-21T09:00:00,33,North,52.43107876256156,48
2017-02-21T09:00:00,33,South,16.661332583690648,23
2017-02-21T09:00:00,33,East,12.2443922225789,20
2017-02-21T09:00:00,33,West,7.547367322517518,17
2017-02-21T10:00:00,34,North,71.16089440924092,51
2017-02-21T10:00:00,34,South,18.54763335239384,22
2017-02-21T10:00:00,34,East,12.9517219766655,19
2017-02-21T10:00:00,34,West,8.230155160180189,16
2017-02-21T11:00:00,35,North,75.97268178332453,50
2017-02-21T11:00:00,35,South,18.116687592487313,21
2017-02-21T11:00:00,35,East,17.05828374875801,20
2017-02-21T11:00:00,35,West,9.866489377553672,17
2017-02-21T12:00:00,36,North,76.83397819848912,49
2017-02-21T12:00:00,36,South,19.130740396702457,21
2017-02-21T12:00:00,36,East,18.059786373819204,21
2017-02-21T12:00:00,36,West,10.736970675465919,17
2017-02-21T13:00:00,37,North,68.07602741202004,47
2017-02-21T13:00:00,37,South,18.92846238209526,22
2017-02-21T13:00:00,37,East,19.862757951420207,22
2017-02-21T13:00:00,37,West,10.606458689580968,17
2017-02-21T14:00:00,38,North,75.14242133728673,49
2017-02-21T14:00:00,38,South,18.62523485955957,21
2017-02-21T14:00:00,38,East,18.128142645881347,21
2017-02-21T14:00:00,38,West,10.247618682211519,17
2017-02-21T15:00:00,39,North,75.19310492704717,48
2017-02-21T15:00:00,39,South,20.47182234456543,22
2017-02-21T15:00:00,39,East,19.23322767445357,21
2017-02-21T15:00:00,39,West,9.979805786326693,17
2017-02-21T16:00:00,40,North,76.37473048443267,48
2017-02-21T16:00:00,40,South,20.198498340373064,22
2017-02-21T16:00:00,40,East,20.07336427895254,21
2017-02-21T16:00:00,40,West,10.125240262208662,17
2017-02-21T17:00:00,41,North,75.38097773381202,49
2017-02-21T17:00:00,41,South,19.616884706029523,22
2017-02-21T17:00:00,41,East,17.290431241033748,20
2017-02-21T17:00:00,41,West,10.031088412018512,17
2017-02-21T18:00:00,42,North,74.38328448541787,50
2017-02-21T18:00:00,42,South,18.280361942941393,22
2017-02-21T18:00:00,42,East,13.701095626026634,19
2017-02-21T18:00:00,42,West,9.86789581447406,17
2017-02-21T19:00:00,43,North,75.53536145149114,49
2017-02-21T19:00:00,43,South,20.169600823408658,22
2017-02-21T19:00:00,43,East,16.620508670739586,20
2017-02-21T19:00:00,43,West,10.039196528389606,17
2017-02-21T20:00:00,44,North,75.69932022923915,48
2017-02-21T20:00:00,44,South,21.684795780349436,22
2017-02-21T20:00:00,44,East,18.292416751914978,21
2017-02-21T20:00:00,44,West,9.99154342098887,17
2017-02-21T21:00:00,45,North,74.6096003057529,50
2017-02-21T21:00:00,45,South,19.778376403133173,22
2017-02-21T21:00:00,45,East,12.392270176023498,19
2017-02-21T21:00:00,45,West,10.16133730783855,17
2017-02-21T22:00:00,46,North,76.22215849932985,50
2017-02-21T22:00:00,46,South,21.630071573288458,23
2017-02-21T22:00:00,46,East,13.680569457798654,19
2017-02-21T22:00:00,46,West,9.122661879505397,16
2017-02-21T23:00:00,47,North,64.37402888948033,48
2017-02-21T23:00:00,47,South,18.254403372699517,22
2017-02-21T23:00:00,47,East,15.571301047604038,21
2017-02-21T23:00:00,47,West,9.30101664544279,17
2017-02-22T00:00:00,48,North,67.72847234562306,50
2017-02-22T00:00:00,48,South,18.13379276013901,22
2017-02-22T00:00:00,48,East,13.466071981590002,19
2017-02-22T00:00:00,48,West,8.692133504610045,17
2017-02-22T01:00:00,49,North,52.81536239170575,49
2017-02-22T01:00:00,49,South,18.091124995989546,25
2017-02-22T01:00:00,49,East,8.42307436298351,18
2017-02-22T01:00:00,49,West,5.840794054010557,16
2017-02-22T02:00:00,50,North,47.01615131090055,48
2017-02-22T02:00:00,50,South,18.049539647625448,26
2017-02-22T02:00:00,50,East,8.612238120460882,18
2017-02-22T02:00:00,50,West,4.905271198772464,16
2017-02-22T03:00:00,51,North,44.21032769007057,48
2017-02-22T03:00:00,51,South,17.560614476679124,27
2017-02-22T03:00:00,51,East,7.4250222242816815,18
2017-02-22T03:00:00,51,West,4.087515211974133,15
2017-02-22T04:00:00,52,North,34.634438992122085,45
2017-02-22T04:00:00,52,South,16.477019208398254,27
2017-02-22T04:00:00,52,East,8.180293814183885,20
2017-02-22T04:00:00,52,West,4.634921870192882,16
2017-02-22T05:00:00,53,North,32.964735426940024,45
2017-02-22T05:00:00,53,South,15.492810666436355,28
2017-02-22T05:00:00,53,East,5.818293342413486,18
2017-02-22T05:00:00,53,West,4.853809046275741,17
2017-02-22T06:00:00,54,North,31.953296987347425,46
2017-02-22T06:00:00,54,South,12.949714316513331,26
2017-02-22T06:00:00,54,East,6.17678104112732,19
2017-02-22T06:00:00,54,West,4.928130168717655,17
2017-02-22T07:00:00,55,North,39.71401698302587,48
2017-02-22T07:00:00,55,South,15.061975341083432,26
2017-02-22T07:00:00,55,East,6.885053754131289,18
2017-02-22T07:00:00,55,West,4.969039118622354,16
2017-02-22T08:00:00,56,North,42.418760314662194,48
2017-02-22T08:00:00,56,South,14.89316671000595,24
2017-02-22T08:00:00,56,East,8.170879046171983,19
2017-02-22T08:00:00,56,West,5.711705828539368,17
2017-02-22T09:00:00,57,North,51.086321832337084,49
2017-02-22T09:00:00,57,South,15.353756242084998,23
2017-02-22T09:00:00,57,East,11.500205688761348,20
2017-02-22T09:00:00,57,West,5.825855329779481,16
2017-02-22T10:00:00,58,North,72.70770869789794,50
2017-02-22T10:00:00,58,South,18.37094585591361,22
2017-02-22T10:00:00,58,East,14.676679259315524,20
2017-02-22T10:00:00,58,West,7.762459639428319,16
2017-02-22T11:00:00,59,North,75.12791258849204,50
2017-02-22T11:00:00,59,South,15.879083655094707,20
2017-02-22T11:00:00,59,East,17.084205390549055,21
2017-02-22T11:00:00,59,West,9.979497696644154,17
2017-02-22T12:00:00,60,North,75.76420816277614,49
2017-02-22T12:00:00,60,South,18.807204107568996,21
2017-02-22T12:00:00,60,East,17.07838687650182,21
2017-02-22T12:00:00,60,West,10.352747056381443,17
2017-02-22T13:00:00,61,North,77.33339885513321,49
2017-02-22T13:00:00,61,South,19.059452533754047,21
2017-02-22T13:00:00,61,East,18.05203978494019,21
2017-02-22T13:00:00,61,West,10.012428199369129,17
2017-02-22T14:00:00,62,North,76.16329170770419,48
2017-02-22T14:00:00,62,South,20.964747538799045,22
2017-02-22T14:00:00,62,East,19.191395289213,21
2017-02-22T14:00:00,62,West,9.68903782306081,17
2017-02-22T15:00:00,63,North,78.0577447776152,48
2017-02-22T15:00:00,63,South,21.033456419552223,22
2017-02-22T15:00:00,63,East,20.099285920743583,21
2017-02-22T15:00:00,63,West,9.488907295450357,17
2017-02-22T16:00:00,64,North,75.64863660948767,49
2017-02-22T16:00:00,64,South,18.52968743622323,21
2017-02-22T16:00:00,64,East,20.099285920743583,22
2017-02-22T16:00:00,64,West,9.206105515958024,16
2017-02-22T17:00:00,65,North,71.78926957331966,49
2017-02-22T17:00:00,65,South,19.078043662453826,22
2017-02-22T17:00:00,65,East,16.592996057343754,20
2017-02-22T17:00:00,65,West,9.680171308122537,17
2017-02-22T18:00:00,66,North,74.51886831139318,49
2017-02-22T18:00:00,66,South,19.094539920246923,21
2017-02-22T18:00:00,66,East,18.34889778583263,21
2017-02-22T18:00:00,66,West,9.926430951446795,17
2017-02-22T19:00:00,67,North,76.86473930991812,49
2017-02-22T19:00:00,67,South,20.0327182352953,22
2017-02-22T19:00:00,67,East,16.738017614117933,20
2017-02-22T19:00:00,67,West,9.851421623769454,17
2017-02-22T20:00:00,68,North,77.62596495695796,50
2017-02-22T20:00:00,68,South,19.43541894229284,21
2017-02-22T20:00:00,68,East,15.665541491556855,20
2017-02-22T20:00:00,68,West,9.650585109959371,17
2017-02-22T21:00:00,69,North,78.26001017950027,50
2017-02-22T21:00:00,69,South,20.023577503149436,22
2017-02-22T21:00:00,69,East,17.248328347455853,20
2017-02-22T21:00:00,69,West,9.394416068502958,16
2017-02-22T22:00:00,70,North,77.2137097942176,49
2017-02-22T22:00:00,70,South,22.37063183435415,23
2017-02-22T22:00:00,70,East,15.645015323328876,20
2017-02-22T22:00:00,70,West,9.260439111961917,16
2017-02-22T23:00:00,71,North,71.81746378356915,49
2017-02-22T23:00:00,71,South,19.97770885908164,22
2017-02-22T23:00:00,71,East,14.54352326982626,20
2017-02-22T23:00:00,71,West,8.933948338148458,17
2017-02-23T00:00:00,72,North,67.3201564327072,50
2017-02-23T00:00:00,72,South,18.81567416252471,23
2017-02-23T00:00:00,72,East,13.34412773024751,19
2017-02-23T00:00:00,72,West,7.960458178774916,16
2017-02-23T01:00:00,73,North,52.014829001731925,47
2017-02-23T01:00:00,73,South,20.223644661821176,25
2017-02-23T01:00:00,73,East,11.626244989583324,20
2017-02-23T01:00:00,73,West,6.606231940576438,16
2017-02-23T02:00:00,74,North,50.021195117034615,49
2017-02-23T02:00:00,74,South,17.994170688314558,25
2017-02-23T02:00:00,74,East,8.353955527750518,18
2017-02-23T02:00:00,74,West,4.785656368265034,16
2017-02-23T03:00:00,75,North,44.31296014868691,48
2017-02-23T03:00:00,75,South,19.13548552317624,28
2017-02-23T03:00:00,75,East,6.303865270729795,17
2017-02-23T03:00:00,75,West,4.209219962399995,15
2017-02-23T04:00:00,76,North,35.66765020531717,45
2017-02-23T04:00:00,76,South,16.651997834831022,27
2017-02-23T04:00:00,76,East,9.31749644177415,20
2017-02-23T04:00:00,76,West,4.037327003132832,16
2017-02-23T05:00:00,77,North,37.03161330680179,48
2017-02-23T05:00:00,77,South,13.880458772068,25
2017-02-23T05:00:00,77,East,6.166092406384032,18
2017-02-23T05:00:00,77,West,4.634921870192882,17
2017-02-23T06:00:00,78,North,39.77309531902446,50
2017-02-23T06:00:00,78,South,12.724926548335857,24
2017-02-23T06:00:00,78,East,6.6060750414112315,18
2017-02-23T06:00:00,78,West,4.2538159265937265,16
2017-02-23T07:00:00,79,North,43.36089062973635,50
2017-02-23T07:00:00,79,South,12.724926548335857,23
2017-02-23T07:00:00,79,East,7.804855756802937,19
2017-02-23T07:00:00,79,West,4.16674741719674,16
2017-02-23T08:00:00,80,North,45.429745486456824,47
2017-02-23T08:00:00,80,South,16.60996265787907,25
2017-02-23T08:00:00,80,East,10.07644130867482,20
2017-02-23T08:00:00,80,West,5.156184634041716,16
2017-02-23T09:00:00,81,North,54.19143216705962,50
2017-02-23T09:00:00,81,South,15.539155570207326,23
2017-02-23T09:00:00,81,East,10.029310016325603,19
2017-02-23T09:00:00,81,West,6.078947720831268,16
2017-02-23T10:00:00,82,North,67.59251136626276,50
2017-02-23T10:00:00,82,South,16.7874524162184,21
2017-02-23T10:00:00,82,East,13.81203328923215,20
2017-02-23T10:00:00,82,West,9.059635618056912,17
2017-02-23T11:00:00,83,North,74.23528881339362,49
2017-02-23T11:00:00,83,South,18.222364538237237,21
2017-02-23T11:00:00,83,East,17.084205390549055,21
2017-02-23T11:00:00,83,West,9.281963266837494,17
2017-02-23T12:00:00,84,North,79.40572259917377,49
2017-02-23T12:00:00,84,South,19.5413930383544,21
2017-02-23T12:00:00,84,East,18.120500744488115,21
2017-02-23T12:00:00,84,West,10.713774724405145,17
2017-02-23T13:00:00,85,North,72.83172604646154,50
2017-02-23T13:00:00,85,South,18.25544506817181,21
2017-02-23T13:00:00,85,East,14.54352326982626,20
2017-02-23T13:00:00,85,West,9.888537842867006,17
2017-02-23T14:00:00,86,North,74.66444924285211,49
2017-02-23T14:00:00,86,South,18.85724318351278,21
2017-02-23T14:00:00,86,East,19.191395289213,21
2017-02-23T14:00:00,86,West,9.80920226220504,17
2017-02-23T15:00:00,87,North,74.78153267752378,49
2017-02-23T15:00:00,87,South,21.178549858287916,22
2017-02-23T15:00:00,87,East,16.651765940757823,20
2017-02-23T15:00:00,87,West,10.107407525318694,17
2017-02-23T16:00:00,88,North,75.0769369610698,49
2017-02-23T16:00:00,88,South,19.555724466217008,22
2017-02-23T16:00:00,88,East,17.31635288282479,20
2017-02-23T16:00:00,88,West,9.656507434320392,17
2017-02-23T17:00:00,89,North,70.3404168599933,49
2017-02-23T17:00:00,89,South,21.693613273789204,23
2017-02-23T17:00:00,89,East,13.673317848248855,19
2017-02-23T17:00:00,89,West,9.602532098220397,17
2017-02-23T18:00:00,90,North,72.90121129955611,49
2017-02-23T18:00:00,90,South,18.7348602878523,22
2017-02-23T18:00:00,90,East,16.738017614117933,20
2017-02-23T18:00:00,90,West,9.915185560039454,17
2017-02-23T19:00:00,91,North,75.74435471051183,48
2017-02-23T19:00:00,91,South,22.783534065673916,23
2017-02-23T19:00:00,91,East,15.665541491556855,20
2017-02-23T19:00:00,91,West,10.32717474489353,17
2017-02-23T20:00:00,92,North,78.12358429376962,50
2017-02-23T20:00:00,92,South,21.965755525860125,23
2017-02-23T20:00:00,92,East,13.673317848248855,18
2017-02-23T20:00:00,92,West,9.649135257307492,17
2017-02-23T21:00:00,93,North,80.13531798011438,50
2017-02-23T21:00:00,93,South,21.883198684747686,23
2017-02-23T21:00:00,93,East,12.741435276412693,18
2017-02-23T21:00:00,93,West,10.066866288476323,17
2017-02-23T22:00:00,94,North,74.84218090854522,49
2017-02-23T22:00:00,94,South,22.73474603113008,23
2017-02-23T22:00:00,94,East,14.645015323328876,19
2017-02-23T22:00:00,94,West,10.05804855721744,17
2017-02-23T23:00:00,95,North,71.7204078012472,49
2017-02-23T23:00:00,95,South,19.745203473588994,22
2017-02-23T23:00:00,95,East,16.426509456785375,21
2017-02-23T23:00:00,95,West,8.622920605763703,16
2017-02-24T00:00:00,96,North,64.66434024691948,49
2017-02-24T00:00:00,96,South,19.710375834023043,23
2017-02-24T00:00:00,96,East,13.471431819500697,20
2017-02-24T00:00:00,96,West,7.573232759976238,16
2017-02-24T01:00:00,97,North,53.42709187365351,48
2017-02-24T01:00:00,97,South,19.332882510156374,25
2017-02-24T01:00:00,97,East,11.220384525798343,19
2017-02-24T01:00:00,97,West,6.108175135880115,16
2017-02-24T02:00:00,98,North,47.525789723943745,48
2017-02-24T02:00:00,98,South,19.332882510156374,27
2017-02-24T02:00:00,98,East,7.218965905729634,17
2017-02-24T02:00:00,98,West,4.742838471820425,16
2017-02-24T03:00:00,99,North,43.56984132208585,48
2017-02-24T03:00:00,99,South,17.288516370600043,26
2017-02-24T03:00:00,99,East,7.600475878410811,18
2017-02-24T03:00:00,99,West,4.8431997253413535,16
2017-02-24T04:00:00,100,North,37.756698930327325,48
2017-02-24T04:00:00,100,South,14.094939219668754,25
2017-02-24T04:00:00,100,East,7.626202700218106,19
2017-02-24T04:00:00,100,West,4.071795552235807,16
2017-02-24T05:00:00,101,North,29.29971491642137,43
2017-02-24T05:00:00,101,South,15.181031195923733,28
2017-02-24T05:00:00,101,East,7.568476606950884,20
2017-02-24T05:00:00,101,West,4.355384279810889,17
2017-02-24T06:00:00,102,North,34.357243315265556,49
2017-02-24T06:00:00,102,South,11.388858763148727,24
2017-02-24T06:00:00,102,East,5.892286230020449,18
2017-02-24T06:00:00,102,West,4.05945803987411,17
2017-02-24T07:00:00,103,North,42.69598161766467,49
2017-02-24T07:00:00,103,South,14.48568574405417,24
2017-02-24T07:00:00,103,East,7.607769705116665,19
2017-02-24T07:00:00,103,West,4.377488538128597,16
2017-02-24T08:00:00,104,North,39.0282422885942,47
2017-02-24T08:00:00,104,South,15.119955671950148,25
2017-02-24T08:00:00,104,East,7.405682184904154,19
2017-02-24T08:00:00,104,West,5.577516553486643,17
2017-02-24T09:00:00,105,North,47.879057502479824,48
2017-02-24T09:00:00,105,South,16.447898842002118,24
2017-02-24T09:00:00,105,East,11.07345941626262,20
2017-02-24T09:00:00,105,West,5.714004885430571,16
2017-02-24T10:00:00,106,North,60.626729950170684,50
2017-02-24T10:00:00,106,South,14.945592317348714,22
2017-02-24T10:00:00,106,East,13.1548367312337,20
2017-02-24T10:00:00,106,West,6.850428386470077,16
2017-02-24T11:00:00,107,North,71.5061191851927,50
2017-02-24T11:00:00,107,South,15.992373269307329,20
2017-02-24T11:00:00,107,East,17.11858915769379,21
2017-02-24T11:00:00,107,West,8.819836646220107,17
2017-02-24T12:00:00,108,North,72.06040428890657,50
2017-02-24T12:00:00,108,South,17.9560190121222,21
2017-02-24T12:00:00,108,East,15.553280629846105,20
2017-02-24T12:00:00,108,West,9.918017402364455,17
2017-02-24T13:00:00,109,North,67.88110217239908,49
2017-02-24T13:00:00,109,South,18.938761666573523,22
2017-02-24T13:00:00,109,East,13.508632959851594,19
2017-02-24T13:00:00,109,West,9.99762001713258,18
2017-02-24T14:00:00,110,North,70.51798895237638,48
2017-02-24T14:00:00,110,South,19.95564922581741,22
2017-02-24T14:00:00,110,East,16.61735077126336,21
2017-02-24T14:00:00,110,West,10.086960693395495,17
2017-02-24T15:00:00,111,North,69.2551873926458,49
2017-02-24T15:00:00,111,South,19.95564922581741,23
2017-02-24T15:00:00,111,East,14.622874824890188,20
2017-02-24T15:00:00,111,West,8.340688912375708,16
2017-02-24T16:00:00,112,North,64.7868841710007,48
2017-02-24T16:00:00,112,South,18.884774163538452,23
2017-02-24T16:00:00,112,East,14.622874824890188,20
2017-02-24T16:00:00,112,West,9.655509162156509,17
2017-02-24T17:00:00,113,North,63.79580741112539,48
2017-02-24T17:00:00,113,South,18.41387296775662,23
2017-02-24T17:00:00,113,East,12.758724218464794,19
2017-02-24T17:00:00,113,West,9.872041684242468,18
2017-02-24T18:00:00,114,North,71.2264047774496,49
2017-02-24T18:00:00,114,South,18.24465550983641,22
2017-02-24T18:00:00,114,East,14.622874824890188,20
2017-02-24T18:00:00,114,West,9.49558373663385,17
2017-02-24T19:00:00,115,North,72.9441442909288,48
2017-02-24T19:00:00,115,South,19.87666570902634,22
2017-02-24T19:00:00,115,East,18.684881063214434,21
2017-02-24T19:00:00,115,West,9.78401396925413,17
2017-02-24T20:00:00,116,North,76.12031291514916,49
2017-02-24T20:00:00,116,South,21.664933916847872,22
2017-02-24T20:00:00,116,East,15.890190614363872,20
2017-02-24T20:00:00,116,West,9.465232315314807,17
2017-02-24T21:00:00,117,North,72.06614531537437,48
2017-02-24T21:00:00,117,South,20.57660028749999,22
2017-02-24T21:00:00,117,East,19.964658453994225,22
2017-02-24T21:00:00,117,West,9.048845790737515,16
2017-02-24T22:00:00,118,North,66.91810049037436,49
2017-02-24T22:00:00,118,South,18.61833788465763,23
2017-02-24T22:00:00,118,East,12.761356558586419,19
2017-02-24T22:00:00,118,West,9.14464916408415,17
2017-02-24T23:00:00,119,North,64.59031992824411,49
2017-02-24T23:00:00,119,South,17.823899694243725,22
2017-02-24T23:00:00,119,East,12.714811766823399,20
2017-02-24T23:00:00,119,West,8.652299857445492,17
2017-02-25T00:00:00,120,North,56.96291932952121,48
2017-02-25T00:00:00,120,South,21.275519126656818,25
2017-02-25T00:00:00,120,East,10.887701702893525,19
2017-02-25T00:00:00,120,West,6.641739733637469,16
2017-02-25T01:00:00,121,North,49.69005837412186,48
2017-02-25T01:00:00,121,South,17.456900477429105,25
2017-02-25T01:00:00,121,East,10.413741550331455,19
2017-02-25T01:00:00,121,West,5.189639143706771,16
2017-02-25T02:00:00,122,North,42.93531258485752,48
2017-02-25T02:00:00,122,South,15.427796989625236,25
2017-02-25T02:00:00,122,East,8.28104708021893,19
2017-02-25T02:00:00,122,West,4.353531815692127,16
2017-02-25T03:00:00,123,North,38.01505406334388,49
2017-02-25T03:00:00,123,South,12.306463644499267,24
2017-02-25T03:00:00,123,East,7.282067493442727,19
2017-02-25T03:00:00,123,West,3.7026503165655216,16
2017-02-25T04:00:00,124,North,31.503654804968402,45
2017-02-25T04:00:00,124,South,15.77781097681794,28
2017-02-25T04:00:00,124,East,6.945406829190065,19
2017-02-25T04:00:00,124,West,3.869147238461278,16
2017-02-25T05:00:00,125,North,29.578560571565625,47
2017-02-25T05:00:00,125,South,10.283441091532817,24
2017-02-25T05:00:00,125,East,6.587800815709566,20
2017-02-25T05:00:00,125,West,4.703030620309988,17
2017-02-25T06:00:00,126,North,29.567560571565622,47
2017-02-25T06:00:00,126,South,11.027997304326943,25
2017-02-25T06:00:00,126,East,6.2470168301562845,19
2017-02-25T06:00:00,126,West,3.896647640085259,17
2017-02-25T07:00:00,127,North,29.53998972136319,47
2017-02-25T07:00:00,127,South,9.809618249665414,23
2017-02-25T07:00:00,127,East,7.183372548139067,20
2017-02-25T07:00:00,127,West,4.780989129329198,18
2017-02-25T08:00:00,128,North,38.04604707032327,49
2017-02-25T08:00:00,128,South,12.041809888494775,24
2017-02-25T08:00:00,128,East,7.343034602924917,19
2017-02-25T08:00:00,128,West,4.077411571920746,16
2017-02-25T09:00:00,129,North,37.13061275249133,46
2017-02-25T09:00:00,129,South,12.762551326655515,24
2017-02-25T09:00:00,129,East,10.531793784455342,21
2017-02-25T09:00:00,129,West,5.572447901105654,17
2017-02-25T10:00:00,130,North,63.71998228678214,49
2017-02-25T10:00:00,130,South,15.281920401420669,21
2017-02-25T10:00:00,130,East,14.685956032512363,21
2017-02-25T10:00:00,130,West,8.306239960727067,17
2017-02-25T11:00:00,131,North,58.323880855332995,49
2017-02-25T11:00:00,131,South,14.283534921671912,21
2017-02-25T11:00:00,131,East,14.391438432458433,21
2017-02-25T11:00:00,131,West,8.451292356329724,17
2017-02-25T12:00:00,132,North,52.25919910435118,47
2017-02-25T12:00:00,132,South,12.434462844815263,20
2017-02-25T12:00:00,132,East,15.553280629846105,23
2017-02-25T12:00:00,132,West,8.306483626463192,18
2017-02-25T13:00:00,133,North,50.477171231918014,47
2017-02-25T13:00:00,133,South,13.83414802006264,22
2017-02-25T13:00:00,133,East,13.6534858397689,21
2017-02-25T13:00:00,133,West,8.059372820849296,18
2017-02-25T14:00:00,134,North,48.84492011983006,49
2017-02-25T14:00:00,134,South,10.559470378910461,20
2017-02-25T14:00:00,134,East,12.681747312155675,21
2017-02-25T14:00:00,134,West,7.73765057744118,18
2017-02-25T15:00:00,135,North,48.84189307717045,48
2017-02-25T15:00:00,135,South,12.103832333127867,21
2017-02-25T15:00:00,135,East,12.702273480383655,21
2017-02-25T15:00:00,135,West,8.566299385216492,18
2017-02-25T16:00:00,136,North,44.91467966548881,45
2017-02-25T16:00:00,136,South,14.885237999207474,23
2017-02-25T16:00:00,136,East,14.64433167633143,23
2017-02-25T16:00:00,136,West,7.444842189056656,17
2017-02-25T17:00:00,137,North,49.59281848249989,48
2017-02-25T17:00:00,137,South,14.263861888894152,22
2017-02-25T17:00:00,137,East,11.974870787656288,21
2017-02-25T17:00:00,137,West,7.294650044146212,17
2017-02-25T18:00:00,138,North,50.59281848249988,46
2017-02-25T18:00:00,138,South,13.268942955010573,21
2017-02-25T18:00:00,138,East,16.866607729087722,24
2017-02-25T18:00:00,138,West,7.980209853844631,17
2017-02-25T19:00:00,139,North,54.56933220931971,48
2017-02-25T19:00:00,139,South,14.592516364563838,22
2017-02-25T19:00:00,139,East,12.8533955378516,20
2017-02-25T19:00:00,139,West,8.934430001083042,18
2017-02-25T20:00:00,140,North,57.862850116700095,45
2017-02-25T20:00:00,140,South,15.385441164574733,21
2017-02-25T20:00:00,140,East,22.225596510965115,25
2017-02-25T20:00:00,140,West,8.798449291019264,17
2017-02-25T21:00:00,141,North,54.72505828520775,45
2017-02-25T21:00:00,141,South,15.165937457565917,21
2017-02-25T21:00:00,141,East,22.671684953214168,25
2017-02-25T21:00:00,141,West,8.351637399236548,17
2017-02-25T22:00:00,142,North,53.08887910390191,45
2017-02-25T22:00:00,142,South,16.67594702511636,22
2017-02-25T22:00:00,142,East,18.898017772400692,24
2017-02-25T22:00:00,142,West,7.778768698424929,17
2017-02-25T23:00:00,143,North,54.683889816072025,45
2017-02-25T23:00:00,143,South,15.221613907597556,21
2017-02-25T23:00:00,143,East,22.41014289749322,25
2017-02-25T23:00:00,143,West,8.087792832231901,17
2017-02-26T00:00:00,144,North,51.30928055840802,44
2017-02-26T00:00:00,144,South,18.421963641251633,23
2017-02-26T00:00:00,144,East,21.351235682228193,25
2017-02-26T00:00:00,144,West,5.741710619074898,16
2017-02-26T01:00:00,145,North,40.1291800552565,43
2017-02-26T01:00:00,145,South,14.987550185604759,24
2017-02-26T01:00:00,145,East,16.657184678055522,25
2017-02-26T01:00:00,145,West,5.382836239477962,16
2017-02-26T02:00:00,146,North,32.85298686148385,43
2017-02-26T02:00:00,146,South,12.40202980735105,23
2017-02-26T02:00:00,146,East,14.971041720584594,26
2017-02-26T02:00:00,146,West,4.242115398213037,16
2017-02-26T03:00:00,147,North,33.85373679255636,46
2017-02-26T03:00:00,147,South,11.463633233346627,23
2017-02-26T03:00:00,147,East,11.12565853215336,23
2017-02-26T03:00:00,147,West,3.955062923655915,16
2017-02-26T04:00:00,148,North,27.991569460057903,47
2017-02-26T04:00:00,148,South,9.527961127292615,24
2017-02-26T04:00:00,148,East,6.945406829190065,21
2017-02-26T04:00:00,148,West,3.677532688840068,16
2017-02-26T05:00:00,149,North,26.23944350138627,45
2017-02-26T05:00:00,149,South,9.83281638408831,24
2017-02-26T05:00:00,149,East,7.24131560970545,21
2017-02-26T05:00:00,149,West,4.716042543180618,18
2017-02-26T06:00:00,150,North,28.228574555517323,47
2017-02-26T06:00:00,150,South,9.83281638408831,24
2017-02-26T06:00:00,150,East,6.17678104112732,20
2017-02-26T06:00:00,150,West,3.9158879165568177,17
2017-02-26T07:00:00,151,North,28.162432276743466,46
2017-02-26T07:00:00,151,South,10.562659933833851,25
2017-02-26T07:00:00,151,East,6.701818662481186,20
2017-02-26T07:00:00,151,West,4.030192356866387,17
2017-02-26T08:00:00,152,North,32.27951947108066,45
2017-02-26T08:00:00,152,South,11.027997304326943,24
2017-02-26T08:00:00,152,East,9.9906477123707,22
2017-02-26T08:00:00,152,West,4.880618514031728,17
2017-02-26T09:00:00,153,North,41.46304865331041,44
2017-02-26T09:00:00,153,South,10.562220278388528,20
2017-02-26T09:00:00,153,East,19.967466817260267,27
2017-02-26T09:00:00,153,West,6.04199918137345,17
2017-02-26T10:00:00,154,North,48.473299401471635,44
2017-02-26T10:00:00,154,South,11.73547962711086,20
2017-02-26T10:00:00,154,East,22.968213195309556,27
2017-02-26T10:00:00,154,West,7.903868107874505,17
2017-02-26T11:00:00,155,North,42.64800485378002,42
2017-02-26T11:00:00,155,South,13.263918971891629,21
2017-02-26T11:00:00,155,East,21.362528906404304,27
2017-02-26T11:00:00,155,West,8.55418558663425,18
2017-02-26T12:00:00,156,North,45.63161621949924,43
2017-02-26T12:00:00,156,South,12.170387887848886,20
2017-02-26T12:00:00,156,East,22.456742808770347,28
2017-02-26T12:00:00,156,West,7.523687334294922,17
2017-02-26T13:00:00,157,North,45.631665802656464,44
2017-02-26T13:00:00,157,South,11.115900663109029,20
2017-02-26T13:00:00,157,East,20.38644669343001,26
2017-02-26T13:00:00,157,West,8.259175989001989,18
2017-02-26T14:00:00,158,North,40.7406785003294,42
2017-02-26T14:00:00,158,South,12.657995758726287,22
2017-02-26T14:00:00,158,East,19.12787679937526,26
2017-02-26T14:00:00,158,West,8.215575178573983,18
2017-02-26T15:00:00,159,North,41.70665145766979,43
2017-02-26T15:00:00,159,South,14.344094823296041,23
2017-02-26T15:00:00,159,East,18.192450005675088,25
2017-02-26T15:00:00,159,West,7.1631411351904575,17
2017-02-26T16:00:00,160,North,42.70972838074672,43
2017-02-26T16:00:00,160,South,13.771494503516712,22
2017-02-26T16:00:00,160,East,19.097242661863397,26
2017-02-26T16:00:00,160,West,7.603576174169895,17
2017-02-26T17:00:00,161,North,46.85377101188371,44
2017-02-26T17:00:00,161,South,14.492826527759298,22
2017-02-26T17:00:00,161,East,18.192450005675088,25
2017-02-26T17:00:00,161,West,7.3086485457698,17
2017-02-26T18:00:00,162,North,48.92249492272464,44
2017-02-26T18:00:00,162,South,13.931400214547233,21
2017-02-26T18:00:00,162,East,19.097242661863397,25
2017-02-26T18:00:00,162,West,8.334923501303676,18
2017-02-26T19:00:00,163,North,57.27481573298416,46
2017-02-26T19:00:00,163,South,15.889365688958318,22
2017-02-26T19:00:00,163,East,19.469965652539475,24
2017-02-26T19:00:00,163,West,7.1754212917328335,16
2017-02-26T20:00:00,164,North,53.792443863316095,46
2017-02-26T20:00:00,164,South,14.920357138153838,21
2017-02-26T20:00:00,164,East,18.17252431033067,23
2017-02-26T20:00:00,164,West,8.874088138963844,18
2017-02-26T21:00:00,165,North,57.247317826828734,46
2017-02-26T21:00:00,165,South,16.766336253602564,22
2017-02-26T21:00:00,165,East,18.326800519059713,23
2017-02-26T21:00:00,165,West,8.277576329515833,17
2017-02-26T22:00:00,166,North,58.95472091585293,47
2017-02-26T22:00:00,166,South,15.640287146100002,21
2017-02-26T22:00:00,166,East,19.175541485851227,23
2017-02-26T22:00:00,166,West,8.290668680928176,17
2017-02-26T23:00:00,167,North,55.15901649658003,45
2017-02-26T23:00:00,167,South,18.608866196407025,23
2017-02-26T23:00:00,167,East,19.886635103511274,24
2017-02-26T23:00:00,167,West,7.450712418982754,16
2017-02-27T00:00:00,0,North,46.97448456453308,43
2017-02-27T00:00:00,0,South,18.966201292341946,25
2017-02-27T00:00:00,0,East,16.182977570988566,23
2017-02-27T00:00:00,0,West,8.009175072030088,17
2017-02-27T01:00:00,1,North,39.09365907927235,45
2017-02-27T01:00:00,1,South,18.148015837811897,27
2017-02-27T01:00:00,1,East,10.150807475546804,20
2017-02-27T01:00:00,1,West,4.633106865945109,16
2017-02-27T02:00:00,2,North,42.73691316595113,48
2017-02-27T02:00:00,2,South,16.246082469551887,26
2017-02-27T02:00:00,2,East,7.515155947185507,18
2017-02-27T02:00:00,2,West,4.2134972708814935,16
2017-02-27T03:00:00,3,North,36.287535206568634,48
2017-02-27T03:00:00,3,South,12.531573691501046,25
2017-02-27T03:00:00,3,East,7.267570561160162,19
2017-02-27T03:00:00,3,West,4.412080849064424,16
2017-02-27T04:00:00,4,North,32.391665088572964,47
2017-02-27T04:00:00,4,South,13.44217463961552,26
2017-02-27T04:00:00,4,East,6.288991354902954,19
2017-02-27T04:00:00,4,West,3.900243232357762,16
2017-02-27T05:00:00,5,North,33.74568839320404,47
2017-02-27T05:00:00,5,South,12.743336391210125,25
2017-02-27T05:00:00,5,East,7.050029506777809,19
2017-02-27T05:00:00,5,West,4.5043683695164125,17
2017-02-27T06:00:00,6,North,38.579390320603174,49
2017-02-27T06:00:00,6,South,12.467776615512058,24
2017-02-27T06:00:00,6,East,7.223120763499481,19
2017-02-27T06:00:00,6,West,4.358152317867517,16
2017-02-27T07:00:00,7,North,44.19965067745173,47
2017-02-27T07:00:00,7,South,16.11451847547805,25
2017-02-27T07:00:00,7,East,11.653048319269253,21
2017-02-27T07:00:00,7,West,3.9063682622797757,15
2017-02-27T08:00:00,8,North,43.19965067745173,44
2017-02-27T08:00:00,8,South,19.461823610595097,27
2017-02-27T08:00:00,8,East,11.902242650891072,21
2017-02-27T08:00:00,8,West,4.915675839772407,16
2017-02-27T09:00:00,9,North,57.869096210084166,47
2017-02-27T09:00:00,9,South,18.149247749414865,23
2017-02-27T09:00:00,9,East,17.563371509135603,23
2017-02-27T09:00:00,9,West,5.536586432417965,15
2017-02-27T10:00:00,10,North,75.14654382042531,50
2017-02-27T10:00:00,10,South,19.638519355981053,22
2017-02-27T10:00:00,10,East,14.843257191903383,20
2017-02-27T10:00:00,10,West,8.23592328621844,16
2017-02-27T11:00:00,11,North,73.22401391757998,46
2017-02-27T11:00:00,11,South,23.361090544049816,23
2017-02-27T11:00:00,11,East,22.349715031542996,23
2017-02-27T11:00:00,11,West,9.2445650235023,16
2017-02-27T12:00:00,12,North,67.91266666666667,44
2017-02-27T12:00:00,12,South,26.394570445211343,25
2017-02-27T12:00:00,12,East,20.06596862902344,22
2017-02-27T12:00:00,12,West,11.000711851112944,17
2017-02-27T13:00:00,13,North,73.83455872307741,47
2017-02-27T13:00:00,13,South,22.193399376584434,22
2017-02-27T13:00:00,13,East,23.14059877815727,23
2017-02-27T13:00:00,13,West,8.498477071502691,16
2017-02-27T14:00:00,14,North,72.06766666666667,45
2017-02-27T14:00:00,14,South,26.825218753022842,24
2017-02-27T14:00:00,14,East,23.08216127815727,22
2017-02-27T14:00:00,14,West,9.96040241251614,17
2017-02-27T15:00:00,15,North,69.726,46
2017-02-27T15:00:00,15,South,25.15150934122886,24
2017-02-27T15:00:00,15,East,18.568533687170195,21
2017-02-27T15:00:00,15,West,9.500818325530597,17
2017-02-27T16:00:00,16,North,78.8673121633963,48
2017-02-27T16:00:00,16,South,21.490870812186685,22
2017-02-27T16:00:00,16,East,21.374472223537992,22
2017-02-27T16:00:00,16,West,9.538540046104119,16
2017-02-27T17:00:00,17,North,78.17819190781917,48
2017-02-27T17:00:00,17,South,20.92469813605432,22
2017-02-27T17:00:00,17,East,21.346490371222597,22
2017-02-27T17:00:00,17,West,9.64404797332864,16
2017-02-27T18:00:00,18,North,80.2541167474921,50
2017-02-27T18:00:00,18,South,22.2444926769518,22
2017-02-27T18:00:00,18,East,17.555270667746047,20
2017-02-27T18:00:00,18,West,8.853141635014369,16
2017-02-27T19:00:00,19,North,72.64544444444445,47
2017-02-27T19:00:00,19,South,22.004543219609698,23
2017-02-27T19:00:00,19,East,21.346490371222597,22
2017-02-27T19:00:00,19,West,9.323822539058483,16
2017-02-27T20:00:00,20,North,84.72188171550671,50
2017-02-27T20:00:00,20,South,22.07818334748911,22
2017-02-27T20:00:00,20,East,19.28909695296172,20
2017-02-27T20:00:00,20,West,9.277073817518515,16
2017-02-27T21:00:00,21,North,84.21725292762792,49
2017-02-27T21:00:00,21,South,25.181402309153327,23
2017-02-27T21:00:00,21,East,18.165823529468046,20
2017-02-27T21:00:00,21,West,10.094865353459582,16
2017-02-27T22:00:00,22,North,80.94166213358946,49
2017-02-27T22:00:00,22,South,22.77929177290305,22
2017-02-27T22:00:00,22,East,19.101250323168223,21
2017-02-27T22:00:00,22,West,8.988850505321604,16
2017-02-27T23:00:00,23,North,74.59082014119494,48
2017-02-27T23:00:00,23,South,22.87402690471588,23
2017-02-27T23:00:00,23,East,19.04572808083394,21
2017-02-27T23:00:00,23,West,8.823647228921464,16
2017-02-28T00:00:00,24,North,65.09908179928355,48
2017-02-28T00:00:00,24,South,19.12302830732767,23
2017-02-28T00:00:00,24,East,14.53409990725314,20
2017-02-28T00:00:00,24,West,9.010043220772648,17
2017-02-28T01:00:00,25,North,56.71427982860225,49
2017-02-28T01:00:00,25,South,18.852389057332203,24
2017-02-28T01:00:00,25,East,10.397804850512253,19
2017-02-28T01:00:00,25,West,6.458270676250326,16
2017-02-28T02:00:00,26,North,48.973073094081904,49
2017-02-28T02:00:00,26,South,18.689408219519645,26
2017-02-28T02:00:00,26,East,7.8920649472718205,18
2017-02-28T02:00:00,26,West,4.259507708690566,15
2017-02-28T03:00:00,27,North,49.08515922526518,48
2017-02-28T03:00:00,27,South,16.945345178855835,25
2017-02-28T03:00:00,27,East,10.796528418780932,20
2017-02-28T03:00:00,27,West,4.674907396537082,15
2017-02-28T04:00:00,28,North,42.120426097970444,49
2017-02-28T04:00:00,28,South,15.08884253385037,25
2017-02-28T04:00:00,28,East,7.153437096133057,18
2017-02-28T04:00:00,28,West,4.864094171983873,16
2017-02-28T05:00:00,29,North,39.701569901515164,47
2017-02-28T05:00:00,29,South,15.146296757167498,26
2017-02-28T05:00:00,29,East,8.19649079161863,19
2017-02-28T05:00:00,29,West,4.064163498712338,16
2017-02-28T06:00:00,30,North,40.30624938958764,48
2017-02-28T06:00:00,30,South,13.626888894150508,24
2017-02-28T06:00:00,30,East,8.49861555777527,20
2017-02-28T06:00:00,30,West,4.0910143953553035,16
2017-02-28T07:00:00,31,North,45.199944217631646,49
2017-02-28T07:00:00,31,South,14.857409715988025,24
2017-02-28T07:00:00,31,East,9.16850828482616,19
2017-02-28T07:00:00,31,West,4.694661236443445,16
2017-02-28T08:00:00,32,North,51.136011308373064,49
2017-02-28T08:00:00,32,South,17.042832066967723,24
2017-02-28T08:00:00,32,East,8.892770391912261,19
2017-02-28T08:00:00,32,West,4.850204255117763,16
2017-02-28T09:00:00,33,North,60.75160039833094,50
2017-02-28T09:00:00,33,South,18.71275960853851,24
2017-02-28T09:00:00,33,East,11.836253864578696,19
2017-02-28T09:00:00,33,West,5.346651896785082,15
2017-02-28T10:00:00,34,North,71.23959514631896,48
2017-02-28T10:00:00,34,South,18.282239042399656,21
2017-02-28T10:00:00,34,East,18.757171373501425,22
2017-02-28T10:00:00,34,West,9.196990597393945,17
2017-02-28T11:00:00,35,North,79.70624199084439,48
2017-02-28T11:00:00,35,South,21.60251998740053,22
2017-02-28T11:00:00,35,East,21.303241454307223,22
2017-02-28T11:00:00,35,West,9.27019736724731,16
2017-02-28T12:00:00,36,North,78.45335279670519,48
2017-02-28T12:00:00,36,South,22.19508334494074,22
2017-02-28T12:00:00,36,East,19.66730200187406,21
2017-02-28T12:00:00,36,West,10.686189405666404,17
2017-02-28T13:00:00,37,North,72.27249723935034,47
2017-02-28T13:00:00,37,South,21.63053311969735,22
2017-02-28T13:00:00,37,East,19.995652026949234,22
2017-02-28T13:00:00,37,West,9.760302079757452,17
2017-02-28T14:00:00,38,North,80.51346092406013,49
2017-02-28T14:00:00,38,South,21.972378093562686,22
2017-02-28T14:00:00,38,East,19.493495480135405,21
2017-02-28T14:00:00,38,West,9.910145632087296,16
2017-02-28T15:00:00,39,North,79.79577641947274,48
2017-02-28T15:00:00,39,South,21.853562336088395,22
2017-02-28T15:00:00,39,East,21.303241454307223,22
2017-02-28T15:00:00,39,West,9.46611518441986,16
2017-02-28T16:00:00,40,North,79.32241930317879,48
2017-02-28T16:00:00,40,South,21.871296563711184,22
2017-02-28T16:00:00,40,East,20.206258354481566,21
2017-02-28T16:00:00,40,West,9.991127619998704,17
2017-02-28T17:00:00,41,North,76.92624613833414,49
2017-02-28T17:00:00,41,South,21.841580248195513,22
2017-02-28T17:00:00,41,East,18.20954807576784,21
2017-02-28T17:00:00,41,West,9.145616643091545,16
2017-02-28T18:00:00,42,North,75.71029527895047,49
2017-02-28T18:00:00,42,South,19.19709831136938,21
2017-02-28T18:00:00,42,East,19.23795988465565,21
2017-02-28T18:00:00,42,West,9.148777085336112,17
2017-02-28T19:00:00,43,North,82.81694664132725,49
2017-02-28T19:00:00,43,South,24.21001859794751,23
2017-02-28T19:00:00,43,East,19.298987794116343,20
2017-02-28T19:00:00,43,West,9.442336186146123,16
2017-02-28T20:00:00,44,North,81.96442782385338,49
2017-02-28T20:00:00,44,South,23.46660784674637,23
2017-02-28T20:00:00,44,East,18.325029746697084,20
2017-02-28T20:00:00,44,West,9.442564300855153,16
2017-02-28T21:00:00,45,North,82.03872573645276,49
2017-02-28T21:00:00,45,South,23.497605398230974,23
2017-02-28T21:00:00,45,East,18.11512872361849,20
2017-02-28T21:00:00,45,West,9.528921815007477,16
2017-02-28T22:00:00,46,North,79.6750058623614,49
2017-02-28T22:00:00,46,South,22.712474207894267,22
2017-02-28T22:00:00,46,East,19.36450825639129,21
2017-02-28T22:00:00,46,West,9.113825631841797,16
2017-02-28T23:00:00,47,North,75.35293877498391,49
2017-02-28T23:00:00,47,South,21.17446406686125,22
2017-02-28T23:00:00,47,East,19.04572808083394,21
2017-02-28T23:00:00,47,West,8.023648179890568,16
2017-03-01T00:00:00,48,North,72.81594842563257,48
2017-03-01T00:00:00,48,South,20.071869673100434,22
2017-03-01T00:00:00,48,East,17.990878141284995,21
2017-03-01T00:00:00,48,West,9.314235140629409,17
2017-03-01T01:00:00,49,North,58.742736728760484,48
2017-03-01T01:00:00,49,South,18.83958830577091,24
2017-03-01T01:00:00,49,East,14.291268564800355,21
2017-03-01T01:00:00,49,West,5.161919672991863,15
2017-03-01T02:00:00,50,North,53.04314436441638,49
2017-03-01T02:00:00,50,South,20.9569008416203,26
2017-03-01T02:00:00,50,East,8.614366424444622,18
2017-03-01T02:00:00,50,West,4.781711548101841,15
2017-03-01T03:00:00,51,North,52.15166978495183,51
2017-03-01T03:00:00,51,South,16.740148538200067,24
2017-03-01T03:00:00,51,East,8.47015495806492,18
2017-03-01T03:00:00,51,West,4.08317201602383,15
2017-03-01T04:00:00,52,North,39.40449616942061,49
2017-03-01T04:00:00,52,South,14.366818151119698,25
2017-03-01T04:00:00,52,East,6.0068038714226955,18
2017-03-01T04:00:00,52,West,4.791300013951728,16
2017-03-01T05:00:00,53,North,35.988084675135795,46
2017-03-01T05:00:00,53,South,15.147931324313152,26
2017-03-01T05:00:00,53,East,7.026351447687662,19
2017-03-01T05:00:00,53,West,4.877106094854502,17
2017-03-01T06:00:00,54,North,40.39430559749037,49
2017-03-01T06:00:00,54,South,13.569954132933542,24
2017-03-01T06:00:00,54,East,7.730339208652441,19
2017-03-01T06:00:00,54,West,4.634855006992738,16
2017-03-01T07:00:00,55,North,44.374885807594175,47
2017-03-01T07:00:00,55,South,18.19279814783985,27
2017-03-01T07:00:00,55,East,7.445774440892289,18
2017-03-01T07:00:00,55,West,4.825615331732743,16
2017-03-01T08:00:00,56,North,47.29279555960742,49
2017-03-01T08:00:00,56,South,15.036255230072872,23
2017-03-01T08:00:00,56,East,10.038587681922781,20
2017-03-01T08:00:00,56,West,4.927626460839342,16
2017-03-01T09:00:00,57,North,58.21165993737582,48
2017-03-01T09:00:00,57,South,18.663158619965834,23
2017-03-01T09:00:00,57,East,14.602059615706134,21
2017-03-01T09:00:00,57,West,6.204550231616197,16
2017-03-01T10:00:00,58,North,73.06417385389514,49
2017-03-01T10:00:00,58,South,17.925437537325234,21
2017-03-01T10:00:00,58,East,18.564322333486867,22
2017-03-01T10:00:00,58,West,8.50021475817591,16
2017-03-01T11:00:00,59,North,74.07792407932824,48
2017-03-01T11:00:00,59,South,18.972835464892988,21
2017-03-01T11:00:00,59,East,21.09756276696178,22
2017-03-01T11:00:00,59,West,9.323722871236681,17
2017-03-01T12:00:00,60,North,75.14945071024795,48
2017-03-01T12:00:00,60,South,19.11751073355795,21
2017-03-01T12:00:00,60,East,19.281614201841418,22
2017-03-01T12:00:00,60,West,10.763419063427506,17
2017-03-01T13:00:00,61,North,72.89071249210636,48
2017-03-01T13:00:00,61,South,19.11751073355795,22
2017-03-01T13:00:00,61,East,18.65286356753007,21
2017-03-01T13:00:00,61,West,9.89513295395756,17
2017-03-01T14:00:00,62,North,78.45319898127563,48
2017-03-01T14:00:00,62,South,22.032372398964284,22
2017-03-01T14:00:00,62,East,21.22962640242209,22
2017-03-01T14:00:00,62,West,9.571297136912147,16
2017-03-01T15:00:00,63,North,77.64262127532146,47
2017-03-01T15:00:00,63,South,22.558360561776706,22
2017-03-01T15:00:00,63,East,23.38747052485715,22
2017-03-01T15:00:00,63,West,10.183628972887995,17
2017-03-01T16:00:00,64,North,75.47073511006607,46
2017-03-01T16:00:00,64,South,21.086847678595845,22
2017-03-01T16:00:00,64,East,24.308934247051404,23
2017-03-01T16:00:00,64,West,10.074146506982595,17
2017-03-01T17:00:00,65,North,71.06198635188932,46
2017-03-01T17:00:00,65,South,20.80610841582774,22
2017-03-01T17:00:00,65,East,22.287445210941982,23
2017-03-01T17:00:00,65,West,9.48083699542841,17
2017-03-01T18:00:00,66,North,76.00167115089108,48
2017-03-01T18:00:00,66,South,19.034775782688374,21
2017-03-01T18:00:00,66,East,20.32538654419437,22
2017-03-01T18:00:00,66,West,9.929925256459796,17
2017-03-01T19:00:00,67,North,82.54799565691035,49
2017-03-01T19:00:00,67,South,21.659007482682124,22
2017-03-01T19:00:00,67,East,20.32538654419437,21
2017-03-01T19:00:00,67,West,10.071108852081258,16
2017-03-01T20:00:00,68,North,80.7727235983456,47
2017-03-01T20:00:00,68,South,24.57187440620511,23
2017-03-01T20:00:00,68,East,21.605244962047433,22
2017-03-01T20:00:00,68,West,9.925757887356497,16
2017-03-01T21:00:00,69,North,81.2163725308766,49
2017-03-01T21:00:00,69,South,21.679881693655695,22
2017-03-01T21:00:00,69,East,18.733387862936972,21
2017-03-01T21:00:00,69,West,9.908975637942335,16
2017-03-01T22:00:00,70,North,78.55506977858487,48
2017-03-01T22:00:00,70,South,23.01516068084111,23
2017-03-01T22:00:00,70,East,20.17138084380265,21
2017-03-01T22:00:00,70,West,8.786384566172991,16
2017-03-01T23:00:00,71,North,73.46535656034264,48
2017-03-01T23:00:00,71,South,22.33986873646254,23
2017-03-01T23:00:00,71,East,18.075591990145472,21
2017-03-01T23:00:00,71,West,9.167725997724105,16
2017-03-02T00:00:00,72,North,70.39475375385173,48
2017-03-02T00:00:00,72,South,22.129949188061698,23
2017-03-02T00:00:00,72,East,16.104170735445177,20
2017-03-02T00:00:00,72,West,8.61227701782237,17
2017-03-02T01:00:00,73,North,54.04115950981186,47
2017-03-02T01:00:00,73,South,21.239470589097685,26
2017-03-02T01:00:00,73,East,11.80618856753148,19
2017-03-02T01:00:00,73,West,6.359335548758144,16
2017-03-02T02:00:00,74,North,48.208661725275846,47
2017-03-02T02:00:00,74,South,21.123800030199043,27
2017-03-02T02:00:00,74,East,7.669497487213674,18
2017-03-02T02:00:00,74,West,4.902412919823225,16
2017-03-02T03:00:00,75,North,52.230968910234836,49
2017-03-02T03:00:00,75,South,18.01350759225338,25
2017-03-02T03:00:00,75,East,9.381857298796092,19
2017-03-02T03:00:00,75,West,5.01200825418787,15
2017-03-02T04:00:00,76,North,44.215974718089896,48
2017-03-02T04:00:00,76,South,16.658182668028036,26
2017-03-02T04:00:00,76,East,7.656991770877329,18
2017-03-02T04:00:00,76,West,5.49847662866893,16
2017-03-02T05:00:00,77,North,38.93287575201984,47
2017-03-02T05:00:00,77,South,14.79566180809983,25
2017-03-02T05:00:00,77,East,7.3943366027355815,19
2017-03-02T05:00:00,77,West,5.119611273873264,17
2017-03-02T06:00:00,78,North,43.48175578307961,46
2017-03-02T06:00:00,78,South,18.149852880492144,26
2017-03-02T06:00:00,78,East,10.016370373825813,20
2017-03-02T06:00:00,78,West,5.360918467430143,16
2017-03-02T07:00:00,79,North,44.56652040975269,46
2017-03-02T07:00:00,79,South,16.474037928011263,24
2017-03-02T07:00:00,79,East,13.353277643618734,22
2017-03-02T07:00:00,79,West,4.75781131185162,16
2017-03-02T08:00:00,80,North,49.50776349509927,46
2017-03-02T08:00:00,80,South,17.558619368754254,24
2017-03-02T08:00:00,80,East,15.225236275351385,22
2017-03-02T08:00:00,80,West,5.531110163702471,16
2017-03-02T09:00:00,81,North,60.07057854751726,47
2017-03-02T09:00:00,81,South,19.77127222343757,24
2017-03-02T09:00:00,81,East,17.299424731543034,22
2017-03-02T09:00:00,81,West,5.9957331470129285,15
2017-03-02T10:00:00,82,North,74.00321959071547,48
2017-03-02T10:00:00,82,South,18.16810929817785,21
2017-03-02T10:00:00,82,East,23.864256468437524,23
2017-03-02T10:00:00,82,West,9.217488325992571,16
2017-03-02T11:00:00,83,North,74.78090037634637,48
2017-03-02T11:00:00,83,South,18.47870692671789,21
2017-03-02T11:00:00,83,East,21.992965557463037,23
2017-03-02T11:00:00,83,West,9.251415655787225,16
2017-03-02T12:00:00,84,North,77.69968220718792,49
2017-03-02T12:00:00,84,South,18.13290129218975,21
2017-03-02T12:00:00,84,East,20.00589713684871,21
2017-03-02T12:00:00,84,West,10.75558547867669,17
2017-03-02T13:00:00,85,North,72.68266038977903,45
2017-03-02T13:00:00,85,South,18.695272488273865,21
2017-03-02T13:00:00,85,East,28.126374165821254,25
2017-03-02T13:00:00,85,West,10.076488597205463,17
2017-03-02T14:00:00,86,North,97.56417307692308,49
2017-03-02T14:00:00,86,South,21.90423286110485,20
2017-03-02T14:00:00,86,East,29.666144571562402,23
2017-03-02T14:00:00,86,West,9.647987185208967,16
2017-03-02T15:00:00,87,North,93.16417307692308,51
2017-03-02T15:00:00,87,South,22.92908565633705,22
2017-03-02T15:00:00,87,East,17.60713027797588,19
2017-03-02T15:00:00,87,West,9.973438620585394,16
2017-03-02T16:00:00,88,North,83.1119298245614,48
2017-03-02T16:00:00,88,South,21.22655426893756,21
2017-03-02T16:00:00,88,East,22.3170645808734,22
2017-03-02T16:00:00,88,West,10.282256475176936,17
2017-03-02T17:00:00,89,North,79.50734649122808,48
2017-03-02T17:00:00,89,South,22.447849837650445,22
2017-03-02T17:00:00,89,East,20.365993972118257,21
2017-03-02T17:00:00,89,West,9.835760651496118,17
2017-03-02T18:00:00,90,North,85.54491228070175,44
2017-03-02T18:00:00,90,South,19.028944456338866,19
2017-03-02T18:00:00,90,East,49.236583333333336,30
2017-03-02T18:00:00,90,West,9.268248402944732,15
2017-03-02T19:00:00,91,North,94.6757520242915,34
2017-03-02T19:00:00,91,South,21.173317119384393,17
2017-03-02T19:00:00,91,East,128.28,42
2017-03-02T19:00:00,91,West,10.309162263783673,15
2017-03-02T20:00:00,92,North,85.29965832140192,33
2017-03-02T20:00:00,92,South,22.773478661286237,18
2017-03-02T20:00:00,92,East,123.33,42
2017-03-02T20:00:00,92,West,10.93127727177273,15
2017-03-02T21:00:00,93,North,78.21999073375582,38
2017-03-02T21:00:00,93,South,21.71206434144579,19
2017-03-02T21:00:00,93,East,69.46000000000001,36
2017-03-02T21:00:00,93,West,9.551684177660084,15
2017-03-02T22:00:00,94,North,79.21672896927184,40
2017-03-02T22:00:00,94,South,21.732666899195916,20
2017-03-02T22:00:00,94,East,58.33,33
2017-03-02T22:00:00,94,West,10.279704911509047,15
2017-03-02T23:00:00,95,North,71.77463085889131,46
2017-03-02T23:00:00,95,South,20.259933352177832,22
2017-03-02T23:00:00,95,East,25.915749028749012,24
2017-03-02T23:00:00,95,West,8.966420756344762,16
2017-03-03T00:00:00,96,North,61.71595913242197,43
2017-03-03T00:00:00,96,South,21.151057364528494,23
2017-03-03T00:00:00,96,East,27.157664232453563,26
2017-03-03T00:00:00,96,West,8.248517661149645,16
2017-03-03T01:00:00,97,North,59.83098768160504,46
2017-03-03T01:00:00,97,South,20.51220331004498,23
2017-03-03T01:00:00,97,East,20.200825042092134,23
2017-03-03T01:00:00,97,West,6.36403107776067,16
2017-03-03T02:00:00,98,North,56.38548385714391,49
2017-03-03T02:00:00,98,South,17.585999685233507,24
2017-03-03T02:00:00,98,East,12.152186501853091,20
2017-03-03T02:00:00,98,West,5.072877288914166,15
2017-03-03T03:00:00,99,North,47.59840161218804,48
2017-03-03T03:00:00,99,South,15.567038348796016,24
2017-03-03T03:00:00,99,East,10.334584716065631,20
2017-03-03T03:00:00,99,West,5.3836043338172,16
2017-03-03T04:00:00,100,North,41.52012093852395,46
2017-03-03T04:00:00,100,South,15.436891268388008,25
2017-03-03T04:00:00,100,East,10.33458471606563,21
2017-03-03T04:00:00,100,West,5.314671474488515,16
2017-03-03T05:00:00,101,North,39.62659229451138,49
2017-03-03T05:00:00,101,South,13.634589651167754,25
2017-03-03T05:00:00,101,East,6.968220831922287,18
2017-03-03T05:00:00,101,West,4.670806436769631,16
2017-03-03T06:00:00,102,North,39.60072334864243,48
2017-03-03T06:00:00,102,South,11.482174438492596,22
2017-03-03T06:00:00,102,East,9.621151260009436,21
2017-03-03T06:00:00,102,West,5.327631761518669,17
2017-03-03T07:00:00,103,North,41.773637351201415,46
2017-03-03T07:00:00,103,South,15.436891268388008,24
2017-03-03T07:00:00,103,East,12.270844268939578,22
2017-03-03T07:00:00,103,West,4.951143121183906,16
2017-03-03T08:00:00,104,North,42.58697737235401,46
2017-03-03T08:00:00,104,South,14.24619458649855,23
2017-03-03T08:00:00,104,East,12.12003003473361,22
2017-03-03T08:00:00,104,West,6.099153216118851,17
2017-03-03T09:00:00,105,North,56.4538496197352,47
2017-03-03T09:00:00,105,South,16.410363481690936,22
2017-03-03T09:00:00,105,East,16.914391194029378,22
2017-03-03T09:00:00,105,West,7.316784143624261,17
2017-03-03T10:00:00,106,North,64.04815488195815,47
2017-03-03T10:00:00,106,South,16.52032286520653,21
2017-03-03T10:00:00,106,East,23.18390676790407,24
2017-03-03T10:00:00,106,West,6.9453754594228965,16
2017-03-03T11:00:00,107,North,71.87939141533423,48
2017-03-03T11:00:00,107,South,17.82454530533336,21
2017-03-03T11:00:00,107,East,22.25982449402251,23
2017-03-03T11:00:00,107,West,8.785510658613703,16
2017-03-03T12:00:00,108,North,73.1144547166341,48
2017-03-03T12:00:00,108,South,19.35634835434581,22
2017-03-03T12:00:00,108,East,18.81057959524999,21
2017-03-03T12:00:00,108,West,10.509669111288089,17
2017-03-03T13:00:00,109,North,69.75174703151214,48
2017-03-03T13:00:00,109,South,16.908842001984794,21
2017-03-03T13:00:00,109,East,19.94877942365593,22
2017-03-03T13:00:00,109,West,9.979980216748906,17
2017-03-03T14:00:00,110,North,70.65109943424622,48
2017-03-03T14:00:00,110,South,18.40695968267134,21
2017-03-03T14:00:00,110,East,15.542931419232538,20
2017-03-03T14:00:00,110,West,13.038007501965964,19
2017-03-03T15:00:00,111,North,72.14084052635184,48
2017-03-03T15:00:00,111,South,18.406959682671335,21
2017-03-03T15:00:00,111,East,18.32627254700474,21
2017-03-03T15:00:00,111,West,12.310098263706362,18
2017-03-03T16:00:00,112,North,66.1419703772503,47
2017-03-03T16:00:00,112,South,18.517487081006927,22
2017-03-03T16:00:00,112,East,18.306843975576175,21
2017-03-03T16:00:00,112,West,11.054855063914902,18
2017-03-03T17:00:00,113,North,66.0439388478478,47
2017-03-03T17:00:00,113,South,17.263247776594003,21
2017-03-03T17:00:00,113,East,19.661810027463503,23
2017-03-03T17:00:00,113,West,10.065065739487412,17
2017-03-03T18:00:00,114,North,63.81513923220058,47
2017-03-03T18:00:00,114,South,17.65547416853139,22
2017-03-03T18:00:00,114,East,17.285794215884838,22
2017-03-03T18:00:00,114,West,10.006168379559066,17
2017-03-03T19:00:00,115,North,72.1655064736475,48
2017-03-03T19:00:00,115,South,19.571157063752448,22
2017-03-03T19:00:00,115,East,20.17096327301309,22
2017-03-03T19:00:00,115,West,9.32912407141966,16
2017-03-03T20:00:00,116,North,72.29434754048454,48
2017-03-03T20:00:00,116,South,21.212652745732488,23
2017-03-03T20:00:00,116,East,15.402648361159166,20
2017-03-03T20:00:00,116,West,10.528229716707262,17
2017-03-03T21:00:00,117,North,73.32888969664704,48
2017-03-03T21:00:00,117,South,20.426438192991025,22
2017-03-03T21:00:00,117,East,17.850167839212535,21
2017-03-03T21:00:00,117,West,9.705188758932312,17
2017-03-03T22:00:00,118,North,66.36336812337373,46
2017-03-03T22:00:00,118,South,20.2411284237268,22
2017-03-03T22:00:00,118,East,20.615830743491998,23
2017-03-03T22:00:00,118,West,9.831393091163777,17
2017-03-03T23:00:00,119,North,65.02524843410755,48
2017-03-03T23:00:00,119,South,18.15584159596008,22
2017-03-03T23:00:00,119,East,17.204459418040393,22
2017-03-03T23:00:00,119,West,8.134078485222433,16
2017-03-04T00:00:00,120,North,55.91309086139639,42
2017-03-04T00:00:00,120,South,17.250625197133598,21
2017-03-04T00:00:00,120,East,32.913095815003715,29
2017-03-04T00:00:00,120,West,7.936627846838392,16
2017-03-04T01:00:00,121,North,49.77900624249006,45
2017-03-04T01:00:00,121,South,17.218008333998814,23
2017-03-04T01:00:00,121,East,17.557492648049152,24
2017-03-04T01:00:00,121,West,5.935093361074292,16
2017-03-04T02:00:00,122,North,42.012968318394265,45
2017-03-04T02:00:00,122,South,16.343366909520505,25
2017-03-04T02:00:00,122,East,10.798452254522472,20
2017-03-04T02:00:00,122,West,8.400597450660555,18
2017-03-04T03:00:00,123,North,39.76031694933694,47
2017-03-04T03:00:00,123,South,13.707473423457158,24
2017-03-04T03:00:00,123,East,9.967988996282084,21
2017-03-04T03:00:00,123,West,5.146929510990308,16
2017-03-04T04:00:00,124,North,31.581310538505143,45
2017-03-04T04:00:00,124,South,14.061476867523448,26
2017-03-04T04:00:00,124,East,7.640420605852425,20
2017-03-04T04:00:00,124,West,4.942843380559072,17
2017-03-04T05:00:00,125,North,26.65621630510236,44
2017-03-04T05:00:00,125,South,9.320615308462928,23
2017-03-04T05:00:00,125,East,8.979612955129909,23
2017-03-04T05:00:00,125,West,5.134326849031236,18
2017-03-04T06:00:00,126,North,27.645216305102362,44
2017-03-04T06:00:00,126,South,10.675545266106742,24
2017-03-04T06:00:00,126,East,8.851991897219055,22
2017-03-04T06:00:00,126,West,5.068107161274881,18
2017-03-04T07:00:00,127,North,26.617645454899932,41
2017-03-04T07:00:00,127,South,10.675545266106742,24
2017-03-04T07:00:00,127,East,11.85536621409904,25
2017-03-04T07:00:00,127,West,5.242256531419322,18
2017-03-04T08:00:00,128,North,32.707891961742035,44
2017-03-04T08:00:00,128,South,11.510346370678752,23
2017-03-04T08:00:00,128,East,11.473784245279157,23
2017-03-04T08:00:00,128,West,6.118006956364349,18
2017-03-04T09:00:00,129,North,36.542133497135524,43
2017-03-04T09:00:00,129,South,11.38963210286793,21
2017-03-04T09:00:00,129,East,17.024691683218776,26
2017-03-04T09:00:00,129,West,6.637180314421661,18
2017-03-04T10:00:00,130,North,45.31991468896348,45
2017-03-04T10:00:00,130,South,13.079311877523004,21
2017-03-04T10:00:00,130,East,17.106073201025403,24
2017-03-04T10:00:00,130,West,8.235653835431723,18
2017-03-04T11:00:00,131,North,48.665317022039076,45
2017-03-04T11:00:00,131,South,13.100180284648037,21
2017-03-04T11:00:00,131,East,18.715625369376873,25
2017-03-04T11:00:00,131,West,7.736949286862233,17
2017-03-04T12:00:00,132,North,45.878563500965726,45
2017-03-04T12:00:00,132,South,12.387674718832114,21
2017-03-04T12:00:00,132,East,16.48185458630678,24
2017-03-04T12:00:00,132,West,8.087725843643675,18
2017-03-04T13:00:00,133,North,41.13552949931431,41
2017-03-04T13:00:00,133,South,13.392795593108726,22
2017-03-04T13:00:00,133,East,21.770812651141814,27
2017-03-04T13:00:00,133,West,8.453078377996171,18
2017-03-04T14:00:00,134,North,42.34255803732033,43
2017-03-04T14:00:00,134,South,13.15431500194203,21
2017-03-04T14:00:00,134,East,19.166442106805043,26
2017-03-04T14:00:00,134,West,7.925207076870682,18
2017-03-04T15:00:00,135,North,48.12997209146668,45
2017-03-04T15:00:00,135,South,13.494832314153511,21
2017-03-04T15:00:00,135,East,18.618801643938816,25
2017-03-04T15:00:00,135,West,7.795347476079483,17
2017-03-04T16:00:00,136,North,45.21304901454361,45
2017-03-04T16:00:00,136,South,14.598246153729775,22
2017-03-04T16:00:00,136,East,16.249827918005497,24
2017-03-04T16:00:00,136,West,7.394393872631895,17
2017-03-04T17:00:00,137,North,44.348741831587546,42
2017-03-04T17:00:00,137,South,15.448710934278186,22
2017-03-04T17:00:00,137,East,22.18063371284199,27
2017-03-04T17:00:00,137,West,7.367880031396711,17
2017-03-04T18:00:00,138,North,50.803284585612104,46
2017-03-04T18:00:00,138,South,12.835951898080841,21
2017-03-04T18:00:00,138,East,17.25782229819181,24
2017-03-04T18:00:00,138,West,7.898163547480194,17
2017-03-04T19:00:00,139,North,52.774228803737216,43
2017-03-04T19:00:00,139,South,15.423778976420415,21
2017-03-04T19:00:00,139,East,25.36305453732566,27
2017-03-04T19:00:00,139,West,8.036326758943964,17
2017-03-04T20:00:00,140,North,57.29931174145492,45
2017-03-04T20:00:00,140,South,17.22313797865568,22
2017-03-04T20:00:00,140,East,22.854160290296278,25
2017-03-04T20:00:00,140,West,7.8798916329716935,16
2017-03-04T21:00:00,141,North,55.70595042835258,45
2017-03-04T21:00:00,141,South,13.11746420183943,20
2017-03-04T21:00:00,141,East,23.58876857900294,26
2017-03-04T21:00:00,141,West,7.82771329320877,17
2017-03-04T22:00:00,142,North,55.799415773130455,46
2017-03-04T22:00:00,142,South,18.15584159596008,23
2017-03-04T22:00:00,142,East,17.579927094253424,23
2017-03-04T22:00:00,142,West,7.4195310880440335,16
2017-03-04T23:00:00,143,North,51.86171589766902,46
2017-03-04T23:00:00,143,South,16.7523765768225,23
2017-03-04T23:00:00,143,East,16.039038227671764,22
2017-03-04T23:00:00,143,West,7.401276844314185,17
2017-03-05T00:00:00,144,North,48.55090698652721,45
2017-03-05T00:00:00,144,South,18.27662801135116,25
2017-03-05T00:00:00,144,East,13.092081754789426,21
2017-03-05T00:00:00,144,West,6.954385901622677,17
2017-03-05T01:00:00,145,North,38.54572365053724,44
2017-03-05T01:00:00,145,South,14.093187655337998,24
2017-03-05T01:00:00,145,East,12.690210076962442,23
2017-03-05T01:00:00,145,West,6.0547906892531005,17
2017-03-05T02:00:00,146,North,32.961117222449374,43
2017-03-05T02:00:00,146,South,13.274451756212923,25
2017-03-05T02:00:00,146,East,11.767742742007188,23
2017-03-05T02:00:00,146,West,5.0535796155044235,17
2017-03-05T03:00:00,147,North,33.90091789866431,45
2017-03-05T03:00:00,147,South,12.137663610350568,24
2017-03-05T03:00:00,147,East,10.40762121721542,22
2017-03-05T03:00:00,147,West,4.675812433498902,17
2017-03-05T04:00:00,148,North,30.069225193594644,45
2017-03-05T04:00:00,148,South,11.864182423188744,25
2017-03-05T04:00:00,148,East,7.666280591221812,20
2017-03-05T04:00:00,148,West,5.236981613255198,18
2017-03-05T05:00:00,149,North,28.373706377780152,44
2017-03-05T05:00:00,149,South,11.976627818908723,26
2017-03-05T05:00:00,149,East,8.190876607062146,21
2017-03-05T05:00:00,149,West,4.147165755240785,17
2017-03-05T06:00:00,150,North,24.362837431911206,43
2017-03-05T06:00:00,150,South,11.976627818908723,27
2017-03-05T06:00:00,150,East,6.710624278206761,20
2017-03-05T06:00:00,150,West,4.533565328276408,18
2017-03-05T07:00:00,151,North,30.29669515313735,47
2017-03-05T07:00:00,151,South,9.610561241203074,23
2017-03-05T07:00:00,151,East,7.205392374672061,20
2017-03-05T07:00:00,151,West,5.256475979280834,18
2017-03-05T08:00:00,152,North,33.3571752046174,45
2017-03-05T08:00:00,152,South,10.410894675689311,22
2017-03-05T08:00:00,152,East,10.986356522274127,23
2017-03-05T08:00:00,152,West,6.104709342922009,18
2017-03-05T09:00:00,153,North,36.39005277109056,44
2017-03-05T09:00:00,153,South,12.949212273980603,24
2017-03-05T09:00:00,153,East,12.464160335315423,23
2017-03-05T09:00:00,153,West,6.087391705267762,17
2017-03-05T10:00:00,154,North,45.74867668703437,46
2017-03-05T10:00:00,154,South,14.850566236261402,23
2017-03-05T10:00:00,154,East,14.093874076090758,22
2017-03-05T10:00:00,154,West,6.825687014428481,17
2017-03-05T11:00:00,155,North,45.69188429281838,47
2017-03-05T11:00:00,155,South,13.088466606581521,22
2017-03-05T11:00:00,155,East,10.963887248655679,21
2017-03-05T11:00:00,155,West,7.914725968954753,18
2017-03-05T12:00:00,156,North,46.906993505061976,47
2017-03-05T12:00:00,156,South,11.287748388869986,21
2017-03-05T12:00:00,156,East,14.335172472163705,23
2017-03-05T12:00:00,156,West,7.250423433401016,17
2017-03-05T13:00:00,157,North,46.9070430882192,48
2017-03-05T13:00:00,157,South,11.363978094995854,21
2017-03-05T13:00:00,157,East,11.196361616287543,21
2017-03-05T13:00:00,157,West,7.761968549448284,18
2017-03-05T14:00:00,158,North,44.818334233866146,46
2017-03-05T14:00:00,158,South,15.365468325241224,24
2017-03-05T14:00:00,158,East,10.739523291681271,20
2017-03-05T14:00:00,158,West,7.370687995045589,18
2017-03-05T15:00:00,159,North,46.75053089670815,47
2017-03-05T15:00:00,159,South,12.732359688256905,22
2017-03-05T15:00:00,159,East,13.16853405040301,22
2017-03-05T15:00:00,159,West,7.227426842827857,17
2017-03-05T16:00:00,160,North,47.89117688954156,47
2017-03-05T16:00:00,160,South,14.606841844579355,23
2017-03-05T16:00:00,160,East,11.44270729698116,21
2017-03-05T16:00:00,160,West,7.31737132561007,17
2017-03-05T17:00:00,161,North,41.025355522188335,43
2017-03-05T17:00:00,161,South,15.501545265178953,23
2017-03-05T17:00:00,161,East,15.658916721678153,24
2017-03-05T17:00:00,161,West,7.904177506375472,18
2017-03-05T18:00:00,162,North,48.00015065626138,46
2017-03-05T18:00:00,162,South,13.617884920972749,22
2017-03-05T18:00:00,162,East,15.610250055011486,23
2017-03-05T18:00:00,162,West,7.816654772685426,17
2017-03-05T19:00:00,163,North,54.34302914561371,49
2017-03-05T19:00:00,163,South,14.000443567261529,22
2017-03-05T19:00:00,163,East,11.263488552908628,20
2017-03-05T19:00:00,163,West,7.66250921047477,17
2017-03-05T20:00:00,164,North,56.51470473889385,50
2017-03-05T20:00:00,164,South,15.310186583623864,22
2017-03-05T20:00:00,164,East,10.87323717039515,19
2017-03-05T20:00:00,164,West,7.932228213638013,17
2017-03-05T21:00:00,165,North,59.391497196933614,49
2017-03-05T21:00:00,165,South,15.622208231151946,22
2017-03-05T21:00:00,165,East,12.920974139422544,20
2017-03-05T21:00:00,165,West,7.863822108040938,17
2017-03-05T22:00:00,166,North,55.47700284478397,49
2017-03-05T22:00:00,166,South,16.289821918245316,23
2017-03-05T22:00:00,166,East,11.471040630314493,19
2017-03-05T22:00:00,166,West,7.617847294822715,17
2017-03-05T23:00:00,167,North,52.51483243627532,48
2017-03-05T23:00:00,167,South,15.346398712238198,23
2017-03-05T23:00:00,167,East,12.375558886160967,20
2017-03-05T23:00:00,167,West,7.281893710132515,17
2017-03-06T00:00:00,0,North,53.05784125441255,46
2017-03-06T00:00:00,0,South,15.538665320360575,22
2017-03-06T00:00:00,0,East,15.697592351816965,22
2017-03-06T00:00:00,0,West,8.801610740624367,18
2017-03-06T01:00:00,1,North,41.82901334393232,45
2017-03-06T01:00:00,1,South,17.26517867101897,26
2017-03-06T01:00:00,1,East,10.84224312893214,21
2017-03-06T01:00:00,1,West,5.752979499425214,16
2017-03-06T02:00:00,2,North,35.30756311507561,46
2017-03-06T02:00:00,2,South,13.489948642945837,25
2017-03-06T02:00:00,2,East,7.392978579331666,19
2017-03-06T02:00:00,2,West,5.691604674517488,18
2017-03-06T03:00:00,3,North,33.46332950970946,45
2017-03-06T03:00:00,3,South,14.71568325746446,26
2017-03-06T03:00:00,3,East,8.20735534137107,20
2017-03-06T03:00:00,3,West,5.49640914196636,17
2017-03-06T04:00:00,4,North,35.38337846358702,47
2017-03-06T04:00:00,4,South,14.216455260632271,26
2017-03-06T04:00:00,4,East,6.065621221665116,18
2017-03-06T04:00:00,4,West,4.826278969443543,17
2017-03-06T05:00:00,5,North,32.84436843488477,47
2017-03-06T05:00:00,5,South,11.785484343799464,24
2017-03-06T05:00:00,5,East,7.71459278173816,20
2017-03-06T05:00:00,5,West,4.818825744202706,17
2017-03-06T06:00:00,6,North,37.8464365632327,48
2017-03-06T06:00:00,6,South,13.340811039386285,25
2017-03-06T06:00:00,6,East,7.596563978946584,19
2017-03-06T06:00:00,6,West,4.845971143230405,16
2017-03-06T07:00:00,7,North,41.29294498059256,48
2017-03-06T07:00:00,7,South,13.247130489990779,24
2017-03-06T07:00:00,7,East,9.545312039921484,20
2017-03-06T07:00:00,7,West,4.9611387749333735,16
2017-03-06T08:00:00,8,North,46.2108547326058,48
2017-03-06T08:00:00,8,South,14.604905492725967,23
2017-03-06T08:00:00,8,East,9.675544707176739,20
2017-03-06T08:00:00,8,West,5.941314877366747,17
2017-03-06T09:00:00,9,North,56.77237104962122,49
2017-03-06T09:00:00,9,South,16.055802571021253,22
2017-03-06T09:00:00,9,East,13.440139529781094,21
2017-03-06T09:00:00,9,West,6.299603880015535,16
2017-03-06T10:00:00,10,North,71.29841813222197,49
2017-03-06T10:00:00,10,South,18.406765074162873,22
2017-03-06T10:00:00,10,East,16.63040840710501,21
2017-03-06T10:00:00,10,West,7.617092143624087,16
2017-03-06T11:00:00,11,North,78.42189719189489,50
2017-03-06T11:00:00,11,South,21.456548125141868,22
2017-03-06T11:00:00,11,East,13.73303213083209,19
2017-03-06T11:00:00,11,West,9.384803831478164,17
2017-03-06T12:00:00,12,North,73.94693112843025,48
2017-03-06T12:00:00,12,South,19.6979021877987,22
2017-03-06T12:00:00,12,East,16.78278069734688,20
2017-03-06T12:00:00,12,West,11.267506324593727,18
2017-03-06T13:00:00,13,North,76.18193205996015,50
2017-03-06T13:00:00,13,South,19.050446609979705,21
2017-03-06T13:00:00,13,East,15.361710254307168,20
2017-03-06T13:00:00,13,West,9.875539477221047,17
2017-03-06T14:00:00,14,North,75.15199213156387,49
2017-03-06T14:00:00,14,South,21.062594410825987,23
2017-03-06T14:00:00,14,East,14.587879197094146,19
2017-03-06T14:00:00,14,West,9.666992585663987,17
2017-03-06T15:00:00,15,North,75.01934424058109,49
2017-03-06T15:00:00,15,South,22.8395450216183,23
2017-03-06T15:00:00,15,East,14.320227267330113,19
2017-03-06T15:00:00,15,West,10.159715708753453,17
2017-03-06T16:00:00,16,North,76.29201116070682,48
2017-03-06T16:00:00,16,South,22.58987297327038,23
2017-03-06T16:00:00,16,East,15.645069066374846,19
2017-03-06T16:00:00,16,West,12.289693472037477,18
2017-03-06T17:00:00,17,North,75.49356261371724,49
2017-03-06T17:00:00,17,South,21.19422427901541,23
2017-03-06T17:00:00,17,East,14.307804712306922,19
2017-03-06T17:00:00,17,West,10.094928237348142,17
2017-03-06T18:00:00,18,North,76.13177766072015,49
2017-03-06T18:00:00,18,South,22.625859026733153,23
2017-03-06T18:00:00,18,East,14.307804712306922,19
2017-03-06T18:00:00,18,West,9.064237407241801,17
2017-03-06T19:00:00,19,North,75.87065476166222,49
2017-03-06T19:00:00,19,South,23.82966017428882,23
2017-03-06T19:00:00,19,East,14.307804712306922,19
2017-03-06T19:00:00,19,West,10.007578903043477,17
2017-03-06T20:00:00,20,North,78.69870813064288,50
2017-03-06T20:00:00,20,South,21.343775783474545,22
2017-03-06T20:00:00,20,East,14.341139884303384,19
2017-03-06T20:00:00,20,West,9.862571512060477,17
2017-03-06T21:00:00,21,North,79.05789680308156,49
2017-03-06T21:00:00,21,South,25.72365661723851,24
2017-03-06T21:00:00,21,East,14.420459612194538,19
2017-03-06T21:00:00,21,West,9.578682921478382,16
2017-03-06T22:00:00,22,North,77.34988675938276,49
2017-03-06T22:00:00,22,South,21.890096633529403,23
2017-03-06T22:00:00,22,East,15.53240160058095,20
2017-03-06T22:00:00,22,West,8.972761537007681,16
2017-03-06T23:00:00,23,North,77.01934616731548,49
2017-03-06T23:00:00,23,South,22.590923867894116,23
2017-03-06T23:00:00,23,East,15.412408931074982,20
2017-03-06T23:00:00,23,West,8.405886075804272,16
2017-03-07T00:00:00,24,North,67.3590350774001,48
2017-03-07T00:00:00,24,South,22.161218561654685,24
2017-03-07T00:00:00,24,East,14.466626150652694,19
2017-03-07T00:00:00,24,West,9.10869593481626,17
2017-03-07T01:00:00,25,North,57.17299309854727,48
2017-03-07T01:00:00,25,South,21.007838944115687,25
2017-03-07T01:00:00,25,East,11.931515516061786,19
2017-03-07T01:00:00,25,West,6.563734669101129,16
2017-03-07T02:00:00,26,North,51.03642242290138,49
2017-03-07T02:00:00,26,South,18.94494967864865,25
2017-03-07T02:00:00,26,East,8.463548602379284,18
2017-03-07T02:00:00,26,West,5.139721606056396,16
2017-03-07T03:00:00,27,North,47.178453528406,47
2017-03-07T03:00:00,27,South,19.631409676596085,26
2017-03-07T03:00:00,27,East,9.556509017769027,19
2017-03-07T03:00:00,27,West,5.460629831922039,16
2017-03-07T04:00:00,28,North,38.506845030397464,47
2017-03-07T04:00:00,28,South,14.685461328333474,25
2017-03-07T04:00:00,28,East,7.506643454464486,19
2017-03-07T04:00:00,28,West,5.553213962242741,17
2017-03-07T05:00:00,29,North,37.05423332813029,48
2017-03-07T05:00:00,29,South,14.685461328333474,26
2017-03-07T05:00:00,29,East,5.651591750903527,17
2017-03-07T05:00:00,29,West,4.811460796835162,17
2017-03-07T06:00:00,30,North,38.85627910943931,46
2017-03-07T06:00:00,30,South,15.832066638420377,26
2017-03-07T06:00:00,30,East,8.612929006591067,20
2017-03-07T06:00:00,30,West,4.728904255848894,16
2017-03-07T07:00:00,31,North,45.405573997647984,49
2017-03-07T07:00:00,31,South,15.86283242978119,25
2017-03-07T07:00:00,31,East,7.682020949362186,18
2017-03-07T07:00:00,31,West,5.479567695291557,16
2017-03-07T08:00:00,32,North,46.39663103648293,48
2017-03-07T08:00:00,32,South,16.7758053568717,25
2017-03-07T08:00:00,32,East,9.530711613866961,19
2017-03-07T08:00:00,32,West,5.297029434633172,16
2017-03-07T09:00:00,33,North,55.655813926981,48
2017-03-07T09:00:00,33,South,19.2952136516516,24
2017-03-07T09:00:00,33,East,11.293792537237673,19
2017-03-07T09:00:00,33,West,6.935577716256263,17
2017-03-07T10:00:00,34,North,70.49960063201482,49
2017-03-07T10:00:00,34,South,21.188789107241636,23
2017-03-07T10:00:00,34,East,15.610779863462803,20
2017-03-07T10:00:00,34,West,8.38949829249069,16
2017-03-07T11:00:00,35,North,82.20069209464346,50
2017-03-07T11:00:00,35,South,21.7739510022468,22
2017-03-07T11:00:00,35,East,15.520037979589205,19
2017-03-07T11:00:00,35,West,9.910536191928173,17
2017-03-07T12:00:00,36,North,78.5027397994337,49
2017-03-07T12:00:00,36,South,21.554243363237106,22
2017-03-07T12:00:00,36,East,15.696345403420814,20
2017-03-07T12:00:00,36,West,10.133802175748679,17
2017-03-07T13:00:00,37,North,73.7188784181612,50
2017-03-07T13:00:00,37,South,18.321637529898652,21
2017-03-07T13:00:00,37,East,15.910879676026534,20
2017-03-07T13:00:00,37,West,10.14801972120978,17
2017-03-07T14:00:00,38,North,76.88736543084977,49
2017-03-07T14:00:00,38,South,20.650544887369847,22
2017-03-07T14:00:00,38,East,15.47905877774755,20
2017-03-07T14:00:00,38,West,9.95925010642102,17
2017-03-07T15:00:00,39,North,78.29685018414703,49
2017-03-07T15:00:00,39,South,22.666712452607392,23
2017-03-07T15:00:00,39,East,15.611939632537258,19
2017-03-07T15:00:00,39,West,9.527762260559568,17
2017-03-07T16:00:00,40,North,76.7139622916371,48
2017-03-07T16:00:00,40,South,21.755639125545773,22
2017-03-07T16:00:00,40,East,15.540813341368095,19
2017-03-07T16:00:00,40,West,15.747100969285505,19
2017-03-07T17:00:00,41,North,75.11327539040037,48
2017-03-07T17:00:00,41,South,22.457811546286287,23
2017-03-07T17:00:00,41,East,16.477685768560786,20
2017-03-07T17:00:00,41,West,9.996531507922583,17
2017-03-07T18:00:00,42,North,76.15770942380905,48
2017-03-07T18:00:00,42,South,21.635392111453022,22
2017-03-07T18:00:00,42,East,15.258870827831366,19
2017-03-07T18:00:00,42,West,14.327355713456098,19
2017-03-07T19:00:00,43,North,80.85189940875617,50
2017-03-07T19:00:00,43,South,21.722600355678576,22
2017-03-07T19:00:00,43,East,15.258870827831366,19
2017-03-07T19:00:00,43,West,11.583045808479307,17
2017-03-07T20:00:00,44,North,78.21314244582595,49
2017-03-07T20:00:00,44,South,21.605433466492997,22
2017-03-07T20:00:00,44,East,15.624451431715203,20
2017-03-07T20:00:00,44,West,9.742617344350764,17
2017-03-07T21:00:00,45,North,80.85848673990921,50
2017-03-07T21:00:00,45,South,21.770711522835565,22
2017-03-07T21:00:00,45,East,15.539228096707346,20
2017-03-07T21:00:00,45,West,8.909229944688702,16
2017-03-07T22:00:00,46,North,77.0522110912448,49
2017-03-07T22:00:00,46,South,21.69252694391031,23
2017-03-07T22:00:00,46,East,15.50396493881261,20
2017-03-07T22:00:00,46,West,9.241573772615478,16
2017-03-07T23:00:00,47,North,75.18554531747633,49
2017-03-07T23:00:00,47,South,21.68422474338997,23
2017-03-07T23:00:00,47,East,14.655067379036478,19
2017-03-07T23:00:00,47,West,9.89483289863793,17
2017-03-08T00:00:00,48,North,74.24720709388156,49
2017-03-08T00:00:00,48,South,21.944020126751173,23
2017-03-08T00:00:00,48,East,15.088412716940907,20
2017-03-08T00:00:00,48,West,8.773750518589853,16
2017-03-08T01:00:00,49,North,54.98264257475339,47
2017-03-08T01:00:00,49,South,21.378325595058776,26
2017-03-08T01:00:00,49,East,12.05633848641319,20
2017-03-08T01:00:00,49,West,5.525891759229886,15
2017-03-08T02:00:00,50,North,54.91849706388503,50
2017-03-08T02:00:00,50,South,19.092958770863888,25
2017-03-08T02:00:00,50,East,8.34282531083806,18
2017-03-08T02:00:00,50,West,5.003045074729522,15
2017-03-08T03:00:00,51,North,47.10224776533712,49
2017-03-08T03:00:00,51,South,18.054905835872468,26
2017-03-08T03:00:00,51,East,7.149957771552686,17
2017-03-08T03:00:00,51,West,4.808415588875372,16
2017-03-08T04:00:00,52,North,39.51608384100828,48
2017-03-08T04:00:00,52,South,14.865098100154231,26
2017-03-08T04:00:00,52,East,6.663059401527027,18
2017-03-08T04:00:00,52,West,4.716635111599001,16
2017-03-08T05:00:00,53,North,36.982698936595895,46
2017-03-08T05:00:00,53,South,15.009342077517744,26
2017-03-08T05:00:00,53,East,7.4534520489004645,19
2017-03-08T05:00:00,53,West,5.203490239344614,17
2017-03-08T06:00:00,54,North,40.5144286226134,47
2017-03-08T06:00:00,54,South,15.79352174677951,26
2017-03-08T06:00:00,54,East,7.484977793099729,19
2017-03-08T06:00:00,54,West,4.736327285385864,16
2017-03-08T07:00:00,55,North,40.56124032098872,48
2017-03-08T07:00:00,55,South,15.2232041694455,26
2017-03-08T07:00:00,55,East,7.101051457382267,18
2017-03-08T07:00:00,55,West,4.949223291834137,16
2017-03-08T08:00:00,56,North,47.42996436981627,48
2017-03-08T08:00:00,56,South,15.048717077517743,24
2017-03-08T08:00:00,56,East,9.218508944047583,19
2017-03-08T08:00:00,56,West,6.393501711489879,17
2017-03-08T09:00:00,57,North,57.95859528530752,48
2017-03-08T09:00:00,57,South,20.978844620364367,25
2017-03-08T09:00:00,57,East,11.524766920680642,19
2017-03-08T09:00:00,57,West,6.723443611220093,16
2017-03-08T10:00:00,58,North,73.49499181012787,51
2017-03-08T10:00:00,58,South,17.854587363820436,22
2017-03-08T10:00:00,58,East,14.038673680885534,19
2017-03-08T10:00:00,58,West,7.4278526914792184,16
2017-03-08T11:00:00,59,North,74.66994799539398,49
2017-03-08T11:00:00,59,South,20.25707892003213,22
2017-03-08T11:00:00,59,East,15.54537870805566,20
2017-03-08T11:00:00,59,West,9.240447208290808,17
2017-03-08T12:00:00,60,North,77.05505785310508,50
2017-03-08T12:00:00,60,South,18.61263586189609,21
2017-03-08T12:00:00,60,East,14.223983679794163,19
2017-03-08T12:00:00,60,West,10.905817480886215,18
2017-03-08T13:00:00,61,North,73.11931642263393,49
2017-03-08T13:00:00,61,South,19.103422318345906,22
2017-03-08T13:00:00,61,East,15.140293999099903,20
2017-03-08T13:00:00,61,West,10.780006430017808,17
2017-03-08T14:00:00,62,North,75.84733271774887,50
2017-03-08T14:00:00,62,South,21.894816782120138,23
2017-03-08T14:00:00,62,East,13.004625397759845,18
2017-03-08T14:00:00,62,West,10.030765349784318,17
2017-03-08T15:00:00,63,North,77.64262127532146,50
2017-03-08T15:00:00,63,South,21.24119483793345,22
2017-03-08T15:00:00,63,East,13.792523590494891,19
2017-03-08T15:00:00,63,West,9.408319054080025,17
2017-03-08T16:00:00,64,North,75.26144059420675,49
2017-03-08T16:00:00,64,South,22.32174482364195,23
2017-03-08T16:00:00,64,East,15.13387067968305,19
2017-03-08T16:00:00,64,West,10.006858154554347,17
2017-03-08T17:00:00,65,North,71.83420638853778,49
2017-03-08T17:00:00,65,South,21.855325731715315,23
2017-03-08T17:00:00,65,East,13.90790555775365,19
2017-03-08T17:00:00,65,West,9.91596664627883,17
2017-03-08T18:00:00,66,North,75.98484381481465,50
2017-03-08T18:00:00,66,South,19.018629773075588,21
2017-03-08T18:00:00,66,East,15.35642889616756,20
2017-03-08T18:00:00,66,West,9.281184115639668,17
2017-03-08T19:00:00,67,North,80.40323507367243,50
2017-03-08T19:00:00,67,South,21.107427725866515,22
2017-03-08T19:00:00,67,East,15.517169636908303,19
2017-03-08T19:00:00,67,West,9.266689904315573,17
2017-03-08T20:00:00,68,North,74.27831563922983,48
2017-03-08T20:00:00,68,South,21.92914236730035,22
2017-03-08T20:00:00,68,East,18.38099988248767,21
2017-03-08T20:00:00,68,West,10.609900728364938,17
2017-03-08T21:00:00,69,North,80.89558201882903,50
2017-03-08T21:00:00,69,South,22.747579390760656,23
2017-03-08T21:00:00,69,East,14.445711415500273,19
2017-03-08T21:00:00,69,West,9.834625596653384,16
2017-03-08T22:00:00,70,North,75.71647568501314,49
2017-03-08T22:00:00,70,South,21.872182660340645,22
2017-03-08T22:00:00,70,East,16.356845219873087,20
2017-03-08T22:00:00,70,West,10.094333297993087,17
2017-03-08T23:00:00,71,North,75.1409785350821,49
2017-03-08T23:00:00,71,South,20.329703750913616,22
2017-03-08T23:00:00,71,East,15.279497876490474,20
2017-03-08T23:00:00,71,West,9.213217049743017,17
2017-03-09T00:00:00,72,North,69.02332690451459,48
2017-03-09T00:00:00,72,South,20.39060975416962,23
2017-03-09T00:00:00,72,East,15.430250819882865,20
2017-03-09T00:00:00,72,West,9.65262313174179,17
2017-03-09T01:00:00,73,North,51.09708790987184,47
2017-03-09T01:00:00,73,South,19.279774321936692,25
2017-03-09T01:00:00,73,East,11.90107820448302,20
2017-03-09T01:00:00,73,West,5.777801317257117,16
2017-03-09T02:00:00,74,North,47.208661725275846,48
2017-03-09T02:00:00,74,South,19.08521591372103,26
2017-03-09T02:00:00,74,East,8.55137041949098,18
2017-03-09T02:00:00,74,West,5.002597290144992,16
2017-03-09T03:00:00,75,North,44.24363713860688,47
2017-03-09T03:00:00,75,South,17.884784000337746,26
2017-03-09T03:00:00,75,East,8.435334846798657,19
2017-03-09T03:00:00,75,West,5.651572560621386,16
2017-03-09T04:00:00,76,North,40.504614092356256,47
2017-03-09T04:00:00,76,South,16.658182668028036,26
2017-03-09T04:00:00,76,East,7.707550157028273,19
2017-03-09T04:00:00,76,West,4.8644294667009556,16
2017-03-09T05:00:00,77,North,37.10915150103234,47
2017-03-09T05:00:00,77,South,14.01797796075912,25
2017-03-09T05:00:00,77,East,7.640082812755052,19
2017-03-09T05:00:00,77,West,4.701882480922627,17
2017-03-09T06:00:00,78,North,42.59409125995512,49
2017-03-09T06:00:00,78,South,14.278872197219334,24
2017-03-09T06:00:00,78,East,8.05251745974305,19
2017-03-09T06:00:00,78,West,4.874173933327721,16
2017-03-09T07:00:00,79,North,48.484430161765935,49
2017-03-09T07:00:00,79,South,14.958040568072038,24
2017-03-09T07:00:00,79,East,9.69249591328678,19
2017-03-09T07:00:00,79,West,5.289953770507582,16
2017-03-09T08:00:00,80,North,50.43500817595034,50
2017-03-09T08:00:00,80,South,15.193142877391098,23
2017-03-09T08:00:00,80,East,9.806499672685279,19
2017-03-09T08:00:00,80,West,5.6140118577784275,16
2017-03-09T09:00:00,81,North,57.51016374350824,48
2017-03-09T09:00:00,81,South,16.99787884434267,23
2017-03-09T09:00:00,81,East,13.849382582383765,21
2017-03-09T09:00:00,81,West,6.161252601281997,16
2017-03-09T10:00:00,82,North,71.63573226517104,50
2017-03-09T10:00:00,82,South,18.988928357461695,22
2017-03-09T10:00:00,82,East,13.916321195297485,19
2017-03-09T10:00:00,82,West,8.765381093575453,17
2017-03-09T11:00:00,83,North,74.17987383225943,50
2017-03-09T11:00:00,83,South,18.973678008197705,22
2017-03-09T11:00:00,83,East,14.780173142336055,19
2017-03-09T11:00:00,83,West,9.370932478956673,17
2017-03-09T12:00:00,84,North,75.81494630743283,50
2017-03-09T12:00:00,84,South,18.027511033607446,21
2017-03-09T12:00:00,84,East,16.593393456060454,20
2017-03-09T12:00:00,84,West,10.84448621698678,17
2017-03-09T13:00:00,85,North,75.00541293912887,49
2017-03-09T13:00:00,85,South,19.186553093563205,22
2017-03-09T13:00:00,85,East,15.938188345815728,20
2017-03-09T13:00:00,85,West,10.135378680159455,17
2017-03-09T14:00:00,86,North,79.67827959865514,50
2017-03-09T14:00:00,86,South,21.170245370432607,22
2017-03-09T14:00:00,86,East,15.174863420039511,19
2017-03-09T14:00:00,86,West,10.487409109212113,17
2017-03-09T15:00:00,87,North,77.5287797318352,50
2017-03-09T15:00:00,87,South,21.47737752387269,23
2017-03-09T15:00:00,87,East,12.608211586911825,18
2017-03-09T15:00:00,87,West,10.316979835446705,17
2017-03-09T16:00:00,88,North,78.98357223675256,51
2017-03-09T16:00:00,88,South,19.23197725474332,21
2017-03-09T16:00:00,88,East,14.97063903158263,19
2017-03-09T16:00:00,88,West,9.790421898934504,17
2017-03-09T17:00:00,89,North,77.16039357670294,50
2017-03-09T17:00:00,89,South,20.39663622505378,22
2017-03-09T17:00:00,89,East,14.925126830811152,19
2017-03-09T17:00:00,89,West,9.367108296810851,17
2017-03-09T18:00:00,90,North,78.99108222139158,47
2017-03-09T18:00:00,90,South,19.086817874749705,20
2017-03-09T18:00:00,90,East,28.378853340384843,25
2017-03-09T18:00:00,90,West,9.177016024648212,16
2017-03-09T19:00:00,91,North,80.90196128658025,44
2017-03-09T19:00:00,91,South,21.78016560726857,21
2017-03-09T19:00:00,91,East,38.16043524218519,27
2017-03-09T19:00:00,91,West,9.299668538607676,16
2017-03-09T20:00:00,92,North,79.36169577819985,44
2017-03-09T20:00:00,92,South,21.238841801006977,21
2017-03-09T20:00:00,92,East,37.26135777640254,27
2017-03-09T20:00:00,92,West,10.587490479087307,16
2017-03-09T21:00:00,93,North,75.21952313758344,44
2017-03-09T21:00:00,93,South,21.77853554326371,21
2017-03-09T21:00:00,93,East,36.459298530354545,27
2017-03-09T21:00:00,93,West,9.900766238145412,16
2017-03-09T22:00:00,94,North,74.81867613033455,48
2017-03-09T22:00:00,94,South,22.562510019983073,23
2017-03-09T22:00:00,94,East,17.891103495589324,20
2017-03-09T22:00:00,94,West,9.88685346866094,17
2017-03-09T23:00:00,95,North,72.97611254212671,47
2017-03-09T23:00:00,95,South,21.242005368589748,22
2017-03-09T23:00:00,95,East,22.55195651968847,23
2017-03-09T23:00:00,95,West,8.94764539430243,16
2017-03-10T00:00:00,96,North,64.17445104848665,49
2017-03-10T00:00:00,96,South,18.03759681406894,22
2017-03-10T00:00:00,96,East,13.657489603984798,20
2017-03-10T00:00:00,96,West,8.7606610492852,17
2017-03-10T01:00:00,97,North,53.434747607190246,48
2017-03-10T01:00:00,97,South,18.786248317059375,25
2017-03-10T01:00:00,97,East,11.216305462127286,19
2017-03-10T01:00:00,97,West,6.157213778081253,16
2017-03-10T02:00:00,98,North,48.72499908106859,48
2017-03-10T02:00:00,98,South,16.790132955849764,25
2017-03-10T02:00:00,98,East,9.103935835942885,19
2017-03-10T02:00:00,98,West,5.418217100807894,16
2017-03-10T03:00:00,99,North,45.61372076112421,48
2017-03-10T03:00:00,99,South,16.370988481690937,25
2017-03-10T03:00:00,99,East,9.045247805428039,19
2017-03-10T03:00:00,99,West,4.829662721866175,16
2017-03-10T04:00:00,100,North,38.80051525765624,47
2017-03-10T04:00:00,100,South,13.877986031244653,24
2017-03-10T04:00:00,100,East,8.740885775933915,20
2017-03-10T04:00:00,100,West,5.10382446338512,17
2017-03-10T05:00:00,101,North,31.43428794319119,46
2017-03-10T05:00:00,101,South,12.333411464315084,25
2017-03-10T05:00:00,101,East,6.9226545636231105,20
2017-03-10T05:00:00,101,West,4.40502744405771,17
2017-03-10T06:00:00,102,North,37.39061343298442,46
2017-03-10T06:00:00,102,South,13.797490686593243,25
2017-03-10T06:00:00,102,East,8.914089445813797,20
2017-03-10T06:00:00,102,West,5.061290808894599,17
2017-03-10T07:00:00,103,North,44.63606828144492,50
2017-03-10T07:00:00,103,South,12.921437962968657,23
2017-03-10T07:00:00,103,East,8.247304356200328,19
2017-03-10T07:00:00,103,West,4.773773870519081,16
2017-03-10T08:00:00,104,North,44.7245464421105,48
2017-03-10T08:00:00,104,South,15.507032059748818,24
2017-03-10T08:00:00,104,East,8.875178476897172,19
2017-03-10T08:00:00,104,West,5.981645241882848,17
2017-03-10T09:00:00,105,North,50.76961436254318,48
2017-03-10T09:00:00,105,South,16.410363481690936,23
2017-03-10T09:00:00,105,East,10.950644724329173,20
2017-03-10T09:00:00,105,West,6.699470695178158,17
2017-03-10T10:00:00,106,North,72.67149809413979,51
2017-03-10T10:00:00,106,South,17.695035669724938,22
2017-03-10T10:00:00,106,East,12.94037284231998,19
2017-03-10T10:00:00,106,West,7.608067500650211,16
2017-03-10T11:00:00,107,North,75.28270807119351,51
2017-03-10T11:00:00,107,South,16.995047606016932,21
2017-03-10T11:00:00,107,East,14.282651449269455,19
2017-03-10T11:00:00,107,West,9.475017071498725,17
2017-03-10T12:00:00,108,North,74.53607813631358,51
2017-03-10T12:00:00,108,South,18.045851851419343,21
2017-03-10T12:00:00,108,East,12.521706422924758,19
2017-03-10T12:00:00,108,West,10.26193234159782,17
2017-03-10T13:00:00,109,North,69.7603128676676,50
2017-03-10T13:00:00,109,South,17.152022841313766,22
2017-03-10T13:00:00,109,East,13.132282495175257,19
2017-03-10T13:00:00,109,West,9.741922934063318,17
2017-03-10T14:00:00,110,North,73.21827055653029,51
2017-03-10T14:00:00,110,South,17.23746153800216,21
2017-03-10T14:00:00,110,East,12.18998023245877,19
2017-03-10T14:00:00,110,West,9.541956593318535,17
2017-03-10T15:00:00,111,North,73.54736164886707,51
2017-03-10T15:00:00,111,South,17.23746153800216,21
2017-03-10T15:00:00,111,East,12.13005690428259,19
2017-03-10T15:00:00,111,West,8.82771694332148,17
2017-03-10T16:00:00,112,North,71.70166806419049,49
2017-03-10T16:00:00,112,South,19.598524760422364,22
2017-03-10T16:00:00,112,East,14.85790209016525,20
2017-03-10T16:00:00,112,West,8.817557669062525,17
2017-03-10T17:00:00,113,North,66.82920824540261,48
2017-03-10T17:00:00,113,South,18.354753044793448,22
2017-03-10T17:00:00,113,East,15.061462594032484,20
2017-03-10T17:00:00,113,West,10.193870059508509,18
2017-03-10T18:00:00,114,North,69.70584533188028,49
2017-03-10T18:00:00,114,South,18.254753044793446,22
2017-03-10T18:00:00,114,East,14.875192385657117,20
2017-03-10T18:00:00,114,West,9.781595421042688,17
2017-03-10T19:00:00,115,North,74.61962208157846,51
2017-03-10T19:00:00,115,South,18.83096408376723,22
2017-03-10T19:00:00,115,East,12.583270127176615,18
2017-03-10T19:00:00,115,West,9.38557325022095,17
2017-03-10T20:00:00,116,North,74.42511437346828,50
2017-03-10T20:00:00,116,South,19.646253572266964,22
2017-03-10T20:00:00,116,East,14.709306740332048,19
2017-03-10T20:00:00,116,West,9.208516050440302,17
2017-03-10T21:00:00,117,North,76.06437316026742,51
2017-03-10T21:00:00,117,South,18.00873745459585,21
2017-03-10T21:00:00,117,East,12.661556878188462,19
2017-03-10T21:00:00,117,West,9.27067696825246,17
2017-03-10T22:00:00,118,North,68.09153998378503,49
2017-03-10T22:00:00,118,South,19.675629506911523,23
2017-03-10T22:00:00,118,East,13.952732988831066,19
2017-03-10T22:00:00,118,West,8.949438824850557,17
2017-03-10T23:00:00,119,North,62.51755562365004,48
2017-03-10T23:00:00,119,South,20.126111392302207,24
2017-03-10T23:00:00,119,East,13.036729905495932,19
2017-03-10T23:00:00,119,West,9.271674690712636,17
2017-03-11T00:00:00,120,North,58.12632102927582,49
2017-03-11T00:00:00,120,South,17.583732298849373,23
2017-03-11T00:00:00,120,East,12.95896292385302,20
2017-03-11T00:00:00,120,West,6.926108717897462,16
2017-03-11T01:00:00,121,North,49.77900624249006,48
2017-03-11T01:00:00,121,South,17.45586324369509,25
2017-03-11T01:00:00,121,East,9.296419939649248,19
2017-03-11T01:00:00,121,West,5.968655716391316,16
2017-03-11T02:00:00,122,North,43.930250927089915,48
2017-03-11T02:00:00,122,South,16.655936844522657,25
2017-03-11T02:00:00,122,East,9.138210822988905,19
2017-03-11T02:00:00,122,West,4.39825964595777,16
2017-03-11T03:00:00,123,North,36.38443635871804,45
2017-03-11T03:00:00,123,South,16.156383772702096,27
2017-03-11T03:00:00,123,East,8.6935894037506,20
2017-03-11T03:00:00,123,West,4.820763003462636,16
2017-03-11T04:00:00,124,North,32.58131053850514,47
2017-03-11T04:00:00,124,South,12.477332351985604,25
2017-03-11T04:00:00,124,East,6.953007071692383,19
2017-03-11T04:00:00,124,West,4.27015938123698,17
2017-03-11T05:00:00,125,North,29.65621630510236,49
2017-03-11T05:00:00,125,South,9.316534736478758,23
2017-03-11T05:00:00,125,East,5.826200299546009,19
2017-03-11T05:00:00,125,West,3.994886306737198,17
2017-03-11T06:00:00,126,North,27.645216305102362,45
2017-03-11T06:00:00,126,South,11.976732364363269,26
2017-03-11T06:00:00,126,East,7.359049828390451,21
2017-03-11T06:00:00,126,West,3.870769595437389,16
2017-03-11T07:00:00,127,North,26.617645454899932,46
2017-03-11T07:00:00,127,South,9.175265696916235,24
2017-03-11T07:00:00,127,East,6.820392602659407,21
2017-03-11T07:00:00,127,West,3.969621438160088,17
2017-03-11T08:00:00,128,North,34.62856995082443,47
2017-03-11T08:00:00,128,South,9.531940758637576,22
2017-03-11T08:00:00,128,East,9.73195017819882,22
2017-03-11T08:00:00,128,West,5.397301361091369,17
2017-03-11T09:00:00,129,North,38.17442907982024,47
2017-03-11T09:00:00,129,South,10.410995101143774,21
2017-03-11T09:00:00,129,East,11.92295802180152,23
2017-03-11T09:00:00,129,West,5.667228367544789,17
2017-03-11T10:00:00,130,North,42.001577175978795,46
2017-03-11T10:00:00,130,South,12.067021413076503,22
2017-03-11T10:00:00,130,East,12.899405868380413,23
2017-03-11T10:00:00,130,West,6.679803415729082,17
2017-03-11T11:00:00,131,North,44.90981345180343,46
2017-03-11T11:00:00,131,South,13.071766527415404,22
2017-03-11T11:00:00,131,East,13.423900060836628,22
2017-03-11T11:00:00,131,West,7.502410349312539,18
2017-03-11T12:00:00,132,North,43.998546476275905,48
2017-03-11T12:00:00,132,South,10.000869078724293,20
2017-03-11T12:00:00,132,East,12.326904742505148,22
2017-03-11T12:00:00,132,West,7.477116164269014,18
2017-03-11T13:00:00,133,North,41.04044135196105,44
2017-03-11T13:00:00,133,South,11.911930777205097,21
2017-03-11T13:00:00,133,East,14.17519709834798,23
2017-03-11T13:00:00,133,West,9.418320844671399,20
2017-03-11T14:00:00,134,North,42.30723888838416,45
2017-03-11T14:00:00,134,South,12.618930037518986,22
2017-03-11T14:00:00,134,East,12.895132436283873,22
2017-03-11T14:00:00,134,West,8.25118270995609,19
2017-03-11T15:00:00,135,North,42.305197661327384,46
2017-03-11T15:00:00,135,South,10.870322136896672,21
2017-03-11T15:00:00,135,East,13.124224832321408,23
2017-03-11T15:00:00,135,West,7.8250709500675715,18
2017-03-11T16:00:00,136,North,39.372380864597545,45
2017-03-11T16:00:00,136,South,13.11746420183943,23
2017-03-11T16:00:00,136,East,12.313842159082348,22
2017-03-11T16:00:00,136,West,7.171952728245678,18
2017-03-11T17:00:00,137,North,38.7325852210944,44
2017-03-11T17:00:00,137,South,13.08005528478355,23
2017-03-11T17:00:00,137,East,11.733848806964245,22
2017-03-11T17:00:00,137,West,7.959388735138161,19
2017-03-11T18:00:00,138,North,46.2236734022577,45
2017-03-11T18:00:00,138,South,13.348470103845294,22
2017-03-11T18:00:00,138,East,15.520884762837575,23
2017-03-11T18:00:00,138,West,7.887670679446119,18
2017-03-11T19:00:00,139,North,49.870992394129125,45
2017-03-11T19:00:00,139,South,12.669002658377314,21
2017-03-11T19:00:00,139,East,19.783592301826342,25
2017-03-11T19:00:00,139,West,7.734900062157488,17
2017-03-11T20:00:00,140,North,53.26752331544147,41
2017-03-11T20:00:00,140,South,16.39788544307043,21
2017-03-11T20:00:00,140,East,34.63696663118007,30
2017-03-11T20:00:00,140,West,7.281464827201536,16
2017-03-11T21:00:00,141,North,57.35748842693664,42
2017-03-11T21:00:00,141,South,17.08045284612899,21
2017-03-11T21:00:00,141,East,32.59080797555565,29
2017-03-11T21:00:00,141,West,7.747219338766313,16
2017-03-11T22:00:00,142,North,52.28420956595147,45
2017-03-11T22:00:00,142,South,17.40994781222375,23
2017-03-11T22:00:00,142,East,17.45374597998145,23
2017-03-11T22:00:00,142,West,7.856750983115621,17
2017-03-11T23:00:00,143,North,45.19793591549258,44
2017-03-11T23:00:00,143,South,15.216888602734755,23
2017-03-11T23:00:00,143,East,17.19045869042415,24
2017-03-11T23:00:00,143,West,7.262484143118934,17
2017-03-12T00:00:00,144,North,45.67019096641473,45
2017-03-12T00:00:00,144,South,15.084033779880732,23
2017-03-12T00:00:00,144,East,15.312757295279944,23
2017-03-12T00:00:00,144,West,7.7115283509574954,17
2017-03-12T01:00:00,145,North,40.317960910352326,43
2017-03-12T01:00:00,145,South,15.810171740511318,24
2017-03-12T01:00:00,145,East,13.293275456002313,23
2017-03-12T01:00:00,145,West,7.859129052617886,18
2017-03-12T02:00:00,146,North,32.961117222449374,44
2017-03-12T02:00:00,146,South,13.480186016641104,25
2017-03-12T02:00:00,146,East,10.416075993944649,22
2017-03-12T02:00:00,146,West,5.1305144113510055,17
2017-03-12T03:00:00,147,North,30.940917898664313,42
2017-03-12T03:00:00,147,South,16.132233120813538,28
2017-03-12T03:00:00,147,East,9.205656912486425,21
2017-03-12T03:00:00,147,West,4.7849705072167605,17
2017-03-12T04:00:00,148,North,25.069225193594644,44
2017-03-12T04:00:00,148,South,11.36389491856904,26
2017-03-12T04:00:00,148,East,6.668484384536624,21
2017-03-12T04:00:00,148,West,4.268477104229884,17
2017-03-12T05:00:00,149,North,26.373706377780152,45
2017-03-12T05:00:00,149,South,11.947766393231538,27
2017-03-12T05:00:00,149,East,6.029144953672405,19
2017-03-12T05:00:00,149,West,4.235951500141349,17
2017-03-12T06:00:00,150,North,26.306230289054064,45
2017-03-12T06:00:00,150,South,11.393096257760657,26
2017-03-12T06:00:00,150,East,6.592949296840066,20
2017-03-12T06:00:00,150,West,4.0688266796967385,17
2017-03-12T07:00:00,151,North,28.29669515313735,45
2017-03-12T07:00:00,151,South,10.675545266106742,25
2017-03-12T07:00:00,151,East,8.06825001193842,21
2017-03-12T07:00:00,151,West,3.969621438160088,17
2017-03-12T08:00:00,152,North,32.3571752046174,45
2017-03-12T08:00:00,152,South,12.671616252652996,25
2017-03-12T08:00:00,152,East,8.958893270315489,21
2017-03-12T08:00:00,152,West,4.740599190338246,17
2017-03-12T09:00:00,153,North,36.35842119214319,45
2017-03-12T09:00:00,153,South,12.569528103997392,23
2017-03-12T09:00:00,153,East,12.492062375702183,23
2017-03-12T09:00:00,153,West,5.1144289307789474,17
2017-03-12T10:00:00,154,North,38.161790630790655,44
2017-03-12T10:00:00,154,South,14.662712282013226,24
2017-03-12T10:00:00,154,East,13.220003526895585,23
2017-03-12T10:00:00,154,West,6.249290141781389,17
2017-03-12T11:00:00,155,North,46.75203677508788,46
2017-03-12T11:00:00,155,South,14.14721276518682,22
2017-03-12T11:00:00,155,East,13.383108544575409,22
2017-03-12T11:00:00,155,West,8.028879513510311,18
2017-03-12T12:00:00,156,North,45.906993505061976,46
2017-03-12T12:00:00,156,South,14.206204175851635,22
2017-03-12T12:00:00,156,East,14.338941833320215,23
2017-03-12T12:00:00,156,West,7.256884383373813,17
2017-03-12T13:00:00,157,North,41.94081938271758,44
2017-03-12T13:00:00,157,South,11.929949725168898,21
2017-03-12T13:00:00,157,East,16.832207414449734,25
2017-03-12T13:00:00,157,West,7.4408454788832294,18
2017-03-12T14:00:00,158,North,44.955903303622634,45
2017-03-12T14:00:00,158,South,14.0188294692821,22
2017-03-12T14:00:00,158,East,15.562763913147656,23
2017-03-12T14:00:00,158,West,7.627413166683182,18
2017-03-12T15:00:00,159,North,39.29741587517149,44
2017-03-12T15:00:00,159,South,12.366789838422777,22
2017-03-12T15:00:00,159,East,14.927003893043391,24
2017-03-12T15:00:00,159,West,7.084054635665215,18
2017-03-12T16:00:00,160,North,42.985105666309444,45
2017-03-12T16:00:00,160,South,13.741249258431484,22
2017-03-12T16:00:00,160,East,14.927003893043391,23
2017-03-12T16:00:00,160,West,7.2037681217988885,18
2017-03-12T17:00:00,161,North,44.78991174794012,44
2017-03-12T17:00:00,161,South,18.40187314563991,25
2017-03-12T17:00:00,161,East,13.58874752298331,22
2017-03-12T17:00:00,161,West,7.327701729064076,17
2017-03-12T18:00:00,162,North,48.00015065626138,46
2017-03-12T18:00:00,162,South,12.38185592040027,21
2017-03-12T18:00:00,162,East,16.95888408103762,24
2017-03-12T18:00:00,162,West,7.706901657588586,17
2017-03-12T19:00:00,163,North,57.80770851898985,48
2017-03-12T19:00:00,163,South,13.617884920972749,21
2017-03-12T19:00:00,163,East,15.432340220664159,22
2017-03-12T19:00:00,163,West,8.000694557267064,17
2017-03-12T20:00:00,164,North,56.738031873943406,47
2017-03-12T20:00:00,164,South,18.204771216956196,23
2017-03-12T20:00:00,164,East,14.664361678856697,21
2017-03-12T20:00:00,164,West,7.51334925943187,17
2017-03-12T21:00:00,165,North,63.06351612165737,49
2017-03-12T21:00:00,165,South,16.403044781116087,22
2017-03-12T21:00:00,165,East,16.04805705522247,21
2017-03-12T21:00:00,165,West,7.285365934455576,16
2017-03-12T22:00:00,166,North,61.62326470640168,49
2017-03-12T22:00:00,166,South,15.435278463715314,21
2017-03-12T22:00:00,166,East,14.988551111953036,21
2017-03-12T22:00:00,166,West,7.467676783065924,17
2017-03-12T23:00:00,167,North,57.85574543686599,47
2017-03-12T23:00:00,167,South,18.119541326515655,23
2017-03-12T23:00:00,167,East,16.661853082076966,22
2017-03-12T23:00:00,167,West,7.382109423894905,16
2017-03-13T00:00:00,0,North,51.02250970367482,44
2017-03-13T00:00:00,0,South,18.549051961092918,24
2017-03-13T00:00:00,0,East,17.214102216732844,23
2017-03-13T00:00:00,0,West,8.036629857103845,17
2017-03-13T01:00:00,1,North,41.82901334393232,45
2017-03-13T01:00:00,1,South,17.07265204823591,26
2017-03-13T01:00:00,1,East,10.443900237514482,20
2017-03-13T01:00:00,1,West,5.712874082941738,17
2017-03-13T02:00:00,2,North,39.78165311648296,46
2017-03-13T02:00:00,2,South,16.62876892685525,26
2017-03-13T02:00:00,2,East,8.341081548855602,19
2017-03-13T02:00:00,2,West,5.146462038074806,17
2017-03-13T03:00:00,3,North,38.16216517132857,47
2017-03-13T03:00:00,3,South,14.88661566678429,25
2017-03-13T03:00:00,3,East,8.34636000340129,20
2017-03-13T03:00:00,3,West,4.866963577098434,16
2017-03-13T04:00:00,4,North,32.484959391713794,45
2017-03-13T04:00:00,4,South,15.701561127406869,28
2017-03-13T04:00:00,4,East,6.2939103591945464,18
2017-03-13T04:00:00,4,West,4.556429602433136,17
2017-03-13T05:00:00,5,North,29.819555050071383,45
2017-03-13T05:00:00,5,South,14.56113360563602,28
2017-03-13T05:00:00,5,East,5.6926892186539035,18
2017-03-13T05:00:00,5,West,4.342006835654634,17
2017-03-13T06:00:00,6,North,35.8636343654305,46
2017-03-13T06:00:00,6,South,14.216455260632271,26
2017-03-13T06:00:00,6,East,8.390162573054532,20
2017-03-13T06:00:00,6,West,4.490324720536149,16
2017-03-13T07:00:00,7,North,42.180609503717044,50
2017-03-13T07:00:00,7,South,12.305219145318464,23
2017-03-13T07:00:00,7,East,7.021575649277254,19
2017-03-13T07:00:00,7,West,4.672006800487454,16
2017-03-13T08:00:00,8,North,49.271007214875304,48
2017-03-13T08:00:00,8,South,17.436505208879822,25
2017-03-13T08:00:00,8,East,10.983649218708859,20
2017-03-13T08:00:00,8,West,4.864759228057749,15
2017-03-13T09:00:00,9,North,55.944198351404516,49
2017-03-13T09:00:00,9,South,16.644267549348985,23
2017-03-13T09:00:00,9,East,12.857540420864321,20
2017-03-13T09:00:00,9,West,6.001711190084853,16
2017-03-13T10:00:00,10,North,68.65628981816967,50
2017-03-13T10:00:00,10,South,16.567118290735788,21
2017-03-13T10:00:00,10,East,14.950244519648356,20
2017-03-13T10:00:00,10,West,8.849899711937052,17
2017-03-13T11:00:00,11,North,73.74591132937982,49
2017-03-13T11:00:00,11,South,18.69270681612337,21
2017-03-13T11:00:00,11,East,17.17843397080327,21
2017-03-13T11:00:00,11,West,8.97155381080211,17
2017-03-13T12:00:00,12,North,74.26675670074539,48
2017-03-13T12:00:00,12,South,21.760676240253556,22
2017-03-13T12:00:00,12,East,17.32422051253936,20
2017-03-13T12:00:00,12,West,11.615835660733463,18
2017-03-13T13:00:00,13,North,76.673355089069,50
2017-03-13T13:00:00,13,South,18.83858834292625,21
2017-03-13T13:00:00,13,East,15.430499140272271,20
2017-03-13T13:00:00,13,West,10.087849502270435,17
2017-03-13T14:00:00,14,North,76.30885617933238,49
2017-03-13T14:00:00,14,South,21.425252439346185,22
2017-03-13T14:00:00,14,East,17.064433893764992,20
2017-03-13T14:00:00,14,West,10.075225958151336,17
2017-03-13T15:00:00,15,North,75.66692145315385,48
2017-03-13T15:00:00,15,South,21.36455983972569,22
2017-03-13T15:00:00,15,East,20.00149859758045,21
2017-03-13T15:00:00,15,West,9.630784862863962,17
2017-03-13T16:00:00,16,North,76.60116292573018,49
2017-03-13T16:00:00,16,South,21.738512716618136,22
2017-03-13T16:00:00,16,East,16.61391211983888,20
2017-03-13T16:00:00,16,West,10.046462445373566,17
2017-03-13T17:00:00,17,North,74.36049670008045,48
2017-03-13T17:00:00,17,South,21.34032257411802,22
2017-03-13T17:00:00,17,East,18.10763482090528,21
2017-03-13T17:00:00,17,West,10.025773711279541,17
2017-03-13T18:00:00,18,North,76.24055833239456,51
2017-03-13T18:00:00,18,South,21.14786815637518,23
2017-03-13T18:00:00,18,East,11.118758537558588,17
2017-03-13T18:00:00,18,West,9.597458324553015,17
2017-03-13T19:00:00,19,North,81.16558563727504,50
2017-03-13T19:00:00,19,South,21.772989393574463,22
2017-03-13T19:00:00,19,East,16.13598143815794,20
2017-03-13T19:00:00,19,West,9.265046723004335,16
2017-03-13T20:00:00,20,North,80.24557757508734,49
2017-03-13T20:00:00,20,South,21.364106078242987,22
2017-03-13T20:00:00,20,East,17.76751004549097,20
2017-03-13T20:00:00,20,West,9.64757921635629,17
2017-03-13T21:00:00,21,North,76.12687660596976,49
2017-03-13T21:00:00,21,South,21.35404770246249,23
2017-03-13T21:00:00,21,East,16.48307453909517,20
2017-03-13T21:00:00,21,West,8.906479111005645,16
2017-03-13T22:00:00,22,North,76.67780982142494,49
2017-03-13T22:00:00,22,South,22.66497686306202,23
2017-03-13T22:00:00,22,East,16.908443414222038,20
2017-03-13T22:00:00,22,West,9.314872703781383,16
2017-03-13T23:00:00,23,North,70.58073968373263,48
2017-03-13T23:00:00,23,South,22.563186575946297,23
2017-03-13T23:00:00,23,East,17.647904833570337,21
2017-03-13T23:00:00,23,West,8.411119964325206,16
2017-03-14T00:00:00,24,North,68.45236392567632,49
2017-03-14T00:00:00,24,South,20.36090233607236,23
2017-03-14T00:00:00,24,East,14.378610041100368,20
2017-03-14T00:00:00,24,West,8.746374337212616,16
2017-03-14T01:00:00,25,North,52.21816017174867,47
2017-03-14T01:00:00,25,South,21.745191302461304,26
2017-03-14T01:00:00,25,East,10.987049135613342,19
2017-03-14T01:00:00,25,West,5.673214166479935,16
2017-03-14T02:00:00,26,North,50.05202906402526,47
2017-03-14T02:00:00,26,South,18.050145998484904,25
2017-03-14T02:00:00,26,East,11.31558416129791,20
2017-03-14T02:00:00,26,West,5.115050909866007,16
2017-03-14T03:00:00,27,North,46.178453528406,47
2017-03-14T03:00:00,27,South,18.99381706508776,26
2017-03-14T03:00:00,27,East,8.852304671482003,19
2017-03-14T03:00:00,27,West,4.725141637743389,16
2017-03-14T04:00:00,28,North,40.30013681037251,46
2017-03-14T04:00:00,28,South,17.969124663250398,27
2017-03-14T04:00:00,28,East,7.5717258851177345,18
2017-03-14T04:00:00,28,West,5.364631165051414,17
2017-03-14T05:00:00,29,North,34.05784504974201,46
2017-03-14T05:00:00,29,South,16.565470544652758,28
2017-03-14T05:00:00,29,East,5.896323927719547,18
2017-03-14T05:00:00,29,West,4.091547549417798,16
2017-03-14T06:00:00,30,North,41.43034626818621,48
2017-03-14T06:00:00,30,South,14.302694001459836,24
2017-03-14T06:00:00,30,East,9.341675943565365,20
2017-03-14T06:00:00,30,West,4.077133772882611,16
2017-03-14T07:00:00,31,North,41.47653946628787,47
2017-03-14T07:00:00,31,South,16.678318468759812,26
2017-03-14T07:00:00,31,East,9.015720790688748,19
2017-03-14T07:00:00,31,West,4.839277525324511,16
2017-03-14T08:00:00,32,North,45.43040733098132,47
2017-03-14T08:00:00,32,South,16.7758053568717,25
2017-03-14T08:00:00,32,East,10.954511106381736,20
2017-03-14T08:00:00,32,West,4.829830323897932,16
2017-03-14T09:00:00,33,North,57.17956712986368,49
2017-03-14T09:00:00,33,South,17.95007332342041,24
2017-03-14T09:00:00,33,East,11.511226174394253,19
2017-03-14T09:00:00,33,West,6.24470767075969,16
2017-03-14T10:00:00,34,North,77.31767912304083,51
2017-03-14T10:00:00,34,South,18.568841543299,21
2017-03-14T10:00:00,34,East,16.25921071810714,20
2017-03-14T10:00:00,34,West,8.18273980913972,16
2017-03-14T11:00:00,35,North,74.92158560511406,48
2017-03-14T11:00:00,35,South,21.952288912994128,23
2017-03-14T11:00:00,35,East,17.482243176416766,20
2017-03-14T11:00:00,35,West,9.269350083233183,17
2017-03-14T12:00:00,36,North,75.01238824033996,49
2017-03-14T12:00:00,36,South,20.655724759046244,22
2017-03-14T12:00:00,36,East,17.61458904387767,20
2017-03-14T12:00:00,36,West,9.67549108888013,17
2017-03-14T13:00:00,37,North,75.69237642423057,48
2017-03-14T13:00:00,37,South,20.51217080911397,22
2017-03-14T13:00:00,37,East,19.83473737573684,21
2017-03-14T13:00:00,37,West,9.532528883616612,17
2017-03-14T14:00:00,38,North,76.44590297881999,49
2017-03-14T14:00:00,38,South,20.569845129416613,22
2017-03-14T14:00:00,38,East,16.351181772999386,20
2017-03-14T14:00:00,38,West,9.877250483273247,17
2017-03-14T15:00:00,39,North,76.62581550748557,48
2017-03-14T15:00:00,39,South,24.482421852977048,23
2017-03-14T15:00:00,39,East,18.19715587483821,20
2017-03-14T15:00:00,39,West,9.609235837280854,17
2017-03-14T16:00:00,40,North,75.33225847693413,48
2017-03-14T16:00:00,40,South,21.818737118072185,22
2017-03-14T16:00:00,40,East,19.197234044365608,21
2017-03-14T16:00:00,40,West,9.969384525097528,17
2017-03-14T17:00:00,41,North,75.62173973599266,50
2017-03-14T17:00:00,41,South,19.598576727659037,22
2017-03-14T17:00:00,41,East,16.418935800031,20
2017-03-14T17:00:00,41,West,9.082497005632108,16
2017-03-14T18:00:00,42,North,77.84523820592999,50
2017-03-14T18:00:00,42,South,19.596005038691086,21
2017-03-14T18:00:00,42,East,17.249101982718592,20
2017-03-14T18:00:00,42,West,9.499378740666964,17
2017-03-14T19:00:00,43,North,75.31443121893301,49
2017-03-14T19:00:00,43,South,19.608329470716868,22
2017-03-14T19:00:00,43,East,18.146919476220617,21
2017-03-14T19:00:00,43,West,9.24382653007528,16
2017-03-14T20:00:00,44,North,78.29512745968596,49
2017-03-14T20:00:00,44,South,21.88229501850509,22
2017-03-14T20:00:00,44,East,18.299371626476628,21
2017-03-14T20:00:00,44,West,9.127603334388317,16
2017-03-14T21:00:00,45,North,75.88281613025072,48
2017-03-14T21:00:00,45,South,23.266030997198826,23
2017-03-14T21:00:00,45,East,17.292050487368204,20
2017-03-14T21:00:00,45,West,9.046810721409546,17
2017-03-14T22:00:00,46,North,76.08456492695964,49
2017-03-14T22:00:00,46,South,21.83642637443729,23
2017-03-14T22:00:00,46,East,17.229632088563783,20
2017-03-14T22:00:00,46,West,8.901801622612338,16
2017-03-14T23:00:00,47,North,71.61913421584092,47
2017-03-14T23:00:00,47,South,20.329722218546042,22
2017-03-14T23:00:00,47,East,19.821723812004592,22
2017-03-14T23:00:00,47,West,9.939223417604813,17
2017-03-15T00:00:00,48,North,67.89484646546802,49
2017-03-15T00:00:00,48,South,21.166891787533626,23
2017-03-15T00:00:00,48,East,13.411776290386783,19
2017-03-15T00:00:00,48,West,8.524282918347177,17
2017-03-15T01:00:00,49,North,57.85780911538129,49
2017-03-15T01:00:00,49,South,21.164115658139714,25
2017-03-15T01:00:00,49,East,9.180628930128353,18
2017-03-15T01:00:00,49,West,5.752256670729222,16
2017-03-15T02:00:00,50,North,51.93397757514931,49
2017-03-15T02:00:00,50,South,19.165917232858128,26
2017-03-15T02:00:00,50,East,8.47683762388227,18
2017-03-15T02:00:00,50,West,4.817037565760704,15
2017-03-15T03:00:00,51,North,47.221531745224645,47
2017-03-15T03:00:00,51,South,19.97742735537103,27
2017-03-15T03:00:00,51,East,8.493922874489941,18
2017-03-15T03:00:00,51,West,4.900234739288746,16
2017-03-15T04:00:00,52,North,38.54992324721611,47
2017-03-15T04:00:00,52,South,16.639773577118945,27
2017-03-15T04:00:00,52,East,7.147478930455065,18
2017-03-15T04:00:00,52,West,4.057704889380149,16
2017-03-15T05:00:00,53,North,36.02566189955886,47
2017-03-15T05:00:00,53,South,14.07271726424008,25
2017-03-15T05:00:00,53,East,7.577676341911365,19
2017-03-15T05:00:00,53,West,4.864094171983873,17
2017-03-15T06:00:00,54,North,36.02479295368992,47
2017-03-15T06:00:00,54,South,14.302694001459836,26
2017-03-15T06:00:00,54,East,7.069397242858752,19
2017-03-15T06:00:00,54,West,4.458524617371474,16
2017-03-15T07:00:00,55,North,41.39753732274569,48
2017-03-15T07:00:00,55,South,15.92366882718752,26
2017-03-15T07:00:00,55,East,7.251960792654045,18
2017-03-15T07:00:00,55,West,4.831368693415679,16
2017-03-15T08:00:00,56,North,45.46374066431465,48
2017-03-15T08:00:00,56,South,15.96304382718752,25
2017-03-15T08:00:00,56,East,9.02580155914635,19
2017-03-15T08:00:00,56,West,5.151413607628697,16
2017-03-15T09:00:00,57,North,56.55770639903572,49
2017-03-15T09:00:00,57,South,18.417869687933663,24
2017-03-15T09:00:00,57,East,9.985007564659124,19
2017-03-15T09:00:00,57,West,6.278697091412244,16
2017-03-15T10:00:00,58,North,51.29927859304058,45
2017-03-15T10:00:00,58,South,17.925437537325234,23
2017-03-15T10:00:00,58,East,16.41048039347952,22
2017-03-15T10:00:00,58,West,8.987256020413204,18
2017-03-15T11:00:00,59,North,67.75185421952074,48
2017-03-15T11:00:00,59,South,18.647536036347326,22
2017-03-15T11:00:00,59,East,16.635037174576787,21
2017-03-15T11:00:00,59,West,9.126703537975528,17
2017-03-15T12:00:00,60,North,73.42094131379952,49
2017-03-15T12:00:00,60,South,20.267139718829352,22
2017-03-15T12:00:00,60,East,17.08534175106347,20
2017-03-15T12:00:00,60,West,9.52047472046448,17
2017-03-15T13:00:00,61,North,71.65903492318132,50
2017-03-15T13:00:00,61,South,19.125513643802307,22
2017-03-15T13:00:00,61,East,14.446649313127907,19
2017-03-15T13:00:00,61,West,9.192174792414619,17
2017-03-15T14:00:00,62,North,74.34545094848694,48
2017-03-15T14:00:00,62,South,19.545218590291313,22
2017-03-15T14:00:00,62,East,18.262874869463253,21
2017-03-15T14:00:00,62,West,10.016620352854797,17
2017-03-15T15:00:00,63,North,74.61321250732388,47
2017-03-15T15:00:00,63,South,21.82257506557205,22
2017-03-15T15:00:00,63,East,20.106240795305236,22
2017-03-15T15:00:00,63,West,9.575806592121063,17
2017-03-15T16:00:00,64,North,74.91561981539473,49
2017-03-15T16:00:00,64,South,21.192250810743086,22
2017-03-15T16:00:00,64,East,15.519898866051557,20
2017-03-15T16:00:00,64,West,9.944962972654777,17
2017-03-15T17:00:00,65,North,72.0828192411336,49
2017-03-15T17:00:00,65,South,19.433290622507332,22
2017-03-15T17:00:00,65,East,16.72140662410614,20
2017-03-15T17:00:00,65,West,9.960694492465539,17
2017-03-15T18:00:00,66,North,71.75155549642858,49
2017-03-15T18:00:00,66,South,19.373388463867318,22
2017-03-15T18:00:00,66,East,15.519898866051559,20
2017-03-15T18:00:00,66,West,8.75696446532752,17
2017-03-15T19:00:00,67,North,75.5128719059699,49
2017-03-15T19:00:00,67,South,21.144521998898483,22
2017-03-15T19:00:00,67,East,16.53110911518215,20
2017-03-15T19:00:00,67,West,9.7658718039826,17
2017-03-15T20:00:00,68,North,72.72431563922983,48
2017-03-15T20:00:00,68,South,22.489680369719842,23
2017-03-15T20:00:00,68,East,17.913879493966093,21
2017-03-15T20:00:00,68,West,9.083558736151405,16
2017-03-15T21:00:00,69,North,81.82495003951313,49
2017-03-15T21:00:00,69,South,21.700805697761066,22
2017-03-15T21:00:00,69,East,18.416880569854975,21
2017-03-15T21:00:00,69,West,9.308060044129482,16
2017-03-15T22:00:00,70,North,80.68164270247911,50
2017-03-15T22:00:00,70,South,22.489680369719842,23
2017-03-15T22:00:00,70,East,15.55830693818639,19
2017-03-15T22:00:00,70,West,9.343880145732689,16
2017-03-15T23:00:00,71,North,74.59595326928799,49
2017-03-15T23:00:00,71,South,19.314190139347065,21
2017-03-15T23:00:00,71,East,19.888018655234486,22
2017-03-15T23:00:00,71,West,8.817192954634685,16
2017-03-16T00:00:00,72,North,67.26387947195741,49
2017-03-16T00:00:00,72,South,21.29788969441703,24
2017-03-16T00:00:00,72,East,11.832050387856855,18
2017-03-16T00:00:00,72,West,8.645815923433233,17
2017-03-16T01:00:00,73,North,55.39455276529724,48
2017-03-16T01:00:00,73,South,18.314905490818056,24
2017-03-16T01:00:00,73,East,12.942152100579607,21
2017-03-16T01:00:00,73,West,4.813117080682265,15
2017-03-16T02:00:00,74,North,48.65067239978814,47
2017-03-16T02:00:00,74,South,19.27394818523908,26
2017-03-16T02:00:00,74,East,9.52920930374864,19
2017-03-16T02:00:00,74,West,4.983180024710371,16
2017-03-16T03:00:00,75,North,46.71468468227485,49
2017-03-16T03:00:00,75,South,15.187415836574772,24
2017-03-16T03:00:00,75,East,9.955452187165243,20
2017-03-16T03:00:00,75,West,4.601607659821066,15
2017-03-16T04:00:00,76,North,37.16190329378789,45
2017-03-16T04:00:00,76,South,17.5969162108496,28
2017-03-16T04:00:00,76,East,7.80712921076485,19
2017-03-16T04:00:00,76,West,4.577554578544921,16
2017-03-16T05:00:00,77,North,38.303399712914896,47
2017-03-16T05:00:00,77,South,16.548216911743843,27
2017-03-16T05:00:00,77,East,7.0814158852248354,18
2017-03-16T05:00:00,77,West,4.5945030487542615,16
2017-03-16T06:00:00,78,North,38.300864100379286,48
2017-03-16T06:00:00,78,South,14.829309767283503,26
2017-03-16T06:00:00,78,East,6.939929772350554,18
2017-03-16T06:00:00,78,West,4.09623170882983,16
2017-03-16T07:00:00,79,North,43.035821254134106,48
2017-03-16T07:00:00,79,South,14.973553744647015,24
2017-03-16T07:00:00,79,East,8.923767732724675,19
2017-03-16T07:00:00,79,West,5.4625566865430635,17
2017-03-16T08:00:00,80,North,49.87096064940443,49
2017-03-16T08:00:00,80,South,14.051625919942794,23
2017-03-16T08:00:00,80,East,10.733968248514897,20
2017-03-16T08:00:00,80,West,5.1653300907256225,16
2017-03-16T09:00:00,81,North,64.93074355340336,51
2017-03-16T09:00:00,81,South,16.731205627211708,22
2017-03-16T09:00:00,81,East,14.028759671580731,20
2017-03-16T09:00:00,81,West,5.683195154752731,15
2017-03-16T10:00:00,82,North,70.5696518867942,50
2017-03-16T10:00:00,82,South,17.963890371490766,22
2017-03-16T10:00:00,82,East,13.103401956250362,19
2017-03-16T10:00:00,82,West,8.906499219659691,17
2017-03-16T11:00:00,83,North,73.98465401942181,48
2017-03-16T11:00:00,83,South,20.47347672083301,22
2017-03-16T11:00:00,83,East,18.116209016465973,21
2017-03-16T11:00:00,83,West,9.266901044459026,17
2017-03-16T12:00:00,84,North,76.1043921318556,47
2017-03-16T12:00:00,84,South,21.504565550731815,22
2017-03-16T12:00:00,84,East,23.67775585404489,23
2017-03-16T12:00:00,84,West,9.817855678164491,16
2017-03-16T13:00:00,85,North,71.59624060545208,48
2017-03-16T13:00:00,85,South,19.69097045907187,22
2017-03-16T13:00:00,85,East,17.13042904210095,21
2017-03-16T13:00:00,85,West,9.75175528161554,17
2017-03-16T14:00:00,86,North,74.67370620346337,48
2017-03-16T14:00:00,86,South,20.614767090944287,22
2017-03-16T14:00:00,86,East,18.275949027644327,21
2017-03-16T14:00:00,86,West,9.795439153531781,17
2017-03-16T15:00:00,87,North,77.31084972418664,48
2017-03-16T15:00:00,87,South,21.700086513260757,22
2017-03-16T15:00:00,87,East,20.185766735191137,22
2017-03-16T15:00:00,87,West,9.34567166803058,16
2017-03-16T16:00:00,88,North,75.71502679272865,49
2017-03-16T16:00:00,88,South,19.183272978340987,21
2017-03-16T16:00:00,88,East,17.357691524531177,21
2017-03-16T16:00:00,88,West,9.629037657515118,17
2017-03-16T17:00:00,89,North,73.05117103699516,49
2017-03-16T17:00:00,89,South,21.911771375158757,23
2017-03-16T17:00:00,89,East,14.568667534858502,19
2017-03-16T17:00:00,89,West,9.514352302045744,17
2017-03-16T18:00:00,90,North,78.51475407573048,50
2017-03-16T18:00:00,90,South,18.125948946178582,21
2017-03-16T18:00:00,90,East,16.5644479727193,20
2017-03-16T18:00:00,90,West,9.63234075052742,17
2017-03-16T19:00:00,91,North,83.88342208797397,48
2017-03-16T19:00:00,91,South,21.978242576976683,22
2017-03-16T19:00:00,91,East,22.914876363935328,22
2017-03-16T19:00:00,91,West,10.136589505993584,16
2017-03-16T20:00:00,92,North,81.36349177404671,49
2017-03-16T20:00:00,92,South,21.396913287761084,22
2017-03-16T20:00:00,92,East,18.611585683206663,21
2017-03-16T20:00:00,92,West,9.055862233374562,16
2017-03-16T21:00:00,93,North,80.93840318237164,49
2017-03-16T21:00:00,93,South,23.081168250269734,22
2017-03-16T21:00:00,93,East,20.32538654419437,21
2017-03-16T21:00:00,93,West,8.430530807383047,16
2017-03-16T22:00:00,94,North,81.86775934800336,49
2017-03-16T22:00:00,94,South,24.36685674968444,23
2017-03-16T22:00:00,94,East,18.29725863660799,20
2017-03-16T22:00:00,94,West,9.311555143561685,16
2017-03-16T23:00:00,95,North,75.01217934763298,49
2017-03-16T23:00:00,95,South,21.288260064787398,23
2017-03-16T23:00:00,95,East,16.219600957849593,20
2017-03-16T23:00:00,95,West,8.426157734768479,16
2017-03-17T00:00:00,96,North,67.37881812337373,49
2017-03-17T00:00:00,96,South,18.508668790443846,22
2017-03-17T00:00:00,96,East,16.1823998174987,21
2017-03-17T00:00:00,96,West,7.590011002335414,16
2017-03-17T01:00:00,97,North,56.37800940106591,50
2017-03-17T01:00:00,97,South,20.07138491409285,25
2017-03-17T01:00:00,97,East,8.859385402675771,18
2017-03-17T01:00:00,97,West,5.116199518807241,15
2017-03-17T02:00:00,98,North,49.549190138331554,48
2017-03-17T02:00:00,98,South,19.84494090813817,27
2017-03-17T02:00:00,98,East,8.344910194625854,18
2017-03-17T02:00:00,98,West,4.6288762870059195,15
2017-03-17T03:00:00,99,North,44.69083038895592,48
2017-03-17T03:00:00,99,South,16.64887302638057,25
2017-03-17T03:00:00,99,East,8.26847569142322,19
2017-03-17T03:00:00,99,West,4.4119488785256005,16
2017-03-17T04:00:00,100,North,37.83435466386406,47
2017-03-17T04:00:00,100,South,16.25141219937815,27
2017-03-17T04:00:00,100,East,7.579937263295015,19
2017-03-17T04:00:00,100,West,3.8603999547244254,15
2017-03-17T05:00:00,101,North,36.41111265042031,47
2017-03-17T05:00:00,101,South,16.224723767421835,27
2017-03-17T05:00:00,101,East,6.5867656376142945,18
2017-03-17T05:00:00,101,West,4.368106903695384,16
2017-03-17T06:00:00,102,North,39.75295958131263,50
2017-03-17T06:00:00,102,South,12.701641555279643,24
2017-03-17T06:00:00,102,East,6.248282812000968,18
2017-03-17T06:00:00,102,West,4.0191409235772095,16
2017-03-17T07:00:00,103,North,42.79697068453474,49
2017-03-17T07:00:00,103,South,14.449296986802452,25
2017-03-17T07:00:00,103,East,7.166110521163872,18
2017-03-17T07:00:00,103,West,4.910889716174106,16
2017-03-17T08:00:00,104,North,47.714103480945454,48
2017-03-17T08:00:00,104,South,16.434400914846016,24
2017-03-17T08:00:00,104,East,11.417255443742643,20
2017-03-17T08:00:00,104,West,4.814539021458545,16
2017-03-17T09:00:00,105,North,54.4538496197352,49
2017-03-17T09:00:00,105,South,14.366569940540922,22
2017-03-17T09:00:00,105,East,13.152401586749706,21
2017-03-17T09:00:00,105,West,5.129838889576442,16
2017-03-17T10:00:00,106,North,68.79675870652808,49
2017-03-17T10:00:00,106,South,17.006287099694845,21
2017-03-17T10:00:00,106,East,17.016964786331908,21
2017-03-17T10:00:00,106,West,8.303469432587576,17
2017-03-17T11:00:00,107,North,71.66598613532517,49
2017-03-17T11:00:00,107,South,18.495879709707406,21
2017-03-17T11:00:00,107,East,17.125544032255444,21
2017-03-17T11:00:00,107,West,9.54147683416571,17
2017-03-17T12:00:00,108,North,73.7499373738377,48
2017-03-17T12:00:00,108,South,18.020662449469917,21
2017-03-17T12:00:00,108,East,19.795471669241387,22
2017-03-17T12:00:00,108,West,10.450643699166976,17
2017-03-17T13:00:00,109,North,67.40269765352504,47
2017-03-17T13:00:00,109,South,19.114004824599444,22
2017-03-17T13:00:00,109,East,19.1265936111639,22
2017-03-17T13:00:00,109,West,9.363633817221233,17
2017-03-17T14:00:00,110,North,73.19220359167115,47
2017-03-17T14:00:00,110,South,21.88754046329175,23
2017-03-17T14:00:00,110,East,19.520016710845713,21
2017-03-17T14:00:00,110,West,9.478436393799248,17
2017-03-17T15:00:00,111,North,73.50998572721609,48
2017-03-17T15:00:00,111,South,21.00132566597228,22
2017-03-17T15:00:00,111,East,19.520016710845713,21
2017-03-17T15:00:00,111,West,10.028593323193409,17
2017-03-17T16:00:00,112,North,70.1224125632063,48
2017-03-17T16:00:00,112,South,19.01448973196936,22
2017-03-17T16:00:00,112,East,18.365012663639604,21
2017-03-17T16:00:00,112,West,8.902353187761504,17
2017-03-17T17:00:00,113,North,67.17945964157101,48
2017-03-17T17:00:00,113,South,17.51939201570147,21
2017-03-17T17:00:00,113,East,18.365012663639604,22
2017-03-17T17:00:00,113,West,9.643748942919425,17
2017-03-17T18:00:00,114,North,66.21523366880973,48
2017-03-17T18:00:00,114,South,18.12534299416946,22
2017-03-17T18:00:00,114,East,17.443943197891286,21
2017-03-17T18:00:00,114,West,9.485018694553059,17
2017-03-17T19:00:00,115,North,73.06966289965875,50
2017-03-17T19:00:00,115,South,17.407444816459595,21
2017-03-17T19:00:00,115,East,17.443943197891286,21
2017-03-17T19:00:00,115,West,8.589323597552683,16
2017-03-17T20:00:00,116,North,72.32117524424989,47
2017-03-17T20:00:00,116,South,21.820529836447164,23
2017-03-17T20:00:00,116,East,20.32538654419437,22
2017-03-17T20:00:00,116,West,9.289729737389898,16
2017-03-17T21:00:00,117,North,69.33762036402506,47
2017-03-17T21:00:00,117,South,20.964189911625184,22
2017-03-17T21:00:00,117,East,20.32538654419437,22
2017-03-17T21:00:00,117,West,9.221694983332481,17
2017-03-17T22:00:00,118,North,69.08631371456578,48
2017-03-17T22:00:00,118,South,18.56686974553196,22
2017-03-17T22:00:00,118,East,19.001648144322253,22
2017-03-17T22:00:00,118,West,8.92730823244462,16
2017-03-17T23:00:00,119,North,59.925486099209685,47
2017-03-17T23:00:00,119,South,17.48545087163078,22
2017-03-17T23:00:00,119,East,17.09909618302158,22
2017-03-17T23:00:00,119,West,8.164463656530184,17
2017-03-18T00:00:00,120,North,55.0491282807832,47
2017-03-18T00:00:00,120,South,18.33877043429799,24
2017-03-18T00:00:00,120,East,13.485280186870298,21
2017-03-18T00:00:00,120,West,6.859362276448845,16
2017-03-18T01:00:00,121,North,48.03247895033511,48
2017-03-18T01:00:00,121,South,17.93615095094417,25
2017-03-18T01:00:00,121,East,9.897090537443237,19
2017-03-18T01:00:00,121,West,5.34551663396073,16
2017-03-18T02:00:00,122,North,44.065718704592975,47
2017-03-18T02:00:00,122,South,17.697990308275077,26
2017-03-18T02:00:00,122,East,8.790221480270327,19
2017-03-18T02:00:00,122,West,4.311271094900396,16
2017-03-18T03:00:00,123,North,39.82244657557924,47
2017-03-18T03:00:00,123,South,16.26923169680915,26
2017-03-18T03:00:00,123,East,8.149208134474794,19
2017-03-18T03:00:00,123,West,3.9840207840677304,16
2017-03-18T04:00:00,124,North,33.48671384178583,46
2017-03-18T04:00:00,124,South,14.3919559822188,27
2017-03-18T04:00:00,124,East,7.158573965916058,19
2017-03-18T04:00:00,124,West,3.6251045018853345,16
2017-03-18T05:00:00,125,North,28.601619608383047,46
2017-03-18T05:00:00,125,South,11.132115675694182,25
2017-03-18T05:00:00,125,East,6.569467962348703,20
2017-03-18T05:00:00,125,West,4.484734523771459,17
2017-03-18T06:00:00,126,North,27.590619608383047,47
2017-03-18T06:00:00,126,South,8.765060641479632,23
2017-03-18T06:00:00,126,East,6.848031399822039,21
2017-03-18T06:00:00,126,West,3.896647640085259,17
2017-03-18T07:00:00,127,North,30.56304875818062,48
2017-03-18T07:00:00,127,South,9.257082829107315,23
2017-03-18T07:00:00,127,East,7.073253225993579,20
2017-03-18T07:00:00,127,West,3.8765936309263425,17
2017-03-18T08:00:00,128,North,33.660197125174825,46
2017-03-18T08:00:00,128,South,9.401991003653343,21
2017-03-18T08:00:00,128,East,11.769174473268462,24
2017-03-18T08:00:00,128,West,4.800971234706521,17
2017-03-18T09:00:00,129,North,38.911611440650574,47
2017-03-18T09:00:00,129,South,11.099409786811686,22
2017-03-18T09:00:00,129,East,11.655085806375013,22
2017-03-18T09:00:00,129,West,5.708844404511508,17
2017-03-18T10:00:00,130,North,40.119040135554435,46
2017-03-18T10:00:00,130,South,11.03505558604931,21
2017-03-18T10:00:00,130,East,14.561874947838202,24
2017-03-18T10:00:00,130,West,5.788141905207921,17
2017-03-18T11:00:00,131,North,42.157719372544115,44
2017-03-18T11:00:00,131,South,12.500203271357233,21
2017-03-18T11:00:00,131,East,16.74028645117723,25
2017-03-18T11:00:00,131,West,8.588278347038559,18
2017-03-18T12:00:00,132,North,47.04691399241699,45
2017-03-18T12:00:00,132,South,15.168064690939463,23
2017-03-18T12:00:00,132,East,14.470100149017854,22
2017-03-18T12:00:00,132,West,8.34543966726899,18
2017-03-18T13:00:00,133,North,39.23504527402247,44
2017-03-18T13:00:00,133,South,11.248989070152874,21
2017-03-18T13:00:00,133,East,16.3628412292595,25
2017-03-18T13:00:00,133,West,7.848817596638885,18
2017-03-18T14:00:00,134,North,37.79984031784753,42
2017-03-18T14:00:00,134,South,13.15431500194203,23
2017-03-18T14:00:00,134,East,15.595676788171948,24
2017-03-18T14:00:00,134,West,8.925522175631805,19
2017-03-18T15:00:00,135,North,38.22112356584964,45
2017-03-18T15:00:00,135,South,9.834236163723093,20
2017-03-18T15:00:00,135,East,13.539235550641823,24
2017-03-18T15:00:00,135,West,8.728130344314824,19
2017-03-18T16:00:00,136,North,36.58506541591076,44
2017-03-18T16:00:00,136,South,11.646949594034155,22
2017-03-18T16:00:00,136,East,11.925930441738803,23
2017-03-18T16:00:00,136,West,7.907933275228538,19
2017-03-18T17:00:00,137,North,36.66242359910205,42
2017-03-18T17:00:00,137,South,14.123980716300299,24
2017-03-18T17:00:00,137,East,12.846409728725412,23
2017-03-18T17:00:00,137,West,8.094629034872774,19
2017-03-18T18:00:00,138,North,45.05901508064853,46
2017-03-18T18:00:00,138,South,13.449949858413271,22
2017-03-18T18:00:00,138,East,13.049068012742506,22
2017-03-18T18:00:00,138,West,7.284387655691854,18
2017-03-18T19:00:00,139,North,51.71262577311934,49
2017-03-18T19:00:00,139,South,12.915924886441918,21
2017-03-18T19:00:00,139,East,12.528314668327031,21
2017-03-18T19:00:00,139,West,7.671854376520151,17
2017-03-18T20:00:00,140,North,49.569823206557224,45
2017-03-18T20:00:00,140,South,15.373363827897808,22
2017-03-18T20:00:00,140,East,15.955864366788644,23
2017-03-18T20:00:00,140,West,8.377955081350134,18
2017-03-18T21:00:00,141,North,50.69499210050949,47
2017-03-18T21:00:00,141,South,13.583433945215347,21
2017-03-18T21:00:00,141,East,14.68854857731496,22
2017-03-18T21:00:00,141,West,8.127043831937588,18
2017-03-18T22:00:00,142,North,48.761971756837475,46
2017-03-18T22:00:00,142,South,15.022175006810022,23
2017-03-18T22:00:00,142,East,13.022169124793955,21
2017-03-18T22:00:00,142,West,8.90047706548255,18
2017-03-18T23:00:00,143,North,50.60125555988678,47
2017-03-18T23:00:00,143,South,13.650232236112863,22
2017-03-18T23:00:00,143,East,14.625263232296694,22
2017-03-18T23:00:00,143,West,7.271373828912987,17
2017-03-19T00:00:00,144,North,39.13419436081789,44
2017-03-19T00:00:00,144,South,15.21214425791281,24
2017-03-19T00:00:00,144,East,10.821000574893679,21
2017-03-19T00:00:00,144,West,8.186788137014489,19
2017-03-19T01:00:00,145,North,36.23250998950789,45
2017-03-19T01:00:00,145,South,14.709473785903224,25
2017-03-19T01:00:00,145,East,8.66522370316325,20
2017-03-19T01:00:00,145,West,6.818582611184538,18
2017-03-19T02:00:00,146,North,29.328547875685192,43
2017-03-19T02:00:00,146,South,14.722876037116531,28
2017-03-19T02:00:00,146,East,7.6764924036805775,20
2017-03-19T02:00:00,146,West,4.2608547080616255,17
2017-03-19T03:00:00,147,North,30.338823179328916,45
2017-03-19T03:00:00,147,South,13.739360649121135,27
2017-03-19T03:00:00,147,East,7.634005268950015,20
2017-03-19T03:00:00,147,West,3.979672170713843,16
2017-03-19T04:00:00,148,North,28.436655846830458,47
2017-03-19T04:00:00,148,South,9.197924707960492,23
2017-03-19T04:00:00,148,East,6.288991354902954,20
2017-03-19T04:00:00,148,West,4.721566551700105,18
2017-03-19T05:00:00,149,North,21.708745496624434,42
2017-03-19T05:00:00,149,South,11.283787606788184,28
2017-03-19T05:00:00,149,East,5.050771671581488,19
2017-03-19T05:00:00,149,West,4.703030620309988,19
2017-03-19T06:00:00,150,North,24.698239317909593,45
2017-03-19T06:00:00,150,South,10.473167402962039,26
2017-03-19T06:00:00,150,East,5.9321859425496495,20
2017-03-19T06:00:00,150,West,3.85079799829923,17
2017-03-19T07:00:00,151,North,24.670668467707166,44
2017-03-19T07:00:00,151,South,10.737817993379469,26
2017-03-19T07:00:00,151,East,6.943652806228734,21
2017-03-19T07:00:00,151,West,3.974107630094808,17
2017-03-19T08:00:00,152,North,30.739451076402815,45
2017-03-19T08:00:00,152,South,12.38754055901071,25
2017-03-19T08:00:00,152,East,7.8146145908831155,20
2017-03-19T08:00:00,152,West,5.070248727857022,18
2017-03-19T09:00:00,153,North,40.98349572697793,48
2017-03-19T09:00:00,153,South,10.597822549036822,22
2017-03-19T09:00:00,153,East,10.476196345782785,21
2017-03-19T09:00:00,153,West,5.485687500102742,17
2017-03-19T10:00:00,154,North,48.85468423911677,48
2017-03-19T10:00:00,154,South,12.48542573329784,21
2017-03-19T10:00:00,154,East,13.063934475965114,22
2017-03-19T10:00:00,154,West,7.283767445479412,17
2017-03-19T11:00:00,155,North,47.109442269999676,45
2017-03-19T11:00:00,155,South,14.880685079013794,22
2017-03-19T11:00:00,155,East,15.967780520643487,23
2017-03-19T11:00:00,155,West,8.29004324517672,18
2017-03-19T12:00:00,156,North,47.244398999973775,47
2017-03-19T12:00:00,156,South,13.480313808894966,22
2017-03-19T12:00:00,156,East,13.07133270469205,22
2017-03-19T12:00:00,156,West,7.256524921776876,17
2017-03-19T13:00:00,157,North,46.20930543692171,48
2017-03-19T13:00:00,157,South,10.858165953464527,20
2017-03-19T13:00:00,157,East,13.498233321994636,22
2017-03-19T13:00:00,157,West,7.504081006459546,18
2017-03-19T14:00:00,158,North,41.29058030391077,45
2017-03-19T14:00:00,158,South,12.736802138536248,22
2017-03-19T14:00:00,158,East,14.59739725788748,23
2017-03-19T14:00:00,158,West,7.607312155139035,18
2017-03-19T15:00:00,159,North,39.3234256426416,43
2017-03-19T15:00:00,159,South,13.59862839155997,23
2017-03-19T15:00:00,159,East,15.594746104958684,24
2017-03-19T15:00:00,159,West,7.596520803255716,18
2017-03-19T16:00:00,160,North,39.36059405799271,44
2017-03-19T16:00:00,160,South,13.707849955937784,23
2017-03-19T16:00:00,160,East,12.700345699404071,23
2017-03-19T16:00:00,160,West,7.658989284752877,18
2017-03-19T17:00:00,161,North,41.53931618880307,45
2017-03-19T17:00:00,161,South,15.583125055647296,24
2017-03-19T17:00:00,161,East,11.909688250378954,21
2017-03-19T17:00:00,161,West,7.4688863088939295,18
2017-03-19T18:00:00,162,North,49.56780069378889,47
2017-03-19T18:00:00,162,South,14.30271272893848,22
2017-03-19T18:00:00,162,East,14.690197935919379,22
2017-03-19T18:00:00,162,West,7.328514971142635,17
2017-03-19T19:00:00,163,North,52.288380739498805,47
2017-03-19T19:00:00,163,South,15.525582698334034,22
2017-03-19T19:00:00,163,East,12.852343449912587,21
2017-03-19T19:00:00,163,West,8.793324919358206,18
2017-03-19T20:00:00,164,North,51.37980078611724,48
2017-03-19T20:00:00,164,South,15.32269007590608,23
2017-03-19T20:00:00,164,East,11.975348760720005,20
2017-03-19T20:00:00,164,West,7.818931271918804,17
2017-03-19T21:00:00,165,North,52.42691000930529,48
2017-03-19T21:00:00,165,South,17.36518267396347,24
2017-03-19T21:00:00,165,East,11.01602476052236,19
2017-03-19T21:00:00,165,West,7.6801949916198184,17
2017-03-19T22:00:00,166,North,52.32371162873849,46
2017-03-19T22:00:00,166,South,18.143578759670735,24
2017-03-19T22:00:00,166,East,14.669671767691401,21
2017-03-19T22:00:00,166,West,7.6833694126907375,17
2017-03-19T23:00:00,167,North,49.99548051378454,46
2017-03-19T23:00:00,167,South,16.44171641960151,23
2017-03-19T23:00:00,167,East,13.710465449748375,21
2017-03-19T23:00:00,167,West,7.9272223496673035,18
2017-03-20T00:00:00,0,North,46.48209524449378,45
2017-03-20T00:00:00,0,South,16.77669781079724,24
2017-03-20T00:00:00,0,East,12.26540481994531,21
2017-03-20T00:00:00,0,West,8.010727717291068,18
2017-03-20T01:00:00,1,North,40.23523519536389,47
2017-03-20T01:00:00,1,South,16.187329366321382,26
2017-03-20T01:00:00,1,East,8.118932088286336,19
2017-03-20T01:00:00,1,West,5.186300826623726,16
2017-03-20T02:00:00,2,North,34.711721289214026,46
2017-03-20T02:00:00,2,South,13.559025446697575,25
2017-03-20T02:00:00,2,East,8.888887606163236,21
2017-03-20T02:00:00,2,West,4.236535718951062,16
2017-03-20T03:00:00,3,North,33.825001545556944,47
2017-03-20T03:00:00,3,South,13.960097472477962,26
2017-03-20T03:00:00,3,East,6.342227006337344,19
2017-03-20T03:00:00,3,West,4.08431423410299,16
2017-03-20T04:00:00,4,North,31.80609046247447,45
2017-03-20T04:00:00,4,South,14.904750449392987,27
2017-03-20T04:00:00,4,East,6.62452403600453,19
2017-03-20T04:00:00,4,West,4.840405131815678,17
2017-03-20T05:00:00,5,North,31.07781995901174,47
2017-03-20T05:00:00,5,South,12.85378475817644,26
2017-03-20T05:00:00,5,East,5.6917459535348875,18
2017-03-20T05:00:00,5,West,4.470076299322097,17
2017-03-20T06:00:00,6,North,37.93293779715171,48
2017-03-20T06:00:00,6,South,12.139524341467196,23
2017-03-20T06:00:00,6,East,8.207951447962762,20
2017-03-20T06:00:00,6,West,4.891429205678831,17
2017-03-20T07:00:00,7,North,40.59301124932852,50
2017-03-20T07:00:00,7,South,12.396646940974474,23
2017-03-20T07:00:00,7,East,7.060170329468632,19
2017-03-20T07:00:00,7,West,4.653413329624141,16
2017-03-20T08:00:00,8,North,45.720336499923604,48
2017-03-20T08:00:00,8,South,15.868793195607982,25
2017-03-20T08:00:00,8,East,9.295356464907236,19
2017-03-20T08:00:00,8,West,4.457931539477823,16
2017-03-20T09:00:00,9,North,47.576382130769474,47
2017-03-20T09:00:00,9,South,16.644267549348985,24
2017-03-20T09:00:00,9,East,11.80179887471555,21
2017-03-20T09:00:00,9,West,5.771343200255169,16
2017-03-20T10:00:00,10,North,55.020940924998975,48
2017-03-20T10:00:00,10,South,15.531708699254983,22
2017-03-20T10:00:00,10,East,13.96330539948762,21
2017-03-20T10:00:00,10,West,8.391138950004729,17
2017-03-20T11:00:00,11,North,66.50106868137783,48
2017-03-20T11:00:00,11,South,18.483090156201193,22
2017-03-20T11:00:00,11,East,17.099622390464397,21
2017-03-20T11:00:00,11,West,8.740824621297847,17
2017-03-20T12:00:00,12,North,68.82312697725182,49
2017-03-20T12:00:00,12,South,16.307044566457385,21
2017-03-20T12:00:00,12,East,16.253463134564445,21
2017-03-20T12:00:00,12,West,10.483541051609034,17
2017-03-20T13:00:00,13,North,67.4918636973421,49
2017-03-20T13:00:00,13,South,17.84748205989905,22
2017-03-20T13:00:00,13,East,15.397880644320963,20
2017-03-20T13:00:00,13,West,9.919055730464127,17
2017-03-20T14:00:00,14,North,70.07617629052476,50
2017-03-20T14:00:00,14,South,17.955276613430623,22
2017-03-20T14:00:00,14,East,13.690427102190114,19
2017-03-20T14:00:00,14,West,8.851750324274374,17
2017-03-20T15:00:00,15,North,74.15661000253981,48
2017-03-20T15:00:00,15,South,19.718656543196328,22
2017-03-20T15:00:00,15,East,19.311278296905186,22
2017-03-20T15:00:00,15,West,9.039166274564312,16
2017-03-20T16:00:00,16,North,62.91356682128923,46
2017-03-20T16:00:00,16,South,22.672835351201005,24
2017-03-20T16:00:00,16,East,16.45227465756815,21
2017-03-20T16:00:00,16,West,10.180438151496517,17
2017-03-20T17:00:00,17,North,67.08526733400282,47
2017-03-20T17:00:00,17,South,21.953275517392395,23
2017-03-20T17:00:00,17,East,16.45227465756815,21
2017-03-20T17:00:00,17,West,9.7293477205509,17
2017-03-20T18:00:00,18,North,74.62579715056644,49
2017-03-20T18:00:00,18,South,21.946504833804216,23
2017-03-20T18:00:00,18,East,17.120115452112714,20
2017-03-20T18:00:00,18,West,8.33258912968927,16
2017-03-20T19:00:00,19,North,80.62390309239942,47
2017-03-20T19:00:00,19,South,27.05827592873046,24
2017-03-20T19:00:00,19,East,20.207877600816023,21
2017-03-20T19:00:00,19,West,9.907231947971683,16
2017-03-20T20:00:00,20,North,78.99757888004632,49
2017-03-20T20:00:00,20,South,22.664972952456388,23
2017-03-20T20:00:00,20,East,17.32643425451294,20
2017-03-20T20:00:00,20,West,8.358842949243234,16
2017-03-20T21:00:00,21,North,76.6630643611965,48
2017-03-20T21:00:00,21,South,26.69303660151219,24
2017-03-20T21:00:00,21,East,16.446939029340953,20
2017-03-20T21:00:00,21,West,9.280112831163468,16
2017-03-20T22:00:00,22,North,74.6933931402746,49
2017-03-20T22:00:00,22,South,21.761097481397098,23
2017-03-20T22:00:00,22,East,13.550469484240296,19
2017-03-20T22:00:00,22,West,9.497633440453313,17
2017-03-20T23:00:00,23,North,69.75955590052374,48
2017-03-20T23:00:00,23,South,21.678597481397098,23
2017-03-20T23:00:00,23,East,14.446649313127907,20
2017-03-20T23:00:00,23,West,9.008399449580578,17
2017-03-21T00:00:00,24,North,67.82502969598012,48
2017-03-21T00:00:00,24,South,21.31089759024561,24
2017-03-21T00:00:00,24,East,13.363749785809421,19
2017-03-21T00:00:00,24,West,9.254115553544489,17
2017-03-21T01:00:00,25,North,52.233668512553315,49
2017-03-21T01:00:00,25,South,17.59057163906358,24
2017-03-21T01:00:00,25,East,10.754332636612938,19
2017-03-21T01:00:00,25,West,5.215191350519378,16
2017-03-21T02:00:00,26,North,50.32890060447917,49
2017-03-21T02:00:00,26,South,18.98635922723019,26
2017-03-21T02:00:00,26,East,7.340466221489467,17
2017-03-21T02:00:00,26,West,4.888250038068298,16
2017-03-21T03:00:00,27,North,40.64236311389065,46
2017-03-21T03:00:00,27,South,17.881877337500036,27
2017-03-21T03:00:00,27,East,7.639270197083333,19
2017-03-21T03:00:00,27,West,4.936853821713239,16
2017-03-21T04:00:00,28,North,37.00119630419146,46
2017-03-21T04:00:00,28,South,16.241823023055435,27
2017-03-21T04:00:00,28,East,7.765838121368039,19
2017-03-21T04:00:00,28,West,4.162948436963334,16
2017-03-21T05:00:00,29,North,36.221291314196336,47
2017-03-21T05:00:00,29,South,16.026337868488252,27
2017-03-21T05:00:00,29,East,5.748538220296185,18
2017-03-21T05:00:00,29,West,4.632482264939711,16
2017-03-21T06:00:00,30,North,37.36944065110456,46
2017-03-21T06:00:00,30,South,15.896190788080242,27
2017-03-21T06:00:00,30,East,7.12194389748326,19
2017-03-21T06:00:00,30,West,4.576463783601451,16
2017-03-21T07:00:00,31,North,37.42152472981655,47
2017-03-21T07:00:00,31,South,14.384316007503015,26
2017-03-21T07:00:00,31,East,7.665434199413264,19
2017-03-21T07:00:00,31,West,4.168312181545918,16
2017-03-21T08:00:00,32,North,45.78342238229441,48
2017-03-21T08:00:00,32,South,16.06571286848825,25
2017-03-21T08:00:00,32,East,9.084017729367257,19
2017-03-21T08:00:00,32,West,5.012908399258233,16
2017-03-21T09:00:00,33,North,56.868357296337805,50
2017-03-21T09:00:00,33,South,15.365248210746232,22
2017-03-21T09:00:00,33,East,12.552562424550953,20
2017-03-21T09:00:00,33,West,5.7180276016304035,16
2017-03-21T10:00:00,34,North,74.22944198529609,51
2017-03-21T10:00:00,34,South,17.851258834150055,21
2017-03-21T10:00:00,34,East,13.068895936594966,19
2017-03-21T10:00:00,34,West,8.629375058860647,17
2017-03-21T11:00:00,35,North,76.16806003517715,49
2017-03-21T11:00:00,35,South,18.274639302025133,21
2017-03-21T11:00:00,35,East,18.106943529572824,21
2017-03-21T11:00:00,35,West,9.638187304379517,17
2017-03-21T12:00:00,36,North,75.80483021787786,48
2017-03-21T12:00:00,36,South,20.650870037496606,22
2017-03-21T12:00:00,36,East,19.073312290582216,21
2017-03-21T12:00:00,36,West,11.256664995882272,17
2017-03-21T13:00:00,37,North,74.87208004740211,48
2017-03-21T13:00:00,37,South,18.922228374234166,21
2017-03-21T13:00:00,37,East,20.78296949361723,22
2017-03-21T13:00:00,37,West,10.331516310969132,17
2017-03-21T14:00:00,38,North,80.27460749172141,48
2017-03-21T14:00:00,38,South,22.054194033927526,22
2017-03-21T14:00:00,38,East,22.699872151600786,22
2017-03-21T14:00:00,38,West,10.211856629808103,16
2017-03-21T15:00:00,39,North,80.14279809201815,48
2017-03-21T15:00:00,39,South,22.21569128020929,22
2017-03-21T15:00:00,39,East,22.699872151600786,22
2017-03-21T15:00:00,39,West,9.730617964601803,16
2017-03-21T16:00:00,40,North,77.56103676605429,48
2017-03-21T16:00:00,40,South,21.417783582334284,22
2017-03-21T16:00:00,40,East,19.200026440535076,21
2017-03-21T16:00:00,40,West,9.888496457870625,17
2017-03-21T17:00:00,41,North,76.77445858437405,48
2017-03-21T17:00:00,41,South,21.29935602750296,22
2017-03-21T17:00:00,41,East,18.304316236343645,21
2017-03-21T17:00:00,41,West,10.212949238593104,17
2017-03-21T18:00:00,42,North,83.28506470407474,49
2017-03-21T18:00:00,42,South,23.607217778381276,22
2017-03-21T18:00:00,42,East,19.23974303004382,21
2017-03-21T18:00:00,42,West,9.223080651409296,16
2017-03-21T19:00:00,43,North,75.04445506826218,47
2017-03-21T19:00:00,43,South,23.037890053913824,23
2017-03-21T19:00:00,43,East,20.63986220138228,22
2017-03-21T19:00:00,43,West,9.864802158299433,16
2017-03-21T20:00:00,44,North,84.72928264846375,49
2017-03-21T20:00:00,44,South,23.075487841443348,22
2017-03-21T20:00:00,44,East,20.429866471918096,21
2017-03-21T20:00:00,44,West,9.731327882736657,16
2017-03-21T21:00:00,45,North,80.60837697088179,50
2017-03-21T21:00:00,45,South,22.21269828101745,22
2017-03-21T21:00:00,45,East,14.568667534858502,19
2017-03-21T21:00:00,45,West,9.585114561885849,17
2017-03-21T22:00:00,46,North,81.50488113742283,49
2017-03-21T22:00:00,46,South,22.192560327642592,22
2017-03-21T22:00:00,46,East,20.145459202011605,21
2017-03-21T22:00:00,46,West,9.450359891874852,16
2017-03-21T23:00:00,47,North,72.77270922804428,48
2017-03-21T23:00:00,47,South,22.94053147992323,23
2017-03-21T23:00:00,47,East,16.19367931605855,20
2017-03-21T23:00:00,47,West,9.193845228477716,17
2017-03-22T00:00:00,48,North,66.71544238097444,48
2017-03-22T00:00:00,48,South,19.314190139347065,22
2017-03-22T00:00:00,48,East,16.983557002176568,21
2017-03-22T00:00:00,48,West,8.605886251718688,17
2017-03-22T01:00:00,49,North,55.8597464496995,47
2017-03-22T01:00:00,49,South,19.213753631410558,24
2017-03-22T01:00:00,49,East,14.291268564800355,21
2017-03-22T01:00:00,49,West,5.744732859190613,16
2017-03-22T02:00:00,50,North,50.49708980520727,49
2017-03-22T02:00:00,50,South,18.074965381543386,26
2017-03-22T02:00:00,50,East,8.298712373815135,18
2017-03-22T02:00:00,50,West,4.268488975542828,15
2017-03-22T03:00:00,51,North,44.792181185097796,49
2017-03-22T03:00:00,51,South,16.966004617379156,26
2017-03-22T03:00:00,51,East,7.180696491601308,18
2017-03-22T03:00:00,51,West,4.031791704955754,15
2017-03-22T04:00:00,52,North,41.75674422386785,48
2017-03-22T04:00:00,52,South,15.987792976847384,26
2017-03-22T04:00:00,52,East,6.980049080181711,18
2017-03-22T04:00:00,52,West,4.058641725738286,16
2017-03-22T05:00:00,53,North,40.82474149857378,48
2017-03-22T05:00:00,53,South,14.929222249814096,25
2017-03-22T05:00:00,53,East,7.730339208652441,19
2017-03-22T05:00:00,53,West,4.885732106523992,16
2017-03-22T06:00:00,54,North,39.86238103655815,49
2017-03-22T06:00:00,54,South,14.400316462322275,25
2017-03-22T06:00:00,54,East,7.057566949949296,18
2017-03-22T06:00:00,54,West,4.131007439481868,16
2017-03-22T07:00:00,55,North,46.75816792689317,44
2017-03-22T07:00:00,55,South,18.56220730959558,25
2017-03-22T07:00:00,55,East,12.481860574833156,21
2017-03-22T07:00:00,55,West,8.993649553087048,18
2017-03-22T08:00:00,56,North,47.935945980799495,46
2017-03-22T08:00:00,56,South,16.76317032917641,24
2017-03-22T08:00:00,56,East,13.739867435795121,22
2017-03-22T08:00:00,56,West,5.1823465373506075,16
2017-03-22T09:00:00,57,North,57.56327780852157,50
2017-03-22T09:00:00,57,South,16.955696951959474,23
2017-03-22T09:00:00,57,East,11.33604895487005,19
2017-03-22T09:00:00,57,West,5.756796797493912,16
2017-03-22T10:00:00,58,North,68.67734290602213,49
2017-03-22T10:00:00,58,South,17.495253134525818,21
2017-03-22T10:00:00,58,East,19.151676201139324,22
2017-03-22T10:00:00,58,West,6.904863830647324,16
2017-03-22T11:00:00,59,North,73.1180983633851,49
2017-03-22T11:00:00,59,South,18.128441617140957,21
2017-03-22T11:00:00,59,East,18.304316236343645,21
2017-03-22T11:00:00,59,West,9.438126740944423,17
2017-03-22T12:00:00,60,North,74.23499209437536,48
2017-03-22T12:00:00,60,South,19.116372911656445,21
2017-03-22T12:00:00,60,East,20.956776015355885,22
2017-03-22T12:00:00,60,West,10.832862084441459,17
2017-03-22T13:00:00,61,North,72.8926541898419,47
2017-03-22T13:00:00,61,South,20.26721433258269,22
2017-03-22T13:00:00,61,East,21.653398574365013,22
2017-03-22T13:00:00,61,West,9.771450316095942,17
2017-03-22T14:00:00,62,North,75.06724025649156,48
2017-03-22T14:00:00,62,South,21.299509435665847,22
2017-03-22T14:00:00,62,East,19.22594808232612,21
2017-03-22T14:00:00,62,West,10.027422640700568,17
2017-03-22T15:00:00,63,North,75.7146220775127,47
2017-03-22T15:00:00,63,South,22.734153205065233,22
2017-03-22T15:00:00,63,East,23.568890818849983,23
2017-03-22T15:00:00,63,West,9.108630164578598,16
2017-03-22T16:00:00,64,North,77.21783670824595,48
2017-03-22T16:00:00,64,South,22.414997798491843,22
2017-03-22T16:00:00,64,East,18.30431623634364,21
2017-03-22T16:00:00,64,West,9.855067212710836,17
2017-03-22T17:00:00,65,North,75.25296973927486,48
2017-03-22T17:00:00,65,South,21.124317179293424,22
2017-03-22T17:00:00,65,East,19.22594808232612,21
2017-03-22T17:00:00,65,West,8.904540307736912,17
2017-03-22T18:00:00,66,North,78.68878051953685,49
2017-03-22T18:00:00,66,South,22.45106205005259,22
2017-03-22T18:00:00,66,East,19.63986220138228,21
2017-03-22T18:00:00,66,West,8.20905358478132,16
2017-03-22T19:00:00,67,North,83.68414224269745,49
2017-03-22T19:00:00,67,South,23.120734989304975,22
2017-03-22T19:00:00,67,East,21.510291282130062,21
2017-03-22T19:00:00,67,West,8.936207163958432,16
2017-03-22T20:00:00,68,North,79.00829742181368,48
2017-03-22T20:00:00,68,South,24.526490692739436,23
2017-03-22T20:00:00,68,East,19.35522470097306,21
2017-03-22T20:00:00,68,West,9.038190913118598,16
2017-03-22T21:00:00,69,North,80.08090537415944,49
2017-03-22T21:00:00,69,South,21.674891099170914,22
2017-03-22T21:00:00,69,East,18.45126433699971,21
2017-03-22T21:00:00,69,West,8.847632583870563,16
2017-03-22T22:00:00,70,North,77.68328687148463,48
2017-03-22T22:00:00,70,South,24.36685674968444,23
2017-03-22T22:00:00,70,East,18.29725863660799,21
2017-03-22T22:00:00,70,West,9.357503375241214,16
2017-03-22T23:00:00,71,North,73.74911217514263,48
2017-03-22T23:00:00,71,South,21.567444442032333,23
2017-03-22T23:00:00,71,East,17.09909618302158,20
2017-03-22T23:00:00,71,West,9.03829203984183,17
2017-03-23T00:00:00,72,North,71.43866047802652,48
2017-03-23T00:00:00,72,South,21.58764926163739,23
2017-03-23T00:00:00,72,East,17.89762984201664,21
2017-03-23T00:00:00,72,West,8.390593218949563,16
2017-03-23T01:00:00,73,North,57.969442960564244,48
2017-03-23T01:00:00,73,South,19.281722173117082,24
2017-03-23T01:00:00,73,East,14.88464882645482,21
2017-03-23T01:00:00,73,West,4.7085812611647055,15
2017-03-23T02:00:00,74,North,46.208661725275846,48
2017-03-23T02:00:00,74,South,18.86071558020437,26
2017-03-23T02:00:00,74,East,7.711092968095426,18
2017-03-23T02:00:00,74,West,4.733234261011972,16
2017-03-23T03:00:00,75,North,43.362921118494405,48
2017-03-23T03:00:00,75,South,15.854232535133118,25
2017-03-23T03:00:00,75,East,8.841861111586281,19
2017-03-23T03:00:00,75,West,4.069642160596626,16
2017-03-23T04:00:00,76,North,42.33609774321292,49
2017-03-23T04:00:00,76,South,14.663878967179233,25
2017-03-23T04:00:00,76,East,6.980049080181711,18
2017-03-23T04:00:00,76,West,4.043218923600318,16
2017-03-23T05:00:00,77,North,38.95620908535317,49
2017-03-23T05:00:00,77,South,13.394594387528189,25
2017-03-23T05:00:00,77,East,6.5867656376142945,18
2017-03-23T05:00:00,77,West,4.641460322941571,16
2017-03-23T06:00:00,78,North,42.48175578307961,48
2017-03-23T06:00:00,78,South,15.854232535133118,26
2017-03-23T06:00:00,78,East,7.730339208652441,19
2017-03-23T06:00:00,78,West,4.088412289091131,15
2017-03-23T07:00:00,79,North,48.484430161765935,51
2017-03-23T07:00:00,79,South,14.01797796075912,23
2017-03-23T07:00:00,79,East,7.219550638094951,18
2017-03-23T07:00:00,79,West,5.0994405886673,16
2017-03-23T08:00:00,80,North,54.34677140346356,49
2017-03-23T08:00:00,80,South,17.45902953619806,24
2017-03-23T08:00:00,80,East,9.739015378511748,19
2017-03-23T08:00:00,80,West,6.126893883752421,16
2017-03-23T09:00:00,81,North,57.578080284483605,50
2017-03-23T09:00:00,81,South,14.997415568072038,22
2017-03-23T09:00:00,81,East,12.283793628096438,20
2017-03-23T09:00:00,81,West,5.689223510363685,16
2017-03-23T10:00:00,82,North,73.61406856996321,51
2017-03-23T10:00:00,82,South,17.88735151581986,21
2017-03-23T10:00:00,82,East,15.518225504236772,20
2017-03-23T10:00:00,82,West,8.141525066439389,16
2017-03-23T11:00:00,83,North,73.86287429577845,49
2017-03-23T11:00:00,83,South,18.644548583146925,21
2017-03-23T11:00:00,83,East,19.151676201139324,22
2017-03-23T11:00:00,83,West,8.76614778191316,16
2017-03-23T12:00:00,84,North,74.49255210158542,48
2017-03-23T12:00:00,84,South,19.681829726926008,22
2017-03-23T12:00:00,84,East,19.151676201139324,21
2017-03-23T12:00:00,84,West,11.212796545492234,17
2017-03-23T13:00:00,85,North,73.17631065110547,49
2017-03-23T13:00:00,85,South,20.531777692433337,22
2017-03-23T13:00:00,85,East,16.26758997182686,20
2017-03-23T13:00:00,85,West,10.4711183457093,17
2017-03-23T14:00:00,86,North,79.42735662918328,49
2017-03-23T14:00:00,86,South,19.713594432808364,21
2017-03-23T14:00:00,86,East,19.23974303004382,21
2017-03-23T14:00:00,86,West,9.261251777301617,17
2017-03-23T15:00:00,87,North,77.0811852063464,48
2017-03-23T15:00:00,87,South,22.43056198724445,22
2017-03-23T15:00:00,87,East,19.78296949361723,21
2017-03-23T15:00:00,87,West,10.420609443371678,17
2017-03-23T16:00:00,88,North,74.36319201777091,47
2017-03-23T16:00:00,88,South,22.597635736242683,22
2017-03-23T16:00:00,88,East,20.854200262848,22
2017-03-23T16:00:00,88,West,10.02510864389236,17
2017-03-23T17:00:00,89,North,73.91437043344955,48
2017-03-23T17:00:00,89,South,19.592749885920334,21
2017-03-23T17:00:00,89,East,20.729417756937835,22
2017-03-23T17:00:00,89,West,10.336067166794948,17
2017-03-23T18:00:00,90,North,74.26832971105443,46
2017-03-23T18:00:00,90,South,21.65199415778062,22
2017-03-23T18:00:00,90,East,23.477205748837253,23
2017-03-23T18:00:00,90,West,9.805370457290769,17
2017-03-23T19:00:00,91,North,81.67167818553496,49
2017-03-23T19:00:00,91,South,23.008797592921944,22
2017-03-23T19:00:00,91,East,20.246157533219865,21
2017-03-23T19:00:00,91,West,9.77607877330292,16
2017-03-23T20:00:00,92,North,77.73062745814255,48
2017-03-23T20:00:00,92,South,25.219601961057315,24
2017-03-23T20:00:00,92,East,18.45126433699971,20
2017-03-23T20:00:00,92,West,9.799430294764191,16
2017-03-23T21:00:00,93,North,80.37977321652022,48
2017-03-23T21:00:00,93,South,23.760605055917807,23
2017-03-23T21:00:00,93,East,19.184700383013904,21
2017-03-23T21:00:00,93,West,8.910972751304973,16
2017-03-23T22:00:00,94,North,77.49204583474359,48
2017-03-23T22:00:00,94,South,21.49940826018766,22
2017-03-23T22:00:00,94,East,18.231951277479386,21
2017-03-23T22:00:00,94,West,10.129301448240497,17
2017-03-23T23:00:00,95,North,74.44533381556954,48
2017-03-23T23:00:00,95,South,21.417269135966247,22
2017-03-23T23:00:00,95,East,19.980539529324663,22
2017-03-23T23:00:00,95,West,8.634943559598577,16
2017-03-24T00:00:00,96,North,65.82788113577081,50
2017-03-24T00:00:00,96,South,19.031490299569686,23
2017-03-24T00:00:00,96,East,11.780823602533562,19
2017-03-24T00:00:00,96,West,7.254776281868372,16
2017-03-24T01:00:00,97,North,52.78474223867046,47
2017-03-24T01:00:00,97,South,21.59698706182841,26
2017-03-24T01:00:00,97,East,12.294520137765018,20
2017-03-24T01:00:00,97,West,4.61859758103512,15
2017-03-24T02:00:00,98,North,45.14588200592064,48
2017-03-24T02:00:00,98,South,18.912730206894047,27
2017-03-24T02:00:00,98,East,7.078456036688915,17
2017-03-24T02:00:00,98,West,4.635676264863284,16
2017-03-24T03:00:00,99,North,43.295939420259074,49
2017-03-24T03:00:00,99,South,15.782523503363203,25
2017-03-24T03:00:00,99,East,7.006307763263051,18
2017-03-24T03:00:00,99,West,4.504365326847431,16
2017-03-24T04:00:00,100,North,38.18026456385807,48
2017-03-24T04:00:00,100,South,14.270316342287323,25
2017-03-24T04:00:00,100,East,7.447799797357231,19
2017-03-24T04:00:00,100,West,4.012387184402428,16
2017-03-24T05:00:00,101,North,35.89582560126833,46
2017-03-24T05:00:00,101,South,13.954282454088831,25
2017-03-24T05:00:00,101,East,8.535741715963237,20
2017-03-24T05:00:00,101,West,4.64369279388182,17
2017-03-24T06:00:00,102,North,36.91488638283322,47
2017-03-24T06:00:00,102,South,12.122522143382845,24
2017-03-24T06:00:00,102,East,9.32946565993338,21
2017-03-24T06:00:00,102,West,4.438792887572036,16
2017-03-24T07:00:00,103,North,38.530002273836374,47
2017-03-24T07:00:00,103,South,14.308467313771278,25
2017-03-24T07:00:00,103,East,9.414676634236223,20
2017-03-24T07:00:00,103,West,4.4141510917114735,16
2017-03-24T08:00:00,104,North,42.23652258513134,47
2017-03-24T08:00:00,104,South,15.630450781951097,25
2017-03-24T08:00:00,104,East,11.475329920866827,21
2017-03-24T08:00:00,104,West,3.9757762059958877,15
2017-03-24T09:00:00,105,North,50.92127875347415,47
2017-03-24T09:00:00,105,South,15.5310694929039,23
2017-03-24T09:00:00,105,East,15.065041807370628,22
2017-03-24T09:00:00,105,West,6.522946067524395,16
2017-03-24T10:00:00,106,North,68.93798110977055,49
2017-03-24T10:00:00,106,South,16.937189118541777,21
2017-03-24T10:00:00,106,East,18.962133433732777,22
2017-03-24T10:00:00,106,West,7.905402864862165,16
2017-03-24T11:00:00,107,North,79.01140159075688,49
2017-03-24T11:00:00,107,South,21.08350893031152,22
2017-03-24T11:00:00,107,East,19.23974303004382,21
2017-03-24T11:00:00,107,West,9.00941353378215,16
2017-03-24T12:00:00,108,North,74.2954656694267,49
2017-03-24T12:00:00,108,South,18.575143310912477,21
2017-03-24T12:00:00,108,East,17.119725518208206,20
2017-03-24T12:00:00,108,West,11.080739401647543,18
2017-03-24T13:00:00,109,North,70.49092596198624,48
2017-03-24T13:00:00,109,South,18.682937864444046,21
2017-03-24T13:00:00,109,East,20.02852854330193,22
2017-03-24T13:00:00,109,West,9.04751560896457,17
2017-03-24T14:00:00,110,North,78.02251082298413,47
2017-03-24T14:00:00,110,South,22.05063225938919,22
2017-03-24T14:00:00,110,East,21.653398574365013,22
2017-03-24T14:00:00,110,West,10.26043011513658,17
2017-03-24T15:00:00,111,North,75.88180423367092,47
2017-03-24T15:00:00,111,South,21.23965438915105,22
2017-03-24T15:00:00,111,East,22.699872151600786,23
2017-03-24T15:00:00,111,West,8.860626180175258,16
2017-03-24T16:00:00,112,North,72.48391850598635,47
2017-03-24T16:00:00,112,South,21.07107075370562,22
2017-03-24T16:00:00,112,East,20.74239183994993,22
2017-03-24T16:00:00,112,West,8.921698184475105,17
2017-03-24T17:00:00,113,North,71.40198017487725,48
2017-03-24T17:00:00,113,South,18.585780675287097,22
2017-03-24T17:00:00,113,East,19.729417756937835,22
2017-03-24T17:00:00,113,West,8.70094524332834,16
2017-03-24T18:00:00,114,North,76.37826566829142,48
2017-03-24T18:00:00,114,South,19.049787970444502,21
2017-03-24T18:00:00,114,East,21.510291282130062,22
2017-03-24T18:00:00,114,West,10.282052943762139,17
2017-03-24T19:00:00,115,North,77.39536329788294,48
2017-03-24T19:00:00,115,South,21.040043636290818,22
2017-03-24T19:00:00,115,East,20.36763183421889,21
2017-03-24T19:00:00,115,West,9.923909350360814,17
2017-03-24T20:00:00,116,North,78.97622044211157,49
2017-03-24T20:00:00,116,South,20.930828683057783,22
2017-03-24T20:00:00,116,East,19.75534387231152,21
2017-03-24T20:00:00,116,West,9.142292660931364,16
2017-03-24T21:00:00,117,North,72.03872542777034,48
2017-03-24T21:00:00,117,South,21.699856343648754,23
2017-03-24T21:00:00,117,East,18.231951277479386,21
2017-03-24T21:00:00,117,West,7.389998846721981,16
2017-03-24T22:00:00,118,North,72.58985084077356,48
2017-03-24T22:00:00,118,South,20.879590817955176,22
2017-03-24T22:00:00,118,East,19.184700383013904,22
2017-03-24T22:00:00,118,West,8.978393827714354,16
2017-03-24T23:00:00,119,North,65.93971679249236,47
2017-03-24T23:00:00,119,South,18.44104262897518,22
2017-03-24T23:00:00,119,East,18.231951277479386,22
2017-03-24T23:00:00,119,West,8.763410855241762,17
2017-03-25T00:00:00,120,North,59.69373030383435,48
2017-03-25T00:00:00,120,South,17.757913466522588,22
2017-03-25T00:00:00,120,East,16.195393712865144,22
2017-03-25T00:00:00,120,West,6.315373587968139,16
2017-03-25T01:00:00,121,North,46.97951117283205,47
2017-03-25T01:00:00,121,South,15.93549102864467,24
2017-03-25T01:00:00,121,East,14.291268564800355,22
2017-03-25T01:00:00,121,West,4.479083649288488,15
2017-03-25T02:00:00,122,North,39.04185720728315,44
2017-03-25T02:00:00,122,South,17.487971011682887,26
2017-03-25T02:00:00,122,East,11.80426243690318,22
2017-03-25T02:00:00,122,West,4.970050723719766,16
2017-03-25T03:00:00,123,North,32.46872197453592,45
2017-03-25T03:00:00,123,South,15.489329182961852,28
2017-03-25T03:00:00,123,East,6.859200585124702,19
2017-03-25T03:00:00,123,West,3.6719863763564655,16
2017-03-25T04:00:00,124,North,31.518835911076355,47
2017-03-25T04:00:00,124,South,12.492008449439828,26
2017-03-25T04:00:00,124,East,6.711504559018907,19
2017-03-25T04:00:00,124,West,3.8815342033498768,16
2017-03-25T05:00:00,125,North,26.65621630510236,46
2017-03-25T05:00:00,125,South,9.490581041041041,24
2017-03-25T05:00:00,125,East,6.5803778735297875,21
2017-03-25T05:00:00,125,West,3.9102875007068705,17
2017-03-25T06:00:00,126,North,25.645216305102362,46
2017-03-25T06:00:00,126,South,8.771131539982987,24
2017-03-25T06:00:00,126,East,6.607110219506504,21
2017-03-25T06:00:00,126,West,3.666363109261604,17
2017-03-25T07:00:00,127,North,32.64245883971332,49
2017-03-25T07:00:00,127,South,9.163217559109937,22
2017-03-25T07:00:00,127,East,7.770213505811291,21
2017-03-25T07:00:00,127,West,3.9089921300732393,16
2017-03-25T08:00:00,128,North,30.615926383026704,45
2017-03-25T08:00:00,128,South,10.187297676793166,23
2017-03-25T08:00:00,128,East,10.76672129132419,24
2017-03-25T08:00:00,128,West,4.116151085636346,16
2017-03-25T09:00:00,129,North,38.23134637305333,44
2017-03-25T09:00:00,129,South,13.816590556945854,23
2017-03-25T09:00:00,129,East,14.332564183084536,24
2017-03-25T09:00:00,129,West,6.313172017932522,17
2017-03-25T10:00:00,130,North,42.81618270939691,42
2017-03-25T10:00:00,130,South,12.546075475335725,21
2017-03-25T10:00:00,130,East,22.55401162718377,28
2017-03-25T10:00:00,130,West,7.639271708106646,17
2017-03-25T11:00:00,131,North,55.24632060538747,46
2017-03-25T11:00:00,131,South,12.898764608277078,20
2017-03-25T11:00:00,131,East,22.18878238326082,25
2017-03-25T11:00:00,131,West,8.393595898479665,17
2017-03-25T12:00:00,132,North,61.40844199340672,46
2017-03-25T12:00:00,132,South,13.88689378457624,20
2017-03-25T12:00:00,132,East,23.983909213329476,25
2017-03-25T12:00:00,132,West,7.927261908910828,17
2017-03-25T13:00:00,133,North,50.55482696545475,44
2017-03-25T13:00:00,133,South,12.33888277237055,20
2017-03-25T13:00:00,133,East,21.331102991510726,26
2017-03-25T13:00:00,133,West,8.743721985802509,18
2017-03-25T14:00:00,134,North,47.94661885194157,43
2017-03-25T14:00:00,134,South,14.554128604275952,21
2017-03-25T14:00:00,134,East,20.92036846551527,26
2017-03-25T14:00:00,134,West,8.431933371158141,18
2017-03-25T15:00:00,135,North,49.60320299263637,44
2017-03-25T15:00:00,135,South,11.248989070152874,19
2017-03-25T15:00:00,135,East,23.530282627770937,27
2017-03-25T15:00:00,135,West,8.307280068542608,18
2017-03-25T16:00:00,136,North,52.63627991571329,45
2017-03-25T16:00:00,136,South,12.939089628758868,20
2017-03-25T16:00:00,136,East,21.185035132181937,25
2017-03-25T16:00:00,136,West,8.867578219112279,18
2017-03-25T17:00:00,137,North,54.452885438449506,44
2017-03-25T17:00:00,137,South,14.625938461422082,21
2017-03-25T17:00:00,137,East,24.486578205251256,26
2017-03-25T17:00:00,137,West,7.95668665023508,17
2017-03-25T18:00:00,138,North,52.89457672044357,45
2017-03-25T18:00:00,138,South,12.381641162040351,20
2017-03-25T18:00:00,138,East,23.016992511410315,26
2017-03-25T18:00:00,138,West,7.95260282349396,17
2017-03-25T19:00:00,139,North,54.63569580802499,46
2017-03-25T19:00:00,139,South,15.397090544464097,21
2017-03-25T19:00:00,139,East,20.311096755428544,24
2017-03-25T19:00:00,139,West,7.425442581312443,17
2017-03-25T20:00:00,140,North,63.153115972636286,46
2017-03-25T20:00:00,140,South,16.29850415402323,21
2017-03-25T20:00:00,140,East,23.046172224990542,24
2017-03-25T20:00:00,140,West,8.535223446597922,17
2017-03-25T21:00:00,141,North,54.88394028645087,43
2017-03-25T21:00:00,141,South,15.314843725915972,21
2017-03-25T21:00:00,141,East,25.687915882852803,27
2017-03-25T21:00:00,141,West,8.389402213649118,17
2017-03-25T22:00:00,142,North,58.00698331982738,45
2017-03-25T22:00:00,142,South,17.330059649117405,22
2017-03-25T22:00:00,142,East,20.625705112105855,24
2017-03-25T22:00:00,142,West,8.386725070137572,17
2017-03-25T23:00:00,143,North,54.67025341477731,46
2017-03-25T23:00:00,143,South,17.238809649117407,22
2017-03-25T23:00:00,143,East,17.758031011741707,23
2017-03-25T23:00:00,143,West,7.674776553752716,17
2017-03-26T00:00:00,144,North,53.35058001664112,47
2017-03-26T00:00:00,144,South,14.739178644012009,21
2017-03-26T00:00:00,144,East,16.322790780371495,23
2017-03-26T00:00:00,144,West,7.901575307094651,17
2017-03-26T01:00:00,145,North,37.616388453570465,44
2017-03-26T01:00:00,145,South,14.093187655337998,24
2017-03-26T01:00:00,145,East,13.19105216464096,23
2017-03-26T01:00:00,145,West,5.506741854420109,17
2017-03-26T02:00:00,146,North,32.961117222449374,44
2017-03-26T02:00:00,146,South,14.867120014480045,26
2017-03-26T02:00:00,146,East,9.769582646855056,22
2017-03-26T02:00:00,146,West,4.176663620393032,16
2017-03-26T03:00:00,147,North,28.9713925260931,41
2017-03-26T03:00:00,147,South,16.158921552769858,28
2017-03-26T03:00:00,147,East,9.696373437653742,22
2017-03-26T03:00:00,147,West,4.766934994426214,17
2017-03-26T04:00:00,148,North,29.069225193594644,45
2017-03-26T04:00:00,148,South,10.444350179104053,24
2017-03-26T04:00:00,148,East,8.744804683856932,22
2017-03-26T04:00:00,148,West,3.925607708723085,17
2017-03-26T05:00:00,149,North,28.31709923492301,45
2017-03-26T05:00:00,149,South,12.894315729670566,27
2017-03-26T05:00:00,149,East,7.055079816481989,20
2017-03-26T05:00:00,149,West,3.67762664270894,16
2017-03-26T06:00:00,150,North,31.362837431911206,47
2017-03-26T06:00:00,150,South,11.846321312077633,25
2017-03-26T06:00:00,150,East,7.238245755675163,20
2017-03-26T06:00:00,150,West,3.896647640085259,16
2017-03-26T07:00:00,151,North,34.321508537950734,48
2017-03-26T07:00:00,151,South,11.974860603367905,25
2017-03-26T07:00:00,151,East,6.709241604660965,19
2017-03-26T07:00:00,151,West,3.974107630094808,16
2017-03-26T08:00:00,152,North,38.812991786981456,48
2017-03-26T08:00:00,152,South,10.538405918048763,22
2017-03-26T08:00:00,152,East,10.528711144070012,22
2017-03-26T08:00:00,152,West,5.049331401004535,16
2017-03-26T09:00:00,153,North,44.540704386847146,45
2017-03-26T09:00:00,153,South,11.894380883118313,21
2017-03-26T09:00:00,153,East,17.306760092889764,25
2017-03-26T09:00:00,153,West,6.41288766367972,17
2017-03-26T10:00:00,154,North,44.78245298153276,44
2017-03-26T10:00:00,154,South,13.466809281147095,22
2017-03-26T10:00:00,154,East,18.69303050017311,25
2017-03-26T10:00:00,154,West,7.339688512943449,17
2017-03-26T11:00:00,155,North,49.697781455938944,45
2017-03-26T11:00:00,155,South,13.507474227873406,21
2017-03-26T11:00:00,155,East,18.07255976242809,24
2017-03-26T11:00:00,155,West,8.14015041941501,18
2017-03-26T12:00:00,156,North,51.73200141342627,45
2017-03-26T12:00:00,156,South,11.87040041383154,20
2017-03-26T12:00:00,156,East,19.57613485512209,25
2017-03-26T12:00:00,156,West,9.974063277582102,18
2017-03-26T13:00:00,157,North,42.94081938271758,43
2017-03-26T13:00:00,157,South,14.66992493131505,22
2017-03-26T13:00:00,157,East,18.033073017710798,25
2017-03-26T13:00:00,157,West,7.818899655943067,18
2017-03-26T14:00:00,158,North,45.784557939367765,47
2017-03-26T14:00:00,158,South,11.639500887612993,21
2017-03-26T14:00:00,158,East,13.55169887091989,22
2017-03-26T14:00:00,158,West,8.495590887629696,18
2017-03-26T15:00:00,159,North,44.78430719120653,45
2017-03-26T15:00:00,159,South,16.401851589945387,24
2017-03-26T15:00:00,159,East,12.769864152402022,21
2017-03-26T15:00:00,159,West,7.630845159964878,18
2017-03-26T16:00:00,160,North,43.787384114283455,45
2017-03-26T16:00:00,160,South,15.187420908601277,23
2017-03-26T16:00:00,160,East,13.513626919806208,22
2017-03-26T16:00:00,160,West,7.744492450855727,18
2017-03-26T17:00:00,161,North,44.789911747940124,42
2017-03-26T17:00:00,161,South,18.289025221532857,25
2017-03-26T17:00:00,161,East,17.988700492657216,24
2017-03-26T17:00:00,161,West,7.294555426589694,17
2017-03-26T18:00:00,162,North,54.63393342340219,45
2017-03-26T18:00:00,162,South,17.45070236365496,23
2017-03-26T18:00:00,162,East,18.268546294492094,23
2017-03-26T18:00:00,162,West,7.911176958765608,17
2017-03-26T19:00:00,163,North,61.648155400081464,48
2017-03-26T19:00:00,163,South,15.672477674498783,21
2017-03-26T19:00:00,163,East,18.145095417747584,23
2017-03-26T19:00:00,163,West,7.333124606289478,16
2017-03-26T20:00:00,164,North,64.27062962921008,48
2017-03-26T20:00:00,164,South,18.174005425595386,22
2017-03-26T20:00:00,164,East,16.579913356487687,21
2017-03-26T20:00:00,164,West,8.458867009097547,17
2017-03-26T21:00:00,165,North,58.898063025709895,47
2017-03-26T21:00:00,165,South,17.333440917587925,22
2017-03-26T21:00:00,165,East,16.24465124927969,22
2017-03-26T21:00:00,165,West,8.06885731869999,17
2017-03-26T22:00:00,166,North,59.851431446762525,47
2017-03-26T22:00:00,166,South,17.488137877304226,22
2017-03-26T22:00:00,166,East,18.051023328895834,22
2017-03-26T22:00:00,166,West,8.320168203476195,17
2017-03-26T23:00:00,167,North,57.92743326290736,48
2017-03-26T23:00:00,167,South,17.350822011771648,23
2017-03-26T23:00:00,167,East,15.46677331097849,21
2017-03-26T23:00:00,167,West,6.914978891699693,16
2017-03-27T00:00:00,0,North,53.05784125441255,46
2017-03-27T00:00:00,0,South,18.40439869956025,24
2017-03-27T00:00:00,0,East,13.24180553446693,21
2017-03-27T00:00:00,0,West,8.061959193847704,17
2017-03-27T01:00:00,1,North,45.74692309594556,47
2017-03-27T01:00:00,1,South,18.626255978779167,26
2017-03-27T01:00:00,1,East,8.556152865544579,19
2017-03-27T01:00:00,1,West,5.35479491909379,16
2017-03-27T02:00:00,2,North,37.193053058436384,44
2017-03-27T02:00:00,2,South,18.5412618714319,28
2017-03-27T02:00:00,2,East,9.094693982318867,20
2017-03-27T02:00:00,2,West,4.5998254049092635,16
2017-03-27T03:00:00,3,North,33.41447556142155,44
2017-03-27T03:00:00,3,South,17.366364417519012,28
2017-03-27T03:00:00,3,East,8.446285411931106,20
2017-03-27T03:00:00,3,West,4.052378555972324,16
2017-03-27T04:00:00,4,North,32.515434019142575,46
2017-03-27T04:00:00,4,South,13.017153752771025,26
2017-03-27T04:00:00,4,East,7.158573965916058,19
2017-03-27T04:00:00,4,West,4.3951280180769405,17
2017-03-27T05:00:00,5,North,35.794812879329214,49
2017-03-27T05:00:00,5,South,11.638348031583812,24
2017-03-27T05:00:00,5,East,6.157232459677955,19
2017-03-27T05:00:00,5,West,4.020013389218188,16
2017-03-27T06:00:00,6,North,38.672684623744004,47
2017-03-27T06:00:00,6,South,16.237993333682986,27
2017-03-27T06:00:00,6,East,6.939929772350554,18
2017-03-27T06:00:00,6,West,3.985525411166107,16
2017-03-27T07:00:00,7,North,45.132295550228676,50
2017-03-27T07:00:00,7,South,14.116640780956418,24
2017-03-27T07:00:00,7,East,7.614701132849101,19
2017-03-27T07:00:00,7,West,3.9467696447460616,15
2017-03-27T08:00:00,8,North,52.128515123239595,49
2017-03-27T08:00:00,8,South,14.52839593548005,22
2017-03-27T08:00:00,8,East,13.616823530631521,21
2017-03-27T08:00:00,8,West,5.300044497621124,16
2017-03-27T09:00:00,9,North,57.089721415975234,48
2017-03-27T09:00:00,9,South,14.944125449392986,21
2017-03-27T09:00:00,9,East,17.429729625791783,23
2017-03-27T09:00:00,9,West,5.80678884292778,16
2017-03-27T10:00:00,10,North,69.19341385022331,48
2017-03-27T10:00:00,10,South,18.073408923088543,22
2017-03-27T10:00:00,10,East,18.21881462247217,22
2017-03-27T10:00:00,10,West,8.28402022404704,16
2017-03-27T11:00:00,11,North,73.54533869336971,49
2017-03-27T11:00:00,11,South,18.235985105886698,21
2017-03-27T11:00:00,11,East,18.22167842962561,21
2017-03-27T11:00:00,11,West,9.027775069144347,17
2017-03-27T12:00:00,12,North,77.821,48
2017-03-27T12:00:00,12,South,22.308382115154643,22
2017-03-27T12:00:00,12,East,20.033154529656024,21
2017-03-27T12:00:00,12,West,10.292587433886727,17
2017-03-27T13:00:00,13,North,78.95354561030368,49
2017-03-27T13:00:00,13,South,22.4803271700997,22
2017-03-27T13:00:00,13,East,19.573217052657974,21
2017-03-27T13:00:00,13,West,9.034268240763192,16
2017-03-27T14:00:00,14,North,72.18,47
2017-03-27T14:00:00,14,South,22.466434459108168,23
2017-03-27T14:00:00,14,East,20.912944123364028,22
2017-03-27T14:00:00,14,West,9.444442905988216,16
2017-03-27T15:00:00,15,North,74.0355,48
2017-03-27T15:00:00,15,South,25.421051016037307,24
2017-03-27T15:00:00,15,East,17.316304823900825,20
2017-03-27T15:00:00,15,West,8.750607339979982,16
2017-03-27T16:00:00,16,North,74.75216666666667,48
2017-03-27T16:00:00,16,South,21.27579306469688,22
2017-03-27T16:00:00,16,East,19.279131574218102,21
2017-03-27T16:00:00,16,West,9.032535294482079,17
2017-03-27T17:00:00,17,North,75.27217857142857,48
2017-03-27T17:00:00,17,South,22.55154208331082,23
2017-03-27T17:00:00,17,East,17.252191209401005,20
2017-03-27T17:00:00,17,West,9.377696397010638,17
2017-03-27T18:00:00,18,North,74.65200318979267,49
2017-03-27T18:00:00,18,South,21.274654921318923,22
2017-03-27T18:00:00,18,East,16.796274723893585,20
2017-03-27T18:00:00,18,West,10.278527577110113,17
2017-03-27T19:00:00,19,North,76.22944444444444,47
2017-03-27T19:00:00,19,South,26.044026468920528,24
2017-03-27T19:00:00,19,East,16.796274723893585,20
2017-03-27T19:00:00,19,West,9.777316300801017,17
2017-03-27T20:00:00,20,North,72.99711111111111,48
2017-03-27T20:00:00,20,South,23.01834972875914,23
2017-03-27T20:00:00,20,East,16.174738395547216,20
2017-03-27T20:00:00,20,West,9.742113559595646,17
2017-03-27T21:00:00,21,North,82.33184169327802,49
2017-03-27T21:00:00,21,South,26.658496713651644,24
2017-03-27T21:00:00,21,East,16.835850056995625,19
2017-03-27T21:00:00,21,West,9.563749934778327,16
2017-03-27T22:00:00,22,North,81.16261166678535,49
2017-03-27T22:00:00,22,South,24.814543034289592,24
2017-03-27T22:00:00,22,East,15.55732122809933,19
2017-03-27T22:00:00,22,West,8.98805984969813,16
2017-03-27T23:00:00,23,North,74.16756484576574,49
2017-03-27T23:00:00,23,South,21.350413387331344,23
2017-03-27T23:00:00,23,East,15.98725524800531,20
2017-03-27T23:00:00,23,West,9.159339449508535,16
2017-03-28T00:00:00,24,North,70.69878427412856,49
2017-03-28T00:00:00,24,South,21.18192860833367,23
2017-03-28T00:00:00,24,East,13.779134765538036,19
2017-03-28T00:00:00,24,West,8.23303264347878,17
2017-03-28T01:00:00,25,North,60.66434418445646,50
2017-03-28T01:00:00,25,South,19.818811305150724,25
2017-03-28T01:00:00,25,East,9.007308940340069,18
2017-03-28T01:00:00,25,West,5.165588816847324,15
2017-03-28T02:00:00,26,North,52.03642242290138,49
2017-03-28T02:00:00,26,South,19.163685656611214,26
2017-03-28T02:00:00,26,East,7.409802896859295,17
2017-03-28T02:00:00,26,West,5.087539107394903,16
2017-03-28T03:00:00,27,North,47.99268637451186,48
2017-03-28T03:00:00,27,South,18.661470032655682,26
2017-03-28T03:00:00,27,East,7.801107129255646,18
2017-03-28T03:00:00,27,West,4.626464961939237,16
2017-03-28T04:00:00,28,North,42.21372040111127,49
2017-03-28T04:00:00,28,South,14.302694001459836,25
2017-03-28T04:00:00,28,East,6.714387502143778,18
2017-03-28T04:00:00,28,West,4.872720183653363,16
2017-03-28T05:00:00,29,North,38.85881472197493,47
2017-03-28T05:00:00,29,South,16.678318468759812,27
2017-03-28T05:00:00,29,East,7.17758149043475,18
2017-03-28T05:00:00,29,West,4.610440253152673,16
2017-03-28T06:00:00,30,North,42.407694753034704,49
2017-03-28T06:00:00,30,South,15.962213718828387,26
2017-03-28T06:00:00,30,East,6.615920762249343,18
2017-03-28T06:00:00,30,West,4.083194975616605,15
2017-03-28T07:00:00,31,North,52.11697013463838,50
2017-03-28T07:00:00,31,South,17.57737510050119,25
2017-03-28T07:00:00,31,East,7.736307590953233,18
2017-03-28T07:00:00,31,West,4.0206259290363615,15
2017-03-28T08:00:00,32,North,55.204945396460126,50
2017-03-28T08:00:00,32,South,17.660975706087633,24
2017-03-28T08:00:00,32,East,10.31611343685124,19
2017-03-28T08:00:00,32,West,4.844310512560782,15
2017-03-28T09:00:00,33,North,62.130939428733484,50
2017-03-28T09:00:00,33,South,17.68089094050959,23
2017-03-28T09:00:00,33,East,12.329871582525879,19
2017-03-28T09:00:00,33,West,6.372504257348038,16
2017-03-28T10:00:00,34,North,72.48039208975722,50
2017-03-28T10:00:00,34,South,18.581816820239037,22
2017-03-28T10:00:00,34,East,15.995062522922261,20
2017-03-28T10:00:00,34,West,8.257744138962664,16
2017-03-28T11:00:00,35,North,76.76302639629483,49
2017-03-28T11:00:00,35,South,22.276418598501188,23
2017-03-28T11:00:00,35,East,16.696340362394356,20
2017-03-28T11:00:00,35,West,9.37051939403212,16
2017-03-28T12:00:00,36,North,77.64975021876866,48
2017-03-28T12:00:00,36,South,21.43912877145962,22
2017-03-28T12:00:00,36,East,18.030850463969962,21
2017-03-28T12:00:00,36,West,10.893403688747238,17
2017-03-28T13:00:00,37,North,78.06049791980232,50
2017-03-28T13:00:00,37,South,19.074283873431543,21
2017-03-28T13:00:00,37,East,16.9792825645758,20
2017-03-28T13:00:00,37,West,9.93609896031087,17
2017-03-28T14:00:00,38,North,79.02905500385285,49
2017-03-28T14:00:00,38,South,21.574929102270417,22
2017-03-28T14:00:00,38,East,17.929263890860312,20
2017-03-28T14:00:00,38,West,10.238089093188126,17
2017-03-28T15:00:00,39,North,79.92033086763517,49
2017-03-28T15:00:00,39,South,22.99859068381543,22
2017-03-28T15:00:00,39,East,17.839136902099547,20
2017-03-28T15:00:00,39,West,10.18733568748586,17
2017-03-28T16:00:00,40,North,77.37892108788488,48
2017-03-28T16:00:00,40,South,22.990962232895292,23
2017-03-28T16:00:00,40,East,19.565511437476943,21
2017-03-28T16:00:00,40,West,9.867832599663684,16
2017-03-28T17:00:00,41,North,80.54616564140396,49
2017-03-28T17:00:00,41,South,21.531662507972328,22
2017-03-28T17:00:00,41,East,16.97848580528775,20
2017-03-28T17:00:00,41,West,9.729000065826272,17
2017-03-28T18:00:00,42,North,83.57097650022838,50
2017-03-28T18:00:00,42,South,21.535479143557364,22
2017-03-28T18:00:00,42,East,16.25222632816036,20
2017-03-28T18:00:00,42,West,9.276635280926937,16
2017-03-28T19:00:00,43,North,83.30504451966311,49
2017-03-28T19:00:00,43,South,25.533097897940007,23
2017-03-28T19:00:00,43,East,16.934575146980542,20
2017-03-28T19:00:00,43,West,9.041318569554184,16
2017-03-28T20:00:00,44,North,72.35487426900585,47
2017-03-28T20:00:00,44,South,25.110277086474248,24
2017-03-28T20:00:00,44,East,17.368088941499654,20
2017-03-28T20:00:00,44,West,9.469208207634367,17
2017-03-28T21:00:00,45,North,73.54649745741165,47
2017-03-28T21:00:00,45,South,24.395003352197953,24
2017-03-28T21:00:00,45,East,18.32551447572201,21
2017-03-28T21:00:00,45,West,9.423834652916565,16
2017-03-28T22:00:00,46,North,84.781345385464,50
2017-03-28T22:00:00,46,South,23.141833108057853,22
2017-03-28T22:00:00,46,East,18.01572184672193,20
2017-03-28T22:00:00,46,West,9.450359891874852,16
2017-03-28T23:00:00,47,North,79.23074418009463,49
2017-03-28T23:00:00,47,South,22.494219267512193,23
2017-03-28T23:00:00,47,East,16.340978664458465,20
2017-03-28T23:00:00,47,West,8.950145080587772,16
2017-03-29T00:00:00,48,North,72.83579841851171,49
2017-03-29T00:00:00,48,South,22.596432939513747,23
2017-03-29T00:00:00,48,East,15.638803822401156,20
2017-03-29T00:00:00,48,West,8.138076786263195,16
2017-03-29T01:00:00,49,North,60.60118331659191,50
2017-03-29T01:00:00,49,South,20.148944848860204,25
2017-03-29T01:00:00,49,East,9.922294217019076,18
2017-03-29T01:00:00,49,West,5.2429601442256715,15
2017-03-29T02:00:00,50,North,54.957781043772556,49
2017-03-29T02:00:00,50,South,20.98120525963941,26
2017-03-29T02:00:00,50,East,8.993807627118263,18
2017-03-29T02:00:00,50,West,4.230469379588886,15
2017-03-29T03:00:00,51,North,47.221531745224645,49
2017-03-29T03:00:00,51,South,16.639773577118945,25
2017-03-29T03:00:00,51,East,8.254223674616346,18
2017-03-29T03:00:00,51,West,4.618556130030405,16
2017-03-29T04:00:00,52,North,39.51608384100828,48
2017-03-29T04:00:00,52,South,14.665051219301304,25
2017-03-29T04:00:00,52,East,7.37570459955219,19
2017-03-29T04:00:00,52,West,4.872720183653364,16
2017-03-29T05:00:00,53,North,38.876909960070165,49
2017-03-29T05:00:00,53,South,13.136860507180513,24
2017-03-29T05:00:00,53,East,7.5229656301442445,19
2017-03-29T05:00:00,53,West,4.31154132783586,16
2017-03-29T06:00:00,54,North,42.402456657796606,48
2017-03-29T06:00:00,54,South,14.895863891515042,25
2017-03-29T06:00:00,54,East,8.444720891977724,19
2017-03-29T06:00:00,54,West,4.607830567864802,16
2017-03-29T07:00:00,55,North,49.42996436981627,48
2017-03-29T07:00:00,55,South,17.693562223322743,25
2017-03-29T07:00:00,55,East,10.688163671940721,20
2017-03-29T07:00:00,55,West,5.114407227875473,15
2017-03-29T08:00:00,56,North,52.28747227818056,48
2017-03-29T08:00:00,56,South,17.642346048868724,24
2017-03-29T08:00:00,56,East,11.526614829532956,20
2017-03-29T08:00:00,56,West,6.170265547939135,16
2017-03-29T09:00:00,57,North,60.627122233924204,49
2017-03-29T09:00:00,57,South,17.42527585167547,23
2017-03-29T09:00:00,57,East,12.466233844501357,20
2017-03-29T09:00:00,57,West,6.484905576750757,16
2017-03-29T10:00:00,58,North,71.90452796461616,49
2017-03-29T10:00:00,58,South,18.013282067466218,21
2017-03-29T10:00:00,58,East,16.18941063511949,21
2017-03-29T10:00:00,58,West,9.180482923208084,17
2017-03-29T11:00:00,59,North,75.9505725717836,49
2017-03-29T11:00:00,59,South,19.275309297699337,21
2017-03-29T11:00:00,59,East,19.091126847889907,21
2017-03-29T11:00:00,59,West,9.570847090081399,17
2017-03-29T12:00:00,60,North,71.79131290524884,48
2017-03-29T12:00:00,60,South,19.132767870096824,22
2017-03-29T12:00:00,60,East,18.061926943480096,21
2017-03-29T12:00:00,60,West,9.481687584089247,17
2017-03-29T13:00:00,61,North,74.95559816991982,49
2017-03-29T13:00:00,61,South,20.356432498285947,22
2017-03-29T13:00:00,61,East,15.639900401131667,20
2017-03-29T13:00:00,61,West,9.771450316095942,17
2017-03-29T14:00:00,62,North,85.44210349360601,50
2017-03-29T14:00:00,62,South,22.525800186547308,22
2017-03-29T14:00:00,62,East,15.869702749479053,19
2017-03-29T14:00:00,62,West,9.91249830485937,17
2017-03-29T15:00:00,63,North,84.7528815766341,50
2017-03-29T15:00:00,63,South,21.04774012724546,22
2017-03-29T15:00:00,63,East,16.61380877397352,20
2017-03-29T15:00:00,63,West,9.80093856725236,16
2017-03-29T16:00:00,64,North,79.2094905917577,48
2017-03-29T16:00:00,64,South,24.537624790080447,23
2017-03-29T16:00:00,64,East,16.336591637983755,20
2017-03-29T16:00:00,64,West,10.142010160545354,17
2017-03-29T17:00:00,65,North,76.9854736255753,49
2017-03-29T17:00:00,65,South,21.815325731715312,23
2017-03-29T17:00:00,65,East,14.968757076177786,19
2017-03-29T17:00:00,65,West,9.746390950397643,17
2017-03-29T18:00:00,66,North,82.37495005806475,50
2017-03-29T18:00:00,66,South,21.103487712993047,22
2017-03-29T18:00:00,66,East,16.567499991332785,20
2017-03-29T18:00:00,66,West,9.863921487044278,16
2017-03-29T19:00:00,67,North,74.1622387161529,48
2017-03-29T19:00:00,67,South,24.545378896384193,24
2017-03-29T19:00:00,67,East,15.675028629636333,20
2017-03-29T19:00:00,67,West,8.76603921165183,16
2017-03-29T20:00:00,68,North,74.27831563922983,47
2017-03-29T20:00:00,68,South,26.46556844178566,25
2017-03-29T20:00:00,68,East,16.910524608506968,20
2017-03-29T20:00:00,68,West,8.685847272494982,16
2017-03-29T21:00:00,69,North,83.345775399894,49
2017-03-29T21:00:00,69,South,25.56733208920835,24
2017-03-29T21:00:00,69,East,16.338913923555094,19
2017-03-29T21:00:00,69,West,9.631100022000455,16
2017-03-29T22:00:00,70,North,82.3273011579811,50
2017-03-29T22:00:00,70,South,22.473588171496154,22
2017-03-29T22:00:00,70,East,15.880619596755995,19
2017-03-29T22:00:00,70,West,9.574193410284272,17
2017-03-29T23:00:00,71,North,79.7566715454501,50
2017-03-29T23:00:00,71,South,23.21507760930183,23
2017-03-29T23:00:00,71,East,13.843504335913448,19
2017-03-29T23:00:00,71,West,7.946861253867817,16
2017-03-30T00:00:00,72,North,73.98602293639195,49
2017-03-30T00:00:00,72,South,22.58325622002895,24
2017-03-30T00:00:00,72,East,14.225518939126882,19
2017-03-30T00:00:00,72,West,8.134307656173114,16
2017-03-30T01:00:00,73,North,65.85404587225526,51
2017-03-30T01:00:00,73,South,21.284706204916993,24
2017-03-30T01:00:00,73,East,10.250659688624996,18
2017-03-30T01:00:00,73,West,4.7085812611647055,15
2017-03-30T02:00:00,74,North,49.25199505860918,48
2017-03-30T02:00:00,74,South,18.484298544261257,26
2017-03-30T02:00:00,74,East,8.779382608578407,18
2017-03-30T02:00:00,74,West,4.892693087882021,16
2017-03-30T03:00:00,75,North,42.309489441475776,47
2017-03-30T03:00:00,75,South,17.563268251665928,26
2017-03-30T03:00:00,75,East,8.580539900941986,19
2017-03-30T03:00:00,75,West,4.618556130030405,16
2017-03-30T04:00:00,76,North,39.59538296629128,48
2017-03-30T04:00:00,76,South,15.754851246085918,26
2017-03-30T04:00:00,76,East,6.911196870745168,18
2017-03-30T04:00:00,76,West,4.877790665951228,16
2017-03-30T05:00:00,77,North,37.10915150103234,46
2017-03-30T05:00:00,77,South,17.392966104241744,28
2017-03-30T05:00:00,77,East,7.006958667488352,18
2017-03-30T05:00:00,77,West,4.029507583394134,16
2017-03-30T06:00:00,78,North,43.48175578307961,49
2017-03-30T06:00:00,78,South,16.658182668028036,26
2017-03-30T06:00:00,78,East,5.9056496414194894,17
2017-03-30T06:00:00,78,West,3.9439761771219852,16
2017-03-30T07:00:00,79,North,46.48926349509927,51
2017-03-30T07:00:00,79,South,14.79566180809983,25
2017-03-30T07:00:00,79,East,6.178980243708041,17
2017-03-30T07:00:00,79,West,3.999356114289581,15
2017-03-30T08:00:00,80,North,50.33529632081915,48
2017-03-30T08:00:00,80,South,18.06930228796426,25
2017-03-30T08:00:00,80,East,9.813795336394254,19
2017-03-30T08:00:00,80,West,5.861896776002017,16
2017-03-30T09:00:00,81,North,59.98810067141106,50
2017-03-30T09:00:00,81,South,17.5791921409224,23
2017-03-30T09:00:00,81,East,11.566657772385364,19
2017-03-30T09:00:00,81,West,6.650365500479326,16
2017-03-30T10:00:00,82,North,71.20731499129666,50
2017-03-30T10:00:00,82,South,17.414140080912762,21
2017-03-30T10:00:00,82,East,14.003806140680707,20
2017-03-30T10:00:00,82,West,8.390346129976084,17
2017-03-30T11:00:00,83,North,73.75554517332972,49
2017-03-30T11:00:00,83,South,19.04846967486437,22
2017-03-30T11:00:00,83,East,15.933609398289551,20
2017-03-30T11:00:00,83,West,9.398370759061159,17
2017-03-30T12:00:00,84,North,75.08460391163611,50
2017-03-30T12:00:00,84,South,19.659983811868834,22
2017-03-30T12:00:00,84,East,14.741686314596521,19
2017-03-30T12:00:00,84,West,10.775066378431148,17
2017-03-30T13:00:00,85,North,71.42111135585832,48
2017-03-30T13:00:00,85,South,22.764545060367613,23
2017-03-30T13:00:00,85,East,16.554708449686895,20
2017-03-30T13:00:00,85,West,10.272792044802031,17
2017-03-30T14:00:00,86,North,79.36708635891301,50
2017-03-30T14:00:00,86,South,21.42830886229379,22
2017-03-30T14:00:00,86,East,15.732086068429755,19
2017-03-30T14:00:00,86,West,9.85210341145853,17
2017-03-30T15:00:00,87,North,78.67558685973704,49
2017-03-30T15:00:00,87,South,21.775515993673977,22
2017-03-30T15:00:00,87,East,16.87418846173626,20
2017-03-30T15:00:00,87,West,9.52109564349587,17
2017-03-30T16:00:00,88,North,77.29405411338982,49
2017-03-30T16:00:00,88,South,21.87398093310317,22
2017-03-30T16:00:00,88,East,15.887617295419993,20
2017-03-30T16:00:00,88,West,9.531784277004006,17
2017-03-30T17:00:00,89,North,75.24962860439626,48
2017-03-30T17:00:00,89,South,22.51413545256984,23
2017-03-30T17:00:00,89,East,16.57078875014844,20
2017-03-30T17:00:00,89,West,9.824343606481463,17
2017-03-30T18:00:00,90,North,80.86546672637414,49
2017-03-30T18:00:00,90,South,24.992861844477233,23
2017-03-30T18:00:00,90,East,16.5389704320445,20
2017-03-30T18:00:00,90,West,9.774743979227669,16
2017-03-30T19:00:00,91,North,74.25323871615291,48
2017-03-30T19:00:00,91,South,26.028847897940008,24
2017-03-30T19:00:00,91,East,16.155910423198605,20
2017-03-30T19:00:00,91,West,9.024088707385483,16
2017-03-30T20:00:00,92,North,83.96280913005273,50
2017-03-30T20:00:00,92,South,22.48918424209223,22
2017-03-30T20:00:00,92,East,16.047002711286865,19
2017-03-30T20:00:00,92,West,10.351950755198397,17
2017-03-30T21:00:00,93,North,80.75679125403826,49
2017-03-30T21:00:00,93,South,26.446858734825952,24
2017-03-30T21:00:00,93,East,16.046788977468356,19
2017-03-30T21:00:00,93,West,9.492419342249336,16
2017-03-30T22:00:00,94,North,81.76741467116167,50
2017-03-30T22:00:00,94,South,22.6295425786443,23
2017-03-30T22:00:00,94,East,14.733076258330971,19
2017-03-30T22:00:00,94,West,9.489563543727481,16
2017-03-30T23:00:00,95,North,74.08695735660737,49
2017-03-30T23:00:00,95,South,22.659969407912595,23
2017-03-30T23:00:00,95,East,14.613574635937649,19
2017-03-30T23:00:00,95,West,8.948963384071556,17
2017-03-31T00:00:00,96,North,68.34245739699429,49
2017-03-31T00:00:00,96,South,21.2757185676528,23
2017-03-31T00:00:00,96,East,14.045588446345928,20
2017-03-31T00:00:00,96,West,7.945239956583732,16
2017-03-31T01:00:00,97,North,57.86630200909042,49
2017-03-31T01:00:00,97,South,19.775982311489667,24
2017-03-31T01:00:00,97,East,11.901105737447978,20
2017-03-31T01:00:00,97,West,5.506455798265905,15
2017-03-31T02:00:00,98,North,48.64677879081382,49
2017-03-31T02:00:00,98,South,17.144718869975375,25
2017-03-31T02:00:00,98,East,7.410595659496593,18
2017-03-31T02:00:00,98,West,4.635676264863284,16
2017-03-31T03:00:00,99,North,42.63217790668642,48
2017-03-31T03:00:00,99,South,17.276074065328825,26
2017-03-31T03:00:00,99,East,7.76499654313926,19
2017-03-31T03:00:00,99,West,3.876808638232264,15
2017-03-31T04:00:00,100,North,37.83435466386406,46
2017-03-31T04:00:00,100,South,17.16322614122177,27
2017-03-31T04:00:00,100,East,8.08291030234339,19
2017-03-31T04:00:00,100,West,4.357027638768835,16
2017-03-31T05:00:00,101,North,36.42746974905721,47
2017-03-31T05:00:00,101,South,13.97048543252518,25
2017-03-31T05:00:00,101,East,8.101222369642699,20
2017-03-31T05:00:00,101,West,4.4660301643701334,16
2017-03-31T06:00:00,102,North,37.33369613975134,50
2017-03-31T06:00:00,102,South,11.33171923159249,24
2017-03-31T06:00:00,102,East,6.0451516996097725,18
2017-03-31T06:00:00,102,West,4.423309499772472,16
2017-03-31T07:00:00,103,North,42.63606828144493,50
2017-03-31T07:00:00,103,South,12.639368828006916,23
2017-03-31T07:00:00,103,East,8.110121143002946,19
2017-03-31T07:00:00,103,West,4.137304332467688,16
2017-03-31T08:00:00,104,North,48.69077014761212,49
2017-03-31T08:00:00,104,South,15.606413348796018,24
2017-03-31T08:00:00,104,East,9.261610797177516,19
2017-03-31T08:00:00,104,West,6.071493495697461,16
2017-03-31T09:00:00,105,North,54.334565639847675,49
2017-03-31T09:00:00,105,South,17.315449065328828,24
2017-03-31T09:00:00,105,East,11.08812931179708,19
2017-03-31T09:00:00,105,West,5.8540051636815615,16
2017-03-31T10:00:00,106,North,68.92889176807859,50
2017-03-31T10:00:00,106,South,17.924640536290482,22
2017-03-31T10:00:00,106,East,15.762956917908909,20
2017-03-31T10:00:00,106,West,6.665845060675675,16
2017-03-31T11:00:00,107,North,72.31670042103944,50
2017-03-31T11:00:00,107,South,19.99696004885809,22
2017-03-31T11:00:00,107,East,13.474100442053684,19
2017-03-31T11:00:00,107,West,9.187542043874787,17
2017-03-31T12:00:00,108,North,70.4183637710497,48
2017-03-31T12:00:00,108,South,18.361298531072414,22
2017-03-31T12:00:00,108,East,16.04627473654515,20
2017-03-31T12:00:00,108,West,11.480539296542384,18
2017-03-31T13:00:00,109,North,74.07096989081529,50
2017-03-31T13:00:00,109,South,18.801693454768824,22
2017-03-31T13:00:00,109,East,15.662024075803703,20
2017-03-31T13:00:00,109,West,8.870784216749332,16
2017-03-31T14:00:00,110,North,78.79079612328657,50
2017-03-31T14:00:00,110,South,18.730056993303926,21
2017-03-31T14:00:00,110,East,16.742246035136993,20
2017-03-31T14:00:00,110,West,9.573298777748509,17
2017-03-31T15:00:00,111,North,78.30254715244027,49
2017-03-31T15:00:00,111,South,21.960062093960666,22
2017-03-31T15:00:00,111,East,16.742246035136993,20
2017-03-31T15:00:00,111,West,9.814472910760518,17
2017-03-31T16:00:00,112,North,75.87214589288617,49
2017-03-31T16:00:00,112,South,19.783626052402028,22
2017-03-31T16:00:00,112,East,16.214773895020187,20
2017-03-31T16:00:00,112,West,9.286786028314514,17
2017-03-31T17:00:00,113,North,71.33812571549234,49
2017-03-31T17:00:00,113,South,18.629780297098886,22
2017-03-31T17:00:00,113,East,16.545178629058395,20
2017-03-31T17:00:00,113,West,10.231070808485992,17
2017-03-31T18:00:00,114,North,80.50438199985788,51
2017-03-31T18:00:00,114,South,20.623230003602572,22
2017-03-31T18:00:00,114,East,14.735198523884737,19
2017-03-31T18:00:00,114,West,9.089318279063276,16
2017-03-31T19:00:00,115,North,79.33704387381414,50
2017-03-31T19:00:00,115,South,20.738344595380056,22
2017-03-31T19:00:00,115,East,15.630343117934212,20
2017-03-31T19:00:00,115,West,8.584725801669286,16
2017-03-31T20:00:00,116,North,78.85794004973292,50
2017-03-31T20:00:00,116,South,21.41602148090664,22
2017-03-31T20:00:00,116,East,14.62446100829315,19
2017-03-31T20:00:00,116,West,9.707725105286709,17
2017-03-31T21:00:00,117,North,73.76622577296452,48
2017-03-31T21:00:00,117,South,21.43528893622164,23
2017-03-31T21:00:00,117,East,16.370674975299607,20
2017-03-31T21:00:00,117,West,9.435401620882217,17
2017-03-31T22:00:00,118,North,72.37626356658615,50
2017-03-31T22:00:00,118,South,18.96633304697407,22
2017-03-31T22:00:00,118,East,15.5463293568198,20
2017-03-31T22:00:00,118,West,8.195862563742523,16
2017-03-31T23:00:00,119,North,66.63516383293782,48
2017-03-31T23:00:00,119,South,21.349257744791736,24
2017-03-31T23:00:00,119,East,14.058213195495425,20
2017-03-31T23:00:00,119,West,7.744122719415232,16
2017-04-01T00:00:00,120,North,58.08375688123977,44
2017-04-01T00:00:00,120,South,18.34194515316883,22
2017-04-01T00:00:00,120,East,25.855417679754705,26
2017-04-01T00:00:00,120,West,8.19826683353864,16
2017-04-01T01:00:00,121,North,51.742649967186416,48
2017-04-01T01:00:00,121,South,17.13430318515062,24
2017-04-01T01:00:00,121,East,13.624886032343907,21
2017-04-01T01:00:00,121,West,4.735073384249976,15
2017-04-01T02:00:00,122,North,45.711080166009644,48
2017-04-01T02:00:00,122,South,15.897620313439875,25
2017-04-01T02:00:00,122,East,10.176026798544862,20
2017-04-01T02:00:00,122,West,4.195380216923493,15
2017-04-01T03:00:00,123,North,39.56888491247094,48
2017-04-01T03:00:00,123,South,14.068563830170817,25
2017-04-01T03:00:00,123,East,8.421411600067948,20
2017-04-01T03:00:00,123,West,3.6719863763564655,15
2017-04-01T04:00:00,124,North,37.14491554483545,50
2017-04-01T04:00:00,124,South,11.38648220630096,24
2017-04-01T04:00:00,124,East,5.927986642704437,18
2017-04-01T04:00:00,124,West,3.8874761331077057,16
2017-04-01T05:00:00,125,North,33.681029689915746,50
2017-04-01T05:00:00,125,South,9.30167807732938,23
2017-04-01T05:00:00,125,East,5.912561062333351,19
2017-04-01T05:00:00,125,West,3.938657975836046,16
2017-04-01T06:00:00,126,North,32.67002968991575,49
2017-04-01T06:00:00,126,South,10.327824894832109,24
2017-04-01T06:00:00,126,East,6.689260387054251,19
2017-04-01T06:00:00,126,West,3.659824656469172,16
2017-04-01T07:00:00,127,North,39.63307664722432,51
2017-04-01T07:00:00,127,South,9.591737205423716,22
2017-04-01T07:00:00,127,East,7.2255533851163385,19
2017-04-01T07:00:00,127,West,3.9655273831812274,16
2017-04-01T08:00:00,128,North,40.58398573813341,49
2017-04-01T08:00:00,128,South,10.395861022986969,21
2017-04-01T08:00:00,128,East,9.76833497853469,21
2017-04-01T08:00:00,128,West,5.212508312788693,17
2017-04-01T09:00:00,129,North,49.26451097720071,48
2017-04-01T09:00:00,129,South,12.260576628015789,21
2017-04-01T09:00:00,129,East,15.332923012726734,23
2017-04-01T09:00:00,129,West,6.25289119197382,16
2017-04-01T10:00:00,130,North,58.46817650081623,48
2017-04-01T10:00:00,130,South,12.08907632120328,19
2017-04-01T10:00:00,130,East,19.483531889422963,24
2017-04-01T10:00:00,130,West,7.749891668180006,17
2017-04-01T11:00:00,131,North,58.776591531727334,48
2017-04-01T11:00:00,131,South,15.093097517702434,21
2017-04-01T11:00:00,131,East,15.324759399642442,22
2017-04-01T11:00:00,131,West,8.05491664786422,17
2017-04-01T12:00:00,132,North,57.40475228632748,47
2017-04-01T12:00:00,132,South,14.680068844611991,21
2017-04-01T12:00:00,132,East,18.838784122412363,23
2017-04-01T12:00:00,132,West,7.7031611508446085,17
2017-04-01T13:00:00,133,North,47.00508653814926,43
2017-04-01T13:00:00,133,South,15.424407527846206,22
2017-04-01T13:00:00,133,East,19.844996281182784,25
2017-04-01T13:00:00,133,West,8.268322266838481,18
2017-04-01T14:00:00,134,North,46.21211507615528,41
2017-04-01T14:00:00,134,South,13.800147718181295,21
2017-04-01T14:00:00,134,East,26.69303751727262,29
2017-04-01T14:00:00,134,West,7.569154934043501,17
2017-04-01T15:00:00,135,North,44.20853099466072,41
2017-04-01T15:00:00,135,South,14.252361775574334,21
2017-04-01T15:00:00,135,East,25.104227901021773,29
2017-04-01T15:00:00,135,West,7.710817056565952,17
2017-04-01T16:00:00,136,North,47.12684233373181,41
2017-04-01T16:00:00,136,South,15.147869483181557,22
2017-04-01T16:00:00,136,East,25.618418524346232,28
2017-04-01T16:00:00,136,West,8.319555775693479,17
2017-04-01T17:00:00,137,North,49.74222880373722,42
2017-04-01T17:00:00,137,South,14.749679990228781,21
2017-04-01T17:00:00,137,East,25.843210259533873,28
2017-04-01T17:00:00,137,West,8.152427701749483,17
2017-04-01T18:00:00,138,North,57.544744895532546,48
2017-04-01T18:00:00,138,South,15.304924370290445,21
2017-04-01T18:00:00,138,East,15.852193515183206,22
2017-04-01T18:00:00,138,West,7.608562955590508,17
2017-04-01T19:00:00,139,North,55.3616400261501,44
2017-04-01T19:00:00,139,South,14.898825457333755,20
2017-04-01T19:00:00,139,East,26.43659996454693,27
2017-04-01T19:00:00,139,West,8.668319097759182,17
2017-04-01T20:00:00,140,North,58.024127439418166,47
2017-04-01T20:00:00,140,South,15.373363827897808,21
2017-04-01T20:00:00,140,East,17.54360572096618,23
2017-04-01T20:00:00,140,West,7.687816815085453,17
2017-04-01T21:00:00,141,North,58.832291707343124,44
2017-04-01T21:00:00,141,South,18.18903891031033,22
2017-04-01T21:00:00,141,East,23.424731277981884,25
2017-04-01T21:00:00,141,West,8.440032304983458,17
2017-04-01T22:00:00,142,North,53.446393221164946,45
2017-04-01T22:00:00,142,South,15.022175006810022,21
2017-04-01T22:00:00,142,East,18.52502750749769,24
2017-04-01T22:00:00,142,West,9.03651906652768,18
2017-04-01T23:00:00,143,North,51.86171589766902,45
2017-04-01T23:00:00,143,South,15.216888602734755,22
2017-04-01T23:00:00,143,East,18.108712914855133,24
2017-04-01T23:00:00,143,West,7.878232418199238,17
2017-04-02T00:00:00,144,North,47.49711957729901,44
2017-04-02T00:00:00,144,South,15.315050083651972,23
2017-04-02T00:00:00,144,East,19.653207885713584,25
2017-04-02T00:00:00,144,West,5.844640040370427,16
2017-04-02T01:00:00,145,North,41.35907202146343,43
2017-04-02T01:00:00,145,South,15.829527481037994,24
2017-04-02T01:00:00,145,East,17.887064020298997,25
2017-04-02T01:00:00,145,West,4.6995921688085,16
2017-04-02T02:00:00,146,North,33.921117222449375,43
2017-04-02T02:00:00,146,South,12.736223599307579,24
2017-04-02T02:00:00,146,East,14.693774606256138,25
2017-04-02T02:00:00,146,West,4.238667497626163,16
2017-04-02T03:00:00,147,North,31.9713925260931,45
2017-04-02T03:00:00,147,South,12.91367009667368,26
2017-04-02T03:00:00,147,East,8.765133707294039,21
2017-04-02T03:00:00,147,West,3.939853117158459,16
2017-04-02T04:00:00,148,North,27.069225193594644,45
2017-04-02T04:00:00,148,South,9.582226637073676,24
2017-04-02T04:00:00,148,East,8.132267647680886,22
2017-04-02T04:00:00,148,West,3.908283266763065,17
2017-04-02T05:00:00,149,North,26.373706377780152,45
2017-04-02T05:00:00,149,South,10.820461099042168,25
2017-04-02T05:00:00,149,East,7.127593434685694,21
2017-04-02T05:00:00,149,West,3.8522768646861425,17
2017-04-02T06:00:00,150,North,25.362837431911206,42
2017-04-02T06:00:00,150,South,11.427728592865082,25
2017-04-02T06:00:00,150,East,9.837987781453986,24
2017-04-02T06:00:00,150,West,3.8899340266010167,17
2017-04-02T07:00:00,151,North,29.29130941459745,45
2017-04-02T07:00:00,151,South,9.720991891933945,23
2017-04-02T07:00:00,151,East,10.443435695894074,24
2017-04-02T07:00:00,151,West,3.962043370906605,16
2017-04-02T08:00:00,152,North,35.418941659979446,45
2017-04-02T08:00:00,152,South,8.96421622295783,20
2017-04-02T08:00:00,152,East,16.840249743689657,27
2017-04-02T08:00:00,152,West,4.0282387996903255,16
2017-04-02T09:00:00,153,North,39.70382901215919,44
2017-04-02T09:00:00,153,South,11.836219100962595,21
2017-04-02T09:00:00,153,East,18.116997733767448,26
2017-04-02T09:00:00,153,West,6.221131578282291,17
2017-04-02T10:00:00,154,North,47.68852420476487,44
2017-04-02T10:00:00,154,South,12.985242963066547,21
2017-04-02T10:00:00,154,East,20.45224094772768,26
2017-04-02T10:00:00,154,West,7.308499666520154,17
2017-04-02T11:00:00,155,North,45.75203677508788,45
2017-04-02T11:00:00,155,South,13.117602367299675,21
2017-04-02T11:00:00,155,East,18.057061860902305,25
2017-04-02T11:00:00,155,West,6.578444270490496,17
2017-04-02T12:00:00,156,North,44.82148581967283,43
2017-04-02T12:00:00,156,South,13.948390553550304,22
2017-04-02T12:00:00,156,East,18.01838475808259,25
2017-04-02T12:00:00,156,West,8.800028426569536,18
2017-04-02T13:00:00,157,North,41.88066690044807,41
2017-04-02T13:00:00,157,South,14.94582271001663,22
2017-04-02T13:00:00,157,East,22.62679468301311,28
2017-04-02T13:00:00,157,West,7.307626219344246,17
2017-04-02T14:00:00,158,North,44.016055785892135,41
2017-04-02T14:00:00,158,South,15.077591520746859,22
2017-04-02T14:00:00,158,East,24.505204856457873,28
2017-04-02T14:00:00,158,West,8.032206312900799,17
2017-04-02T15:00:00,159,North,43.92187626096302,43
2017-04-02T15:00:00,159,South,13.608990704405109,22
2017-04-02T15:00:00,159,East,17.655094114515272,25
2017-04-02T15:00:00,159,West,8.038085834947601,18
2017-04-02T16:00:00,160,North,44.92495318403994,43
2017-04-02T16:00:00,160,South,14.969738759930062,23
2017-04-02T16:00:00,160,East,18.68157989059253,25
2017-04-02T16:00:00,160,West,7.429919777877981,17
2017-04-02T17:00:00,161,North,44.96520303991883,44
2017-04-02T17:00:00,161,South,15.719088236261394,23
2017-04-02T17:00:00,161,East,15.772816266456584,24
2017-04-02T17:00:00,161,West,7.348624481564411,17
2017-04-02T18:00:00,162,North,53.674713422132875,43
2017-04-02T18:00:00,162,South,17.728237252044924,22
2017-04-02T18:00:00,162,East,23.11851017192842,26
2017-04-02T18:00:00,162,West,7.911180717154973,17
2017-04-02T19:00:00,163,North,61.01907588878862,45
2017-04-02T19:00:00,163,South,18.35320647897324,22
2017-04-02T19:00:00,163,East,23.62412677340604,25
2017-04-02T19:00:00,163,West,8.679761963695151,16
2017-04-02T20:00:00,164,North,59.85094814635937,46
2017-04-02T20:00:00,164,South,16.50290887688697,21
2017-04-02T20:00:00,164,East,22.628180156432908,25
2017-04-02T20:00:00,164,West,8.044878153052409,16
2017-04-02T21:00:00,165,North,59.26686986355717,44
2017-04-02T21:00:00,165,South,17.59154528200229,22
2017-04-02T21:00:00,165,East,24.8161080568285,26
2017-04-02T21:00:00,165,West,7.879952526300787,16
2017-04-02T22:00:00,166,North,61.09718508915809,46
2017-04-02T22:00:00,166,South,18.534668987295138,22
2017-04-02T22:00:00,166,East,20.4221785404654,23
2017-04-02T22:00:00,166,West,7.974333400564341,17
2017-04-02T23:00:00,167,North,58.425765327914874,46
2017-04-02T23:00:00,167,South,17.99699338733337,23
2017-04-02T23:00:00,167,East,18.807143350133043,23
2017-04-02T23:00:00,167,West,7.088449235819662,16
2017-04-03T00:00:00,0,North,47.99711913869511,43
2017-04-03T00:00:00,0,South,18.448637460288705,24
2017-04-03T00:00:00,0,East,20.804097897105336,25
2017-04-03T00:00:00,0,West,6.825921976006822,16
2017-04-03T01:00:00,1,North,41.05121075787374,46
2017-04-03T01:00:00,1,South,16.460687939299408,26
2017-04-03T01:00:00,1,East,10.088205719779939,20
2017-04-03T01:00:00,1,West,5.06615205537325,16
2017-04-03T02:00:00,2,North,37.25257367339096,44
2017-04-03T02:00:00,2,South,17.91884666066324,28
2017-04-03T02:00:00,2,East,8.978101496143239,20
2017-04-03T02:00:00,2,West,4.5998254049092635,16
2017-04-03T03:00:00,3,North,33.444950188850335,45
2017-04-03T03:00:00,3,South,14.933226228546902,27
2017-04-03T03:00:00,3,East,8.207827704657639,20
2017-04-03T03:00:00,3,West,4.012774933929403,16
2017-04-03T04:00:00,4,North,33.515434019142575,46
2017-04-03T04:00:00,4,South,13.489756766268844,26
2017-04-03T04:00:00,4,East,8.164070786465945,20
2017-04-03T04:00:00,4,West,3.903288380952893,16
2017-04-03T05:00:00,5,North,30.814169311531487,47
2017-04-03T05:00:00,5,South,10.763276362931048,24
2017-04-03T05:00:00,5,East,7.071769981398099,20
2017-04-03T05:00:00,5,West,4.615679531725213,17
2017-04-03T06:00:00,6,North,36.8636343654305,48
2017-04-03T06:00:00,6,South,12.684688668999263,24
2017-04-03T06:00:00,6,East,7.082458616141387,19
2017-04-03T06:00:00,6,West,4.891429205678831,17
2017-04-03T07:00:00,7,North,40.344312501960076,46
2017-04-03T07:00:00,7,South,14.463782129178757,24
2017-04-03T07:00:00,7,East,12.60486096514176,23
2017-04-03T07:00:00,7,West,3.995007096664628,15
2017-04-03T08:00:00,8,North,46.15172323498778,47
2017-04-03T08:00:00,8,South,12.208344295477001,21
2017-04-03T08:00:00,8,East,15.627372705346717,24
2017-04-03T08:00:00,8,West,6.084492549466589,16
2017-04-03T09:00:00,9,North,58.9913773759868,48
2017-04-03T09:00:00,9,South,14.554955475266052,21
2017-04-03T09:00:00,9,East,17.96532752937088,23
2017-04-03T09:00:00,9,West,6.260357313998886,16
2017-04-03T10:00:00,10,North,70.45710182302187,49
2017-04-03T10:00:00,10,South,18.117647683816994,22
2017-04-03T10:00:00,10,East,17.56209942595913,21
2017-04-03T10:00:00,10,West,8.518706233994013,16
2017-04-03T11:00:00,11,North,68.965,48
2017-04-03T11:00:00,11,South,18.441679899790937,22
2017-04-03T11:00:00,11,East,18.158115211234804,21
2017-04-03T11:00:00,11,West,8.723096344628816,17
2017-04-03T12:00:00,12,North,69.31266666666667,46
2017-04-03T12:00:00,12,South,21.57596980954493,23
2017-04-03T12:00:00,12,East,17.71845326502749,21
2017-04-03T12:00:00,12,West,11.399059361599921,18
2017-04-03T13:00:00,13,North,75.37837122001199,48
2017-04-03T13:00:00,13,South,22.028464979558322,22
2017-04-03T13:00:00,13,East,19.001574989812813,21
2017-04-03T13:00:00,13,West,9.474428860207718,17
2017-04-03T14:00:00,14,North,82.35289313676095,49
2017-04-03T14:00:00,14,South,21.6118006761914,22
2017-04-03T14:00:00,14,East,19.069355417825797,20
2017-04-03T14:00:00,14,West,10.332383857277458,17
2017-04-03T15:00:00,15,North,78.90083047154478,49
2017-04-03T15:00:00,15,South,21.497300676191397,22
2017-04-03T15:00:00,15,East,17.52413085502338,20
2017-04-03T15:00:00,15,West,9.314541883610755,17
2017-04-03T16:00:00,16,North,75.58068692567987,48
2017-04-03T16:00:00,16,South,21.51827432968833,22
2017-04-03T16:00:00,16,East,17.73536245386225,21
2017-04-03T16:00:00,16,West,9.927439303260211,17
2017-04-03T17:00:00,17,North,78.55373748171264,49
2017-04-03T17:00:00,17,South,21.567836715490532,22
2017-04-03T17:00:00,17,East,18.536370556539616,21
2017-04-03T17:00:00,17,West,9.884016918741564,16
2017-04-03T18:00:00,18,North,81.3153667474921,50
2017-04-03T18:00:00,18,South,22.31104733133457,22
2017-04-03T18:00:00,18,East,16.43867036543633,20
2017-04-03T18:00:00,18,West,8.960829185962433,16
2017-04-03T19:00:00,19,North,76.77944444444444,47
2017-04-03T19:00:00,19,South,27.959433944192245,24
2017-04-03T19:00:00,19,East,17.566669289644874,20
2017-04-03T19:00:00,19,West,10.454393803703649,17
2017-04-03T20:00:00,20,North,84.90521504884005,50
2017-04-03T20:00:00,20,South,21.678277853242413,22
2017-04-03T20:00:00,20,East,18.579340962249887,20
2017-04-03T20:00:00,20,West,8.367684881012563,16
2017-04-03T21:00:00,21,North,79.86072061260538,49
2017-04-03T21:00:00,21,South,23.113190673586992,23
2017-04-03T21:00:00,21,East,16.484492249434684,20
2017-04-03T21:00:00,21,West,9.598813124569439,16
2017-04-03T22:00:00,22,North,78.11061431994277,48
2017-04-03T22:00:00,22,South,25.089618193091468,24
2017-04-03T22:00:00,22,East,16.81501784072612,20
2017-04-03T22:00:00,22,West,9.512279305909015,16
2017-04-03T23:00:00,23,North,75.74150450531405,49
2017-04-03T23:00:00,23,South,21.613015945762363,22
2017-04-03T23:00:00,23,East,18.81503779112636,21
2017-04-03T23:00:00,23,West,8.665163267010618,16
2017-04-04T00:00:00,24,North,72.75740013845831,48
2017-04-04T00:00:00,24,South,21.860167509068795,23
2017-04-04T00:00:00,24,East,18.28745851257469,21
2017-04-04T00:00:00,24,West,8.342395383505025,16
2017-04-04T01:00:00,25,North,63.85395062682983,49
2017-04-04T01:00:00,25,South,20.31399804048432,24
2017-04-04T01:00:00,25,East,13.66375610368759,20
2017-04-04T01:00:00,25,West,4.719521317738601,15
2017-04-04T02:00:00,26,North,53.841893278821324,47
2017-04-04T02:00:00,26,South,21.04491600707937,26
2017-04-04T02:00:00,26,East,12.776600395167051,20
2017-04-04T02:00:00,26,West,4.699448797971887,15
2017-04-04T03:00:00,27,North,43.26054377639276,47
2017-04-04T03:00:00,27,South,16.864051843287047,25
2017-04-04T03:00:00,27,East,9.904794925147643,20
2017-04-04T03:00:00,27,West,4.648190203509065,16
2017-04-04T04:00:00,28,North,34.684655078444266,47
2017-04-04T04:00:00,28,South,13.683523307565526,26
2017-04-04T04:00:00,28,East,6.516723962588979,18
2017-04-04T04:00:00,28,West,4.7221162334152424,17
2017-04-04T05:00:00,29,North,37.05423332813029,46
2017-04-04T05:00:00,29,South,16.613651802093145,27
2017-04-04T05:00:00,29,East,7.037280239371727,19
2017-04-04T05:00:00,29,West,4.038057939999932,16
2017-04-04T06:00:00,30,North,48.32560450504795,50
2017-04-04T06:00:00,30,South,14.70359611094217,24
2017-04-04T06:00:00,30,East,9.440131247975408,19
2017-04-04T06:00:00,30,West,4.089136905374434,15
2017-04-04T07:00:00,31,North,50.223091737446474,50
2017-04-04T07:00:00,31,South,15.261749061086366,23
2017-04-04T07:00:00,31,East,10.820439345024086,20
2017-04-04T07:00:00,31,West,4.168312181545918,15
2017-04-04T08:00:00,32,North,55.05942233188941,47
2017-04-04T08:00:00,32,South,18.42325280356957,24
2017-04-04T08:00:00,32,East,15.858186368946473,22
2017-04-04T08:00:00,32,West,5.223078244667681,15
2017-04-04T09:00:00,33,North,64.21541105446013,49
2017-04-04T09:00:00,33,South,17.600885101736722,22
2017-04-04T09:00:00,33,East,16.9665177254201,22
2017-04-04T09:00:00,33,West,5.762782703883138,15
2017-04-04T10:00:00,34,North,73.01608673026064,49
2017-04-04T10:00:00,34,South,17.966374519819905,21
2017-04-04T10:00:00,34,East,19.696930744462456,22
2017-04-04T10:00:00,34,West,7.652924313831669,16
2017-04-04T11:00:00,35,North,75.70484105153477,49
2017-04-04T11:00:00,35,South,19.309272529100454,21
2017-04-04T11:00:00,35,East,19.103620288686805,21
2017-04-04T11:00:00,35,West,10.175974971447285,17
2017-04-04T12:00:00,36,North,80.73653000673137,48
2017-04-04T12:00:00,36,South,21.85900799581782,22
2017-04-04T12:00:00,36,East,20.733891481345502,21
2017-04-04T12:00:00,36,West,11.325398358717463,17
2017-04-04T13:00:00,37,North,74.09367558598916,48
2017-04-04T13:00:00,37,South,22.535614943971083,23
2017-04-04T13:00:00,37,East,19.644590989104394,21
2017-04-04T13:00:00,37,West,9.184544455575281,16
2017-04-04T14:00:00,38,North,77.23228454455787,48
2017-04-04T14:00:00,38,South,22.402344263569006,22
2017-04-04T14:00:00,38,East,18.969889541820077,21
2017-04-04T14:00:00,38,West,9.683118203208664,17
2017-04-04T15:00:00,39,North,78.38042161271846,48
2017-04-04T15:00:00,39,South,23.815105258849677,23
2017-04-04T15:00:00,39,East,16.592501014609663,20
2017-04-04T15:00:00,39,West,10.2251897420445,17
2017-04-04T16:00:00,40,North,78.4476298180436,49
2017-04-04T16:00:00,40,South,21.770711522835562,22
2017-04-04T16:00:00,40,East,17.03547794410118,20
2017-04-04T16:00:00,40,West,9.867832599663684,17
2017-04-04T17:00:00,41,North,77.06496762656677,49
2017-04-04T17:00:00,41,South,21.67604843897378,23
2017-04-04T17:00:00,41,East,17.079992155891247,20
2017-04-04T17:00:00,41,West,8.867647634846895,16
2017-04-04T18:00:00,42,North,75.97298802058828,48
2017-04-04T18:00:00,42,South,21.67604843897378,22
2017-04-04T18:00:00,42,East,19.92944653991818,21
2017-04-04T18:00:00,42,West,9.891003159802848,17
2017-04-04T19:00:00,43,North,81.92910940066129,48
2017-04-04T19:00:00,43,South,26.696847897940007,24
2017-04-04T19:00:00,43,East,18.314678845764902,20
2017-04-04T19:00:00,43,West,9.823742488420578,16
2017-04-04T20:00:00,44,North,79.64792067542987,49
2017-04-04T20:00:00,44,South,24.487711199880028,23
2017-04-04T20:00:00,44,East,16.8611139896703,20
2017-04-04T20:00:00,44,West,9.710523162681316,16
2017-04-04T21:00:00,45,North,78.51242297518753,49
2017-04-04T21:00:00,45,South,23.2103570403085,23
2017-04-04T21:00:00,45,East,16.455535621223042,20
2017-04-04T21:00:00,45,West,8.98699298771851,16
2017-04-04T22:00:00,46,North,75.14087343940615,48
2017-04-04T22:00:00,46,South,21.751057315385538,23
2017-04-04T22:00:00,46,East,17.20924110553414,20
2017-04-04T22:00:00,46,West,9.53222096164525,17
2017-04-04T23:00:00,47,North,74.69110881215636,49
2017-04-04T23:00:00,47,South,21.75526970803606,23
2017-04-04T23:00:00,47,East,16.889662137251854,20
2017-04-04T23:00:00,47,West,9.250069410543068,16
2017-04-05T00:00:00,48,North,74.8171981765172,49
2017-04-05T00:00:00,48,South,22.07279888354833,23
2017-04-05T00:00:00,48,East,16.469007156084118,20
2017-04-05T00:00:00,48,West,8.1660792075707,16
2017-04-05T01:00:00,49,North,59.03185506963496,48
2017-04-05T01:00:00,49,South,20.23181633513193,24
2017-04-05T01:00:00,49,East,15.205716511211204,21
2017-04-05T01:00:00,49,West,5.3594614988375335,15
2017-04-05T02:00:00,50,North,49.9106953273843,46
2017-04-05T02:00:00,50,South,22.23634545769351,27
2017-04-05T02:00:00,50,East,12.220540447097695,20
2017-04-05T02:00:00,50,West,4.923547265178399,15
2017-04-05T03:00:00,51,North,41.32627350836292,45
2017-04-05T03:00:00,51,South,17.653498735273352,26
2017-04-05T03:00:00,51,East,12.156019743502906,22
2017-04-05T03:00:00,51,West,4.070366776879929,15
2017-04-05T04:00:00,52,North,33.77023329526291,44
2017-04-05T04:00:00,52,South,16.462258986345226,28
2017-04-05T04:00:00,52,East,8.436316110819444,20
2017-04-05T04:00:00,52,West,4.602411880663094,16
2017-04-05T05:00:00,53,North,37.048995232892196,47
2017-04-05T05:00:00,53,South,12.499407426428393,24
2017-04-05T05:00:00,53,East,9.825314475914299,21
2017-04-05T05:00:00,53,West,4.043943539883622,16
2017-04-05T06:00:00,54,North,38.02479295368992,46
2017-04-05T06:00:00,54,South,15.020055528931572,26
2017-04-05T06:00:00,54,East,9.165588363699674,20
2017-04-05T06:00:00,54,West,3.9580579399999323,16
2017-04-05T07:00:00,55,North,40.58607365432206,45
2017-04-05T07:00:00,55,South,16.76763353323534,25
2017-04-05T07:00:00,55,East,13.732101870132187,23
2017-04-05T07:00:00,55,West,3.976177704562355,15
2017-04-05T08:00:00,56,North,50.256425070779805,47
2017-04-05T08:00:00,56,South,15.991519606341434,23
2017-04-05T08:00:00,56,East,15.133898918400817,22
2017-04-05T08:00:00,56,West,6.121885396374086,16
2017-04-05T09:00:00,57,North,53.452480593647664,46
2017-04-05T09:00:00,57,South,17.792369384947975,23
2017-04-05T09:00:00,57,East,17.886949375245912,23
2017-04-05T09:00:00,57,West,6.858898132147205,16
2017-04-05T10:00:00,58,North,66.1356826014267,48
2017-04-05T10:00:00,58,South,18.38109184171631,22
2017-04-05T10:00:00,58,East,18.439068265258513,22
2017-04-05T10:00:00,58,West,7.6305948849800425,16
2017-04-05T11:00:00,59,North,75.14108456695372,49
2017-04-05T11:00:00,59,South,20.319745586698797,22
2017-04-05T11:00:00,59,East,16.3706131936506,20
2017-04-05T11:00:00,59,West,9.056836394409547,17
2017-04-05T12:00:00,60,North,74.95392668717314,49
2017-04-05T12:00:00,60,South,19.132767870096824,21
2017-04-05T12:00:00,60,East,17.33876673719655,21
2017-04-05T12:00:00,60,West,9.374118948411477,17
2017-04-05T13:00:00,61,North,75.14174414491926,48
2017-04-05T13:00:00,61,South,21.228746058943518,22
2017-04-05T13:00:00,61,East,18.40383661878541,21
2017-04-05T13:00:00,61,West,9.908918788839774,17
2017-04-05T14:00:00,62,North,77.12408588956204,48
2017-04-05T14:00:00,62,South,21.306220770887276,22
2017-04-05T14:00:00,62,East,19.754181708500717,21
2017-04-05T14:00:00,62,West,9.969030734595545,17
2017-04-05T15:00:00,63,North,78.68251845690293,48
2017-04-05T15:00:00,63,South,21.834124182499643,22
2017-04-05T15:00:00,63,East,18.404481832387013,21
2017-04-05T15:00:00,63,West,10.256176476621087,17
2017-04-05T16:00:00,64,North,75.25375016067265,48
2017-04-05T16:00:00,64,South,21.173982969985435,22
2017-04-05T16:00:00,64,East,18.39343095413141,21
2017-04-05T16:00:00,64,West,9.43700527635889,17
2017-04-05T17:00:00,65,North,74.87586346050557,47
2017-04-05T17:00:00,65,South,22.58414636330435,23
2017-04-05T17:00:00,65,East,20.490269118117634,22
2017-04-05T17:00:00,65,West,8.867647634846897,16
2017-04-05T18:00:00,66,North,75.38347293325403,48
2017-04-05T18:00:00,66,South,26.156611844477233,24
2017-04-05T18:00:00,66,East,16.83515896214221,20
2017-04-05T18:00:00,66,West,8.850708144584711,16
2017-04-05T19:00:00,67,North,76.453978958348,48
2017-04-05T19:00:00,67,South,24.369195532749927,23
2017-04-05T19:00:00,67,East,18.910870508224548,21
2017-04-05T19:00:00,67,West,9.438825572104134,16
2017-04-05T20:00:00,68,North,78.95678948530575,48
2017-04-05T20:00:00,68,South,24.796257885608366,23
2017-04-05T20:00:00,68,East,19.78115232117314,21
2017-04-05T20:00:00,68,West,8.842995183268899,16
2017-04-05T21:00:00,69,North,81.7571729631151,50
2017-04-05T21:00:00,69,South,21.997144781552766,22
2017-04-05T21:00:00,69,East,16.97663017641377,20
2017-04-05T21:00:00,69,West,9.683301910391144,16
2017-04-05T22:00:00,70,North,78.35828943505453,49
2017-04-05T22:00:00,70,South,21.281490127245462,22
2017-04-05T22:00:00,70,East,17.22288829189404,20
2017-04-05T22:00:00,70,West,9.652436116610456,17
2017-04-05T23:00:00,71,North,77.80545617972244,48
2017-04-05T23:00:00,71,South,22.483360012842418,23
2017-04-05T23:00:00,71,East,19.630301643299887,21
2017-04-05T23:00:00,71,West,8.576265283271084,16
2017-04-06T00:00:00,72,North,71.8007871398457,46
2017-04-06T00:00:00,72,South,22.557651279446183,23
2017-04-06T00:00:00,72,East,21.947208544050714,23
2017-04-06T00:00:00,72,West,8.511837461442513,16
2017-04-06T01:00:00,73,North,66.22897223498755,49
2017-04-06T01:00:00,73,South,21.245821018568293,24
2017-04-06T01:00:00,73,East,15.62724158582415,20
2017-04-06T01:00:00,73,West,5.184708661033332,15
2017-04-06T02:00:00,74,North,51.099910876114144,48
2017-04-06T02:00:00,74,South,19.936223024603045,26
2017-04-06T02:00:00,74,East,9.810423292637575,19
2017-04-06T02:00:00,74,West,5.087153455508142,15
2017-04-06T03:00:00,75,North,45.14884001111189,46
2017-04-06T03:00:00,75,South,17.659651474496428,25
2017-04-06T03:00:00,75,East,11.431631498255504,21
2017-04-06T03:00:00,75,West,4.698512504815671,16
2017-04-06T04:00:00,76,North,38.629222372499115,48
2017-04-06T04:00:00,76,South,13.312777386573975,24
2017-04-06T04:00:00,76,East,8.294841884977401,20
2017-04-06T04:00:00,76,West,3.9467253549896957,16
2017-04-06T05:00:00,77,North,38.08581816769901,47
2017-04-06T05:00:00,77,South,14.663878967179233,26
2017-04-06T05:00:00,77,East,6.999764751301491,19
2017-04-06T05:00:00,77,West,4.69439727323948,16
2017-04-06T06:00:00,78,North,38.978131778971076,48
2017-04-06T06:00:00,78,South,14.958040568072038,26
2017-04-06T06:00:00,78,East,6.389586160531018,18
2017-04-06T06:00:00,78,West,4.629472999285877,16
2017-04-06T07:00:00,79,North,45.56637312293099,47
2017-04-06T07:00:00,79,South,17.49860158499926,25
2017-04-06T07:00:00,79,East,10.666310169660527,20
2017-04-06T07:00:00,79,West,4.8674574923228695,16
2017-04-06T08:00:00,80,North,54.34677140346356,47
2017-04-06T08:00:00,80,South,16.109092689700304,22
2017-04-06T08:00:00,80,East,18.070318279644297,24
2017-04-06T08:00:00,80,West,5.244921204686527,15
2017-04-06T09:00:00,81,North,59.51016374350824,47
2017-04-06T09:00:00,81,South,16.825417624144432,22
2017-04-06T09:00:00,81,East,20.353147021599504,24
2017-04-06T09:00:00,81,West,5.849856885837287,15
2017-04-06T10:00:00,82,North,72.11099323222848,49
2017-04-06T10:00:00,82,South,19.905121993500728,22
2017-04-06T10:00:00,82,East,17.44885200542536,21
2017-04-06T10:00:00,82,West,6.609388940256365,16
2017-04-06T11:00:00,83,North,77.00929876225979,48
2017-04-06T11:00:00,83,South,20.397685839327625,22
2017-04-06T11:00:00,83,East,20.794349157878752,22
2017-04-06T11:00:00,83,West,8.169872752323043,16
2017-04-06T12:00:00,84,North,77.29600614279632,49
2017-04-06T12:00:00,84,South,21.859938062628714,22
2017-04-06T12:00:00,84,East,17.73156774038155,20
2017-04-06T12:00:00,84,West,10.078060453231465,17
2017-04-06T13:00:00,85,North,73.10644851521151,48
2017-04-06T13:00:00,85,South,19.69178305783759,22
2017-04-06T13:00:00,85,East,19.114071836150014,21
2017-04-06T13:00:00,85,West,10.30458241019494,17
2017-04-06T14:00:00,86,North,80.10279703729955,49
2017-04-06T14:00:00,86,South,22.766651541849093,23
2017-04-06T14:00:00,86,East,18.174384479329962,20
2017-04-06T14:00:00,86,West,9.328072174526836,16
2017-04-06T15:00:00,87,North,79.41926884741196,48
2017-04-06T15:00:00,87,South,21.927144781552766,22
2017-04-06T15:00:00,87,East,20.530635196111017,21
2017-04-06T15:00:00,87,West,10.155956127747354,17
2017-04-06T16:00:00,88,North,75.49084005694667,48
2017-04-06T16:00:00,88,South,21.20493486872366,22
2017-04-06T16:00:00,88,East,18.860585177217832,21
2017-04-06T16:00:00,88,West,9.960533877859518,17
2017-04-06T17:00:00,89,North,79.81891832045278,47
2017-04-06T17:00:00,89,South,21.997680820851897,22
2017-04-06T17:00:00,89,East,24.959943751612066,23
2017-04-06T17:00:00,89,West,9.817119592328552,16
2017-04-06T18:00:00,90,North,83.44643204468393,45
2017-04-06T18:00:00,90,South,24.406019160929617,21
2017-04-06T18:00:00,90,East,34.712288159535966,26
2017-04-06T18:00:00,90,West,9.519339677398747,16
2017-04-06T19:00:00,91,North,79.64482239769136,47
2017-04-06T19:00:00,91,South,22.054104488512472,22
2017-04-06T19:00:00,91,East,24.566063875735313,23
2017-04-06T19:00:00,91,West,8.807778102366285,16
2017-04-06T20:00:00,92,North,75.59761364074114,46
2017-04-06T20:00:00,92,South,23.488515793966734,23
2017-04-06T20:00:00,92,East,24.720214362242782,23
2017-04-06T20:00:00,92,West,9.806004015346987,16
2017-04-06T21:00:00,93,North,74.5284707755638,47
2017-04-06T21:00:00,93,South,22.638880301081247,23
2017-04-06T21:00:00,93,East,22.178918530488758,22
2017-04-06T21:00:00,93,West,9.424004293708478,16
2017-04-06T22:00:00,94,North,75.61321114102051,48
2017-04-06T22:00:00,94,South,21.295066459584888,22
2017-04-06T22:00:00,94,East,19.306940063727232,21
2017-04-06T22:00:00,94,West,9.553408989056562,17
2017-04-06T23:00:00,95,North,74.64837501767519,48
2017-04-06T23:00:00,95,South,20.42721089377076,22
2017-04-06T23:00:00,95,East,18.234372040053692,21
2017-04-06T23:00:00,95,West,9.572073725310903,17
2017-04-07T00:00:00,96,North,66.33463536131845,47
2017-04-07T00:00:00,96,South,22.105504013152586,24
2017-04-07T00:00:00,96,East,17.16959593080734,21
2017-04-07T00:00:00,96,West,7.357150144115144,16
2017-04-07T01:00:00,97,North,55.211771728089126,48
2017-04-07T01:00:00,97,South,18.089120088698632,24
2017-04-07T01:00:00,97,East,12.940809031119763,21
2017-04-07T01:00:00,97,West,5.029560010553166,15
2017-04-07T02:00:00,98,North,48.60344545748049,47
2017-04-07T02:00:00,98,South,18.36605146390769,25
2017-04-07T02:00:00,98,East,10.56575988092694,20
2017-04-07T02:00:00,98,West,5.070826611031227,16
2017-04-07T03:00:00,99,North,40.51874622966779,48
2017-04-07T03:00:00,99,South,14.642802524729813,25
2017-04-07T03:00:00,99,East,8.29649302146236,19
2017-04-07T03:00:00,99,West,4.038810421398735,16
2017-04-07T04:00:00,100,North,35.05611688894045,48
2017-04-07T04:00:00,100,South,12.39770291560183,25
2017-04-07T04:00:00,100,East,6.2875054118720195,19
2017-04-07T04:00:00,100,West,3.896545286364178,16
2017-04-07T05:00:00,101,North,31.40265636424382,47
2017-04-07T05:00:00,101,South,12.436993526933426,26
2017-04-07T05:00:00,101,East,6.270104479471088,19
2017-04-07T05:00:00,101,West,4.026098524608614,16
2017-04-07T06:00:00,102,North,35.377981755569216,47
2017-04-07T06:00:00,102,South,11.272398343989066,23
2017-04-07T06:00:00,102,East,9.765732397006087,22
2017-04-07T06:00:00,102,West,3.9037294295866842,16
2017-04-07T07:00:00,103,North,40.773637351201415,46
2017-04-07T07:00:00,103,South,14.4359730050612,24
2017-04-07T07:00:00,103,East,11.855789195757513,22
2017-04-07T07:00:00,103,West,4.156957602431704,16
2017-04-07T08:00:00,104,North,44.764698924380006,47
2017-04-07T08:00:00,104,South,15.606413348796018,24
2017-04-07T08:00:00,104,East,12.63646880094377,22
2017-04-07T08:00:00,104,West,4.509142972474987,15
2017-04-07T09:00:00,105,North,53.38066388393161,45
2017-04-07T09:00:00,105,South,16.374172594178184,22
2017-04-07T09:00:00,105,East,20.325327459955666,25
2017-04-07T09:00:00,105,West,5.954478640073267,16
2017-04-07T10:00:00,106,North,70.59974905968687,48
2017-04-07T10:00:00,106,South,17.733325754802443,21
2017-04-07T10:00:00,106,East,21.64686496346606,23
2017-04-07T10:00:00,106,West,7.9202426072472445,16
2017-04-07T11:00:00,107,North,72.26207516292448,47
2017-04-07T11:00:00,107,South,18.85700651259291,21
2017-04-07T11:00:00,107,East,23.228729381000015,23
2017-04-07T11:00:00,107,West,9.067934550978709,17
2017-04-07T12:00:00,108,North,73.4584099410022,48
2017-04-07T12:00:00,108,South,17.25467598269896,20
2017-04-07T12:00:00,108,East,22.211168437972532,23
2017-04-07T12:00:00,108,West,10.068061560558307,17
2017-04-07T13:00:00,109,North,69.84178353358276,49
2017-04-07T13:00:00,109,South,18.055521634008205,21
2017-04-07T13:00:00,109,East,17.755375367675367,21
2017-04-07T13:00:00,109,West,9.015922661853574,17
2017-04-07T14:00:00,110,North,72.08352969831323,49
2017-04-07T14:00:00,110,South,20.71886924434037,23
2017-04-07T14:00:00,110,East,15.639756347567058,20
2017-04-07T14:00:00,110,West,8.965642929715647,16
2017-04-07T15:00:00,111,North,72.8063955842929,48
2017-04-07T15:00:00,111,South,21.982180206065685,23
2017-04-07T15:00:00,111,East,15.359046854995526,20
2017-04-07T15:00:00,111,West,10.274097317731623,17
2017-04-07T16:00:00,112,North,68.7658900526052,48
2017-04-07T16:00:00,112,South,20.49580288437441,23
2017-04-07T16:00:00,112,East,15.2434003405587,20
2017-04-07T16:00:00,112,West,9.785634112848177,17
2017-04-07T17:00:00,113,North,67.11859117241723,46
2017-04-07T17:00:00,113,South,21.47350795559244,23
2017-04-07T17:00:00,113,East,20.203603878234286,22
2017-04-07T17:00:00,113,West,9.459673489556721,17
2017-04-07T18:00:00,114,North,72.2439603591619,48
2017-04-07T18:00:00,114,South,21.34443103583821,23
2017-04-07T18:00:00,114,East,18.732073503068207,21
2017-04-07T18:00:00,114,West,9.07723894362958,16
2017-04-07T19:00:00,115,North,72.13293511344618,49
2017-04-07T19:00:00,115,South,19.657833085175433,22
2017-04-07T19:00:00,115,East,14.170057817501489,19
2017-04-07T19:00:00,115,West,10.406490598927103,18
2017-04-07T20:00:00,116,North,72.5400455091825,48
2017-04-07T20:00:00,116,South,21.51110574312196,23
2017-04-07T20:00:00,116,East,15.374359284586156,20
2017-04-07T20:00:00,116,West,10.365812345551436,17
2017-04-07T21:00:00,117,North,65.77228762487728,47
2017-04-07T21:00:00,117,South,21.278479117557335,24
2017-04-07T21:00:00,117,East,14.994602086888362,20
2017-04-07T21:00:00,117,West,9.348877032202338,17
2017-04-07T22:00:00,118,North,66.87421225537199,48
2017-04-07T22:00:00,118,South,20.413400299833434,23
2017-04-07T22:00:00,118,East,15.196732505107725,20
2017-04-07T22:00:00,118,West,8.822511408018356,17
2017-04-07T23:00:00,119,North,65.93426546683557,48
2017-04-07T23:00:00,119,South,20.499138956966362,23
2017-04-07T23:00:00,119,East,15.526822681339773,20
2017-04-07T23:00:00,119,West,8.61371962846984,17
2017-04-08T00:00:00,120,North,58.552331215418924,48
2017-04-08T00:00:00,120,South,17.68278735117662,23
2017-04-08T00:00:00,120,East,13.470190322187836,20
2017-04-08T00:00:00,120,West,7.028959438160223,17
2017-04-08T01:00:00,121,North,48.85302979436653,46
2017-04-08T01:00:00,121,South,20.089219434948866,26
2017-04-08T01:00:00,121,East,13.375151008751791,21
2017-04-08T01:00:00,121,West,4.4037445285453245,15
2017-04-08T02:00:00,122,North,37.313864772582164,45
2017-04-08T02:00:00,122,South,15.68213515887269,26
2017-04-08T02:00:00,122,East,11.049144978861824,21
2017-04-08T02:00:00,122,West,4.339453448212886,16
2017-04-08T03:00:00,123,North,35.42872197453592,46
2017-04-08T03:00:00,123,South,15.389947893914654,26
2017-04-08T03:00:00,123,East,8.41769640304526,20
2017-04-08T03:00:00,123,West,3.9922443570110056,16
2017-04-08T04:00:00,124,North,27.512404145078552,44
2017-04-08T04:00:00,124,South,12.731095439473355,27
2017-04-08T04:00:00,124,East,7.536149671477607,21
2017-04-08T04:00:00,124,West,3.5417256519405518,16
2017-04-08T05:00:00,125,North,24.618830566562465,44
2017-04-08T05:00:00,125,South,11.875129095852667,27
2017-04-08T05:00:00,125,East,5.895977361008582,20
2017-04-08T05:00:00,125,West,3.659824656469172,17
2017-04-08T06:00:00,126,North,30.645216305102362,48
2017-04-08T06:00:00,126,South,9.527236549138735,23
2017-04-08T06:00:00,126,East,6.672676685729482,20
2017-04-08T06:00:00,126,West,3.938657975836046,17
2017-04-08T07:00:00,127,North,28.64741191026198,46
2017-04-08T07:00:00,127,South,9.542414162892896,23
2017-04-08T07:00:00,127,East,8.411921990140073,22
2017-04-08T07:00:00,127,West,3.9655273831812274,17
2017-04-08T08:00:00,128,North,32.742225295075364,46
2017-04-08T08:00:00,128,South,11.4125038374857,24
2017-04-08T08:00:00,128,East,10.014448338037687,22
2017-04-08T08:00:00,128,West,4.0282387996903255,16
2017-04-08T09:00:00,129,North,39.993054467440544,45
2017-04-08T09:00:00,129,South,16.05979529012571,25
2017-04-08T09:00:00,129,East,10.279304785957487,21
2017-04-08T09:00:00,129,West,6.377802323818181,17
2017-04-08T10:00:00,130,North,50.977746402012066,48
2017-04-08T10:00:00,130,South,15.820427817310808,23
2017-04-08T10:00:00,130,East,11.417969887401242,20
2017-04-08T10:00:00,130,West,7.548454186484006,17
2017-04-08T11:00:00,131,North,50.44038255289164,47
2017-04-08T11:00:00,131,South,16.103489736884196,23
2017-04-08T11:00:00,131,East,12.142833464591696,21
2017-04-08T11:00:00,131,West,6.665641781912941,17
2017-04-08T12:00:00,132,North,49.54401283723372,45
2017-04-08T12:00:00,132,South,15.445582811868439,23
2017-04-08T12:00:00,132,East,15.27227316239129,22
2017-04-08T12:00:00,132,West,8.771869929901513,18
2017-04-08T13:00:00,133,North,45.09637867298072,45
2017-04-08T13:00:00,133,South,15.271109806598506,23
2017-04-08T13:00:00,133,East,13.199818679244753,22
2017-04-08T13:00:00,133,West,8.890119226003343,18
2017-04-08T14:00:00,134,North,45.21211507615528,44
2017-04-08T14:00:00,134,South,17.261028143949407,24
2017-04-08T14:00:00,134,East,14.540924421726922,22
2017-04-08T14:00:00,134,West,8.09806288893105,18
2017-04-08T15:00:00,135,North,45.139435551226164,43
2017-04-08T15:00:00,135,South,17.301558149729296,24
2017-04-08T15:00:00,135,East,18.374323719428958,24
2017-04-08T15:00:00,135,West,8.037808902932852,17
2017-04-08T16:00:00,136,North,46.21304901454361,45
2017-04-08T16:00:00,136,South,18.237409524727997,25
2017-04-08T16:00:00,136,East,11.749467730008746,20
2017-04-08T16:00:00,136,West,8.163036781079905,18
2017-04-08T17:00:00,137,North,41.38374183158754,45
2017-04-08T17:00:00,137,South,12.513370460288419,22
2017-04-08T17:00:00,137,East,14.004183354239476,23
2017-04-08T17:00:00,137,West,7.608562955590507,18
2017-04-08T18:00:00,138,North,44.082684412429764,45
2017-04-08T18:00:00,138,South,14.898825457333755,23
2017-04-08T18:00:00,138,East,13.26488516709349,22
2017-04-08T18:00:00,138,West,8.039761567962755,18
2017-04-08T19:00:00,139,North,63.31783271434279,47
2017-04-08T19:00:00,139,South,15.20921746671928,21
2017-04-08T19:00:00,139,East,20.54540608980509,23
2017-04-08T19:00:00,139,West,8.423272558011352,17
2017-04-08T20:00:00,140,North,69.196459123676,42
2017-04-08T20:00:00,140,South,17.477543481504632,20
2017-04-08T20:00:00,140,East,40.97409821625432,30
2017-04-08T20:00:00,140,West,9.010719643648867,16
2017-04-08T21:00:00,141,North,64.79164477713589,46
2017-04-08T21:00:00,141,South,19.106710633228502,22
2017-04-08T21:00:00,141,East,22.62836749994412,24
2017-04-08T21:00:00,141,West,8.639260652255263,16
2017-04-08T22:00:00,142,North,57.96328733884207,46
2017-04-08T22:00:00,142,South,16.86775701160511,22
2017-04-08T22:00:00,142,East,19.808754999988697,23
2017-04-08T22:00:00,142,West,8.850172483318918,17
2017-04-08T23:00:00,143,North,58.884690847614,47
2017-04-08T23:00:00,143,South,17.707961599872334,22
2017-04-08T23:00:00,143,East,16.470231170103602,22
2017-04-08T23:00:00,143,West,8.791576122143182,17
2017-04-09T00:00:00,144,North,50.704192642505554,48
2017-04-09T00:00:00,144,South,17.214455742877764,24
2017-04-09T00:00:00,144,East,11.229594911488862,20
2017-04-09T00:00:00,144,West,5.714499368522794,16
2017-04-09T01:00:00,145,North,44.317960910352326,46
2017-04-09T01:00:00,145,South,15.110134887706806,24
2017-04-09T01:00:00,145,East,12.853072669528324,22
2017-04-09T01:00:00,145,West,5.302232381797815,16
2017-04-09T02:00:00,146,North,33.89064259502059,44
2017-04-09T02:00:00,146,South,14.168413535350489,25
2017-04-09T02:00:00,146,East,11.022898980668277,23
2017-04-09T02:00:00,146,West,4.133980446340545,16
2017-04-09T03:00:00,147,North,30.9713925260931,43
2017-04-09T03:00:00,147,South,15.205555931188387,28
2017-04-09T03:00:00,147,East,8.990424190581109,21
2017-04-09T03:00:00,147,West,3.9549053800666454,16
2017-04-09T04:00:00,148,North,28.069225193594644,46
2017-04-09T04:00:00,148,South,10.48625863751556,24
2017-04-09T04:00:00,148,East,7.453998891395716,21
2017-04-09T04:00:00,148,West,3.8815342033498763,17
2017-04-09T05:00:00,149,North,24.373706377780152,44
2017-04-09T05:00:00,149,South,10.360649332991706,25
2017-04-09T05:00:00,149,East,8.097252268981851,22
2017-04-09T05:00:00,149,West,3.6195452036166476,17
2017-04-09T06:00:00,150,North,26.362837431911206,42
2017-04-09T06:00:00,150,South,14.275731694223492,28
2017-04-09T06:00:00,150,East,8.950257799461241,22
2017-04-09T06:00:00,150,West,3.875434302126157,16
2017-04-09T07:00:00,151,North,30.29669515313735,46
2017-04-09T07:00:00,151,South,11.018485142209549,24
2017-04-09T07:00:00,151,East,9.124657193077773,22
2017-04-09T07:00:00,151,West,3.9655273831812274,16
2017-04-09T08:00:00,152,North,31.326976081264117,46
2017-04-09T08:00:00,152,South,9.467461681714159,22
2017-04-09T08:00:00,152,East,11.1140405022352,24
2017-04-09T08:00:00,152,West,3.762080901182108,16
2017-04-09T09:00:00,153,North,41.540704386847146,45
2017-04-09T09:00:00,153,South,13.576285642407342,23
2017-04-09T09:00:00,153,East,13.202733928956608,23
2017-04-09T09:00:00,153,West,6.221131578282291,17
2017-04-09T10:00:00,154,North,48.74867668703437,49
2017-04-09T10:00:00,154,South,13.849472119193447,23
2017-04-09T10:00:00,154,East,10.981518436702975,20
2017-04-09T10:00:00,154,West,5.667400606563943,16
2017-04-09T11:00:00,155,North,50.54704468345217,47
2017-04-09T11:00:00,155,South,14.107216181853387,22
2017-04-09T11:00:00,155,East,15.38626953393998,22
2017-04-09T11:00:00,155,West,7.2241774377321475,17
2017-04-09T12:00:00,156,North,52.67184893115677,48
2017-04-09T12:00:00,156,South,15.398851456039962,23
2017-04-09T12:00:00,156,East,10.952039750676892,20
2017-04-09T12:00:00,156,West,7.923398898295591,17
2017-04-09T13:00:00,157,North,46.7093215361932,47
2017-04-09T13:00:00,157,South,13.591970236252816,22
2017-04-09T13:00:00,157,East,11.351142976575504,21
2017-04-09T13:00:00,157,West,7.725996241296615,18
2017-04-09T14:00:00,158,North,47.92212700912425,47
2017-04-09T14:00:00,158,South,15.555871366086336,23
2017-04-09T14:00:00,158,East,12.143168483816257,21
2017-04-09T14:00:00,158,West,7.391676525265529,17
2017-04-09T15:00:00,159,North,46.88809996646464,47
2017-04-09T15:00:00,159,South,15.498416124000189,23
2017-04-09T15:00:00,159,East,10.997175464962606,20
2017-04-09T15:00:00,159,West,7.4855697778779815,18
2017-04-09T16:00:00,160,North,47.89117688954156,48
2017-04-09T16:00:00,160,South,12.569656147092148,22
2017-04-09T16:00:00,160,East,11.22795642978896,20
2017-04-09T16:00:00,160,West,7.764746857131524,18
2017-04-09T17:00:00,161,North,53.81279829014838,45
2017-04-09T17:00:00,161,South,15.025678839631011,21
2017-04-09T17:00:00,161,East,21.228191190392263,25
2017-04-09T17:00:00,161,West,7.936270441394391,17
2017-04-09T18:00:00,162,North,66.00595379828728,37
2017-04-09T18:00:00,162,South,18.35320647897324,19
2017-04-09T18:00:00,162,East,63.93666666666667,37
2017-04-09T18:00:00,162,West,8.5800754840303,15
2017-04-09T19:00:00,163,North,66.3241853247133,42
2017-04-09T19:00:00,163,South,17.2636181935467,20
2017-04-09T19:00:00,163,East,38.52770070916793,30
2017-04-09T19:00:00,163,West,7.987859636359047,16
2017-04-09T20:00:00,164,North,65.57322413929897,44
2017-04-09T20:00:00,164,South,16.618893034255144,20
2017-04-09T20:00:00,164,East,31.224130028302987,28
2017-04-09T20:00:00,164,West,8.547522537579532,16
2017-04-09T21:00:00,165,North,64.1302100419928,47
2017-04-09T21:00:00,165,South,16.669802125164235,21
2017-04-09T21:00:00,165,East,21.43551154559764,24
2017-04-09T21:00:00,165,West,7.392617154490191,16
2017-04-09T22:00:00,166,North,67.60965890840569,47
2017-04-09T22:00:00,166,South,17.727703835475914,21
2017-04-09T22:00:00,166,East,24.237293075179174,24
2017-04-09T22:00:00,166,West,7.876153119958028,16
2017-04-09T23:00:00,167,North,65.29907996798285,46
2017-04-09T23:00:00,167,South,17.99699338733337,21
2017-04-09T23:00:00,167,East,23.915864503750598,25
2017-04-09T23:00:00,167,West,7.594169454015132,16
2017-04-10T00:00:00,0,North,58.69106062318054,42
2017-04-10T00:00:00,0,South,19.066894077735608,21
2017-04-10T00:00:00,0,East,32.99664729777187,29
2017-04-10T00:00:00,0,West,7.677066856622395,16
2017-04-10T01:00:00,1,North,49.653778887907734,47
2017-04-10T01:00:00,1,South,18.076718267624134,25
2017-04-10T01:00:00,1,East,13.641455667856048,21
2017-04-10T01:00:00,1,West,4.633106865945109,15
2017-04-10T02:00:00,2,North,36.26977147558877,44
2017-04-10T02:00:00,2,South,14.780675222427051,25
2017-04-10T02:00:00,2,East,11.610792871086332,22
2017-04-10T02:00:00,2,West,5.06218209751526,17
2017-04-10T03:00:00,3,North,30.444950188850335,42
2017-04-10T03:00:00,3,South,16.540225882682318,28
2017-04-10T03:00:00,3,East,10.686865250587758,22
2017-04-10T03:00:00,3,West,4.455396576969815,16
2017-04-10T04:00:00,4,North,30.515434019142578,45
2017-04-10T04:00:00,4,South,13.58073478494715,27
2017-04-10T04:00:00,4,East,7.1360464392149705,20
2017-04-10T04:00:00,4,West,3.98795716160599,16
2017-04-10T05:00:00,5,North,31.819555050071383,46
2017-04-10T05:00:00,5,South,13.063725124072775,26
2017-04-10T05:00:00,5,East,7.0188119689023205,19
2017-04-10T05:00:00,5,West,4.486013503720508,17
2017-04-10T06:00:00,6,North,36.8636343654305,46
2017-04-10T06:00:00,6,South,14.07236685033902,25
2017-04-10T06:00:00,6,East,9.220768839057737,21
2017-04-10T06:00:00,6,West,4.090351226095703,16
2017-04-10T07:00:00,7,North,46.098519255730295,46
2017-04-10T07:00:00,7,South,16.427377958575264,24
2017-04-10T07:00:00,7,East,12.852738669622447,22
2017-04-10T07:00:00,7,West,4.954009646258732,16
2017-04-10T08:00:00,8,North,47.271007214875304,47
2017-04-10T08:00:00,8,South,17.137142991180887,25
2017-04-10T08:00:00,8,East,11.615639461534599,21
2017-04-10T08:00:00,8,West,4.156246208920081,15
2017-04-10T09:00:00,9,North,60.06647009410877,48
2017-04-10T09:00:00,9,South,17.391194282739832,22
2017-04-10T09:00:00,9,East,15.763149883947653,22
2017-04-10T09:00:00,9,West,5.97263166155302,16
2017-04-10T10:00:00,10,North,72.52704931006117,49
2017-04-10T10:00:00,10,South,18.13700342434367,21
2017-04-10T10:00:00,10,East,18.404187668632826,22
2017-04-10T10:00:00,10,West,7.744531336800339,16
2017-04-10T11:00:00,11,North,73.24335229258233,48
2017-04-10T11:00:00,11,South,21.610492420407077,23
2017-04-10T11:00:00,11,East,16.78352569235828,20
2017-04-10T11:00:00,11,West,9.864570354966217,17
2017-04-10T12:00:00,12,North,77.3492104860783,49
2017-04-10T12:00:00,12,South,22.035361380941186,23
2017-04-10T12:00:00,12,East,15.372859228188826,19
2017-04-10T12:00:00,12,West,11.05550601583937,17
2017-04-10T13:00:00,13,North,73.99443328575586,48
2017-04-10T13:00:00,13,South,21.62638369978323,22
2017-04-10T13:00:00,13,East,19.711341348286506,22
2017-04-10T13:00:00,13,West,8.735397703751168,16
2017-04-10T14:00:00,14,North,78.68359167602657,48
2017-04-10T14:00:00,14,South,24.941812214336167,23
2017-04-10T14:00:00,14,East,19.272655066945664,21
2017-04-10T14:00:00,14,West,9.82891001120783,16
2017-04-10T15:00:00,15,North,78.80177795053638,49
2017-04-10T15:00:00,15,South,23.926725635830003,23
2017-04-10T15:00:00,15,East,15.964484509513149,19
2017-04-10T15:00:00,15,West,9.698926661017286,17
2017-04-10T16:00:00,16,North,78.56073528581652,49
2017-04-10T16:00:00,16,South,22.00018182017782,23
2017-04-10T16:00:00,16,East,15.059864683996832,19
2017-04-10T16:00:00,16,West,10.209536691953804,17
2017-04-10T17:00:00,17,North,77.67750295790313,49
2017-04-10T17:00:00,17,South,22.00018182017782,23
2017-04-10T17:00:00,17,East,14.52164630443336,19
2017-04-10T17:00:00,17,West,9.695297939520124,17
2017-04-10T18:00:00,18,North,80.84701438237755,49
2017-04-10T18:00:00,18,South,21.75077379119191,22
2017-04-10T18:00:00,18,East,19.0961762042518,20
2017-04-10T18:00:00,18,West,10.303563625643093,17
2017-04-10T19:00:00,19,North,74.16944444444445,47
2017-04-10T19:00:00,19,South,24.09998986919317,24
2017-04-10T19:00:00,19,East,17.803946639698708,20
2017-04-10T19:00:00,19,West,9.732034987260379,17
2017-04-10T20:00:00,20,North,85.39946504884006,49
2017-04-10T20:00:00,20,South,26.974202377469553,24
2017-04-10T20:00:00,20,East,14.997318127270528,19
2017-04-10T20:00:00,20,West,9.068742542066028,16
2017-04-10T21:00:00,21,North,80.7486482911517,50
2017-04-10T21:00:00,21,South,21.8038140842322,22
2017-04-10T21:00:00,21,East,16.440356437039593,20
2017-04-10T21:00:00,21,West,9.66075218432343,16
2017-04-10T22:00:00,22,North,80.60210370173846,50
2017-04-10T22:00:00,22,South,22.762353584537166,23
2017-04-10T22:00:00,22,East,15.061333261912923,19
2017-04-10T22:00:00,22,West,9.03627600675171,16
2017-04-10T23:00:00,23,North,75.80937275296603,49
2017-04-10T23:00:00,23,South,22.75679436034269,23
2017-04-10T23:00:00,23,East,15.344963435873437,19
2017-04-10T23:00:00,23,West,9.293678210328185,17
2017-04-11T00:00:00,24,North,71.70814334068216,49
2017-04-11T00:00:00,24,South,21.749986163997832,23
2017-04-11T00:00:00,24,East,15.294743009079419,20
2017-04-11T00:00:00,24,West,8.35181335977672,16
2017-04-11T01:00:00,25,North,59.973819520244774,48
2017-04-11T01:00:00,25,South,22.426345531876763,26
2017-04-11T01:00:00,25,East,12.342132576153542,19
2017-04-11T01:00:00,25,West,5.203933871961057,15
2017-04-11T02:00:00,26,North,49.95009498667185,45
2017-04-11T02:00:00,26,South,21.232784365969923,26
2017-04-11T02:00:00,26,East,13.588539516628442,21
2017-04-11T02:00:00,26,West,5.087539107394903,16
2017-04-11T03:00:00,27,North,38.415692891271654,46
2017-04-11T03:00:00,27,South,16.695273674711977,27
2017-04-11T03:00:00,27,East,8.661894479176661,20
2017-04-11T03:00:00,27,West,4.079790285075593,15
2017-04-11T04:00:00,28,North,37.59141372720291,48
2017-04-11T04:00:00,28,South,14.995978315827756,26
2017-04-11T04:00:00,28,East,6.821880274981203,18
2017-04-11T04:00:00,28,West,3.952109901847821,16
2017-04-11T05:00:00,29,North,38.030899994796954,48
2017-04-11T05:00:00,29,South,14.743743519443917,26
2017-04-11T05:00:00,29,East,6.341256969046146,18
2017-04-11T05:00:00,29,West,4.618736912860285,16
2017-04-11T06:00:00,30,North,41.56751507839506,48
2017-04-11T06:00:00,30,South,15.026744107188566,25
2017-04-11T06:00:00,30,East,8.246536147319773,19
2017-04-11T06:00:00,30,West,4.605089689695353,16
2017-04-11T07:00:00,31,North,45.43040733098132,46
2017-04-11T07:00:00,31,South,18.485721275772175,26
2017-04-11T07:00:00,31,East,11.297755159208718,21
2017-04-11T07:00:00,31,West,4.056177704562355,15
2017-04-11T08:00:00,32,North,52.1086158802765,50
2017-04-11T08:00:00,32,South,13.435914048152005,22
2017-04-11T08:00:00,32,East,11.994080297694936,20
2017-04-11T08:00:00,32,West,5.1823465373506075,16
2017-04-11T09:00:00,33,North,57.75107033723741,49
2017-04-11T09:00:00,33,South,14.811007543302868,21
2017-04-11T09:00:00,33,East,14.913239073635959,22
2017-04-11T09:00:00,33,West,5.726421695273334,16
2017-04-11T10:00:00,34,North,71.6638030490089,50
2017-04-11T10:00:00,34,South,19.508072923251724,22
2017-04-11T10:00:00,34,East,15.209643214986551,20
2017-04-11T10:00:00,34,West,8.268269761679525,16
2017-04-11T11:00:00,35,North,74.24204204172105,49
2017-04-11T11:00:00,35,South,21.476740223243432,23
2017-04-11T11:00:00,35,East,14.111544003406769,19
2017-04-11T11:00:00,35,West,9.520187096908279,17
2017-04-11T12:00:00,36,North,82.78051352321489,50
2017-04-11T12:00:00,36,South,22.67545484152299,22
2017-04-11T12:00:00,36,East,15.74268786067343,19
2017-04-11T12:00:00,36,West,10.97149303632804,17
2017-04-11T13:00:00,37,North,83.38739691759828,51
2017-04-11T13:00:00,37,South,19.786188360859512,21
2017-04-11T13:00:00,37,East,15.914650470373397,19
2017-04-11T13:00:00,37,West,9.986866281419164,17
2017-04-11T14:00:00,38,North,72.3540530129672,47
2017-04-11T14:00:00,38,South,25.324350804637334,24
2017-04-11T14:00:00,38,East,15.878406216391785,20
2017-04-11T14:00:00,38,West,10.273579696440418,17
2017-04-11T15:00:00,39,North,84.8870884270692,50
2017-04-11T15:00:00,39,South,22.004442667422676,22
2017-04-11T15:00:00,39,East,16.275094206038673,19
2017-04-11T15:00:00,39,West,9.949582193260404,17
2017-04-11T16:00:00,40,North,80.02294335093167,50
2017-04-11T16:00:00,40,South,22.51216976948444,23
2017-04-11T16:00:00,40,East,13.965753929772706,19
2017-04-11T16:00:00,40,West,9.459089584762163,16
2017-04-11T17:00:00,41,North,80.3945064822448,50
2017-04-11T17:00:00,41,South,23.209110676756353,23
2017-04-11T17:00:00,41,East,14.0637119009354,18
2017-04-11T17:00:00,41,West,10.247474370014377,17
2017-04-11T18:00:00,42,North,83.77843483356172,50
2017-04-11T18:00:00,42,South,23.28778759819589,23
2017-04-11T18:00:00,42,East,15.366111426404274,19
2017-04-11T18:00:00,42,West,9.814736177866978,16
2017-04-11T19:00:00,43,North,75.31449745741165,47
2017-04-11T19:00:00,43,South,22.60014576451816,22
2017-04-11T19:00:00,43,East,21.14553739515086,22
2017-04-11T19:00:00,43,West,9.864802158299433,17
2017-04-11T20:00:00,44,North,74.06649745741164,46
2017-04-11T20:00:00,44,South,26.44430025682417,24
2017-04-11T20:00:00,44,East,19.37751837930632,21
2017-04-11T20:00:00,44,West,9.557613646743324,17
2017-04-11T21:00:00,45,North,81.66817511302165,50
2017-04-11T21:00:00,45,South,22.583186057558457,23
2017-04-11T21:00:00,45,East,15.771772058893173,19
2017-04-11T21:00:00,45,West,9.018080131449036,16
2017-04-11T22:00:00,46,North,81.31347748365297,50
2017-04-11T22:00:00,46,South,21.75442700244944,22
2017-04-11T22:00:00,46,East,16.443185768560788,20
2017-04-11T22:00:00,46,West,9.013557968584083,16
2017-04-11T23:00:00,47,North,77.64444844422437,50
2017-04-11T23:00:00,47,South,21.77054224378836,23
2017-04-11T23:00:00,47,East,15.263608614621603,19
2017-04-11T23:00:00,47,West,9.295389052554631,16
2017-04-12T00:00:00,48,North,74.55391538840082,49
2017-04-12T00:00:00,48,South,21.32625890195211,23
2017-04-12T00:00:00,48,East,15.332509090423123,20
2017-04-12T00:00:00,48,West,8.1660792075707,16
2017-04-12T01:00:00,49,North,63.17159826136551,49
2017-04-12T01:00:00,49,South,18.993720515930917,23
2017-04-12T01:00:00,49,East,15.05833387017881,21
2017-04-12T01:00:00,49,West,5.553609540986111,15
2017-04-12T02:00:00,50,North,54.00425547552749,49
2017-04-12T02:00:00,50,South,19.27948909466348,25
2017-04-12T02:00:00,50,East,9.877243897362256,19
2017-04-12T02:00:00,50,West,5.087539107394903,15
2017-04-12T03:00:00,51,North,44.11785483931726,47
2017-04-12T03:00:00,51,South,17.94451518973829,27
2017-04-12T03:00:00,51,East,9.093600534606319,19
2017-04-12T03:00:00,51,West,4.006328737868025,15
2017-04-12T04:00:00,52,North,38.53143491168193,46
2017-04-12T04:00:00,52,South,17.48019249409017,27
2017-04-12T04:00:00,52,East,8.077106476313732,19
2017-04-12T04:00:00,52,West,4.5945030487542615,16
2017-04-12T05:00:00,53,North,42.404992270332215,50
2017-04-12T05:00:00,53,South,12.402299236633056,23
2017-04-12T05:00:00,53,East,8.008425514263891,19
2017-04-12T05:00:00,53,West,4.659997017707989,16
2017-04-12T06:00:00,54,North,45.35414270430823,49
2017-04-12T06:00:00,54,South,14.657629888106436,24
2017-04-12T06:00:00,54,East,8.288919067205772,19
2017-04-12T06:00:00,54,West,4.556362490492395,16
2017-04-12T07:00:00,55,North,50.238540240458484,50
2017-04-12T07:00:00,55,South,15.02747686012644,23
2017-04-12T07:00:00,55,East,9.892783476923773,20
2017-04-12T07:00:00,55,West,3.969639251769923,15
2017-04-12T08:00:00,56,North,62.844845092824556,51
2017-04-12T08:00:00,56,South,17.577679382202057,23
2017-04-12T08:00:00,56,East,11.12239715315606,19
2017-04-12T08:00:00,56,West,5.009457142311917,15
2017-04-12T09:00:00,57,North,70.74385144333893,51
2017-04-12T09:00:00,57,South,17.510743113632422,22
2017-04-12T09:00:00,57,East,12.806579313222393,19
2017-04-12T09:00:00,57,West,6.903197797166627,16
2017-04-12T10:00:00,58,North,71.84995352910119,51
2017-04-12T10:00:00,58,South,18.210640599698845,22
2017-04-12T10:00:00,58,East,13.858565857437512,19
2017-04-12T10:00:00,58,West,6.885609998173878,16
2017-04-12T11:00:00,59,North,80.56229209729781,51
2017-04-12T11:00:00,59,South,21.303080154448548,22
2017-04-12T11:00:00,59,East,14.612135914400758,19
2017-04-12T11:00:00,59,West,8.863140220823041,16
2017-04-12T12:00:00,60,North,78.71268861744433,49
2017-04-12T12:00:00,60,South,21.65328631752312,22
2017-04-12T12:00:00,60,East,15.20268807839718,19
2017-04-12T12:00:00,60,West,11.690901964595309,18
2017-04-12T13:00:00,61,North,74.88943150325315,50
2017-04-12T13:00:00,61,South,21.331390230341512,23
2017-04-12T13:00:00,61,East,14.632533350298193,19
2017-04-12T13:00:00,61,West,8.249121986560255,16
2017-04-12T14:00:00,62,North,80.05341649795162,49
2017-04-12T14:00:00,62,South,21.303448119816515,22
2017-04-12T14:00:00,62,East,16.215617706922732,20
2017-04-12T14:00:00,62,West,10.274169461172866,17
2017-04-12T15:00:00,63,North,80.26674591566035,50
2017-04-12T15:00:00,63,South,21.30935896369977,22
2017-04-12T15:00:00,63,East,15.336685687335127,19
2017-04-12T15:00:00,63,West,9.435468689634382,17
2017-04-12T16:00:00,64,North,74.28108299018677,51
2017-04-12T16:00:00,64,South,19.232979354797816,22
2017-04-12T16:00:00,64,East,13.469209550683775,19
2017-04-12T16:00:00,64,West,8.554839611250816,16
2017-04-12T17:00:00,65,North,76.65167955983142,48
2017-04-12T17:00:00,65,South,22.622289982618902,23
2017-04-12T17:00:00,65,East,16.39134521987308,20
2017-04-12T17:00:00,65,West,9.804222431192692,17
2017-04-12T18:00:00,66,North,81.27587916626217,50
2017-04-12T18:00:00,66,South,22.01558144116036,22
2017-04-12T18:00:00,66,East,16.31314416167202,19
2017-04-12T18:00:00,66,West,10.249814544530315,17
2017-04-12T19:00:00,67,North,86.80314303124639,51
2017-04-12T19:00:00,67,South,24.441208234789627,23
2017-04-12T19:00:00,67,East,14.422157685607276,18
2017-04-12T19:00:00,67,West,9.02945874275952,16
2017-04-12T20:00:00,68,North,83.70661722718435,50
2017-04-12T20:00:00,68,South,23.453704867826744,23
2017-04-12T20:00:00,68,East,15.640588420576666,19
2017-04-12T20:00:00,68,West,9.674228628488535,16
2017-04-12T21:00:00,69,North,80.79904029479437,51
2017-04-12T21:00:00,69,South,21.312967079893347,22
2017-04-12T21:00:00,69,East,14.25854238944973,19
2017-04-12T21:00:00,69,West,9.008796601544246,16
2017-04-12T22:00:00,70,North,81.16116941567348,50
2017-04-12T22:00:00,70,South,21.99263568073788,22
2017-04-12T22:00:00,70,East,17.16183202242421,20
2017-04-12T22:00:00,70,West,9.58402655625171,16
2017-04-12T23:00:00,71,North,74.50384738089966,49
2017-04-12T23:00:00,71,South,21.34723599401643,22
2017-04-12T23:00:00,71,East,15.625146605777163,20
2017-04-12T23:00:00,71,West,9.587474845113812,17
2017-04-13T00:00:00,72,North,72.76593987571266,48
2017-04-13T00:00:00,72,South,21.394390110164696,22
2017-04-13T00:00:00,72,East,20.55383937622485,22
2017-04-13T00:00:00,72,West,7.723120505525513,16
2017-04-13T01:00:00,73,North,59.94557435097628,48
2017-04-13T01:00:00,73,South,21.660197919239128,25
2017-04-13T01:00:00,73,East,13.579466365986466,20
2017-04-13T01:00:00,73,West,5.37229833861099,15
2017-04-13T02:00:00,74,North,49.16977283638696,48
2017-04-13T02:00:00,74,South,19.205363320914373,26
2017-04-13T02:00:00,74,East,8.992792018334093,18
2017-04-13T02:00:00,74,West,5.113876718584957,16
2017-04-13T03:00:00,75,North,42.40625445182774,48
2017-04-13T03:00:00,75,South,15.153767877391099,25
2017-04-13T03:00:00,75,East,8.661894479176661,19
2017-04-13T03:00:00,75,West,4.686525181159977,16
2017-04-13T04:00:00,76,North,38.629222372499115,48
2017-04-13T04:00:00,76,South,14.271545877343087,25
2017-04-13T04:00:00,76,East,8.196589636080823,19
2017-04-13T04:00:00,76,West,3.988017449845757,16
2017-04-13T05:00:00,77,North,38.10915150103234,48
2017-04-13T05:00:00,77,South,14.542199520585081,26
2017-04-13T05:00:00,77,East,6.730007085203966,18
2017-04-13T05:00:00,77,West,4.629472999285877,16
2017-04-13T06:00:00,78,North,45.43344182959124,50
2017-04-13T06:00:00,78,South,13.096721497315542,23
2017-04-13T06:00:00,78,East,7.955794971657487,19
2017-04-13T06:00:00,78,West,4.915103399608196,16
2017-04-13T07:00:00,79,North,50.45350817595033,50
2017-04-13T07:00:00,79,South,14.986516347225953,23
2017-04-13T07:00:00,79,East,10.25723800034393,20
2017-04-13T07:00:00,79,West,3.9972564880181105,15
2017-04-13T08:00:00,80,North,53.24705954833237,48
2017-04-13T08:00:00,80,South,17.53797658499926,24
2017-04-13T08:00:00,80,East,12.113955426855116,20
2017-04-13T08:00:00,80,West,5.182162672511819,16
2017-04-13T09:00:00,81,North,58.99208795897762,49
2017-04-13T09:00:00,81,South,16.63289100136137,23
2017-04-13T09:00:00,81,East,12.157250810076995,20
2017-04-13T09:00:00,81,West,6.614411030143376,16
2017-04-13T10:00:00,82,North,72.37513450765132,49
2017-04-13T10:00:00,82,South,19.03393441854562,22
2017-04-13T10:00:00,82,East,14.821222511900988,20
2017-04-13T10:00:00,82,West,9.230727864342194,17
2017-04-13T11:00:00,83,North,82.96252616274927,51
2017-04-13T11:00:00,83,South,19.09720236112935,21
2017-04-13T11:00:00,83,East,15.786230063357447,20
2017-04-13T11:00:00,83,West,8.751357305311505,16
2017-04-13T12:00:00,84,North,80.10465894663204,50
2017-04-13T12:00:00,84,South,21.559336360734747,22
2017-04-13T12:00:00,84,East,15.399134446959394,19
2017-04-13T12:00:00,84,West,11.279667073508266,17
2017-04-13T13:00:00,85,North,83.61994252416562,50
2017-04-13T13:00:00,85,South,21.998242244557893,22
2017-04-13T13:00:00,85,East,15.095220371911168,19
2017-04-13T13:00:00,85,West,10.304582410194937,17
2017-04-13T14:00:00,86,North,82.34173781874034,49
2017-04-13T14:00:00,86,South,23.82719420579956,23
2017-04-13T14:00:00,86,East,15.174863420039511,19
2017-04-13T14:00:00,86,West,10.085470534409462,17
2017-04-13T15:00:00,87,North,71.72243195286788,47
2017-04-13T15:00:00,87,South,24.6814238831978,24
2017-04-13T15:00:00,87,East,15.405358282298478,20
2017-04-13T15:00:00,87,West,9.298760537230352,17
2017-04-13T16:00:00,88,North,79.26361016962022,50
2017-04-13T16:00:00,88,South,22.553696012701575,23
2017-04-13T16:00:00,88,East,14.384145339918724,19
2017-04-13T16:00:00,88,West,9.161089491148456,16
2017-04-13T17:00:00,89,North,78.96642298686444,49
2017-04-13T17:00:00,89,South,24.391208234789623,23
2017-04-13T17:00:00,89,East,16.205704426367845,19
2017-04-13T17:00:00,89,West,9.806623200219445,17
2017-04-13T18:00:00,90,North,74.28890538281956,48
2017-04-13T18:00:00,90,South,25.310630559906222,24
2017-04-13T18:00:00,90,East,15.13872280570137,19
2017-04-13T18:00:00,90,West,9.224772891240804,17
2017-04-13T19:00:00,91,North,73.51990538281957,49
2017-04-13T19:00:00,91,South,21.403944256944364,23
2017-04-13T19:00:00,91,East,14.760222026120498,19
2017-04-13T19:00:00,91,West,10.29000498222658,17
2017-04-13T20:00:00,92,North,73.99298230589649,47
2017-04-13T20:00:00,92,South,26.950062540883373,25
2017-04-13T20:00:00,92,East,13.865996033944127,19
2017-04-13T20:00:00,92,West,10.325384201459729,17
2017-04-13T21:00:00,93,North,79.24210582964871,50
2017-04-13T21:00:00,93,South,21.503701079746904,22
2017-04-13T21:00:00,93,East,15.571274249140881,19
2017-04-13T21:00:00,93,West,10.208627792404265,17
2017-04-13T22:00:00,94,North,81.01710482907329,50
2017-04-13T22:00:00,94,South,22.711164451263134,23
2017-04-13T22:00:00,94,East,14.654837280684447,19
2017-04-13T22:00:00,94,West,9.553408989056564,16
2017-04-13T23:00:00,95,North,76.33948260914676,50
2017-04-13T23:00:00,95,South,22.64638897406202,23
2017-04-13T23:00:00,95,East,13.628709806918835,19
2017-04-13T23:00:00,95,West,7.8222013814699105,16
2017-04-14T00:00:00,96,North,70.78461242533508,50
2017-04-14T00:00:00,96,South,19.8247139866609,23
2017-04-14T00:00:00,96,East,13.25626418599823,19
2017-04-14T00:00:00,96,West,7.149279679592198,16
2017-04-14T01:00:00,97,North,58.64784383501708,48
2017-04-14T01:00:00,97,South,19.71393910227226,24
2017-04-14T01:00:00,97,East,14.253925826761755,21
2017-04-14T01:00:00,97,West,5.908107267850875,15
2017-04-14T02:00:00,98,North,46.60344545748049,47
2017-04-14T02:00:00,98,South,17.911930350874805,25
2017-04-14T02:00:00,98,East,11.10372190013274,20
2017-04-14T02:00:00,98,West,4.652329291818556,16
2017-04-14T03:00:00,99,North,41.3811771599113,48
2017-04-14T03:00:00,99,South,15.610938616316597,25
2017-04-14T03:00:00,99,East,8.50978090790022,19
2017-04-14T03:00:00,99,West,4.05846369136275,16
2017-04-14T04:00:00,100,North,33.19171532160492,47
2017-04-14T04:00:00,100,South,13.02249744574971,25
2017-04-14T04:00:00,100,East,6.75771427869877,19
2017-04-14T04:00:00,100,West,4.441348764925282,17
2017-04-14T05:00:00,101,North,32.460668205975864,47
2017-04-14T05:00:00,101,South,12.228423398998554,25
2017-04-14T05:00:00,101,East,6.341256969046146,19
2017-04-14T05:00:00,101,West,4.441348764925282,17
2017-04-14T06:00:00,102,North,38.09329150131505,48
2017-04-14T06:00:00,102,South,12.040335137350803,23
2017-04-14T06:00:00,102,East,9.563444820222891,21
2017-04-14T06:00:00,102,West,4.423309499772472,16
2017-04-14T07:00:00,103,North,44.63606828144493,49
2017-04-14T07:00:00,103,South,14.256908037912378,24
2017-04-14T07:00:00,103,East,9.235027284276264,19
2017-04-14T07:00:00,103,West,4.946027483850196,16
2017-04-14T08:00:00,104,North,49.65984816179652,49
2017-04-14T08:00:00,104,South,16.4273186876431,24
2017-04-14T08:00:00,104,East,11.113693180975126,20
2017-04-14T08:00:00,104,West,4.4413555336635575,15
2017-04-14T09:00:00,105,North,57.36413776460401,48
2017-04-14T09:00:00,105,South,16.75612674277755,23
2017-04-14T09:00:00,105,East,14.141475650612854,21
2017-04-14T09:00:00,105,West,5.834865665841337,16
2017-04-14T10:00:00,106,North,67.79498331659698,50
2017-04-14T10:00:00,106,South,19.81890200782196,23
2017-04-14T10:00:00,106,East,12.448344364719457,19
2017-04-14T10:00:00,106,West,7.180912912012045,16
2017-04-14T11:00:00,107,North,75.6887080711935,52
2017-04-14T11:00:00,107,South,17.32603172986336,21
2017-04-14T11:00:00,107,East,12.614952075642957,19
2017-04-14T11:00:00,107,West,7.604965755289399,16
2017-04-14T12:00:00,108,North,74.74442442637041,50
2017-04-14T12:00:00,108,South,20.859862373367665,22
2017-04-14T12:00:00,108,East,12.964304523033041,19
2017-04-14T12:00:00,108,West,9.936449181556075,17
2017-04-14T13:00:00,109,North,71.92162730362894,49
2017-04-14T13:00:00,109,South,21.745746432317073,23
2017-04-14T13:00:00,109,East,14.789658846409418,19
2017-04-14T13:00:00,109,West,9.609692192117722,17
2017-04-14T14:00:00,110,North,75.3200370964301,51
2017-04-14T14:00:00,110,South,18.510743204770623,22
2017-04-14T14:00:00,110,East,12.380485299474138,18
2017-04-14T14:00:00,110,West,10.17322059176954,17
2017-04-14T15:00:00,111,North,73.3689512451266,50
2017-04-14T15:00:00,111,South,20.044800518083793,23
2017-04-14T15:00:00,111,East,12.320561971297957,18
2017-04-14T15:00:00,111,West,8.685324277816001,17
2017-04-14T16:00:00,112,North,69.05138241355908,48
2017-04-14T16:00:00,112,South,21.546286743485027,23
2017-04-14T16:00:00,112,East,15.200023396600324,20
2017-04-14T16:00:00,112,West,10.24927465536405,17
2017-04-14T17:00:00,113,North,68.84332949521415,47
2017-04-14T17:00:00,113,South,19.28181768314834,22
2017-04-14T17:00:00,113,East,20.562069454295486,23
2017-04-14T17:00:00,113,West,8.35751146381144,16
2017-04-14T18:00:00,114,North,71.89061893575688,50
2017-04-14T18:00:00,114,South,19.11472014340553,22
2017-04-14T18:00:00,114,East,13.992997841443108,19
2017-04-14T18:00:00,114,West,8.425684820265158,17
2017-04-14T19:00:00,115,North,72.08190003802343,49
2017-04-14T19:00:00,115,South,21.044748296607764,23
2017-04-14T19:00:00,115,East,14.960559617295534,20
2017-04-14T19:00:00,115,West,9.063440789817653,16
2017-04-14T20:00:00,116,North,72.30827714047531,48
2017-04-14T20:00:00,116,South,21.5822727969478,23
2017-04-14T20:00:00,116,East,19.42781515211537,21
2017-04-14T20:00:00,116,West,8.519799105979445,16
2017-04-14T21:00:00,117,North,66.14263671023228,48
2017-04-14T21:00:00,117,South,19.004956242815748,23
2017-04-14T21:00:00,117,East,14.71242642804917,20
2017-04-14T21:00:00,117,West,9.64750404329677,17
2017-04-14T22:00:00,118,North,63.408205250524176,49
2017-04-14T22:00:00,118,South,17.61346809287934,22
2017-04-14T22:00:00,118,East,13.192364369381536,20
2017-04-14T22:00:00,118,West,9.591019170219095,17
2017-04-14T23:00:00,119,North,61.60095913242197,49
2017-04-14T23:00:00,119,South,18.608827979570318,23
2017-04-14T23:00:00,119,East,13.070136827368064,20
2017-04-14T23:00:00,119,West,7.680888151324723,16
2017-04-15T00:00:00,120,North,59.4780606049568,44
2017-04-15T00:00:00,120,South,18.798404601313496,22
2017-04-15T00:00:00,120,East,25.160954921398385,26
2017-04-15T00:00:00,120,West,7.389529854106889,16
2017-04-15T01:00:00,121,North,46.97951117283205,46
2017-04-15T01:00:00,121,South,18.470292437693335,25
2017-04-15T01:00:00,121,East,12.688711589476481,21
2017-04-15T01:00:00,121,West,4.735073384249976,16
2017-04-15T02:00:00,122,North,42.77985646050803,47
2017-04-15T02:00:00,122,South,15.701490899399365,25
2017-04-15T02:00:00,122,East,10.851140153459585,21
2017-04-15T02:00:00,122,West,4.1815816908709875,15
2017-04-15T03:00:00,123,North,33.44972197453592,45
2017-04-15T03:00:00,123,South,14.068563830170817,26
2017-04-15T03:00:00,123,East,8.992349468055751,21
2017-04-15T03:00:00,123,West,3.5382181594330597,16
2017-04-15T04:00:00,124,North,34.49175498294959,48
2017-04-15T04:00:00,124,South,11.533615446370062,24
2017-04-15T04:00:00,124,East,8.320678989438969,20
2017-04-15T04:00:00,124,West,3.6526405132466655,16
2017-04-15T05:00:00,125,North,22.65621630510236,44
2017-04-15T05:00:00,125,South,9.688527056524256,26
2017-04-15T05:00:00,125,East,6.653367281932544,21
2017-04-15T05:00:00,125,West,3.6598246564691714,17
2017-04-15T06:00:00,126,North,28.645216305102362,46
2017-04-15T06:00:00,126,South,10.317447335796125,24
2017-04-15T06:00:00,126,East,7.359740201303852,21
2017-04-15T06:00:00,126,West,3.659824656469172,17
2017-04-15T07:00:00,127,North,29.617645454899936,46
2017-04-15T07:00:00,127,South,9.303830191024213,23
2017-04-15T07:00:00,127,East,8.932761840784313,22
2017-04-15T07:00:00,127,West,3.9655273831812274,17
2017-04-15T08:00:00,128,North,31.678125506379985,45
2017-04-15T08:00:00,128,South,12.148138541346968,25
2017-04-15T08:00:00,128,East,9.60834173231144,22
2017-04-15T08:00:00,128,West,3.802360354034632,16
2017-04-15T09:00:00,129,North,38.84948181440828,45
2017-04-15T09:00:00,129,South,12.842544909130197,23
2017-04-15T09:00:00,129,East,13.338714792122168,23
2017-04-15T09:00:00,129,West,5.363130206617462,17
2017-04-15T10:00:00,130,North,51.46491830204504,49
2017-04-15T10:00:00,130,South,14.64540336284125,22
2017-04-15T10:00:00,130,East,11.530180344333214,20
2017-04-15T10:00:00,130,West,6.28892250698204,17
2017-04-15T11:00:00,131,North,57.40153658886974,48
2017-04-15T11:00:00,131,South,17.229673499151964,23
2017-04-15T11:00:00,131,East,12.43814823092314,20
2017-04-15T11:00:00,131,West,7.2352126344195185,17
2017-04-15T12:00:00,132,North,54.336596484297736,47
2017-04-15T12:00:00,132,South,15.2617592005379,22
2017-04-15T12:00:00,132,East,14.794701311287973,21
2017-04-15T12:00:00,132,West,8.717107805476415,18
2017-04-15T13:00:00,133,North,49.68120724763948,46
2017-04-15T13:00:00,133,South,15.476348603229251,23
2017-04-15T13:00:00,133,East,15.05629604855666,22
2017-04-15T13:00:00,133,West,7.924499432059584,17
2017-04-15T14:00:00,134,North,48.16733246745963,47
2017-04-15T14:00:00,134,South,15.597248120426821,23
2017-04-15T14:00:00,134,East,11.33101161512419,20
2017-04-15T14:00:00,134,West,8.195031947862807,18
2017-04-15T15:00:00,135,North,48.12997209146668,45
2017-04-15T15:00:00,135,South,15.611089694250394,23
2017-04-15T15:00:00,135,East,15.30705115991438,22
2017-04-15T15:00:00,135,West,8.270890539779842,18
2017-04-15T16:00:00,136,North,48.13304901454361,46
2017-04-15T16:00:00,136,South,15.158495924193865,23
2017-04-15T16:00:00,136,East,14.42485661570037,22
2017-04-15T16:00:00,136,West,7.619172034920931,17
2017-04-15T17:00:00,137,North,46.090863032682215,45
2017-04-15T17:00:00,137,South,13.317888993248054,22
2017-04-15T17:00:00,137,East,15.25385758898496,23
2017-04-15T17:00:00,137,West,7.7394937998465165,18
2017-04-15T18:00:00,138,North,54.61166879392028,49
2017-04-15T18:00:00,138,South,13.260353158179791,21
2017-04-15T18:00:00,138,East,13.087558449137223,21
2017-04-15T18:00:00,138,West,8.124367692531578,17
2017-04-15T19:00:00,139,North,67.0161452830577,51
2017-04-15T19:00:00,139,South,12.762923046496127,19
2017-04-15T19:00:00,139,East,15.907608972026292,21
2017-04-15T19:00:00,139,West,7.757552452575901,17
2017-04-15T20:00:00,140,North,68.74465751371812,45
2017-04-15T20:00:00,140,South,15.391342218871126,19
2017-04-15T20:00:00,140,East,32.94594979556647,28
2017-04-15T20:00:00,140,West,8.318243364765344,16
2017-04-15T21:00:00,141,North,64.62543425082009,44
2017-04-15T21:00:00,141,South,17.63138996427832,20
2017-04-15T21:00:00,141,East,32.090418096083155,28
2017-04-15T21:00:00,141,West,7.583833047896777,16
2017-04-15T22:00:00,142,North,65.94976477963537,47
2017-04-15T22:00:00,142,South,18.370531598706,22
2017-04-15T22:00:00,142,East,18.371230312956435,22
2017-04-15T22:00:00,142,West,8.519097545082596,17
2017-04-15T23:00:00,143,North,64.55134653152184,52
2017-04-15T23:00:00,143,South,14.96653100364408,21
2017-04-15T23:00:00,143,East,10.663186911955345,19
2017-04-15T23:00:00,143,West,7.199869034896791,16
2017-04-16T00:00:00,144,North,57.439140654882856,47
2017-04-16T00:00:00,144,South,17.327303666984818,23
2017-04-16T00:00:00,144,East,15.021918122408362,21
2017-04-16T00:00:00,144,West,7.357991392568427,17
2017-04-16T01:00:00,145,North,43.568961657127446,46
2017-04-16T01:00:00,145,South,14.178444830822956,23
2017-04-16T01:00:00,145,East,13.60764988031997,23
2017-04-16T01:00:00,145,West,4.45671335629151,16
2017-04-16T02:00:00,146,North,37.556597997346046,46
2017-04-16T02:00:00,146,South,14.325292477913477,25
2017-04-16T02:00:00,146,East,9.534442369059553,21
2017-04-16T02:00:00,146,West,4.07127868673056,16
2017-04-16T03:00:00,147,North,36.83755135471967,47
2017-04-16T03:00:00,147,South,14.101867401599389,25
2017-04-16T03:00:00,147,East,8.667430906193331,20
2017-04-16T03:00:00,147,West,3.631706923503941,16
2017-04-16T04:00:00,148,North,34.02922519359464,48
2017-04-16T04:00:00,148,South,11.271948408393737,24
2017-04-16T04:00:00,148,East,7.973074452506776,20
2017-04-16T04:00:00,148,West,3.908283266763065,16
2017-04-16T05:00:00,149,North,27.31709923492301,45
2017-04-16T05:00:00,149,South,10.37808781591009,25
2017-04-16T05:00:00,149,East,7.800657649741622,22
2017-04-16T05:00:00,149,West,3.6195452036166476,16
2017-04-16T06:00:00,150,North,32.387650816724594,45
2017-04-16T06:00:00,150,South,12.53651258920966,25
2017-04-16T06:00:00,150,East,10.315864420737844,22
2017-04-16T06:00:00,150,West,3.8823178103848006,16
2017-04-16T07:00:00,151,North,38.86208269607236,49
2017-04-16T07:00:00,151,South,12.299140847176078,23
2017-04-16T07:00:00,151,East,8.281399057656486,20
2017-04-16T07:00:00,151,West,3.962043370906605,16
2017-04-16T08:00:00,152,North,39.48086552691915,49
2017-04-16T08:00:00,152,South,10.421711602457167,22
2017-04-16T08:00:00,152,East,10.43229301249142,22
2017-04-16T08:00:00,152,West,3.9805225244749582,15
2017-04-16T09:00:00,153,North,46.506928092348765,47
2017-04-16T09:00:00,153,South,14.116455195939288,22
2017-04-16T09:00:00,153,East,14.174779500479755,23
2017-04-16T09:00:00,153,West,5.34872057806382,16
2017-04-16T10:00:00,154,North,49.69442136788543,47
2017-04-16T10:00:00,154,South,15.901766137286693,23
2017-04-16T10:00:00,154,East,13.176379875268907,22
2017-04-16T10:00:00,154,West,5.831024299461609,16
2017-04-16T11:00:00,155,North,48.75203677508788,47
2017-04-16T11:00:00,155,South,14.819495700060536,22
2017-04-16T11:00:00,155,East,12.269766838505042,21
2017-04-16T11:00:00,155,West,8.471975906802985,18
2017-04-16T12:00:00,156,North,52.69271743353874,46
2017-04-16T12:00:00,156,South,16.445464239438945,23
2017-04-16T12:00:00,156,East,15.383587732753593,22
2017-04-16T12:00:00,156,West,7.715405567498495,17
2017-04-16T13:00:00,157,North,50.75841463294712,48
2017-04-16T13:00:00,157,South,12.54619200972374,21
2017-04-16T13:00:00,157,East,13.751832633957074,22
2017-04-16T13:00:00,157,West,7.8667373590519025,17
2017-04-16T14:00:00,158,North,52.86365103612168,47
2017-04-16T14:00:00,158,South,16.544845528486142,23
2017-04-16T14:00:00,158,East,13.422780917701619,21
2017-04-16T14:00:00,158,West,7.834746857131524,17
2017-04-16T15:00:00,159,North,49.950360765948844,44
2017-04-16T15:00:00,159,South,18.40187314563991,24
2017-04-16T15:00:00,159,East,15.569009510777978,22
2017-04-16T15:00:00,159,West,8.578559892279168,18
2017-04-16T16:00:00,160,North,48.95132937181106,43
2017-04-16T16:00:00,160,South,17.12988834633602,23
2017-04-16T16:00:00,160,East,20.883328825361065,25
2017-04-16T16:00:00,160,West,7.48897366734192,17
2017-04-16T17:00:00,161,North,55.515316806366236,48
2017-04-16T17:00:00,161,South,14.89268309493049,22
2017-04-16T17:00:00,161,East,14.633269796511762,21
2017-04-16T17:00:00,161,West,7.743985076881381,17
2017-04-16T18:00:00,162,North,59.671999743274306,46
2017-04-16T18:00:00,162,South,15.260417348633352,21
2017-04-16T18:00:00,162,East,23.25684400797073,25
2017-04-16T18:00:00,162,West,8.036180717154974,16
2017-04-16T19:00:00,163,North,66.8882422097358,48
2017-04-16T19:00:00,163,South,16.725505590210233,21
2017-04-16T19:00:00,163,East,19.620112590065897,22
2017-04-16T19:00:00,163,West,8.679844096266017,17
2017-04-16T20:00:00,164,North,71.21143371151231,45
2017-04-16T20:00:00,164,South,17.605060180208422,20
2017-04-16T20:00:00,164,East,33.685366065079506,27
2017-04-16T20:00:00,164,West,7.951597233570377,16
2017-04-16T21:00:00,165,North,66.46206235896271,47
2017-04-16T21:00:00,165,South,16.618529935683274,21
2017-04-16T21:00:00,165,East,21.983216290129832,24
2017-04-16T21:00:00,165,West,7.363064317935957,16
2017-04-16T22:00:00,166,North,66.08253584880353,51
2017-04-16T22:00:00,166,South,15.861967385058273,21
2017-04-16T22:00:00,166,East,12.848081595806878,20
2017-04-16T22:00:00,166,West,7.29492449553498,16
2017-04-16T23:00:00,167,North,60.341420807930724,49
2017-04-16T23:00:00,167,South,17.681200026720973,23
2017-04-16T23:00:00,167,East,12.290273608750143,19
2017-04-16T23:00:00,167,West,7.89253997219044,17
2017-04-17T00:00:00,0,North,59.86291505811732,48
2017-04-17T00:00:00,0,South,17.74971315711626,23
2017-04-17T00:00:00,0,East,14.0377525793837,21
2017-04-17T00:00:00,0,West,7.15860218461731,16
2017-04-17T01:00:00,1,North,50.89925854961417,48
2017-04-17T01:00:00,1,South,15.564986784181368,23
2017-04-17T01:00:00,1,East,12.913340317599344,21
2017-04-17T01:00:00,1,West,5.151476155071069,16
2017-04-17T02:00:00,2,North,39.89500046026426,44
2017-04-17T02:00:00,2,South,18.552444329459377,27
2017-04-17T02:00:00,2,East,12.162000371293582,21
2017-04-17T02:00:00,2,West,4.645092681935752,16
2017-04-17T03:00:00,3,North,32.444950188850335,45
2017-04-17T03:00:00,3,South,13.323294256389886,25
2017-04-17T03:00:00,3,East,9.225993285513074,21
2017-04-17T03:00:00,3,West,4.520561936445501,17
2017-04-17T04:00:00,4,North,29.515434019142578,44
2017-04-17T04:00:00,4,South,12.625527610141944,26
2017-04-17T04:00:00,4,East,7.943464624474993,21
2017-04-17T04:00:00,4,West,4.840405131815678,17
2017-04-17T05:00:00,5,North,30.819555050071383,46
2017-04-17T05:00:00,5,South,13.58073478494715,27
2017-04-17T05:00:00,5,East,5.706070795257891,18
2017-04-17T05:00:00,5,West,4.088887929331176,17
2017-04-17T06:00:00,6,North,39.60873410642507,48
2017-04-17T06:00:00,6,South,13.91167072374563,24
2017-04-17T06:00:00,6,East,8.750452665289291,20
2017-04-17T06:00:00,6,West,4.170489352697796,16
2017-04-17T07:00:00,7,North,45.304783509373685,49
2017-04-17T07:00:00,7,South,14.537857069471992,24
2017-04-17T07:00:00,7,East,9.168850527504164,20
2017-04-17T07:00:00,7,West,4.045344174854664,15
2017-04-17T08:00:00,8,North,48.271007214875304,46
2017-04-17T08:00:00,8,South,18.479711179293083,25
2017-04-17T08:00:00,8,East,13.114942191069995,21
2017-04-17T08:00:00,8,West,4.904587245925023,16
2017-04-17T09:00:00,9,North,60.97811635220898,49
2017-04-17T09:00:00,9,South,18.607034137172917,23
2017-04-17T09:00:00,9,East,13.360147709922888,20
2017-04-17T09:00:00,9,West,5.530941388147756,16
2017-04-17T10:00:00,10,North,72.52481650286775,50
2017-04-17T10:00:00,10,South,21.354977533932903,23
2017-04-17T10:00:00,10,East,15.035742414881854,20
2017-04-17T10:00:00,10,West,6.696269189059029,15
2017-04-17T11:00:00,11,North,77.67,49
2017-04-17T11:00:00,11,South,22.372635243422486,22
2017-04-17T11:00:00,11,East,17.508757578986636,20
2017-04-17T11:00:00,11,West,10.034797438316279,17
2017-04-17T12:00:00,12,North,72.551,48
2017-04-17T12:00:00,12,South,21.887339514503516,23
2017-04-17T12:00:00,12,East,15.69337530455685,20
2017-04-17T12:00:00,12,West,10.735255509511735,17
2017-04-17T13:00:00,13,North,79.62346256733039,49
2017-04-17T13:00:00,13,South,23.86900320892408,23
2017-04-17T13:00:00,13,East,16.736319937679887,20
2017-04-17T13:00:00,13,West,9.313707925759285,16
2017-04-17T14:00:00,14,North,73.13766666666666,48
2017-04-17T14:00:00,14,South,22.40457367783764,23
2017-04-17T14:00:00,14,East,15.853431500742381,20
2017-04-17T14:00:00,14,West,9.022519517749181,17
2017-04-17T15:00:00,15,North,72.369,48
2017-04-17T15:00:00,15,South,21.511318146282704,23
2017-04-17T15:00:00,15,East,17.19779909568112,20
2017-04-17T15:00:00,15,West,9.762684076060495,17
2017-04-17T16:00:00,16,North,80.57138369963369,50
2017-04-17T16:00:00,16,South,22.637583749977487,23
2017-04-17T16:00:00,16,East,14.652025081244998,19
2017-04-17T16:00:00,16,West,9.733810969999888,16
2017-04-17T17:00:00,17,North,81.13384203296702,50
2017-04-17T17:00:00,17,South,22.360609717136775,22
2017-04-17T17:00:00,17,East,15.640003513998522,19
2017-04-17T17:00:00,17,West,10.254498980995336,17
2017-04-17T18:00:00,18,North,74.35111111111111,48
2017-04-17T18:00:00,18,South,27.116573965241308,25
2017-04-17T18:00:00,18,East,14.169825596360688,19
2017-04-17T18:00:00,18,West,9.027581901838095,16
2017-04-17T19:00:00,19,North,76.04944444444445,49
2017-04-17T19:00:00,19,South,23.130150380546695,23
2017-04-17T19:00:00,19,East,15.254103424080132,19
2017-04-17T19:00:00,19,West,9.765971415430627,17
2017-04-17T20:00:00,20,North,75.36311111111111,48
2017-04-17T20:00:00,20,South,24.9434233206441,24
2017-04-17T20:00:00,20,East,16.79241849980821,20
2017-04-17T20:00:00,20,West,8.360316690759259,16
2017-04-17T21:00:00,21,North,81.7395143042236,50
2017-04-17T21:00:00,21,South,22.364087624374868,23
2017-04-17T21:00:00,21,East,15.312833608139444,19
2017-04-17T21:00:00,21,West,9.003820952941139,16
2017-04-17T22:00:00,22,North,79.63484332322808,49
2017-04-17T22:00:00,22,South,23.256767005926417,23
2017-04-17T22:00:00,22,East,16.02702363339496,20
2017-04-17T22:00:00,22,West,8.995582237017308,16
2017-04-17T23:00:00,23,North,75.59846366205693,49
2017-04-17T23:00:00,23,South,21.678842317587208,23
2017-04-17T23:00:00,23,East,16.392549467060064,20
2017-04-17T23:00:00,23,West,8.015652121963258,16
2017-04-18T00:00:00,24,North,73.21982696718462,49
2017-04-18T00:00:00,24,South,21.877560476993256,23
2017-04-18T00:00:00,24,East,15.989779787546988,20
2017-04-18T00:00:00,24,West,8.512965443748646,16
2017-04-18T01:00:00,25,North,59.01019800448144,47
2017-04-18T01:00:00,25,South,22.45203151256426,26
2017-04-18T01:00:00,25,East,13.832611320659808,20
2017-04-18T01:00:00,25,West,5.553609540986111,15
2017-04-18T02:00:00,26,North,54.87581393806502,48
2017-04-18T02:00:00,26,South,20.259481298935324,25
2017-04-18T02:00:00,26,East,11.723973245030082,20
2017-04-18T02:00:00,26,West,4.253507827658455,15
2017-04-18T03:00:00,27,North,41.13853924876124,47
2017-04-18T03:00:00,27,South,15.066021751767307,25
2017-04-18T03:00:00,27,East,8.69979699855202,20
2017-04-18T03:00:00,27,West,4.858613066235307,16
2017-04-18T04:00:00,28,North,35.65771002349921,47
2017-04-18T04:00:00,28,South,15.05860042057244,27
2017-04-18T04:00:00,28,East,6.687462239511856,18
2017-04-18T04:00:00,28,West,4.043943539883622,16
2017-04-18T05:00:00,29,North,35.08117838307535,46
2017-04-18T05:00:00,29,South,14.014459246364007,26
2017-04-18T05:00:00,29,East,8.766893767188652,20
2017-04-18T05:00:00,29,West,4.245760556249737,16
2017-04-18T06:00:00,30,North,40.51966671785149,49
2017-04-18T06:00:00,30,South,12.667236632576325,24
2017-04-18T06:00:00,30,East,7.906712679827095,19
2017-04-18T06:00:00,30,West,4.083194975616605,16
2017-04-18T07:00:00,31,North,46.371797703149596,47
2017-04-18T07:00:00,31,South,16.806178424876208,25
2017-04-18T07:00:00,31,East,11.968243524835803,21
2017-04-18T07:00:00,31,West,4.168312181545918,15
2017-04-18T08:00:00,32,North,51.1348549649597,49
2017-04-18T08:00:00,32,South,15.844753206464059,23
2017-04-18T08:00:00,32,East,11.322268679142596,20
2017-04-18T08:00:00,32,West,4.988569439399441,16
2017-04-18T09:00:00,33,North,56.09708925375748,48
2017-04-18T09:00:00,33,South,18.543062666527145,24
2017-04-18T09:00:00,33,East,12.297593142749857,20
2017-04-18T09:00:00,33,West,6.847458554786215,16
2017-04-18T10:00:00,34,North,72.11055655154578,49
2017-04-18T10:00:00,34,South,20.533153471724507,23
2017-04-18T10:00:00,34,East,15.43892727457342,20
2017-04-18T10:00:00,34,West,7.878604758911044,16
2017-04-18T11:00:00,35,North,82.5273694450708,50
2017-04-18T11:00:00,35,South,21.638443117213466,22
2017-04-18T11:00:00,35,East,17.436614192300777,20
2017-04-18T11:00:00,35,West,8.955500528482428,16
2017-04-18T12:00:00,36,North,77.64400968152812,49
2017-04-18T12:00:00,36,South,21.922234297075615,22
2017-04-18T12:00:00,36,East,16.57287478329381,20
2017-04-18T12:00:00,36,West,10.776282843994341,17
2017-04-18T13:00:00,37,North,70.60555301296719,48
2017-04-18T13:00:00,37,South,22.65137292615342,23
2017-04-18T13:00:00,37,East,15.306909325100104,20
2017-04-18T13:00:00,37,West,10.027291029353362,17
2017-04-18T14:00:00,38,North,71.3440530129672,47
2017-04-18T14:00:00,38,South,24.32557273899406,24
2017-04-18T14:00:00,38,East,17.321159107489073,20
2017-04-18T14:00:00,38,West,9.683118203208664,17
2017-04-18T15:00:00,39,North,81.9189022962066,49
2017-04-18T15:00:00,39,South,25.111470232586306,24
2017-04-18T15:00:00,39,East,14.978526150979716,19
2017-04-18T15:00:00,39,West,9.144919406769874,16
2017-04-18T16:00:00,40,North,80.24842200946824,49
2017-04-18T16:00:00,40,South,22.504366356330912,23
2017-04-18T16:00:00,40,East,15.368741884471191,19
2017-04-18T16:00:00,40,West,10.201922316240395,17
2017-04-18T17:00:00,41,North,80.07971481557813,50
2017-04-18T17:00:00,41,South,21.71203449243655,22
2017-04-18T17:00:00,41,East,15.818167100202361,19
2017-04-18T17:00:00,41,West,10.24532936871846,17
2017-04-18T18:00:00,42,North,74.44349745741164,48
2017-04-18T18:00:00,42,South,24.85610249426295,24
2017-04-18T18:00:00,42,East,14.449168625015037,19
2017-04-18T18:00:00,42,West,10.249814544530315,17
2017-04-18T19:00:00,43,North,74.94449745741164,49
2017-04-18T19:00:00,43,South,22.968562849675617,23
2017-04-18T19:00:00,43,East,14.411573006065813,19
2017-04-18T19:00:00,43,West,9.866056616924174,17
2017-04-18T20:00:00,44,North,82.92217296311509,49
2017-04-18T20:00:00,44,South,24.634199112620436,23
2017-04-18T20:00:00,44,East,15.632113910886563,19
2017-04-18T20:00:00,44,West,10.304329727783392,17
2017-04-18T21:00:00,45,North,80.91770323095024,50
2017-04-18T21:00:00,45,South,21.765074785476845,22
2017-04-18T21:00:00,45,East,15.428630564591568,19
2017-04-18T21:00:00,45,West,9.644971453497725,17
2017-04-18T22:00:00,46,North,80.60229203103904,50
2017-04-18T22:00:00,46,South,21.729088732014073,22
2017-04-18T22:00:00,46,East,15.44988056459157,19
2017-04-18T22:00:00,46,West,9.550236586086568,17
2017-04-18T23:00:00,47,North,76.00339430894284,50
2017-04-18T23:00:00,47,South,21.87756047699326,23
2017-04-18T23:00:00,47,East,14.535424390133844,19
2017-04-18T23:00:00,47,West,8.674986877527585,16
2017-04-19T00:00:00,48,North,67.6617159653099,49
2017-04-19T00:00:00,48,South,22.30298784135143,24
2017-04-19T00:00:00,48,East,13.417283269407427,19
2017-04-19T00:00:00,48,West,7.193388080226317,16
2017-04-19T01:00:00,49,North,63.81115165066601,50
2017-04-19T01:00:00,49,South,17.75946026797473,23
2017-04-19T01:00:00,49,East,13.830133256325665,20
2017-04-19T01:00:00,49,West,5.397575392058871,15
2017-04-19T02:00:00,50,North,46.96980616814208,46
2017-04-19T02:00:00,50,South,18.926528376851813,26
2017-04-19T02:00:00,50,East,11.592531754339662,21
2017-04-19T02:00:00,50,West,4.253507827658455,15
2017-04-19T03:00:00,51,North,39.498363378901104,46
2017-04-19T03:00:00,51,South,17.94451518973829,27
2017-04-19T03:00:00,51,East,7.935723047318981,19
2017-04-19T03:00:00,51,West,4.618556130030405,16
2017-04-19T04:00:00,52,North,39.51608384100828,47
2017-04-19T04:00:00,52,South,15.952144606341434,26
2017-04-19T04:00:00,52,East,7.10761317035617,19
2017-04-19T04:00:00,52,West,4.5945030487542615,16
2017-04-19T05:00:00,53,North,38.048995232892196,48
2017-04-19T05:00:00,53,South,14.256315931196426,25
2017-04-19T05:00:00,53,East,7.926076822870507,19
2017-04-19T05:00:00,53,West,4.165760556249737,16
2017-04-19T06:00:00,54,North,38.10006997329372,48
2017-04-19T06:00:00,54,South,14.583519181208898,26
2017-04-19T06:00:00,54,East,6.162141547199967,18
2017-04-19T06:00:00,54,West,3.9580579399999323,16
2017-04-19T07:00:00,55,North,46.42996436981627,48
2017-04-19T07:00:00,55,South,16.575106910452277,25
2017-04-19T07:00:00,55,East,8.644967233724802,19
2017-04-19T07:00:00,55,West,4.753655225865293,16
2017-04-19T08:00:00,56,North,51.41598422163979,48
2017-04-19T08:00:00,56,South,16.70106957771808,24
2017-04-19T08:00:00,56,East,12.108638058250866,20
2017-04-19T08:00:00,56,West,5.254856060663295,16
2017-04-19T09:00:00,57,North,61.88369584016204,49
2017-04-19T09:00:00,57,South,17.716292306140403,23
2017-04-19T09:00:00,57,East,13.888757574002355,20
2017-04-19T09:00:00,57,West,6.242796770329933,16
2017-04-19T10:00:00,58,North,72.84748782018846,50
2017-04-19T10:00:00,58,South,17.670683339207624,21
2017-04-19T10:00:00,58,East,14.92608567603832,20
2017-04-19T10:00:00,58,West,8.575576249689224,17
2017-04-19T11:00:00,59,North,78.34039126693145,50
2017-04-19T11:00:00,59,South,21.760752018180373,23
2017-04-19T11:00:00,59,East,14.802135034961994,19
2017-04-19T11:00:00,59,West,8.744358159081134,16
2017-04-19T12:00:00,60,North,79.79665894663205,49
2017-04-19T12:00:00,60,South,21.559336360734747,22
2017-04-19T12:00:00,60,East,16.00979054165136,20
2017-04-19T12:00:00,60,West,10.693314205702872,17
2017-04-19T13:00:00,61,North,74.6009842939561,49
2017-04-19T13:00:00,61,South,21.39330503886517,23
2017-04-19T13:00:00,61,East,15.52663770849244,20
2017-04-19T13:00:00,61,West,8.417040285833867,16
2017-04-19T14:00:00,62,North,80.21408413908665,50
2017-04-19T14:00:00,62,South,21.956204182635446,23
2017-04-19T14:00:00,62,East,14.71751225945827,19
2017-04-19T14:00:00,62,West,8.592932862710942,16
2017-04-19T15:00:00,63,North,81.27679422312026,50
2017-04-19T15:00:00,63,South,21.236049528328145,22
2017-04-19T15:00:00,63,East,15.50575997649761,19
2017-04-19T15:00:00,63,West,10.138000774807269,17
2017-04-19T16:00:00,64,North,76.29269698605673,50
2017-04-19T16:00:00,64,South,22.316383873706403,23
2017-04-19T16:00:00,64,East,14.08638996249433,19
2017-04-19T16:00:00,64,West,8.463083551865918,16
2017-04-19T17:00:00,65,North,76.93704027286775,50
2017-04-19T17:00:00,65,South,21.294588516417686,22
2017-04-19T17:00:00,65,East,15.509049491906284,20
2017-04-19T17:00:00,65,West,8.822664857882348,16
2017-04-19T18:00:00,66,North,82.64849923223892,50
2017-04-19T18:00:00,66,South,22.58293424209223,23
2017-04-19T18:00:00,66,East,15.453081237938028,19
2017-04-19T18:00:00,66,West,8.513241591458462,16
2017-04-19T19:00:00,67,North,79.46177040393357,49
2017-04-19T19:00:00,67,South,26.192597897940008,24
2017-04-19T19:00:00,67,East,14.560658413518183,19
2017-04-19T19:00:00,67,West,9.819041162101263,16
2017-04-19T20:00:00,68,North,80.32967701918109,49
2017-04-19T20:00:00,68,South,24.860694516297492,23
2017-04-19T20:00:00,68,East,16.662541295313975,20
2017-04-19T20:00:00,68,West,9.752612127961186,16
2017-04-19T21:00:00,69,North,77.76976733546509,49
2017-04-19T21:00:00,69,South,22.55998848166975,23
2017-04-19T21:00:00,69,East,15.847590222613746,19
2017-04-19T21:00:00,69,West,9.644971453497725,17
2017-04-19T22:00:00,70,North,77.67400115719892,49
2017-04-19T22:00:00,70,South,22.009265993673978,22
2017-04-19T22:00:00,70,East,16.459741635601446,20
2017-04-19T22:00:00,70,West,9.652436116610456,17
2017-04-19T23:00:00,71,North,76.31639913984908,50
2017-04-19T23:00:00,71,South,22.49193414456483,23
2017-04-19T23:00:00,71,East,13.758936089356103,19
2017-04-19T23:00:00,71,West,9.101987259718879,16
2017-04-20T00:00:00,72,North,71.61024766616148,48
2017-04-20T00:00:00,72,South,21.67905646442674,23
2017-04-20T00:00:00,72,East,19.438018904426116,22
2017-04-20T00:00:00,72,West,7.384924763450791,15
2017-04-20T01:00:00,73,North,60.7982164785075,49
2017-04-20T01:00:00,73,South,19.028428527145362,24
2017-04-20T01:00:00,73,East,13.165442181950372,20
2017-04-20T01:00:00,73,West,4.772265343148179,15
2017-04-20T02:00:00,74,North,50.115517517238025,48
2017-04-20T02:00:00,74,South,18.86012092677501,25
2017-04-20T02:00:00,74,East,9.59629243304081,19
2017-04-20T02:00:00,74,West,5.111634417594791,16
2017-04-20T03:00:00,75,North,39.45643918767863,47
2017-04-20T03:00:00,75,South,16.59351600136137,27
2017-04-20T03:00:00,75,East,8.333706702166284,19
2017-04-20T03:00:00,75,West,4.027407521323781,15
2017-04-20T04:00:00,76,North,32.893389563403055,46
2017-04-20T04:00:00,76,South,12.856380816326471,26
2017-04-20T04:00:00,76,East,7.922631414557711,20
2017-04-20T04:00:00,76,West,3.979290252499157,16
2017-04-20T05:00:00,77,North,34.136096555977396,47
2017-04-20T05:00:00,77,South,14.837141050874468,27
2017-04-20T05:00:00,77,East,6.321334338485217,18
2017-04-20T05:00:00,77,West,4.029507583394134,16
2017-04-20T06:00:00,78,North,38.1835595747672,46
2017-04-20T06:00:00,78,South,17.32829943757508,27
2017-04-20T06:00:00,78,East,7.92263141455771,19
2017-04-20T06:00:00,78,West,4.584372615510283,16
2017-04-20T07:00:00,79,North,43.57135374308603,48
2017-04-20T07:00:00,79,South,14.032578254375109,23
2017-04-20T07:00:00,79,East,11.264332370636172,21
2017-04-20T07:00:00,79,West,4.977683840188096,16
2017-04-20T08:00:00,80,North,47.449979515211744,47
2017-04-20T08:00:00,80,South,18.54865273733172,26
2017-04-20T08:00:00,80,East,9.26396072845026,19
2017-04-20T08:00:00,80,West,5.182162672511819,16
2017-04-20T09:00:00,81,North,55.99208795897762,49
2017-04-20T09:00:00,81,South,14.997415568072038,22
2017-04-20T09:00:00,81,East,14.051864805951611,21
2017-04-20T09:00:00,81,West,6.914301632336725,16
2017-04-20T10:00:00,82,North,71.34506921510902,49
2017-04-20T10:00:00,82,South,18.399262462924348,22
2017-04-20T10:00:00,82,East,17.34128983971601,21
2017-04-20T10:00:00,82,West,7.844772578192066,16
2017-04-20T11:00:00,83,North,78.50039126693144,50
2017-04-20T11:00:00,83,South,20.518060839327624,22
2017-04-20T11:00:00,83,East,15.83534111369838,20
2017-04-20T11:00:00,83,West,8.748590218696293,16
2017-04-20T12:00:00,84,North,79.95465894663205,48
2017-04-20T12:00:00,84,South,22.922270949202215,22
2017-04-20T12:00:00,84,East,18.54143765936137,21
2017-04-20T12:00:00,84,West,11.798903107750029,17
2017-04-20T13:00:00,85,North,77.70760911507088,50
2017-04-20T13:00:00,85,South,21.287426187574574,22
2017-04-20T13:00:00,85,East,14.181502977396063,19
2017-04-20T13:00:00,85,West,9.955610548750974,17
2017-04-20T14:00:00,86,North,77.23432389966158,48
2017-04-20T14:00:00,86,South,23.8426863753577,23
2017-04-20T14:00:00,86,East,18.325447149939837,20
2017-04-20T14:00:00,86,West,10.29521048554375,17
2017-04-20T15:00:00,87,North,77.4482335584933,50
2017-04-20T15:00:00,87,South,19.494903713851656,21
2017-04-20T15:00:00,87,East,16.697684152640303,20
2017-04-20T15:00:00,87,West,9.995077932595459,17
2017-04-20T16:00:00,88,North,74.72768146634351,49
2017-04-20T16:00:00,88,South,21.294147378665805,22
2017-04-20T16:00:00,88,East,16.538404207390993,20
2017-04-20T16:00:00,88,West,9.167696188116558,17
2017-04-20T17:00:00,89,North,73.67386318205986,49
2017-04-20T17:00:00,89,South,21.294588516417686,22
2017-04-20T17:00:00,89,East,15.79330298627391,20
2017-04-20T17:00:00,89,West,9.974320235704603,17
2017-04-20T18:00:00,90,North,73.81737237209964,49
2017-04-20T18:00:00,90,South,21.28057104632638,22
2017-04-20T18:00:00,90,East,15.383327573787218,20
2017-04-20T18:00:00,90,West,9.961676882151403,17
2017-04-20T19:00:00,91,North,77.33899997568635,50
2017-04-20T19:00:00,91,South,21.363009235287848,22
2017-04-20T19:00:00,91,East,15.35799103532568,19
2017-04-20T19:00:00,91,West,9.780281671853645,17
2017-04-20T20:00:00,92,North,74.52224017101854,48
2017-04-20T20:00:00,92,South,24.025512481931308,23
2017-04-20T20:00:00,92,East,16.286016506725886,20
2017-04-20T20:00:00,92,West,9.708735192253915,17
2017-04-20T21:00:00,93,North,76.25300804162441,49
2017-04-20T21:00:00,93,South,22.6295425786443,23
2017-04-20T21:00:00,93,East,17.27262954442994,20
2017-04-20T21:00:00,93,West,9.205161822339287,16
2017-04-20T22:00:00,94,North,75.55383976592778,49
2017-04-20T22:00:00,94,South,21.240375346637535,23
2017-04-20T22:00:00,94,East,16.258358483941265,20
2017-04-20T22:00:00,94,West,9.005093770825928,16
2017-04-20T23:00:00,95,North,73.36367981768684,49
2017-04-20T23:00:00,95,South,20.489252560437425,22
2017-04-20T23:00:00,95,East,16.004121866138934,20
2017-04-20T23:00:00,95,West,9.211454578637017,17
2017-04-21T00:00:00,96,North,66.5781931197333,48
2017-04-21T00:00:00,96,South,19.690243654356742,22
2017-04-21T00:00:00,96,East,17.849127061496844,22
2017-04-21T00:00:00,96,West,7.805681462938109,16
2017-04-21T01:00:00,97,North,53.50474760719025,48
2017-04-21T01:00:00,97,South,18.43395280767749,24
2017-04-21T01:00:00,97,East,12.83466523720035,21
2017-04-21T01:00:00,97,West,5.267693772240142,15
2017-04-21T02:00:00,98,North,45.60344545748049,47
2017-04-21T02:00:00,98,South,17.74281601141603,26
2017-04-21T02:00:00,98,East,9.548435285739156,19
2017-04-21T02:00:00,98,West,4.635676264863284,16
2017-04-21T03:00:00,99,North,36.87717320879563,47
2017-04-21T03:00:00,99,South,14.271416331754617,25
2017-04-21T03:00:00,99,East,8.360246373801298,20
2017-04-21T03:00:00,99,West,4.05846369136275,16
2017-04-21T04:00:00,100,North,30.222189949033705,47
2017-04-21T04:00:00,100,South,12.398262498431485,26
2017-04-21T04:00:00,100,East,5.7733075808116645,19
2017-04-21T04:00:00,100,West,3.8965452863641774,16
2017-04-21T05:00:00,101,North,31.43585482116248,47
2017-04-21T05:00:00,101,South,11.54242041122896,25
2017-04-21T05:00:00,101,East,6.721292779583832,19
2017-04-21T05:00:00,101,West,4.441348764925282,17
2017-04-21T06:00:00,102,North,32.377981755569216,45
2017-04-21T06:00:00,102,South,13.183630573803761,26
2017-04-21T06:00:00,102,East,8.315015368971885,21
2017-04-21T06:00:00,102,West,3.9037294295866842,16
2017-04-21T07:00:00,103,North,39.13816978228567,49
2017-04-21T07:00:00,103,South,11.83650891561783,23
2017-04-21T07:00:00,103,East,8.150417656321512,20
2017-04-21T07:00:00,103,West,4.414151091711474,16
2017-04-21T08:00:00,104,North,39.81606644574753,46
2017-04-21T08:00:00,104,South,14.653701745575898,25
2017-04-21T08:00:00,104,East,9.509774496586605,20
2017-04-21T08:00:00,104,West,5.312742124657925,17
2017-04-21T09:00:00,105,North,47.45711556596406,47
2017-04-21T09:00:00,105,South,14.337580366146275,22
2017-04-21T09:00:00,105,East,13.916980067576084,22
2017-04-21T09:00:00,105,West,6.629712316889542,17
2017-04-21T10:00:00,106,North,58.628336418271424,48
2017-04-21T10:00:00,106,South,16.399598520199053,22
2017-04-21T10:00:00,106,East,13.733856717579695,20
2017-04-21T10:00:00,106,West,8.885037126836316,18
2017-04-21T11:00:00,107,North,71.01993531844272,50
2017-04-21T11:00:00,107,South,17.311825985193728,21
2017-04-21T11:00:00,107,East,15.473116112670496,20
2017-04-21T11:00:00,107,West,9.082213416696936,17
2017-04-21T12:00:00,108,North,71.8707729042677,49
2017-04-21T12:00:00,108,South,18.220880946282584,21
2017-04-21T12:00:00,108,East,14.497624636414233,20
2017-04-21T12:00:00,108,West,10.959192573278907,18
2017-04-21T13:00:00,109,North,57.281802317584244,48
2017-04-21T13:00:00,109,South,13.979343483323495,21
2017-04-21T13:00:00,109,East,15.300590307942263,22
2017-04-21T13:00:00,109,West,8.717675718104164,17
2017-04-21T14:00:00,110,North,60.183828209459485,46
2017-04-21T14:00:00,110,South,19.73422518801398,23
2017-04-21T14:00:00,110,East,16.017540902602086,21
2017-04-21T14:00:00,110,West,9.95914639405467,18
2017-04-21T15:00:00,111,North,59.81733942057242,46
2017-04-21T15:00:00,111,South,17.28179679238983,22
2017-04-21T15:00:00,111,East,18.378009531527418,23
2017-04-21T15:00:00,111,West,9.498186520036484,17
2017-04-21T16:00:00,112,North,56.20813193791508,45
2017-04-21T16:00:00,112,South,18.758480662245468,23
2017-04-21T16:00:00,112,East,16.288516203272394,22
2017-04-21T16:00:00,112,West,9.357185189815024,18
2017-04-21T17:00:00,113,North,58.1110283830881,46
2017-04-21T17:00:00,113,South,18.090072865120572,23
2017-04-21T17:00:00,113,East,16.26230686334133,22
2017-04-21T17:00:00,113,West,9.459673489556721,17
2017-04-21T18:00:00,114,North,64.56849626357541,48
2017-04-21T18:00:00,114,South,18.76271226788911,23
2017-04-21T18:00:00,114,East,14.321629266306235,20
2017-04-21T18:00:00,114,West,8.285076531287618,17
2017-04-21T19:00:00,115,North,68.07941862226248,48
2017-04-21T19:00:00,115,South,16.871867080856664,21
2017-04-21T19:00:00,115,East,18.102630658074432,22
2017-04-21T19:00:00,115,West,10.406490598927103,17
2017-04-21T20:00:00,116,North,68.3371214261096,49
2017-04-21T20:00:00,116,South,18.32813544937808,22
2017-04-21T20:00:00,116,East,14.887678829824317,20
2017-04-21T20:00:00,116,West,10.365812345551436,17
2017-04-21T21:00:00,117,North,66.83935860336328,49
2017-04-21T21:00:00,117,South,18.49216772606114,22
2017-04-21T21:00:00,117,East,13.694813849687405,20
2017-04-21T21:00:00,117,West,8.29023387864596,17
2017-04-21T22:00:00,118,North,62.91522882626442,48
2017-04-21T22:00:00,118,South,18.370531598706,23
2017-04-21T22:00:00,118,East,14.15704395589843,20
2017-04-21T22:00:00,118,West,8.140354069916484,17
2017-04-21T23:00:00,119,North,64.05945104848664,47
2017-04-21T23:00:00,119,South,17.530872369031762,21
2017-04-21T23:00:00,119,East,20.955880135098752,23
2017-04-21T23:00:00,119,West,8.385152003963904,17
2017-04-22T00:00:00,120,North,54.134862461140536,47
2017-04-22T00:00:00,120,South,17.725805698534792,24
2017-04-22T00:00:00,120,East,14.203305541087577,21
2017-04-22T00:00:00,120,West,6.436170688633343,16
2017-04-22T01:00:00,121,North,44.01328746733043,47
2017-04-22T01:00:00,121,South,14.420410294275507,23
2017-04-22T01:00:00,121,East,12.813924757495315,22
2017-04-22T01:00:00,121,West,4.606018836536039,16
2017-04-22T02:00:00,122,North,36.52865500149781,44
2017-04-22T02:00:00,122,South,16.463410221739597,27
2017-04-22T02:00:00,122,East,10.167050885114811,21
2017-04-22T02:00:00,122,West,4.081993940967847,16
2017-04-22T03:00:00,123,North,29.470868026248006,45
2017-04-22T03:00:00,123,South,13.47028447869298,27
2017-04-22T03:00:00,123,East,7.108115690107455,20
2017-04-22T03:00:00,123,West,3.974845132204804,16
2017-04-22T04:00:00,124,North,24.518835911076355,45
2017-04-22T04:00:00,124,South,9.5694191884699,25
2017-04-22T04:00:00,124,East,6.264533946462743,21
2017-04-22T04:00:00,124,West,3.575428537505476,17
2017-04-22T05:00:00,125,North,22.59960916224522,45
2017-04-22T05:00:00,125,South,8.599516895655594,25
2017-04-22T05:00:00,125,East,5.895977361008582,21
2017-04-22T05:00:00,125,West,3.8010521765949647,17
2017-04-22T06:00:00,126,North,23.645216305102362,42
2017-04-22T06:00:00,126,South,11.243569787642235,26
2017-04-22T06:00:00,126,East,8.404668438404375,23
2017-04-22T06:00:00,126,West,3.80819987307193,17
2017-04-22T07:00:00,127,North,25.617645454899936,43
2017-04-22T07:00:00,127,South,11.87336188031185,26
2017-04-22T07:00:00,127,East,7.936244732547184,22
2017-04-22T07:00:00,127,West,4.018896999632398,17
2017-04-22T08:00:00,128,North,32.678125506379985,46
2017-04-22T08:00:00,128,South,10.532031618678914,23
2017-04-22T08:00:00,128,East,9.511208033376462,22
2017-04-22T08:00:00,128,West,5.212508312788693,17
2017-04-22T09:00:00,129,North,37.26518577926115,45
2017-04-22T09:00:00,129,South,10.395861022986969,21
2017-04-22T09:00:00,129,East,13.666972358543823,24
2017-04-22T09:00:00,129,West,6.644599795738875,18
2017-04-22T10:00:00,130,North,45.89516122891846,46
2017-04-22T10:00:00,130,South,12.446422081716422,21
2017-04-22T10:00:00,130,East,16.377585069085065,24
2017-04-22T10:00:00,130,West,6.715964937650115,17
2017-04-22T11:00:00,131,North,49.89003441334342,45
2017-04-22T11:00:00,131,South,13.60068946465335,21
2017-04-22T11:00:00,131,East,18.49342492612319,24
2017-04-22T11:00:00,131,West,8.063617007286135,18
2017-04-22T12:00:00,132,North,44.84339991057382,40
2017-04-22T12:00:00,132,South,15.176255690554402,21
2017-04-22T12:00:00,132,East,26.163458949193306,28
2017-04-22T12:00:00,132,West,10.535380376383609,19
2017-04-22T13:00:00,133,North,44.1301549674791,41
2017-04-22T13:00:00,133,South,14.899841365278093,22
2017-04-22T13:00:00,133,East,25.022299492291772,28
2017-04-22T13:00:00,133,West,7.375311266368759,17
2017-04-22T14:00:00,134,North,42.34255803732033,44
2017-04-22T14:00:00,134,South,13.729632677458106,22
2017-04-22T14:00:00,134,East,15.588854807933895,24
2017-04-22T14:00:00,134,West,7.697971782714141,18
2017-04-22T15:00:00,135,North,41.305197661327384,44
2017-04-22T15:00:00,135,South,13.463893945653675,22
2017-04-22T15:00:00,135,East,15.995839787345375,24
2017-04-22T15:00:00,135,West,8.085597407881709,18
2017-04-22T16:00:00,136,North,40.34349197570865,44
2017-04-22T16:00:00,136,South,12.513370460288419,22
2017-04-22T16:00:00,136,East,16.073640861810354,24
2017-04-22T16:00:00,136,West,7.548485817937782,18
2017-04-22T17:00:00,137,North,43.38374183158754,41
2017-04-22T17:00:00,137,South,13.140641034749198,21
2017-04-22T17:00:00,137,East,25.447267052509332,29
2017-04-22T17:00:00,137,West,8.078373675497463,17
2017-04-22T18:00:00,138,North,49.16717462180804,46
2017-04-22T18:00:00,138,South,14.525346597577997,22
2017-04-22T18:00:00,138,East,15.91957103406801,23
2017-04-22T18:00:00,138,West,7.909878080270473,17
2017-04-22T19:00:00,139,North,56.679104296722905,45
2017-04-22T19:00:00,139,South,17.04342719043049,22
2017-04-22T19:00:00,139,East,21.456750404626426,24
2017-04-22T19:00:00,139,West,8.078373675497463,17
2017-04-22T20:00:00,140,North,55.16797726549284,42
2017-04-22T20:00:00,140,South,17.22313797865568,21
2017-04-22T20:00:00,140,East,31.494780038361128,29
2017-04-22T20:00:00,140,West,8.152427701749483,16
2017-04-22T21:00:00,141,North,53.41794787703539,43
2017-04-22T21:00:00,141,South,16.326497126453457,22
2017-04-22T21:00:00,141,East,23.612764952388485,26
2017-04-22T21:00:00,141,West,8.089462374262881,17
2017-04-22T22:00:00,142,North,51.83847669935176,45
2017-04-22T22:00:00,142,South,18.200080356688535,23
2017-04-22T22:00:00,142,East,17.058610341845586,23
2017-04-22T22:00:00,142,West,7.850810236329697,17
2017-04-22T23:00:00,143,North,48.481967816268295,44
2017-04-22T23:00:00,143,South,16.182508472221876,23
2017-04-22T23:00:00,143,East,17.492590664900746,24
2017-04-22T23:00:00,143,West,7.737491300443951,17
2017-04-23T00:00:00,144,North,48.45603398089335,46
2017-04-23T00:00:00,144,South,15.608366657328373,23
2017-04-23T00:00:00,144,East,16.170101916694534,23
2017-04-23T00:00:00,144,West,6.435519726271724,16
2017-04-23T01:00:00,145,North,39.594773622939414,45
2017-04-23T01:00:00,145,South,14.558898212184628,24
2017-04-23T01:00:00,145,East,14.043750411978099,23
2017-04-23T01:00:00,145,West,4.614786629550128,16
2017-04-23T02:00:00,146,North,30.924210829022783,45
2017-04-23T02:00:00,146,South,13.721123407174444,26
2017-04-23T02:00:00,146,East,8.47016828783447,21
2017-04-23T02:00:00,146,West,4.172699466228191,16
2017-04-23T03:00:00,147,North,24.934486132666507,42
2017-04-23T03:00:00,147,South,14.089561287605788,29
2017-04-23T03:00:00,147,East,6.930867972827642,20
2017-04-23T03:00:00,147,West,3.631706923503941,17
2017-04-23T04:00:00,148,North,22.038750566165856,42
2017-04-23T04:00:00,148,South,10.68915422779391,26
2017-04-23T04:00:00,148,East,8.259909957215228,23
2017-04-23T04:00:00,148,West,3.908283266763065,17
2017-04-23T05:00:00,149,North,23.373706377780152,44
2017-04-23T05:00:00,149,South,10.360649332991706,27
2017-04-23T05:00:00,149,East,5.912561062333352,20
2017-04-23T05:00:00,149,West,3.804099795642584,17
2017-04-23T06:00:00,150,North,28.362837431911206,46
2017-04-23T06:00:00,150,South,10.555372788746851,25
2017-04-23T06:00:00,150,East,7.045479809509073,20
2017-04-23T06:00:00,150,West,3.8899340266010167,17
2017-04-23T07:00:00,151,North,27.358461608499397,44
2017-04-23T07:00:00,151,South,12.299140847176078,26
2017-04-23T07:00:00,151,East,8.076080509722887,21
2017-04-23T07:00:00,151,West,3.9655273831812274,17
2017-04-23T08:00:00,152,North,33.418941659979446,45
2017-04-23T08:00:00,152,South,12.95997911081923,25
2017-04-23T08:00:00,152,East,9.922464751950585,22
2017-04-23T08:00:00,152,West,3.762080901182108,16
2017-04-23T09:00:00,153,North,34.55071586584484,43
2017-04-23T09:00:00,153,South,11.794315924231483,23
2017-04-23T09:00:00,153,East,14.638584158941299,25
2017-04-23T09:00:00,153,West,5.41784108894886,17
2017-04-23T10:00:00,154,North,39.09784011347172,43
2017-04-23T10:00:00,154,South,14.283000331970126,23
2017-04-23T10:00:00,154,East,15.740318614220723,24
2017-04-23T10:00:00,154,West,7.741853954061399,18
2017-04-23T11:00:00,155,North,43.78581306958626,43
2017-04-23T11:00:00,155,South,16.962045843898018,24
2017-04-23T11:00:00,155,East,16.1461569098041,23
2017-04-23T11:00:00,155,West,8.747108270246624,18
2017-04-23T12:00:00,156,North,46.86770952517445,45
2017-04-23T12:00:00,156,South,13.627139446050279,22
2017-04-23T12:00:00,156,East,14.994585642225344,23
2017-04-23T12:00:00,156,West,8.43036559619249,18
2017-04-23T13:00:00,157,North,39.26943402788405,41
2017-04-23T13:00:00,157,South,12.476651027705387,21
2017-04-23T13:00:00,157,East,20.798594616683737,28
2017-04-23T13:00:00,157,West,7.8667373590519025,18
2017-04-23T14:00:00,158,North,40.00232736156016,43
2017-04-23T14:00:00,158,South,13.63674225892047,23
2017-04-23T14:00:00,158,East,15.643234254199907,24
2017-04-23T14:00:00,158,West,7.931715916063283,18
2017-04-23T15:00:00,159,North,43.982028743232526,44
2017-04-23T15:00:00,159,South,14.273745655065055,23
2017-04-23T15:00:00,159,East,15.058289745427317,23
2017-04-23T15:00:00,159,West,8.025322227260395,18
2017-04-23T16:00:00,160,North,39.326304764060374,40
2017-04-23T16:00:00,160,South,13.66180644576902,22
2017-04-23T16:00:00,160,East,22.842325433709526,28
2017-04-23T16:00:00,160,West,7.984058946343247,18
2017-04-23T17:00:00,161,North,45.754148094336166,44
2017-04-23T17:00:00,161,South,15.538947148549099,23
2017-04-23T17:00:00,161,East,17.222223501547884,24
2017-04-23T17:00:00,161,West,7.488278064514925,17
2017-04-23T18:00:00,162,North,50.24459711593979,46
2017-04-23T18:00:00,162,South,14.89268309493049,22
2017-04-23T18:00:00,162,East,16.35595829916986,23
2017-04-23T18:00:00,162,West,7.236789834728434,17
2017-04-23T19:00:00,163,North,56.379094769174465,47
2017-04-23T19:00:00,163,South,16.510020435643046,22
2017-04-23T19:00:00,163,East,15.494474534325967,22
2017-04-23T19:00:00,163,West,8.714324131017737,17
2017-04-23T20:00:00,164,North,62.034977683681156,47
2017-04-23T20:00:00,164,South,15.520852328374568,21
2017-04-23T20:00:00,164,East,21.555869621862733,24
2017-04-23T20:00:00,164,West,7.47552138835876,16
2017-04-23T21:00:00,165,North,57.46745067930447,43
2017-04-23T21:00:00,165,South,17.34114524080839,22
2017-04-23T21:00:00,165,East,27.91160689552585,27
2017-04-23T21:00:00,165,West,7.826591678728691,16
2017-04-23T22:00:00,166,North,58.28211594971193,46
2017-04-23T22:00:00,166,South,17.327303666984818,22
2017-04-23T22:00:00,166,East,18.657348354039662,23
2017-04-23T22:00:00,166,West,8.501384721440616,17
2017-04-23T23:00:00,167,North,55.530017988776024,46
2017-04-23T23:00:00,167,South,16.91761604381552,22
2017-04-23T23:00:00,167,East,17.238099243095224,23
2017-04-23T23:00:00,167,West,7.646546011897927,17
2017-04-24T00:00:00,0,North,49.25821692480339,44
2017-04-24T00:00:00,0,South,18.40439869956025,24
2017-04-24T00:00:00,0,East,17.281887399178142,23
2017-04-24T00:00:00,0,West,8.523721604797455,17
2017-04-24T01:00:00,1,North,40.07702272368571,44
2017-04-24T01:00:00,1,South,16.187329366321382,25
2017-04-24T01:00:00,1,East,13.012835296729882,23
2017-04-24T01:00:00,1,West,5.5166991714226725,16
2017-04-24T02:00:00,2,North,32.31116036447766,44
2017-04-24T02:00:00,2,South,14.44330325638872,26
2017-04-24T02:00:00,2,East,8.44403588167469,21
2017-04-24T02:00:00,2,West,4.905986999398687,17
2017-04-24T03:00:00,3,North,31.444950188850335,45
2017-04-24T03:00:00,3,South,12.541636554111006,25
2017-04-24T03:00:00,3,East,8.370162940064754,21
2017-04-24T03:00:00,3,West,4.520561936445501,17
2017-04-24T04:00:00,4,North,27.515434019142578,45
2017-04-24T04:00:00,4,South,9.838717400481043,24
2017-04-24T04:00:00,4,East,8.380393223026825,22
2017-04-24T04:00:00,4,West,4.057890997106683,17
2017-04-24T05:00:00,5,North,29.819555050071383,45
2017-04-24T05:00:00,5,South,12.488700628655272,26
2017-04-24T05:00:00,5,East,7.312001298576768,20
2017-04-24T05:00:00,5,West,4.840405131815678,17
2017-04-24T06:00:00,6,North,36.8636343654305,46
2017-04-24T06:00:00,6,South,14.753085140834607,26
2017-04-24T06:00:00,6,East,8.3020333991719,20
2017-04-24T06:00:00,6,West,4.46752042196885,16
2017-04-24T07:00:00,7,North,42.29294498059256,47
2017-04-24T07:00:00,7,South,17.332463542213155,26
2017-04-24T07:00:00,7,East,9.492403821750273,20
2017-04-24T07:00:00,7,West,4.154704493588878,15
2017-04-24T08:00:00,8,North,46.271007214875304,46
2017-04-24T08:00:00,8,South,15.197726177122886,23
2017-04-24T08:00:00,8,East,14.008989446070718,22
2017-04-24T08:00:00,8,West,6.1543695125858955,17
2017-04-24T09:00:00,9,North,56.44112302462803,48
2017-04-24T09:00:00,9,South,17.757249887476966,23
2017-04-24T09:00:00,9,East,13.408482270968616,21
2017-04-24T09:00:00,9,West,5.744741128584571,16
2017-04-24T10:00:00,10,North,73.73829889227893,50
2017-04-24T10:00:00,10,South,18.511008071143515,21
2017-04-24T10:00:00,10,East,17.52194749240427,21
2017-04-24T10:00:00,10,West,8.547063527865864,16
2017-04-24T11:00:00,11,North,74.92270943543947,48
2017-04-24T11:00:00,11,South,20.59249850967347,22
2017-04-24T11:00:00,11,East,18.864813445452086,21
2017-04-24T11:00:00,11,West,10.501136221628249,17
2017-04-24T12:00:00,12,North,76.15494506283584,48
2017-04-24T12:00:00,12,South,21.571012410856156,22
2017-04-24T12:00:00,12,East,18.359892428544768,21
2017-04-24T12:00:00,12,West,10.66561048470539,17
2017-04-24T13:00:00,13,North,78.58916223283724,49
2017-04-24T13:00:00,13,South,18.86759703239853,21
2017-04-24T13:00:00,13,East,19.28430928003946,21
2017-04-24T13:00:00,13,West,10.273126271889716,17
2017-04-24T14:00:00,14,North,76.23674250281978,48
2017-04-24T14:00:00,14,South,20.667313934988893,22
2017-04-24T14:00:00,14,East,18.747890683714232,21
2017-04-24T14:00:00,14,West,9.71986374151301,17
2017-04-24T15:00:00,15,North,76.74805179320259,49
2017-04-24T15:00:00,15,South,20.606621335368402,22
2017-04-24T15:00:00,15,East,17.68868065859317,20
2017-04-24T15:00:00,15,West,10.234359354321375,17
2017-04-24T16:00:00,16,North,75.14458160754403,48
2017-04-24T16:00:00,16,South,19.541294125401954,21
2017-04-24T16:00:00,16,East,19.73648484115944,22
2017-04-24T16:00:00,16,West,9.348822137871618,17
2017-04-24T17:00:00,17,North,76.30391527995913,49
2017-04-24T17:00:00,17,South,20.41930558666245,22
2017-04-24T17:00:00,17,East,18.850579852429703,21
2017-04-24T17:00:00,17,West,9.054023700619902,16
2017-04-24T18:00:00,18,North,76.67165139107024,48
2017-04-24T18:00:00,18,South,21.28335520213085,22
2017-04-24T18:00:00,18,East,19.567791676942065,21
2017-04-24T18:00:00,18,West,9.68354880448234,17
2017-04-24T19:00:00,19,North,76.86305507072392,48
2017-04-24T19:00:00,19,South,21.37221786921727,22
2017-04-24T19:00:00,19,East,19.205303679242114,21
2017-04-24T19:00:00,19,West,9.765971415430629,17
2017-04-24T20:00:00,20,North,79.36209281898978,48
2017-04-24T20:00:00,20,South,22.51974791562204,22
2017-04-24T20:00:00,20,East,22.349239274521857,22
2017-04-24T20:00:00,20,West,8.992760689308154,16
2017-04-24T21:00:00,21,North,78.21954289137133,49
2017-04-24T21:00:00,21,South,20.313194475551338,22
2017-04-24T21:00:00,21,East,18.624499306630586,21
2017-04-24T21:00:00,21,West,9.005377636584296,16
2017-04-24T22:00:00,22,North,77.02315547180241,49
2017-04-24T22:00:00,22,South,23.14976998233429,23
2017-04-24T22:00:00,22,East,17.37134062197896,20
2017-04-24T22:00:00,22,West,9.007327617651313,16
2017-04-24T23:00:00,23,North,75.16802819482402,48
2017-04-24T23:00:00,23,South,22.514188691427563,23
2017-04-24T23:00:00,23,East,19.365718370959843,21
2017-04-24T23:00:00,23,West,8.972789682359494,16
2017-04-25T00:00:00,24,North,71.0073419155295,48
2017-04-25T00:00:00,24,South,22.353639971628844,23
2017-04-25T00:00:00,24,East,16.557663896320285,21
2017-04-25T00:00:00,24,West,7.207550609148472,16
2017-04-25T01:00:00,25,North,58.441884626934396,47
2017-04-25T01:00:00,25,South,21.524307896305626,25
2017-04-25T01:00:00,25,East,13.997098379912385,21
2017-04-25T01:00:00,25,West,5.607267097770645,15
2017-04-25T02:00:00,26,North,47.9032844633643,46
2017-04-25T02:00:00,26,South,18.74008003637401,26
2017-04-25T02:00:00,26,East,12.587359293618345,21
2017-04-25T02:00:00,26,West,4.691539966063056,15
2017-04-25T03:00:00,27,North,39.350423964816486,46
2017-04-25T03:00:00,27,South,16.613651802093145,27
2017-04-25T03:00:00,27,East,8.59989822459095,20
2017-04-25T03:00:00,27,West,4.0100587082360475,15
2017-04-25T04:00:00,28,North,32.74584166134388,44
2017-04-25T04:00:00,28,South,14.696174779747302,27
2017-04-25T04:00:00,28,East,8.328805151258923,20
2017-04-25T04:00:00,28,West,4.872720183653363,17
2017-04-25T05:00:00,29,North,35.965158006268005,46
2017-04-25T05:00:00,29,South,12.005331132631035,24
2017-04-25T05:00:00,29,East,10.752113883975682,22
2017-04-25T05:00:00,29,West,4.038057939999932,16
2017-04-25T06:00:00,30,North,42.43196723641986,47
2017-04-25T06:00:00,30,South,16.246752586427146,26
2017-04-25T06:00:00,30,East,8.331764864575671,19
2017-04-25T06:00:00,30,West,4.923744257516516,16
2017-04-25T07:00:00,31,North,46.38947494843952,47
2017-04-25T07:00:00,31,South,17.536854674341605,25
2017-04-25T07:00:00,31,East,11.360742291528709,21
2017-04-25T07:00:00,31,West,4.671707974976179,15
2017-04-25T08:00:00,32,North,51.24698285680381,47
2017-04-25T08:00:00,32,South,18.78291987944909,25
2017-04-25T08:00:00,32,East,12.596820174313564,21
2017-04-25T08:00:00,32,West,5.222829196294473,15
2017-04-25T09:00:00,33,North,56.08993316571407,47
2017-04-25T09:00:00,33,South,18.50868828916559,24
2017-04-25T09:00:00,33,East,13.9969161963086,21
2017-04-25T09:00:00,33,West,5.958779684369694,16
2017-04-25T10:00:00,34,North,74.6167220899122,49
2017-04-25T10:00:00,34,South,19.436658202323358,22
2017-04-25T10:00:00,34,East,17.069165901757753,21
2017-04-25T10:00:00,34,West,8.264063874300854,16
2017-04-25T11:00:00,35,North,74.98733169224616,49
2017-04-25T11:00:00,35,South,20.50610186742683,22
2017-04-25T11:00:00,35,East,19.05666301934719,21
2017-04-25T11:00:00,35,West,8.454518238697577,16
2017-04-25T12:00:00,36,North,81.34891950612086,49
2017-04-25T12:00:00,36,South,22.225201817044354,22
2017-04-25T12:00:00,36,East,17.846328605651713,20
2017-04-25T12:00:00,36,West,9.916491114264073,17
2017-04-25T13:00:00,37,North,73.84559204352816,48
2017-04-25T13:00:00,37,South,22.75985985628907,23
2017-04-25T13:00:00,37,East,17.54930868446547,20
2017-04-25T13:00:00,37,West,9.885862886308868,17
2017-04-25T14:00:00,38,North,76.97078796111502,48
2017-04-25T14:00:00,38,South,24.194504192416602,23
2017-04-25T14:00:00,38,East,16.955557715711222,20
2017-04-25T14:00:00,38,West,10.114902462405384,17
2017-04-25T15:00:00,39,North,76.73846391816451,47
2017-04-25T15:00:00,39,South,25.466983096763038,24
2017-04-25T15:00:00,39,East,17.57183955549829,20
2017-04-25T15:00:00,39,West,9.966973077831778,17
2017-04-25T16:00:00,40,North,75.88368913364718,47
2017-04-25T16:00:00,40,South,25.59060947038941,24
2017-04-25T16:00:00,40,East,16.95290881085334,20
2017-04-25T16:00:00,40,West,9.931448150475578,17
2017-04-25T17:00:00,41,North,79.04441507188113,48
2017-04-25T17:00:00,41,South,25.149802318413016,23
2017-04-25T17:00:00,41,East,17.96410694818247,20
2017-04-25T17:00:00,41,West,9.849983427390862,17
2017-04-25T18:00:00,42,North,78.95727032072243,48
2017-04-25T18:00:00,42,South,23.463761135380594,23
2017-04-25T18:00:00,42,East,18.366920803878468,20
2017-04-25T18:00:00,42,West,10.247669543234398,17
2017-04-25T19:00:00,43,North,84.54478962770548,49
2017-04-25T19:00:00,43,South,21.67188319761876,21
2017-04-25T19:00:00,43,East,20.22859320142686,21
2017-04-25T19:00:00,43,West,10.399114217385184,17
2017-04-25T20:00:00,44,North,81.37060660516968,48
2017-04-25T20:00:00,44,South,25.725609470389408,23
2017-04-25T20:00:00,44,East,19.182081747077543,21
2017-04-25T20:00:00,44,West,9.42340254049849,16
2017-04-25T21:00:00,45,North,80.72338209526225,48
2017-04-25T21:00:00,45,South,24.256942381378074,23
2017-04-25T21:00:00,45,East,18.737266384042897,21
2017-04-25T21:00:00,45,West,9.58139018606846,16
2017-04-25T22:00:00,46,North,74.96310068867008,48
2017-04-25T22:00:00,46,South,22.57238882777341,23
2017-04-25T22:00:00,46,East,16.22205709160056,20
2017-04-25T22:00:00,46,West,9.586020488502935,17
2017-04-25T23:00:00,47,North,74.25852435428516,49
2017-04-25T23:00:00,47,South,22.63689141461746,23
2017-04-25T23:00:00,47,East,15.75702856393575,20
2017-04-25T23:00:00,47,West,9.129875055271715,16
2017-04-26T00:00:00,48,North,65.52120482172549,48
2017-04-26T00:00:00,48,South,21.249629182773525,24
2017-04-26T00:00:00,48,East,14.361663325883347,20
2017-04-26T00:00:00,48,West,8.1955470682466,16
2017-04-26T01:00:00,49,North,56.288099610346165,46
2017-04-26T01:00:00,49,South,23.046626337071196,26
2017-04-26T01:00:00,49,East,14.937445936637799,21
2017-04-26T01:00:00,49,West,5.3594614988375335,15
2017-04-26T02:00:00,50,North,47.54225157218504,46
2017-04-26T02:00:00,50,South,20.906834836028157,27
2017-04-26T02:00:00,50,East,11.336338124408515,20
2017-04-26T02:00:00,50,West,4.733234261011972,15
2017-04-26T03:00:00,51,North,37.73519613179231,45
2017-04-26T03:00:00,51,South,18.997382864259926,29
2017-04-26T03:00:00,51,East,7.144308274781257,18
2017-04-26T03:00:00,51,West,4.070366776879929,16
2017-04-26T04:00:00,52,North,32.12355750734744,45
2017-04-26T04:00:00,52,South,14.665051219301304,27
2017-04-26T04:00:00,52,East,6.751628235794289,19
2017-04-26T04:00:00,52,West,4.538349814148089,17
2017-04-26T05:00:00,53,North,31.426707769926026,44
2017-04-26T05:00:00,53,South,14.90657734292887,27
2017-04-26T05:00:00,53,East,8.323121226486862,20
2017-04-26T05:00:00,53,West,4.5945030487542615,17
2017-04-26T06:00:00,54,North,39.769591938174685,47
2017-04-26T06:00:00,54,South,15.824287538140322,26
2017-04-26T06:00:00,54,East,8.297095221718529,19
2017-04-26T06:00:00,54,West,4.576463783601451,16
2017-04-26T07:00:00,55,North,45.72198679398092,49
2017-04-26T07:00:00,55,South,14.70519862780305,24
2017-04-26T07:00:00,55,East,8.462776361789977,19
2017-04-26T07:00:00,55,West,4.743611965778102,16
2017-04-26T08:00:00,56,North,51.60306613091664,48
2017-04-26T08:00:00,56,South,16.672593798564165,24
2017-04-26T08:00:00,56,East,12.939121847503978,21
2017-04-26T08:00:00,56,West,5.009457142311917,15
2017-04-26T09:00:00,57,North,58.478408581196724,48
2017-04-26T09:00:00,57,South,18.227573136450197,23
2017-04-26T09:00:00,57,East,13.759565605258189,21
2017-04-26T09:00:00,57,West,5.878573542258092,16
2017-04-26T10:00:00,58,North,75.08421366127965,50
2017-04-26T10:00:00,58,South,19.204594385418634,22
2017-04-26T10:00:00,58,East,15.835359137901229,20
2017-04-26T10:00:00,58,West,9.100012261129443,16
2017-04-26T11:00:00,59,North,68.924004416636,47
2017-04-26T11:00:00,59,South,22.60834267041572,23
2017-04-26T11:00:00,59,East,19.58028376837609,22
2017-04-26T11:00:00,59,West,8.52723537216336,16
2017-04-26T12:00:00,60,North,78.39141644395923,48
2017-04-26T12:00:00,60,South,22.46951262419389,22
2017-04-26T12:00:00,60,East,19.54022182993929,21
2017-04-26T12:00:00,60,West,11.322033560012427,17
2017-04-26T13:00:00,61,North,75.67399900414998,49
2017-04-26T13:00:00,61,South,21.216148780421015,22
2017-04-26T13:00:00,61,East,17.223195908683977,20
2017-04-26T13:00:00,61,West,9.634141542621528,17
2017-04-26T14:00:00,62,North,81.47326011739578,49
2017-04-26T14:00:00,62,South,21.999070695397485,22
2017-04-26T14:00:00,62,East,18.597459309066185,21
2017-04-26T14:00:00,62,West,9.58213358042083,16
2017-04-26T15:00:00,63,North,80.54692258238177,49
2017-04-26T15:00:00,63,South,22.586480909879736,22
2017-04-26T15:00:00,63,East,16.675069790779347,20
2017-04-26T15:00:00,63,West,9.883940318771442,17
2017-04-26T16:00:00,64,North,76.34960353602439,48
2017-04-26T16:00:00,64,South,22.413742211950314,23
2017-04-26T16:00:00,64,East,16.922245357242215,20
2017-04-26T16:00:00,64,West,9.842735461672454,17
2017-04-26T17:00:00,65,North,79.74363391127712,46
2017-04-26T17:00:00,65,South,21.385316934014355,21
2017-04-26T17:00:00,65,East,21.42083277772696,21
2017-04-26T17:00:00,65,West,17.928801745240417,20
2017-04-26T18:00:00,66,North,73.23863454948624,40
2017-04-26T18:00:00,66,South,24.73320503854245,22
2017-04-26T18:00:00,66,East,41.17153792750514,28
2017-04-26T18:00:00,66,West,15.231789000141976,18
2017-04-26T19:00:00,67,North,81.6664864041675,46
2017-04-26T19:00:00,67,South,25.553212346981418,23
2017-04-26T19:00:00,67,East,27.245312233834117,23
2017-04-26T19:00:00,67,West,9.312094038349919,16
2017-04-26T20:00:00,68,North,73.42204480589649,46
2017-04-26T20:00:00,68,South,24.40130165689994,23
2017-04-26T20:00:00,68,East,23.932028171040912,23
2017-04-26T20:00:00,68,West,9.556284245836459,16
2017-04-26T21:00:00,69,North,81.38609533865842,43
2017-04-26T21:00:00,69,South,26.16503437036866,22
2017-04-26T21:00:00,69,East,42.31372152753085,28
2017-04-26T21:00:00,69,West,7.668792029911838,15
2017-04-26T22:00:00,70,North,75.44036466248322,47
2017-04-26T22:00:00,70,South,21.226435134558113,22
2017-04-26T22:00:00,70,East,25.07363257562647,23
2017-04-26T22:00:00,70,West,9.332930364374832,16
2017-04-26T23:00:00,71,North,73.78065182000894,46
2017-04-26T23:00:00,71,South,23.058604097597946,23
2017-04-26T23:00:00,71,East,24.897660157719326,23
2017-04-26T23:00:00,71,West,9.587474845113812,16
2017-04-27T00:00:00,72,North,72.57527393717156,47
2017-04-27T00:00:00,72,South,21.311960598801797,22
2017-04-27T00:00:00,72,East,23.853353195415686,23
2017-04-27T00:00:00,72,West,8.695609768316901,16
2017-04-27T01:00:00,73,North,60.13330837265815,46
2017-04-27T01:00:00,73,South,21.546360858406537,24
2017-04-27T01:00:00,73,East,18.92493968490006,23
2017-04-27T01:00:00,73,West,5.9218526199303,15
2017-04-27T02:00:00,74,North,50.571558783472334,47
2017-04-27T02:00:00,74,South,20.022177267986017,26
2017-04-27T02:00:00,74,East,11.041358520932384,20
2017-04-27T02:00:00,74,West,4.947745613634719,15
2017-04-27T03:00:00,75,North,40.63456932593401,46
2017-04-27T03:00:00,75,South,15.854232535133118,25
2017-04-27T03:00:00,75,East,10.945689415384603,21
2017-04-27T03:00:00,75,West,4.686525181159977,16
2017-04-27T04:00:00,76,North,35.15044948280124,45
2017-04-27T04:00:00,76,South,16.409371261344596,27
2017-04-27T04:00:00,76,East,8.599871294070503,20
2017-04-27T04:00:00,76,West,4.599472999285878,16
2017-04-27T05:00:00,77,North,38.31595994999469,45
2017-04-27T05:00:00,77,South,15.854232535133118,26
2017-04-27T05:00:00,77,East,10.848390008185197,21
2017-04-27T05:00:00,77,West,4.657438145961247,16
2017-04-27T06:00:00,78,North,42.99146769383861,48
2017-04-27T06:00:00,78,South,14.663878967179233,24
2017-04-27T06:00:00,78,East,10.47994172418218,21
2017-04-27T06:00:00,78,West,4.082470359333302,15
2017-04-27T07:00:00,79,North,46.56741864320275,45
2017-04-27T07:00:00,79,South,18.38440045365211,25
2017-04-27T07:00:00,79,East,13.61307664540099,22
2017-04-27T07:00:00,79,West,4.875366324231702,16
2017-04-27T08:00:00,80,North,51.37413912494396,45
2017-04-27T08:00:00,80,South,16.88329104255527,23
2017-04-27T08:00:00,80,East,20.235924951195933,25
2017-04-27T08:00:00,80,West,5.301293957799681,15
2017-04-27T09:00:00,81,North,60.015468392891464,46
2017-04-27T09:00:00,81,South,18.576014385635553,22
2017-04-27T09:00:00,81,East,21.097397678323837,24
2017-04-27T09:00:00,81,West,6.5628677705409935,16
2017-04-27T10:00:00,82,North,71.6776306032051,49
2017-04-27T10:00:00,82,South,19.949360754229183,22
2017-04-27T10:00:00,82,East,18.32209931413021,21
2017-04-27T10:00:00,82,West,6.900248692198576,16
2017-04-27T11:00:00,83,North,77.2790896658007,48
2017-04-27T11:00:00,83,South,21.311656589916755,22
2017-04-27T11:00:00,83,East,22.06887782494476,22
2017-04-27T11:00:00,83,West,9.622921099832947,16
2017-04-27T12:00:00,84,North,80.60965894663205,48
2017-04-27T12:00:00,84,South,21.578173140680203,21
2017-04-27T12:00:00,84,East,22.855804043170977,22
2017-04-27T12:00:00,84,West,11.007790326276405,17
2017-04-27T13:00:00,85,North,73.02185826811917,47
2017-04-27T13:00:00,85,South,22.815187181651833,23
2017-04-27T13:00:00,85,East,18.514390064503026,21
2017-04-27T13:00:00,85,West,9.966334197395238,17
2017-04-27T14:00:00,86,North,77.11980620018285,49
2017-04-27T14:00:00,86,South,22.84025483816282,23
2017-04-27T14:00:00,86,East,15.042993765927541,19
2017-04-27T14:00:00,86,West,10.109434162622424,17
2017-04-27T15:00:00,87,North,79.64956579724152,49
2017-04-27T15:00:00,87,South,22.65603780710787,23
2017-04-27T15:00:00,87,East,16.128851852274206,19
2017-04-27T15:00:00,87,West,9.969875917245876,17
2017-04-27T16:00:00,88,North,76.39588794791884,49
2017-04-27T16:00:00,88,South,23.684234285958507,23
2017-04-27T16:00:00,88,East,15.475649398940096,19
2017-04-27T16:00:00,88,West,9.583608422882827,17
2017-04-27T17:00:00,89,North,74.67212888966594,49
2017-04-27T17:00:00,89,South,22.03533055626182,23
2017-04-27T17:00:00,89,East,14.723683219916676,19
2017-04-27T17:00:00,89,West,10.26585117889316,17
2017-04-27T18:00:00,90,North,79.69601558647939,49
2017-04-27T18:00:00,90,South,22.584982393459118,23
2017-04-27T18:00:00,90,East,17.436089346022595,20
2017-04-27T18:00:00,90,West,9.519339677398747,16
2017-04-27T19:00:00,91,North,80.50198597554834,49
2017-04-27T19:00:00,91,South,25.771938730760578,24
2017-04-27T19:00:00,91,East,15.520491909697043,19
2017-04-27T19:00:00,91,West,9.731619653944826,16
2017-04-27T20:00:00,92,North,80.50317241426588,50
2017-04-27T20:00:00,92,South,21.377237712993043,22
2017-04-27T20:00:00,92,East,13.941855689143463,19
2017-04-27T20:00:00,92,West,10.351950755198397,17
2017-04-27T21:00:00,93,North,77.68666423392078,49
2017-04-27T21:00:00,93,South,22.049508992680074,23
2017-04-27T21:00:00,93,East,16.666581704850927,20
2017-04-27T21:00:00,93,West,8.8271008175352,16
2017-04-27T22:00:00,94,North,74.12774721285248,49
2017-04-27T22:00:00,94,South,22.48978008698971,23
2017-04-27T22:00:00,94,East,14.624190803311851,19
2017-04-27T22:00:00,94,West,9.58459196634919,17
2017-04-27T23:00:00,95,North,72.7867052361384,48
2017-04-27T23:00:00,95,South,21.39211547244387,23
2017-04-27T23:00:00,95,East,16.545307312489136,20
2017-04-27T23:00:00,95,West,9.682593284937425,17
2017-04-28T00:00:00,96,North,65.58990244149105,48
2017-04-28T00:00:00,96,South,22.06499416211124,24
2017-04-28T00:00:00,96,East,14.730398036003859,20
2017-04-28T00:00:00,96,West,8.204469544021789,16
2017-04-28T01:00:00,97,North,55.350650426706935,47
2017-04-28T01:00:00,97,South,21.2539364160209,25
2017-04-28T01:00:00,97,East,13.670625216265279,21
2017-04-28T01:00:00,97,West,4.891947180952883,15
2017-04-28T02:00:00,98,North,47.64677879081382,48
2017-04-28T02:00:00,98,South,17.57625826488016,25
2017-04-28T02:00:00,98,East,9.818987427615424,19
2017-04-28T02:00:00,98,West,4.957867470907637,16
2017-04-28T03:00:00,99,North,39.486053165132134,47
2017-04-28T03:00:00,99,South,16.344541130717502,26
2017-04-28T03:00:00,99,East,8.503380495893932,19
2017-04-28T03:00:00,99,West,4.40086961359905,16
2017-04-28T04:00:00,100,North,31.222189949033705,44
2017-04-28T04:00:00,100,South,16.136019667600088,28
2017-04-28T04:00:00,100,East,7.420500074724172,20
2017-04-28T04:00:00,100,West,4.326807472684679,16
2017-04-28T05:00:00,101,North,31.435854821162476,46
2017-04-28T05:00:00,101,South,11.52504062360452,24
2017-04-28T05:00:00,101,East,8.003544557021456,21
2017-04-28T05:00:00,101,West,4.441348764925282,17
2017-04-28T06:00:00,102,North,35.40024370455136,46
2017-04-28T06:00:00,102,South,15.436891268388008,27
2017-04-28T06:00:00,102,East,8.157975934166625,20
2017-04-28T06:00:00,102,West,3.9037294295866842,15
2017-04-28T07:00:00,103,North,44.63606828144492,51
2017-04-28T07:00:00,103,South,12.118679350580534,22
2017-04-28T07:00:00,103,East,8.227908077023768,19
2017-04-28T07:00:00,103,West,4.376363652900045,16
2017-04-28T08:00:00,104,North,46.55320107785563,47
2017-04-28T08:00:00,104,South,17.269438443294252,25
2017-04-28T08:00:00,104,East,10.816745124671264,20
2017-04-28T08:00:00,104,West,5.738842333702115,16
2017-04-28T09:00:00,105,North,52.55285361516899,48
2017-04-28T09:00:00,105,South,17.137934474555106,24
2017-04-28T09:00:00,105,East,12.359565292778667,20
2017-04-28T09:00:00,105,West,6.176549996475458,16
2017-04-28T10:00:00,106,North,67.26681003037432,50
2017-04-28T10:00:00,106,South,18.231430622554374,22
2017-04-28T10:00:00,106,East,13.02950820313851,19
2017-04-28T10:00:00,106,West,8.137060545168701,17
2017-04-28T11:00:00,107,North,71.62248393863656,49
2017-04-28T11:00:00,107,South,18.396153110592653,22
2017-04-28T11:00:00,107,East,16.013064931506804,20
2017-04-28T11:00:00,107,West,8.959000229168701,17
2017-04-28T12:00:00,108,North,70.16190912062766,47
2017-04-28T12:00:00,108,South,21.418926388331723,22
2017-04-28T12:00:00,108,East,20.005757641341834,22
2017-04-28T12:00:00,108,West,9.701983858689996,17
2017-04-28T13:00:00,109,North,73.0175813760388,49
2017-04-28T13:00:00,109,South,20.130415230121116,22
2017-04-28T13:00:00,109,East,14.68266569177554,20
2017-04-28T13:00:00,109,West,9.01631951538143,17
2017-04-28T14:00:00,110,North,79.2489299707553,50
2017-04-28T14:00:00,110,South,20.79004285837493,22
2017-04-28T14:00:00,110,East,15.755558449004255,20
2017-04-28T14:00:00,110,West,9.46516621220707,16
2017-04-28T15:00:00,111,North,78.3881802760056,49
2017-04-28T15:00:00,111,South,21.30355220420693,22
2017-04-28T15:00:00,111,East,17.11663017262565,20
2017-04-28T15:00:00,111,West,10.247530763992955,17
2017-04-28T16:00:00,112,North,72.00660422529171,49
2017-04-28T16:00:00,112,South,19.167728926690884,22
2017-04-28T16:00:00,112,East,15.352222229431,20
2017-04-28T16:00:00,112,West,9.392235068907683,17
2017-04-28T17:00:00,113,North,73.41751947941326,50
2017-04-28T17:00:00,113,South,18.81279113276838,22
2017-04-28T17:00:00,113,East,13.89537037000255,19
2017-04-28T17:00:00,113,West,9.167457982284379,17
2017-04-28T18:00:00,114,North,78.90911682749733,51
2017-04-28T18:00:00,114,South,20.49861967342931,22
2017-04-28T18:00:00,114,East,14.966556180212663,19
2017-04-28T18:00:00,114,West,8.906709817714185,16
2017-04-28T19:00:00,115,North,77.80313184424473,50
2017-04-28T19:00:00,115,South,20.447904750849318,22
2017-04-28T19:00:00,115,East,15.430767585978824,19
2017-04-28T19:00:00,115,West,9.763938597569872,17
2017-04-28T20:00:00,116,North,75.4105773667575,50
2017-04-28T20:00:00,116,South,18.25995059332975,21
2017-04-28T20:00:00,116,East,16.26729673301053,20
2017-04-28T20:00:00,116,West,8.519799105979445,17
2017-04-28T21:00:00,117,North,71.09679323528302,49
2017-04-28T21:00:00,117,South,20.8600585905693,23
2017-04-28T21:00:00,117,East,14.909596473252954,20
2017-04-28T21:00:00,117,West,8.474622427116376,16
2017-04-28T22:00:00,118,North,66.09933846461824,48
2017-04-28T22:00:00,118,South,19.205487547380542,23
2017-04-28T22:00:00,118,East,14.29839031158308,20
2017-04-28T22:00:00,118,West,8.899918290609449,17
2017-04-28T23:00:00,119,North,61.60095913242197,48
2017-04-28T23:00:00,119,South,18.332599171183688,23
2017-04-28T23:00:00,119,East,14.715003472531789,20
2017-04-28T23:00:00,119,West,9.19408806124579,17
2017-04-29T00:00:00,120,North,56.59297801206112,49
2017-04-29T00:00:00,120,South,17.66320874630097,23
2017-04-29T00:00:00,120,East,11.482820731933305,19
2017-04-29T00:00:00,120,West,7.421345247660098,17
2017-04-29T01:00:00,121,North,50.74368709355389,48
2017-04-29T01:00:00,121,South,17.21038419314524,24
2017-04-29T01:00:00,121,East,11.427816033576477,20
2017-04-29T01:00:00,121,West,5.112781918340476,16
2017-04-29T02:00:00,122,North,41.77985646050803,47
2017-04-29T02:00:00,122,South,15.68213515887269,25
2017-04-29T02:00:00,122,East,10.720804614144535,21
2017-04-29T02:00:00,122,West,4.196142121685398,15
2017-04-29T03:00:00,123,North,36.399501482303364,47
2017-04-29T03:00:00,123,South,13.94912249237042,25
2017-04-29T03:00:00,123,East,7.773255117770394,20
2017-04-29T03:00:00,123,West,3.9162455312450177,16
2017-04-29T04:00:00,124,North,32.58131053850514,47
2017-04-29T04:00:00,124,South,11.01115548297864,24
2017-04-29T04:00:00,124,East,8.381188644129578,21
2017-04-29T04:00:00,124,West,3.8431677667414963,16
2017-04-29T05:00:00,125,North,22.59960916224522,43
2017-04-29T05:00:00,125,South,10.237224756937692,26
2017-04-29T05:00:00,125,East,7.515240580568516,22
2017-04-29T05:00:00,125,West,3.938657975836046,17
2017-04-29T06:00:00,126,North,26.58860916224522,44
2017-04-29T06:00:00,126,South,11.41427105302652,26
2017-04-29T06:00:00,126,East,8.475033433152745,22
2017-04-29T06:00:00,126,West,3.8248185265794485,16
2017-04-29T07:00:00,127,North,28.617645454899932,44
2017-04-29T07:00:00,127,South,12.241030511599705,26
2017-04-29T07:00:00,127,East,8.012860453379998,21
2017-04-29T07:00:00,127,West,3.962043370906605,17
2017-04-29T08:00:00,128,North,34.62856995082443,46
2017-04-29T08:00:00,128,South,9.408161458198798,21
2017-04-29T08:00:00,128,East,10.52909604270456,23
2017-04-29T08:00:00,128,West,5.906641130874326,18
2017-04-29T09:00:00,129,North,37.20826848602807,45
2017-04-29T09:00:00,129,South,13.73057119701758,24
2017-04-29T09:00:00,129,East,10.756039096286347,22
2017-04-29T09:00:00,129,West,5.243956619659836,17
2017-04-29T10:00:00,130,North,42.03689632491497,46
2017-04-29T10:00:00,130,South,13.492934166880865,23
2017-04-29T10:00:00,130,East,11.292919467284607,21
2017-04-29T10:00:00,130,West,6.705638917899773,18
2017-04-29T11:00:00,131,North,49.438278390098546,48
2017-04-29T11:00:00,131,South,13.093898671471807,22
2017-04-29T11:00:00,131,East,11.343009856122107,20
2017-04-29T11:00:00,131,West,8.836418185173589,18
2017-04-29T12:00:00,132,North,53.336596484297736,48
2017-04-29T12:00:00,132,South,13.809801565594416,21
2017-04-29T12:00:00,132,East,11.053102795186442,20
2017-04-29T12:00:00,132,West,10.259920526690813,19
2017-04-29T13:00:00,133,North,44.09483581854293,45
2017-04-29T13:00:00,133,South,14.787436701789852,23
2017-04-29T13:00:00,133,East,12.41687589687268,21
2017-04-29T13:00:00,133,West,8.568409417991758,19
2017-04-29T14:00:00,134,North,43.30723888838416,43
2017-04-29T14:00:00,134,South,16.322551726724363,24
2017-04-29T14:00:00,134,East,15.425017261609295,23
2017-04-29T14:00:00,134,West,9.25082290618121,18
2017-04-29T15:00:00,135,North,44.02215071247599,44
2017-04-29T15:00:00,135,South,15.418893361143102,23
2017-04-29T15:00:00,135,East,15.499484775957521,23
2017-04-29T15:00:00,135,West,8.877485166324314,18
2017-04-29T16:00:00,136,North,43.1227783601906,46
2017-04-29T16:00:00,136,South,12.502743859484632,22
2017-04-29T16:00:00,136,East,12.219963076359859,22
2017-04-29T16:00:00,136,West,8.073841771978541,18
2017-04-29T17:00:00,137,North,48.19964638815299,45
2017-04-29T17:00:00,137,South,15.418893361143104,23
2017-04-29T17:00:00,137,East,13.968036740736627,22
2017-04-29T17:00:00,137,West,8.711113719541867,18
2017-04-29T18:00:00,138,North,51.89457672044357,47
2017-04-29T18:00:00,138,South,15.20921746671928,22
2017-04-29T18:00:00,138,East,12.889013897299936,21
2017-04-29T18:00:00,138,West,8.052823482398967,18
2017-04-29T19:00:00,139,North,52.774228803737216,47
2017-04-29T19:00:00,139,South,17.564099863455787,24
2017-04-29T19:00:00,139,East,11.417476787039393,20
2017-04-29T19:00:00,139,West,7.738635287314747,17
2017-04-29T20:00:00,140,North,59.72597556351576,48
2017-04-29T20:00:00,140,South,17.335985902762733,23
2017-04-29T20:00:00,140,East,12.97463215483757,20
2017-04-29T20:00:00,140,West,8.405209985723499,17
2017-04-29T21:00:00,141,North,56.77595859117985,49
2017-04-29T21:00:00,141,South,16.326497126453457,23
2017-04-29T21:00:00,141,East,11.243807420696264,19
2017-04-29T21:00:00,141,West,7.305648386525638,17
2017-04-29T22:00:00,142,North,58.00698331982738,48
2017-04-29T22:00:00,142,South,17.279231791476104,23
2017-04-29T22:00:00,142,East,12.141762018158799,20
2017-04-29T22:00:00,142,West,8.238461114225991,17
2017-04-29T23:00:00,143,North,52.09113432719589,47
2017-04-29T23:00:00,143,South,18.15584159596008,24
2017-04-29T23:00:00,143,East,11.634374478425405,20
2017-04-29T23:00:00,143,West,7.504947558950993,17
2017-04-30T00:00:00,144,North,50.704192642505554,48
2017-04-30T00:00:00,144,South,17.350819820005576,24
2017-04-30T00:00:00,144,East,10.847486254644235,20
2017-04-30T00:00:00,144,West,5.640229216017348,16
2017-04-30T01:00:00,145,North,42.317960910352326,45
2017-04-30T01:00:00,145,South,16.7127935787268,25
2017-04-30T01:00:00,145,East,14.296367560380489,23
2017-04-30T01:00:00,145,West,4.4578822915630845,15
2017-04-30T02:00:00,146,North,32.961117222449374,44
2017-04-30T02:00:00,146,South,14.73358948853036,27
2017-04-30T02:00:00,146,East,8.377303868841281,20
2017-04-30T02:00:00,146,West,4.7010847273923,17
2017-04-30T03:00:00,147,North,34.88183697053754,46
2017-04-30T03:00:00,147,South,14.08956128760579,26
2017-04-30T03:00:00,147,East,8.31696197510375,20
2017-04-30T03:00:00,147,West,3.90553027700773,16
2017-04-30T04:00:00,148,North,31.989914848767057,47
2017-04-30T04:00:00,148,South,10.68915422779391,24
2017-04-30T04:00:00,148,East,7.719793555819052,21
2017-04-30T04:00:00,148,West,3.5736085998823546,16
2017-04-30T05:00:00,149,North,30.31709923492301,47
2017-04-30T05:00:00,149,South,11.271948408393737,25
2017-04-30T05:00:00,149,East,6.341256969046146,20
2017-04-30T05:00:00,149,West,3.580792743104861,16
2017-04-30T06:00:00,150,North,30.362837431911206,47
2017-04-30T06:00:00,150,South,9.348577015833683,23
2017-04-30T06:00:00,150,East,8.277021839227704,22
2017-04-30T06:00:00,150,West,3.840661452973203,16
2017-04-30T07:00:00,151,North,31.29669515313735,46
2017-04-30T07:00:00,151,South,12.041590963753166,25
2017-04-30T07:00:00,151,East,7.871052938919806,21
2017-04-30T07:00:00,151,West,3.995729985270157,16
2017-04-30T08:00:00,152,North,36.30761964906185,46
2017-04-30T08:00:00,152,South,13.345326040659591,25
2017-04-30T08:00:00,152,East,9.940191689196649,21
2017-04-30T08:00:00,152,West,3.9685291469915143,16
2017-04-30T09:00:00,153,North,41.388468154176955,47
2017-04-30T09:00:00,153,South,12.95620369919913,23
2017-04-30T09:00:00,153,East,10.579178464199664,21
2017-04-30T09:00:00,153,West,5.714239879699782,17
2017-04-30T10:00:00,154,North,49.496699815859444,47
2017-04-30T10:00:00,154,South,13.940450137871753,22
2017-04-30T10:00:00,154,East,12.205095932149579,21
2017-04-30T10:00:00,154,West,8.236650270165754,18
2017-04-30T11:00:00,155,North,48.69188429281838,47
2017-04-30T11:00:00,155,South,14.968237577830223,23
2017-04-30T11:00:00,155,East,12.067441444343126,21
2017-04-30T11:00:00,155,West,7.486088852641901,17
2017-04-30T12:00:00,156,North,57.83364832679595,50
2017-04-30T12:00:00,156,South,14.357703239338363,21
2017-04-30T12:00:00,156,East,11.607247032607848,20
2017-04-30T12:00:00,156,West,7.320808273454864,17
2017-04-30T13:00:00,157,North,53.59069308092113,49
2017-04-30T13:00:00,157,South,13.325550381629572,21
2017-04-30T13:00:00,157,East,12.758202303415414,21
2017-04-30T13:00:00,157,West,7.701689867437571,17
2017-04-30T14:00:00,158,North,49.786666256582464,47
2017-04-30T14:00:00,158,South,15.376181776655052,23
2017-04-30T14:00:00,158,East,12.470248011092481,21
2017-04-30T14:00:00,158,West,7.165851793252714,17
2017-04-30T15:00:00,159,North,49.89020828367934,47
2017-04-30T15:00:00,159,South,16.401851589945387,23
2017-04-30T15:00:00,159,East,12.98045943354019,21
2017-04-30T15:00:00,159,West,7.233788696879327,17
2017-04-30T16:00:00,160,North,45.753607819785074,46
2017-04-30T16:00:00,160,South,15.517771864526864,24
2017-04-30T16:00:00,160,East,10.99923717039515,20
2017-04-30T16:00:00,160,West,8.007194397257845,18
2017-04-30T17:00:00,161,North,50.84295077241788,47
2017-04-30T17:00:00,161,South,16.57804284283639,24
2017-04-30T17:00:00,161,East,11.57644652407132,20
2017-04-30T17:00:00,161,West,7.201973303326118,17
2017-04-30T18:00:00,162,North,58.85657043410005,49
2017-04-30T18:00:00,162,South,17.283994861876128,23
2017-04-30T18:00:00,162,East,12.923449569217295,20
2017-04-30T18:00:00,162,West,7.299806250936354,16
2017-04-30T19:00:00,163,North,64.21051999276666,50
2017-04-30T19:00:00,163,South,16.7097362459187,22
2017-04-30T19:00:00,163,East,12.442723440887233,19
2017-04-30T19:00:00,163,West,8.007207350367885,17
2017-04-30T20:00:00,164,North,61.044336360288,49
2017-04-30T20:00:00,164,South,16.76000020099162,22
2017-04-30T20:00:00,164,East,13.142002271305214,20
2017-04-30T20:00:00,164,West,7.5184558145955664,17
2017-04-30T21:00:00,165,North,60.66989628534904,48
2017-04-30T21:00:00,165,South,18.32785269706511,23
2017-04-30T21:00:00,165,East,16.21441403521395,21
2017-04-30T21:00:00,165,West,7.230190712502473,16
2017-04-30T22:00:00,166,North,61.22986561798625,48
2017-04-30T22:00:00,166,South,19.345296797749278,23
2017-04-30T22:00:00,166,East,13.49272566336488,20
2017-04-30T22:00:00,166,West,7.782983400132731,17
2017-04-30T23:00:00,167,North,55.236672230116774,47
2017-04-30T23:00:00,167,South,18.069001230665165,24
2017-04-30T23:00:00,167,East,13.139594982302656,20
2017-04-30T23:00:00,167,West,7.539647452259496,17
2017-05-01T00:00:00,0,North,56.003806436184185,46
2017-05-01T00:00:00,0,South,19.269194965782084,23
2017-05-01T00:00:00,0,East,16.061978913150448,22
2017-05-01T00:00:00,0,West,7.923341068065115,17
2017-05-01T01:00:00,1,North,46.70803420705667,48
2017-05-01T01:00:00,1,South,17.219849953831584,25
2017-05-01T01:00:00,1,East,9.87449267483201,19
2017-05-01T01:00:00,1,West,4.9433327508855776,16
2017-05-01T02:00:00,2,North,38.98805728383544,45
2017-05-01T02:00:00,2,South,19.102886655201992,28
2017-05-01T02:00:00,2,East,7.7813456307165305,19
2017-05-01T02:00:00,2,West,4.624782217150813,16
2017-05-01T03:00:00,3,North,35.31289463329478,45
2017-05-01T03:00:00,3,South,17.49422740232711,28
2017-05-01T03:00:00,3,East,8.047543251020725,19
2017-05-01T03:00:00,3,West,4.450391451654855,16
2017-05-01T04:00:00,4,North,32.515434019142575,44
2017-05-01T04:00:00,4,South,15.60997433663784,27
2017-05-01T04:00:00,4,East,8.195133119148847,20
2017-05-01T04:00:00,4,West,4.831779120146188,17
2017-05-01T05:00:00,5,North,32.84436843488477,48
2017-05-01T05:00:00,5,South,12.323267315098715,25
2017-05-01T05:00:00,5,East,6.727723255407113,19
2017-05-01T05:00:00,5,West,3.9377949147122058,16
2017-05-01T06:00:00,6,North,45.19843782900253,48
2017-05-01T06:00:00,6,South,16.002313970225984,25
2017-05-01T06:00:00,6,East,9.105700896007468,19
2017-05-01T06:00:00,6,West,4.380985343604421,16
2017-05-01T07:00:00,7,North,51.956027164094586,49
2017-05-01T07:00:00,7,South,16.0307897493799,24
2017-05-01T07:00:00,7,East,11.707469103008357,20
2017-05-01T07:00:00,7,West,4.653413329624141,15
2017-05-01T08:00:00,8,North,54.128515123239595,48
2017-05-01T08:00:00,8,South,18.54083395189545,25
2017-05-01T08:00:00,8,East,11.9060743882107,20
2017-05-01T08:00:00,8,West,4.850288880320703,15
2017-05-01T09:00:00,9,North,57.8799126371188,48
2017-05-01T09:00:00,9,South,18.27883858563978,23
2017-05-01T09:00:00,9,East,15.488243523789597,21
2017-05-01T09:00:00,9,West,5.836319875863958,16
2017-05-01T10:00:00,10,North,72.54453558837605,49
2017-05-01T10:00:00,10,South,19.359462203480973,22
2017-05-01T10:00:00,10,East,15.37631445529558,20
2017-05-01T10:00:00,10,West,8.895487566506608,17
2017-05-01T11:00:00,11,North,59.196666666666665,47
2017-05-01T11:00:00,11,South,19.506050279990408,23
2017-05-01T11:00:00,11,East,15.684558576869527,21
2017-05-01T11:00:00,11,West,8.820742638511232,17
2017-05-01T12:00:00,12,North,59.01816666666666,45
2017-05-01T12:00:00,12,South,23.502951235873027,25
2017-05-01T12:00:00,12,East,14.226244878610624,20
2017-05-01T12:00:00,12,West,10.550447606139965,18
2017-05-01T13:00:00,13,North,74.97556680220757,48
2017-05-01T13:00:00,13,South,22.458819791426304,23
2017-05-01T13:00:00,13,East,15.702998185543537,20
2017-05-01T13:00:00,13,West,10.085869452737503,17
2017-05-01T14:00:00,14,North,81.10934979121761,50
2017-05-01T14:00:00,14,South,23.799434466821847,23
2017-05-01T14:00:00,14,East,14.13849567617361,18
2017-05-01T14:00:00,14,West,10.103064081824984,17
2017-05-01T15:00:00,15,North,78.7401320180218,48
2017-05-01T15:00:00,15,South,27.650310089913127,25
2017-05-01T15:00:00,15,East,15.659347993050766,19
2017-05-01T15:00:00,15,West,8.928039652153043,16
2017-05-01T16:00:00,16,North,78.21435212810884,50
2017-05-01T16:00:00,16,South,23.121645955240375,23
2017-05-01T16:00:00,16,East,13.972860199576504,19
2017-05-01T16:00:00,16,West,8.77796812428648,16
2017-05-01T17:00:00,17,North,78.59102914837932,49
2017-05-01T17:00:00,17,South,23.12164595524038,23
2017-05-01T17:00:00,17,East,16.48152401006312,20
2017-05-01T17:00:00,17,West,10.041323853036667,16
2017-05-01T18:00:00,18,North,82.36045516212626,49
2017-05-01T18:00:00,18,South,26.16563135097352,24
2017-05-01T18:00:00,18,East,14.637201186177617,19
2017-05-01T18:00:00,18,West,9.504657193589734,16
2017-05-01T19:00:00,19,North,63.44211111111111,45
2017-05-01T19:00:00,19,South,28.280428003061854,27
2017-05-01T19:00:00,19,East,14.158145212130412,19
2017-05-01T19:00:00,19,West,8.793888249395726,17
2017-05-01T20:00:00,20,North,77.63085087135087,47
2017-05-01T20:00:00,20,South,27.19572482704458,24
2017-05-01T20:00:00,20,East,19.090872580916518,21
2017-05-01T20:00:00,20,West,9.210574321593064,16
2017-05-01T21:00:00,21,North,82.26634169327802,51
2017-05-01T21:00:00,21,South,23.236469673466942,23
2017-05-01T21:00:00,21,East,13.65710702646933,18
2017-05-01T21:00:00,21,West,8.752174846425113,16
2017-05-01T22:00:00,22,North,80.4161932086525,50
2017-05-01T22:00:00,22,South,21.71330843554947,22
2017-05-01T22:00:00,22,East,16.56896359777978,20
2017-05-01T22:00:00,22,West,9.140314832338728,16
2017-05-01T23:00:00,23,North,74.67112635370225,48
2017-05-01T23:00:00,23,South,23.566896502735233,24
2017-05-01T23:00:00,23,East,16.066844495671546,20
2017-05-01T23:00:00,23,West,9.127260420927719,16
2017-05-02T00:00:00,24,North,72.4617897026009,49
2017-05-02T00:00:00,24,South,23.66406286945675,24
2017-05-02T00:00:00,24,East,14.163017574141657,19
2017-05-02T00:00:00,24,West,8.43163645649319,16
2017-05-02T01:00:00,25,North,60.24352004454687,48
2017-05-02T01:00:00,25,South,21.838178933590253,25
2017-05-02T01:00:00,25,East,13.168979253987589,20
2017-05-02T01:00:00,25,West,5.242047765182395,15
2017-05-02T02:00:00,26,North,49.067395494285314,47
2017-05-02T02:00:00,26,South,20.522142088391764,27
2017-05-02T02:00:00,26,East,9.807452213873495,19
2017-05-02T02:00:00,26,West,4.259507708690566,15
2017-05-02T03:00:00,27,North,45.02646266901024,47
2017-05-02T03:00:00,27,South,18.832761232489144,27
2017-05-02T03:00:00,27,East,7.416461929128151,18
2017-05-02T03:00:00,27,West,4.684081563824041,16
2017-05-02T04:00:00,28,North,37.6218883546317,45
2017-05-02T04:00:00,28,South,17.76111784538554,27
2017-05-02T04:00:00,28,East,8.60725919191969,20
2017-05-02T04:00:00,28,West,4.67127683737877,16
2017-05-02T05:00:00,29,North,37.987937031833994,47
2017-05-02T05:00:00,29,South,13.53298115728875,25
2017-05-02T05:00:00,29,East,8.660647978391134,20
2017-05-02T05:00:00,29,West,4.625139772707506,16
2017-05-02T06:00:00,30,North,44.407694753034704,47
2017-05-02T06:00:00,30,South,19.17765665540158,27
2017-05-02T06:00:00,30,East,8.60725919191969,19
2017-05-02T06:00:00,30,West,4.581574509704472,15
2017-05-02T07:00:00,31,North,52.25413894484723,49
2017-05-02T07:00:00,31,South,18.985725806091544,25
2017-05-02T07:00:00,31,East,8.314236840400115,18
2017-05-02T07:00:00,31,West,5.8538105123365245,16
2017-05-02T08:00:00,32,North,54.25413894484723,48
2017-05-02T08:00:00,32,South,19.443170177272872,25
2017-05-02T08:00:00,32,East,12.787061980805932,20
2017-05-02T08:00:00,32,West,4.82937382711632,15
2017-05-02T09:00:00,33,North,66.4858619075929,50
2017-05-02T09:00:00,33,South,18.186142660350402,23
2017-05-02T09:00:00,33,East,12.893034452479117,19
2017-05-02T09:00:00,33,West,7.2985662993185105,16
2017-05-02T10:00:00,34,North,70.97531460576582,50
2017-05-02T10:00:00,34,South,19.170394733585862,22
2017-05-02T10:00:00,34,East,14.816635752187771,20
2017-05-02T10:00:00,34,West,8.365472680932228,16
2017-05-02T11:00:00,35,North,76.63852283313054,49
2017-05-02T11:00:00,35,South,22.51982360262602,23
2017-05-02T11:00:00,35,East,14.865600664468476,19
2017-05-02T11:00:00,35,West,9.27966292620954,17
2017-05-02T12:00:00,36,North,79.60653000673136,47
2017-05-02T12:00:00,36,South,27.948107920562308,25
2017-05-02T12:00:00,36,East,16.317222569408372,19
2017-05-02T12:00:00,36,West,11.519183074383772,17
2017-05-02T13:00:00,37,North,75.16655970175361,47
2017-05-02T13:00:00,37,South,27.612693033637235,25
2017-05-02T13:00:00,37,East,15.719242523854799,19
2017-05-02T13:00:00,37,West,10.052500363122206,17
2017-05-02T14:00:00,38,North,81.90413238311315,49
2017-05-02T14:00:00,38,South,27.48838104431675,24
2017-05-02T14:00:00,38,East,15.914012857515667,19
2017-05-02T14:00:00,38,West,9.799574293342888,16
2017-05-02T15:00:00,39,North,79.20748113652799,49
2017-05-02T15:00:00,39,South,23.942307926390207,23
2017-05-02T15:00:00,39,East,14.277716736765504,19
2017-05-02T15:00:00,39,West,9.777260517832683,17
2017-05-02T16:00:00,40,North,79.08914789638621,49
2017-05-02T16:00:00,40,South,24.06593430001658,23
2017-05-02T16:00:00,40,East,15.71244410712028,19
2017-05-02T16:00:00,40,West,10.005464893082268,17
2017-05-02T17:00:00,41,North,75.72446897575078,48
2017-05-02T17:00:00,41,South,24.122282126103535,24
2017-05-02T17:00:00,41,East,15.436960822184943,19
2017-05-02T17:00:00,41,West,9.994629859154362,17
2017-05-02T18:00:00,42,North,81.39101037556713,49
2017-05-02T18:00:00,42,South,26.824050565480533,24
2017-05-02T18:00:00,42,East,14.342641356005915,19
2017-05-02T18:00:00,42,West,8.776289853488986,16
2017-05-02T19:00:00,43,North,84.86921616644452,50
2017-05-02T19:00:00,43,South,26.029601162520862,24
2017-05-02T19:00:00,43,East,13.680439332169051,18
2017-05-02T19:00:00,43,West,8.824896199972692,16
2017-05-02T20:00:00,44,North,83.28003010597223,47
2017-05-02T20:00:00,44,South,28.100128444554443,24
2017-05-02T20:00:00,44,East,23.249787558041383,21
2017-05-02T20:00:00,44,West,9.334989101467293,16
2017-05-02T21:00:00,45,North,81.90119312994014,49
2017-05-02T21:00:00,45,South,27.68852081021165,24
2017-05-02T21:00:00,45,East,15.040625548730262,19
2017-05-02T21:00:00,45,West,9.059055358794632,16
2017-05-02T22:00:00,46,North,78.01116998375191,49
2017-05-02T22:00:00,46,South,24.212307926390203,24
2017-05-02T22:00:00,46,East,15.22310141165715,19
2017-05-02T22:00:00,46,West,8.774552191349006,16
2017-05-02T23:00:00,47,North,74.62761317959446,48
2017-05-02T23:00:00,47,South,24.282307926390203,24
2017-05-02T23:00:00,47,East,15.830116493685981,20
2017-05-02T23:00:00,47,West,8.416892610876008,16
2017-05-03T00:00:00,48,North,68.56095106848929,48
2017-05-03T00:00:00,48,South,22.224560952171537,24
2017-05-03T00:00:00,48,East,14.565588877226226,20
2017-05-03T00:00:00,48,West,8.684314357988047,16
2017-05-03T01:00:00,49,North,57.736442350386206,49
2017-05-03T01:00:00,49,South,19.370817854180906,24
2017-05-03T01:00:00,49,East,11.286098846035426,19
2017-05-03T01:00:00,49,West,5.399031993702146,16
2017-05-03T02:00:00,50,North,52.04061175083113,49
2017-05-03T02:00:00,50,South,19.274630599965896,26
2017-05-03T02:00:00,50,East,7.640516896642902,18
2017-05-03T02:00:00,50,West,4.7822504417579275,15
2017-05-03T03:00:00,51,North,43.15896595042837,47
2017-05-03T03:00:00,51,South,18.937986682610052,27
2017-05-03T03:00:00,51,East,7.389349504643904,18
2017-05-03T03:00:00,51,West,4.744996992796193,16
2017-05-03T04:00:00,52,North,38.53143491168193,46
2017-05-03T04:00:00,52,South,16.817487370106786,27
2017-05-03T04:00:00,52,East,8.243882896338285,19
2017-05-03T04:00:00,52,West,4.636274729916196,16
2017-05-03T05:00:00,53,North,35.988084675135795,45
2017-05-03T05:00:00,53,South,17.83542087785173,28
2017-05-03T05:00:00,53,East,8.072707646823954,19
2017-05-03T05:00:00,53,West,4.054851778888603,16
2017-05-03T06:00:00,54,North,40.5144286226134,49
2017-05-03T06:00:00,54,South,14.836185245158548,25
2017-05-03T06:00:00,54,East,6.12698609407433,18
2017-05-03T06:00:00,54,West,4.915118245847026,16
2017-05-03T07:00:00,55,North,46.42996436981627,49
2017-05-03T07:00:00,55,South,16.17951592190188,25
2017-05-03T07:00:00,55,East,8.314236840400115,18
2017-05-03T07:00:00,55,West,4.6750753437946155,16
2017-05-03T08:00:00,56,North,51.16818829829303,49
2017-05-03T08:00:00,56,South,16.31827221094908,24
2017-05-03T08:00:00,56,East,9.732738505540594,19
2017-05-03T08:00:00,56,West,4.784513409688008,16
2017-05-03T09:00:00,57,North,60.627122233924204,49
2017-05-03T09:00:00,57,South,19.311284060623446,24
2017-05-03T09:00:00,57,East,12.734026125135465,20
2017-05-03T09:00:00,57,West,5.5447330240813395,15
2017-05-03T10:00:00,58,North,73.49290134395258,49
2017-05-03T10:00:00,58,South,21.983388511398616,23
2017-05-03T10:00:00,58,East,15.284617854972089,20
2017-05-03T10:00:00,58,West,6.942085571214301,16
2017-05-03T11:00:00,59,North,77.74212203616221,50
2017-05-03T11:00:00,59,South,21.975901585355032,23
2017-05-03T11:00:00,59,East,15.099236505982526,19
2017-05-03T11:00:00,59,West,9.119837991930572,16
2017-05-03T12:00:00,60,North,82.07064246311556,50
2017-05-03T12:00:00,60,South,24.449883631642816,23
2017-05-03T12:00:00,60,East,14.10785500672194,19
2017-05-03T12:00:00,60,West,9.759246637282319,16
2017-05-03T13:00:00,61,North,75.51191891778808,49
2017-05-03T13:00:00,61,South,21.302331897688184,22
2017-05-03T13:00:00,61,East,15.508631884587986,20
2017-05-03T13:00:00,61,West,9.419358078562343,17
2017-05-03T14:00:00,62,North,79.21385169267128,50
2017-05-03T14:00:00,62,South,22.664540839036682,23
2017-05-03T14:00:00,62,East,14.065171871452993,19
2017-05-03T14:00:00,62,West,9.193428524036944,16
2017-05-03T15:00:00,63,North,80.14777389791702,50
2017-05-03T15:00:00,63,South,23.893677496449776,23
2017-05-03T15:00:00,63,East,15.280801612566663,19
2017-05-03T15:00:00,63,West,9.107648586740964,16
2017-05-03T16:00:00,64,North,78.26074413101125,50
2017-05-03T16:00:00,64,South,21.421350046206335,22
2017-05-03T16:00:00,64,East,15.092769101640794,19
2017-05-03T16:00:00,64,West,9.9788983393436,17
2017-05-03T17:00:00,65,North,80.72098769487275,50
2017-05-03T17:00:00,65,South,23.511913567464777,23
2017-05-03T17:00:00,65,East,14.41172449003209,19
2017-05-03T17:00:00,65,West,9.596527572216983,16
2017-05-03T18:00:00,66,North,77.52551002082862,48
2017-05-03T18:00:00,66,South,29.075140350433223,25
2017-05-03T18:00:00,66,East,15.162210650188094,19
2017-05-03T18:00:00,66,West,9.390503041868248,16
2017-05-03T19:00:00,67,North,83.67549422172257,49
2017-05-03T19:00:00,67,South,26.233281573432592,24
2017-05-03T19:00:00,67,East,14.841434859339913,19
2017-05-03T19:00:00,67,West,9.609225024966475,16
2017-05-03T20:00:00,68,North,79.85504946330867,49
2017-05-03T20:00:00,68,South,26.41978809521477,24
2017-05-03T20:00:00,68,East,15.810538404136997,19
2017-05-03T20:00:00,68,West,9.2082827444064,16
2017-05-03T21:00:00,69,North,76.62992226394998,48
2017-05-03T21:00:00,69,South,25.894270810211648,24
2017-05-03T21:00:00,69,East,15.569054935399134,19
2017-05-03T21:00:00,69,West,9.326422861240257,17
2017-05-03T22:00:00,70,North,78.40565513585864,50
2017-05-03T22:00:00,70,South,22.776979027998152,23
2017-05-03T22:00:00,70,East,15.085933311746937,19
2017-05-03T22:00:00,70,West,8.516247883666688,16
2017-05-03T23:00:00,71,North,75.16986481786941,48
2017-05-03T23:00:00,71,South,24.97169505263589,24
2017-05-03T23:00:00,71,East,14.597960388021622,19
2017-05-03T23:00:00,71,West,9.268345249575535,17
2017-05-04T00:00:00,72,North,74.05692516912391,49
2017-05-04T00:00:00,72,South,24.124963595496062,24
2017-05-04T00:00:00,72,East,15.031382666498022,19
2017-05-04T00:00:00,72,West,8.223669983576624,16
2017-05-04T01:00:00,73,North,62.87107811372763,49
2017-05-04T01:00:00,73,South,21.58004444124219,25
2017-05-04T01:00:00,73,East,10.905657372552795,19
2017-05-04T01:00:00,73,West,5.447752666733057,15
2017-05-04T02:00:00,74,North,51.099910876114144,47
2017-05-04T02:00:00,74,South,21.466052001031535,27
2017-05-04T02:00:00,74,East,9.607015121946699,19
2017-05-04T02:00:00,74,West,4.276019565281084,15
2017-05-04T03:00:00,75,North,42.19715396460026,46
2017-05-04T03:00:00,75,South,18.185792462321693,27
2017-05-04T03:00:00,75,East,8.111556092157079,19
2017-05-04T03:00:00,75,West,4.618556130030405,16
2017-05-04T04:00:00,76,North,36.77131487882837,46
2017-05-04T04:00:00,76,South,16.209460918894678,27
2017-05-04T04:00:00,76,East,6.972303370921505,19
2017-05-04T04:00:00,76,West,4.5945030487542615,16
2017-05-04T05:00:00,77,North,36.10915150103234,44
2017-05-04T05:00:00,77,South,17.85382996876082,28
2017-05-04T05:00:00,77,East,8.049986303221138,19
2017-05-04T05:00:00,77,West,4.905783736706232,17
2017-05-04T06:00:00,78,North,40.66811029647416,47
2017-05-04T06:00:00,78,South,14.713333546442325,25
2017-05-04T06:00:00,78,East,8.693824938941672,20
2017-05-04T06:00:00,78,West,4.576463783601451,16
2017-05-04T07:00:00,79,North,50.478341509283666,50
2017-05-04T07:00:00,79,South,18.105675760587193,25
2017-05-04T07:00:00,79,East,7.993567072434618,18
2017-05-04T07:00:00,79,West,3.901288539645643,15
2017-05-04T08:00:00,80,North,50.43500817595034,49
2017-05-04T08:00:00,80,South,16.98811938512293,24
2017-05-04T08:00:00,80,East,9.459691634368617,19
2017-05-04T08:00:00,80,West,5.951350397927375,16
2017-05-04T09:00:00,81,North,59.510163743508244,48
2017-05-04T09:00:00,81,South,19.35484849158112,24
2017-05-04T09:00:00,81,East,12.481281024782621,20
2017-05-04T09:00:00,81,West,6.541283586955247,16
2017-05-04T10:00:00,82,North,73.61562130867132,50
2017-05-04T10:00:00,82,South,19.36183182205464,22
2017-05-04T10:00:00,82,East,15.02806913749274,20
2017-05-04T10:00:00,82,West,8.48406398454638,16
2017-05-04T11:00:00,83,North,78.24517227589538,50
2017-05-04T11:00:00,83,South,21.372331897688184,22
2017-05-04T11:00:00,83,East,14.95412985249727,19
2017-05-04T11:00:00,83,West,9.907405317651474,17
2017-05-04T12:00:00,84,North,79.2736386214288,50
2017-05-04T12:00:00,84,South,21.763434952241774,22
2017-05-04T12:00:00,84,East,15.18850499904528,19
2017-05-04T12:00:00,84,West,9.476509205386545,17
2017-05-04T13:00:00,85,North,75.1392950563667,49
2017-05-04T13:00:00,85,South,21.39868393215634,23
2017-05-04T13:00:00,85,East,14.984161785263572,19
2017-05-04T13:00:00,85,West,10.175478928166122,17
2017-05-04T14:00:00,86,North,76.68893073726841,49
2017-05-04T14:00:00,86,South,22.070968661214504,23
2017-05-04T14:00:00,86,East,15.038398327471143,19
2017-05-04T14:00:00,86,West,9.52266112324109,17
2017-05-04T15:00:00,87,North,77.89636579581598,49
2017-05-04T15:00:00,87,South,24.734422900126834,24
2017-05-04T15:00:00,87,East,14.999685805425287,19
2017-05-04T15:00:00,87,West,9.765040761076337,16
2017-05-04T16:00:00,88,North,74.53751918946375,49
2017-05-04T16:00:00,88,South,21.407773713866902,23
2017-05-04T16:00:00,88,East,14.245204826456243,19
2017-05-04T16:00:00,88,West,10.139374040330596,17
2017-05-04T17:00:00,89,North,75.25214795675954,49
2017-05-04T17:00:00,89,South,22.12342836817421,23
2017-05-04T17:00:00,89,East,15.537433163539095,20
2017-05-04T17:00:00,89,West,9.282477329800221,16
2017-05-04T18:00:00,90,North,78.07981062759879,49
2017-05-04T18:00:00,90,South,24.44420725171866,24
2017-05-04T18:00:00,90,East,14.133336365340405,19
2017-05-04T18:00:00,90,West,9.622378777366631,16
2017-05-04T19:00:00,91,North,76.78454776927961,49
2017-05-04T19:00:00,91,South,21.993212740969046,23
2017-05-04T19:00:00,91,East,15.042105037380907,19
2017-05-04T19:00:00,91,West,9.31104063621828,17
2017-05-04T20:00:00,92,North,79.86298347661254,48
2017-05-04T20:00:00,92,South,26.63149578977137,24
2017-05-04T20:00:00,92,East,16.047195745095596,19
2017-05-04T20:00:00,92,West,10.03522817325528,17
2017-05-04T21:00:00,93,North,74.91045641084355,49
2017-05-04T21:00:00,93,South,22.1364686612145,23
2017-05-04T21:00:00,93,East,14.689079704926872,19
2017-05-04T21:00:00,93,West,8.840209025751864,17
2017-05-04T22:00:00,94,North,74.95007988877549,50
2017-05-04T22:00:00,94,South,22.15004499355393,23
2017-05-04T22:00:00,94,East,13.92652296838207,19
2017-05-04T22:00:00,94,West,8.897438066602923,16
2017-05-04T23:00:00,95,North,72.47756562698402,49
2017-05-04T23:00:00,95,South,22.874208887569473,24
2017-05-04T23:00:00,95,East,14.305298819557288,19
2017-05-04T23:00:00,95,West,8.975735886745111,16
2017-05-05T00:00:00,96,North,62.448466127074525,48
2017-05-05T00:00:00,96,South,20.839466201904532,24
2017-05-05T00:00:00,96,East,13.695157771949386,20
2017-05-05T00:00:00,96,West,7.221407152984987,16
2017-05-05T01:00:00,97,North,56.19486555447795,50
2017-05-05T01:00:00,97,South,20.014277106829564,25
2017-05-05T01:00:00,97,East,8.755659042265597,18
2017-05-05T01:00:00,97,West,5.063618345559363,15
2017-05-05T02:00:00,98,North,49.549190138331554,48
2017-05-05T02:00:00,98,South,18.55137043450673,26
2017-05-05T02:00:00,98,East,8.71707231102225,18
2017-05-05T02:00:00,98,West,5.09881968178623,16
2017-05-05T03:00:00,99,North,37.64277930630404,45
2017-05-05T03:00:00,99,South,18.013913267999335,28
2017-05-05T03:00:00,99,East,8.375463578938342,19
2017-05-05T03:00:00,99,West,4.038810421398735,16
2017-05-05T04:00:00,100,North,34.1396899490337,44
2017-05-05T04:00:00,100,South,17.537523940318458,29
2017-05-05T04:00:00,100,East,7.035794014168428,19
2017-05-05T04:00:00,100,West,4.012387184402428,16
2017-05-05T05:00:00,101,North,32.460668205975864,44
2017-05-05T05:00:00,101,South,14.733779198069783,27
2017-05-05T05:00:00,101,East,8.516534620070942,21
2017-05-05T05:00:00,101,West,4.3061195462335,16
2017-05-05T06:00:00,102,North,36.394857966011465,46
2017-05-05T06:00:00,102,South,14.940443287232194,26
2017-05-05T06:00:00,102,East,8.405760405650613,20
2017-05-05T06:00:00,102,West,4.879509659369539,16
2017-05-05T07:00:00,103,North,46.76319439003636,49
2017-05-05T07:00:00,103,South,15.754165907747153,24
2017-05-05T07:00:00,103,East,8.405760405650613,19
2017-05-05T07:00:00,103,West,4.596175604727931,16
2017-05-05T08:00:00,104,North,43.764698924380006,47
2017-05-05T08:00:00,104,South,17.791588943064376,26
2017-05-05T08:00:00,104,East,8.704463650873524,19
2017-05-05T08:00:00,104,West,5.0237726711124004,16
2017-05-05T09:00:00,105,North,49.63430640776824,49
2017-05-05T09:00:00,105,South,14.446319397020176,23
2017-05-05T09:00:00,105,East,10.844987278675292,20
2017-05-05T09:00:00,105,West,5.917466636350074,16
2017-05-05T10:00:00,106,North,62.19272504516169,49
2017-05-05T10:00:00,106,South,18.41746718891316,23
2017-05-05T10:00:00,106,East,11.640785238084458,19
2017-05-05T10:00:00,106,West,8.15404226866592,17
2017-05-05T11:00:00,107,North,72.69287940604302,50
2017-05-05T11:00:00,107,South,19.457317008776947,22
2017-05-05T11:00:00,107,East,13.326129099535319,19
2017-05-05T11:00:00,107,West,9.00940326227118,17
2017-05-05T12:00:00,108,North,78.12339556091983,50
2017-05-05T12:00:00,108,South,18.71931991679234,21
2017-05-05T12:00:00,108,East,14.09566920833653,19
2017-05-05T12:00:00,108,West,11.451207969251069,18
2017-05-05T13:00:00,109,North,73.50644029659193,50
2017-05-05T13:00:00,109,South,20.184146715821235,22
2017-05-05T13:00:00,109,East,13.27839746709769,19
2017-05-05T13:00:00,109,West,10.082719519550938,17
2017-05-05T14:00:00,110,North,73.95982674982113,49
2017-05-05T14:00:00,110,South,21.999257495673536,23
2017-05-05T14:00:00,110,East,15.128907430003418,19
2017-05-05T14:00:00,110,West,9.917863986318347,17
2017-05-05T15:00:00,111,North,72.16434837335888,49
2017-05-05T15:00:00,111,South,21.63794913904012,23
2017-05-05T15:00:00,111,East,15.077533202798568,20
2017-05-05T15:00:00,111,West,9.077399046863505,16
2017-05-05T16:00:00,112,North,69.192500318051,49
2017-05-05T16:00:00,112,South,20.793488407211875,23
2017-05-05T16:00:00,112,East,14.047186195042116,19
2017-05-05T16:00:00,112,West,9.438316103075957,17
2017-05-05T17:00:00,113,North,68.14501386035772,49
2017-05-05T17:00:00,113,South,18.571389473727514,22
2017-05-05T17:00:00,113,East,14.776670068953965,20
2017-05-05T17:00:00,113,West,8.81767786055207,17
2017-05-05T18:00:00,114,North,69.5519075836672,49
2017-05-05T18:00:00,114,South,20.029120896733687,23
2017-05-05T18:00:00,114,East,14.06229450402539,19
2017-05-05T18:00:00,114,West,8.597422835305153,17
2017-05-05T19:00:00,115,North,68.9363608313889,49
2017-05-05T19:00:00,115,South,21.758803105157412,23
2017-05-05T19:00:00,115,East,13.20293495956762,19
2017-05-05T19:00:00,115,West,8.702973668153646,17
2017-05-05T20:00:00,116,North,71.75166977707927,49
2017-05-05T20:00:00,116,South,20.793488407211875,23
2017-05-05T20:00:00,116,East,13.346298799544227,19
2017-05-05T20:00:00,116,West,9.166028396485098,17
2017-05-05T21:00:00,117,North,63.855277381422404,48
2017-05-05T21:00:00,117,South,19.96316897845281,23
2017-05-05T21:00:00,117,East,14.725514342878434,20
2017-05-05T21:00:00,117,West,9.185034948200967,17
2017-05-05T22:00:00,118,North,59.64849437721462,48
2017-05-05T22:00:00,118,South,19.92398923782973,24
2017-05-05T22:00:00,118,East,12.351806704856774,19
2017-05-05T22:00:00,118,West,8.365781296936627,17
2017-05-05T23:00:00,119,North,61.00329900170302,48
2017-05-05T23:00:00,119,South,19.15533962236133,23
2017-05-05T23:00:00,119,East,13.766565390463668,20
2017-05-05T23:00:00,119,West,8.609817132695136,17
2017-05-06T00:00:00,120,North,56.33146973024659,47
2017-05-06T00:00:00,120,South,19.034526637992002,24
2017-05-06T00:00:00,120,East,13.502112270076116,21
2017-05-06T00:00:00,120,West,6.6359295005634475,16
2017-05-06T01:00:00,121,North,47.853436429304935,47
2017-05-06T01:00:00,121,South,17.483959883055828,24
2017-05-06T01:00:00,121,East,12.28798746666801,21
2017-05-06T01:00:00,121,West,5.190280674713583,16
2017-05-06T02:00:00,122,North,38.19698882613382,45
2017-05-06T02:00:00,122,South,17.42882881771601,27
2017-05-06T02:00:00,122,East,9.082943447338902,20
2017-05-06T02:00:00,122,West,4.31310562212593,16
2017-05-06T03:00:00,123,North,36.38015064443233,47
2017-05-06T03:00:00,123,South,14.169968865052125,25
2017-05-06T03:00:00,123,East,7.99329197554824,20
2017-05-06T03:00:00,123,West,3.9338424997625374,16
2017-05-06T04:00:00,124,North,26.581310538505143,44
2017-05-06T04:00:00,124,South,11.480615320059918,26
2017-05-06T04:00:00,124,East,7.35629526255,21
2017-05-06T04:00:00,124,West,4.721566551700105,17
2017-05-06T05:00:00,125,North,23.59960916224522,42
2017-05-06T05:00:00,125,South,12.239378777329964,28
2017-05-06T05:00:00,125,East,6.90061978690226,21
2017-05-06T05:00:00,125,West,3.6322886451078404,17
2017-05-06T06:00:00,126,North,29.645216305102362,46
2017-05-06T06:00:00,126,South,11.291086264169452,25
2017-05-06T06:00:00,126,East,6.010618012897181,19
2017-05-06T06:00:00,126,West,4.748452626565658,18
2017-05-06T07:00:00,127,North,25.617645454899936,45
2017-05-06T07:00:00,127,South,11.46101825046285,26
2017-05-06T07:00:00,127,East,6.049893314409264,20
2017-05-06T07:00:00,127,West,3.9679853006644343,17
2017-05-06T08:00:00,128,North,31.64073976784009,47
2017-05-06T08:00:00,128,South,10.445100637605547,23
2017-05-06T08:00:00,128,East,8.06693920609634,21
2017-05-06T08:00:00,128,West,4.913797424118235,17
2017-05-06T09:00:00,129,North,35.622085779620065,46
2017-05-06T09:00:00,129,South,12.125297126613926,23
2017-05-06T09:00:00,129,East,10.607157516443682,22
2017-05-06T09:00:00,129,West,5.666881323783064,17
2017-05-06T10:00:00,130,North,49.399599153108866,49
2017-05-06T10:00:00,130,South,13.006408962643048,22
2017-05-06T10:00:00,130,East,12.048461156384251,21
2017-05-06T10:00:00,130,West,5.836304918648221,16
2017-05-06T11:00:00,131,North,50.46827839009855,47
2017-05-06T11:00:00,131,South,16.290617295835332,23
2017-05-06T11:00:00,131,East,13.490656042057001,21
2017-05-06T11:00:00,131,West,7.766825926766212,17
2017-05-06T12:00:00,132,North,47.73701730187817,44
2017-05-06T12:00:00,132,South,14.809859655630815,22
2017-05-06T12:00:00,132,East,15.680728989294984,23
2017-05-06T12:00:00,132,West,10.523993517686753,19
2017-05-06T13:00:00,133,North,43.1915024852096,44
2017-05-06T13:00:00,133,South,13.592920592962086,22
2017-05-06T13:00:00,133,East,15.221614597909623,24
2017-05-06T13:00:00,133,West,8.46698936667113,18
2017-05-06T14:00:00,134,North,43.30723888838416,44
2017-05-06T14:00:00,134,South,13.541278793437137,22
2017-05-06T14:00:00,134,East,14.767828820472822,23
2017-05-06T14:00:00,134,West,8.633825925989333,19
2017-05-06T15:00:00,135,North,39.272955435468134,42
2017-05-06T15:00:00,135,South,15.980526011431191,24
2017-05-06T15:00:00,135,East,14.767828820472824,24
2017-05-06T15:00:00,135,West,7.940798766543646,18
2017-05-06T16:00:00,136,North,42.308172826772484,43
2017-05-06T16:00:00,136,South,17.604990196495848,25
2017-05-06T16:00:00,136,East,14.62304695932754,22
2017-05-06T16:00:00,136,West,7.88919275890008,18
2017-05-06T17:00:00,137,North,42.38374183158754,43
2017-05-06T17:00:00,137,South,15.583637745032059,23
2017-05-06T17:00:00,137,East,16.11080540750128,24
2017-05-06T17:00:00,137,West,7.642988448709116,18
2017-05-06T18:00:00,138,North,43.37244969675608,44
2017-05-06T18:00:00,138,South,13.92163636830579,22
2017-05-06T18:00:00,138,East,17.242372371918236,24
2017-05-06T18:00:00,138,West,7.92556863781272,18
2017-05-06T19:00:00,139,North,49.234338212199944,43
2017-05-06T19:00:00,139,South,18.602775365966913,24
2017-05-06T19:00:00,139,East,18.150568485084566,23
2017-05-06T19:00:00,139,West,8.966504172979075,18
2017-05-06T20:00:00,140,North,56.52956815171134,43
2017-05-06T20:00:00,140,South,18.56718802805692,22
2017-05-06T20:00:00,140,East,28.317846237904902,27
2017-05-06T20:00:00,140,West,7.643941381590889,16
2017-05-06T21:00:00,141,North,49.980369033790296,41
2017-05-06T21:00:00,141,South,18.49579971143995,22
2017-05-06T21:00:00,141,East,27.29020092156785,28
2017-05-06T21:00:00,141,West,8.128879175701849,17
2017-05-06T22:00:00,142,North,52.482749496468585,45
2017-05-06T22:00:00,142,South,18.481958137616378,24
2017-05-06T22:00:00,142,East,13.719778483598157,21
2017-05-06T22:00:00,142,West,9.065035550044163,18
2017-05-06T23:00:00,143,North,47.19793591549258,45
2017-05-06T23:00:00,143,South,18.28898909872369,25
2017-05-06T23:00:00,143,East,13.290011720784218,21
2017-05-06T23:00:00,143,West,8.001456246370832,17
2017-05-07T00:00:00,144,North,43.70396726091312,43
2017-05-07T00:00:00,144,South,18.77319579502492,25
2017-05-07T00:00:00,144,East,15.517117503555802,23
2017-05-07T00:00:00,144,West,6.414867368810565,17
2017-05-07T01:00:00,145,North,38.61874888290506,44
2017-05-07T01:00:00,145,South,18.056843628128043,27
2017-05-07T01:00:00,145,East,11.242157509795167,21
2017-05-07T01:00:00,145,West,5.313887420557505,16
2017-05-07T02:00:00,146,North,31.961117222449374,43
2017-05-07T02:00:00,146,South,16.041555271957556,28
2017-05-07T02:00:00,146,East,8.83755187621988,21
2017-05-07T02:00:00,146,West,4.53160258130786,16
2017-05-07T03:00:00,147,North,32.94091789866431,46
2017-05-07T03:00:00,147,South,13.615445897097322,26
2017-05-07T03:00:00,147,East,7.361715780802788,20
2017-05-07T03:00:00,147,West,4.039960632226372,16
2017-05-07T04:00:00,148,North,22.069225193594644,42
2017-05-07T04:00:00,148,South,10.757402301059106,26
2017-05-07T04:00:00,148,East,8.100487756946757,23
2017-05-07T04:00:00,148,West,3.8815342033498763,17
2017-05-07T05:00:00,149,North,23.373706377780152,42
2017-05-07T05:00:00,149,South,12.146636563877587,28
2017-05-07T05:00:00,149,East,6.78462782953662,21
2017-05-07T05:00:00,149,West,3.8522768646861425,17
2017-05-07T06:00:00,150,North,26.362837431911206,44
2017-05-07T06:00:00,150,South,12.881957370868285,28
2017-05-07T06:00:00,150,East,6.001570150522799,19
2017-05-07T06:00:00,150,West,3.8248185265794485,17
2017-05-07T07:00:00,151,North,27.29669515313735,44
2017-05-07T07:00:00,151,South,11.983444910633558,26
2017-05-07T07:00:00,151,East,7.383443092760647,21
2017-05-07T07:00:00,151,West,3.962043370906605,17
2017-05-07T08:00:00,152,North,34.38731008103208,46
2017-05-07T08:00:00,152,South,13.424328997045611,25
2017-05-07T08:00:00,152,East,8.797474196301563,21
2017-05-07T08:00:00,152,West,4.05231012847128,16
2017-05-07T09:00:00,153,North,36.39005277109056,45
2017-05-07T09:00:00,153,South,11.607861151696978,22
2017-05-07T09:00:00,153,East,11.936684774649637,23
2017-05-07T09:00:00,153,West,6.479210297916828,18
2017-05-07T10:00:00,154,North,39.808008537088305,44
2017-05-07T10:00:00,154,South,13.064519298219421,22
2017-05-07T10:00:00,154,East,15.365697398292804,24
2017-05-07T10:00:00,154,West,7.390115515194386,18
2017-05-07T11:00:00,155,North,43.78581306958626,44
2017-05-07T11:00:00,155,South,15.090400088820203,23
2017-05-07T11:00:00,155,East,14.315312435422044,23
2017-05-07T11:00:00,155,West,8.001284095114205,18
2017-05-07T12:00:00,156,North,44.9005765069562,45
2017-05-07T12:00:00,156,South,14.098058366791363,22
2017-05-07T12:00:00,156,East,14.7153520800641,23
2017-05-07T12:00:00,156,West,7.897955325592902,18
2017-05-07T13:00:00,157,North,43.8001518397557,45
2017-05-07T13:00:00,157,South,12.026659456876875,21
2017-05-07T13:00:00,157,East,16.728283221490276,25
2017-05-07T13:00:00,157,West,7.252455607439863,17
2017-05-07T14:00:00,158,North,39.3314429178311,43
2017-05-07T14:00:00,158,South,13.831635086287777,23
2017-05-07T14:00:00,158,East,15.829109027035793,24
2017-05-07T14:00:00,158,West,7.8887822941078225,18
2017-05-07T15:00:00,159,North,41.982028743232526,44
2017-05-07T15:00:00,159,South,14.270177214052403,23
2017-05-07T15:00:00,159,East,14.932804712854635,23
2017-05-07T15:00:00,159,West,7.813985076881381,18
2017-05-07T16:00:00,160,North,40.03647318767697,43
2017-05-07T16:00:00,160,South,14.132740865181068,23
2017-05-07T16:00:00,160,East,15.462043209222541,24
2017-05-07T16:00:00,160,West,7.803180029567729,18
2017-05-07T17:00:00,161,North,42.025355522188335,42
2017-05-07T17:00:00,161,South,18.727989687296205,25
2017-05-07T17:00:00,161,East,15.816019966292346,23
2017-05-07T17:00:00,161,West,7.821040932319205,18
2017-05-07T18:00:00,162,North,51.10820820649761,42
2017-05-07T18:00:00,162,South,16.263197414802207,21
2017-05-07T18:00:00,162,East,27.378815893119892,28
2017-05-07T18:00:00,162,West,7.88427044139439,17
2017-05-07T19:00:00,163,North,55.77799132128475,46
2017-05-07T19:00:00,163,South,17.05162213186653,22
2017-05-07T19:00:00,163,East,18.755902762008255,23
2017-05-07T19:00:00,163,West,7.421997535282814,17
2017-05-07T20:00:00,164,North,52.1059898286689,45
2017-05-07T20:00:00,164,South,17.01603479395654,23
2017-05-07T20:00:00,164,East,18.142695100487472,23
2017-05-07T20:00:00,164,West,7.752587669546797,17
2017-05-07T21:00:00,165,North,54.19780246031266,46
2017-05-07T21:00:00,165,South,17.040157427548984,23
2017-05-07T21:00:00,165,East,16.97248783483047,22
2017-05-07T21:00:00,165,West,7.411544371626095,17
2017-05-07T22:00:00,166,North,55.82928114667076,45
2017-05-07T22:00:00,166,South,17.90301490581271,23
2017-05-07T22:00:00,166,East,18.475761312159417,23
2017-05-07T22:00:00,166,West,8.021316874184112,17
2017-05-07T23:00:00,167,North,54.236672230116774,44
2017-05-07T23:00:00,167,South,17.974789194887855,23
2017-05-07T23:00:00,167,East,19.85253188410156,24
2017-05-07T23:00:00,167,West,8.213579578713102,17
2017-05-08T00:00:00,0,North,47.79897198522885,43
2017-05-08T00:00:00,0,South,19.745766874105172,25
2017-05-08T00:00:00,0,East,16.194594240367387,23
2017-05-08T00:00:00,0,West,7.246497858790042,17
2017-05-08T01:00:00,1,North,45.969120509886984,45
2017-05-08T01:00:00,1,South,19.356012721669362,26
2017-05-08T01:00:00,1,East,14.721261380048139,22
2017-05-08T01:00:00,1,West,4.633106865945109,15
2017-05-08T02:00:00,2,North,36.228660364477655,45
2017-05-08T02:00:00,2,South,17.354870027799247,28
2017-05-08T02:00:00,2,East,8.229798118481398,19
2017-05-08T02:00:00,2,West,4.2134972708814935,16
2017-05-08T03:00:00,3,North,32.41447556142155,44
2017-05-08T03:00:00,3,South,16.15553473726428,28
2017-05-08T03:00:00,3,East,7.516642285458539,20
2017-05-08T03:00:00,3,West,4.455396576969815,16
2017-05-08T04:00:00,4,North,34.43293401914258,45
2017-05-08T04:00:00,4,South,15.230866991049284,27
2017-05-08T04:00:00,4,East,8.231636776008353,20
2017-05-08T04:00:00,4,West,4.057890997106683,16
2017-05-08T05:00:00,5,North,30.819555050071383,45
2017-05-08T05:00:00,5,South,14.327573482967829,27
2017-05-08T05:00:00,5,East,7.148271543401803,19
2017-05-08T05:00:00,5,West,4.363557568486482,17
2017-05-08T06:00:00,6,North,31.91409800022092,43
2017-05-08T06:00:00,6,South,16.127058958110364,27
2017-05-08T06:00:00,6,East,9.987476976895394,22
2017-05-08T06:00:00,6,West,4.073811730171152,16
2017-05-08T07:00:00,7,North,39.53125196952003,46
2017-05-08T07:00:00,7,South,16.866342424338615,26
2017-05-08T07:00:00,7,East,10.050190347553855,21
2017-05-08T07:00:00,7,West,3.946769644746061,15
2017-05-08T08:00:00,8,North,42.21242991990018,46
2017-05-08T08:00:00,8,South,15.465969300368345,25
2017-05-08T08:00:00,8,East,10.11627290427826,20
2017-05-08T08:00:00,8,West,6.136350385838852,17
2017-05-08T09:00:00,9,North,46.1286083667703,46
2017-05-08T09:00:00,9,South,18.898533390705914,26
2017-05-08T09:00:00,9,East,9.887981211410988,19
2017-05-08T09:00:00,9,West,6.562790359633171,17
2017-05-08T10:00:00,10,North,64.0797289411931,49
2017-05-08T10:00:00,10,South,18.99068349927088,23
2017-05-08T10:00:00,10,East,14.32923671241143,20
2017-05-08T10:00:00,10,West,7.089849950638174,16
2017-05-08T11:00:00,11,North,78.92365044191573,50
2017-05-08T11:00:00,11,South,18.857642922101938,21
2017-05-08T11:00:00,11,East,15.456303274087938,20
2017-05-08T11:00:00,11,West,9.656324151048114,17
2017-05-08T12:00:00,12,North,77.19301130878561,49
2017-05-08T12:00:00,12,South,19.916946553428694,22
2017-05-08T12:00:00,12,East,15.58749163959796,20
2017-05-08T12:00:00,12,West,11.045944033166714,17
2017-05-08T13:00:00,13,North,50.71721829528103,44
2017-05-08T13:00:00,13,South,19.916946553428694,24
2017-05-08T13:00:00,13,East,15.382421745115856,22
2017-05-08T13:00:00,13,West,10.009527329037008,18
2017-05-08T14:00:00,14,North,73.19263914967982,49
2017-05-08T14:00:00,14,South,19.129286083865917,22
2017-05-08T14:00:00,14,East,15.805403770110136,20
2017-05-08T14:00:00,14,West,10.024576956828572,17
2017-05-08T15:00:00,15,North,67.76244113609891,48
2017-05-08T15:00:00,15,South,19.147197938025272,22
2017-05-08T15:00:00,15,East,15.748855568433324,21
2017-05-08T15:00:00,15,West,9.105055414125909,17
2017-05-08T16:00:00,16,North,42.28547573145689,42
2017-05-08T16:00:00,16,South,19.220400603327764,25
2017-05-08T16:00:00,16,East,15.140880710193377,23
2017-05-08T16:00:00,16,West,8.557945683990976,18
2017-05-08T17:00:00,17,North,72.86512285921869,49
2017-05-08T17:00:00,17,South,19.303139655489083,22
2017-05-08T17:00:00,17,East,16.652413595142175,21
2017-05-08T17:00:00,17,West,7.736108793004961,16
2017-05-08T18:00:00,18,North,77.21428451745051,51
2017-05-08T18:00:00,18,South,19.73078863965508,22
2017-05-08T18:00:00,18,East,14.908287411004146,19
2017-05-08T18:00:00,18,West,8.263667784715896,16
2017-05-08T19:00:00,19,North,77.68478288457673,48
2017-05-08T19:00:00,19,South,22.943169067896914,23
2017-05-08T19:00:00,19,East,16.512711838833713,20
2017-05-08T19:00:00,19,West,9.956917913234445,17
2017-05-08T20:00:00,20,North,77.56993719734518,49
2017-05-08T20:00:00,20,South,23.05052966616085,23
2017-05-08T20:00:00,20,East,15.865566827568799,20
2017-05-08T20:00:00,20,West,9.054662531433385,16
2017-05-08T21:00:00,21,North,76.5720360757218,49
2017-05-08T21:00:00,21,South,22.508223821277937,23
2017-05-08T21:00:00,21,East,16.554738076419625,20
2017-05-08T21:00:00,21,West,9.65146076460952,16
2017-05-08T22:00:00,22,North,76.0845657403394,50
2017-05-08T22:00:00,22,South,21.727889008593166,23
2017-05-08T22:00:00,22,East,14.496766851186765,19
2017-05-08T22:00:00,22,West,9.012189375378505,16
2017-05-08T23:00:00,23,North,73.00292149242479,49
2017-05-08T23:00:00,23,South,22.621150650546227,23
2017-05-08T23:00:00,23,East,14.444421860069152,19
2017-05-08T23:00:00,23,West,9.235702241501118,17
2017-05-09T00:00:00,24,North,71.3219167806834,49
2017-05-09T00:00:00,24,South,21.93538688962004,23
2017-05-09T00:00:00,24,East,14.511680688345615,20
2017-05-09T00:00:00,24,West,8.243758161265857,16
2017-05-09T01:00:00,25,North,56.32044021157374,48
2017-05-09T01:00:00,25,South,22.66922695887013,27
2017-05-09T01:00:00,25,East,10.006687664274212,18
2017-05-09T01:00:00,25,West,5.203933871961057,15
2017-05-09T02:00:00,26,North,47.59780268894413,48
2017-05-09T02:00:00,26,South,19.570379454539026,27
2017-05-09T02:00:00,26,East,7.563421345347022,17
2017-05-09T02:00:00,26,West,5.087539107394903,16
2017-05-09T03:00:00,27,North,41.81946600864556,46
2017-05-09T03:00:00,27,South,19.058397407360296,28
2017-05-09T03:00:00,27,East,7.827542171546241,18
2017-05-09T03:00:00,27,West,4.298249481802399,16
2017-05-09T04:00:00,28,North,33.258584918082164,46
2017-05-09T04:00:00,28,South,15.38794248949651,28
2017-05-09T04:00:00,28,East,6.039406172038257,18
2017-05-09T04:00:00,28,West,4.043943539883622,16
2017-05-09T05:00:00,29,North,34.580216688321705,45
2017-05-09T05:00:00,29,South,15.22564793144338,27
2017-05-09T05:00:00,29,East,8.29981206529361,20
2017-05-09T05:00:00,29,West,4.043943539883622,16
2017-05-09T06:00:00,30,North,43.01840406502638,49
2017-05-09T06:00:00,30,South,15.592349808742112,25
2017-05-09T06:00:00,30,East,8.072856603790163,19
2017-05-09T06:00:00,30,West,4.083194975616605,15
2017-05-09T07:00:00,31,North,44.8477104399325,47
2017-05-09T07:00:00,31,South,18.14504053824707,26
2017-05-09T07:00:00,31,East,8.32955766133608,19
2017-05-09T07:00:00,31,West,5.14306020312872,16
2017-05-09T08:00:00,32,North,49.81591761770818,48
2017-05-09T08:00:00,32,South,17.23426606064384,25
2017-05-09T08:00:00,32,East,9.926911631278223,19
2017-05-09T08:00:00,32,West,6.100388584819828,16
2017-05-09T09:00:00,33,North,58.63812104827235,48
2017-05-09T09:00:00,33,South,17.953907993146668,23
2017-05-09T09:00:00,33,East,12.702652483490379,20
2017-05-09T09:00:00,33,West,7.23148804724923,17
2017-05-09T10:00:00,34,North,71.28772151323913,50
2017-05-09T10:00:00,34,South,19.08250639757474,22
2017-05-09T10:00:00,34,East,14.059931815352899,19
2017-05-09T10:00:00,34,West,8.452558182232673,17
2017-05-09T11:00:00,35,North,75.96053072299216,48
2017-05-09T11:00:00,35,South,22.507690146358115,23
2017-05-09T11:00:00,35,East,19.89543001875743,21
2017-05-09T11:00:00,35,West,9.175536698616686,16
2017-05-09T12:00:00,36,North,78.01999169932621,48
2017-05-09T12:00:00,36,South,21.88125454780974,22
2017-05-09T12:00:00,36,East,18.420141293745747,21
2017-05-09T12:00:00,36,West,10.555710482273334,17
2017-05-09T13:00:00,37,North,78.44080691189143,49
2017-05-09T13:00:00,37,South,21.762499772914747,22
2017-05-09T13:00:00,37,East,18.30616946866544,20
2017-05-09T13:00:00,37,West,9.855289369182719,17
2017-05-09T14:00:00,38,North,83.23670481762309,50
2017-05-09T14:00:00,38,South,22.955453623382056,22
2017-05-09T14:00:00,38,East,17.267601465644923,20
2017-05-09T14:00:00,38,West,8.53705621420963,16
2017-05-09T15:00:00,39,North,61.02338634630053,46
2017-05-09T15:00:00,39,South,22.499142527310497,24
2017-05-09T15:00:00,39,East,16.98445793286305,21
2017-05-09T15:00:00,39,West,9.267430895007791,17
2017-05-09T16:00:00,40,North,75.78902246698053,47
2017-05-09T16:00:00,40,South,21.76332923262396,22
2017-05-09T16:00:00,40,East,16.53632762979926,19
2017-05-09T16:00:00,40,West,16.67121532198353,20
2017-05-09T17:00:00,41,North,79.6027939324154,48
2017-05-09T17:00:00,41,South,21.76332923262396,22
2017-05-09T17:00:00,41,East,16.887690529673606,19
2017-05-09T17:00:00,41,West,15.666436201629633,19
2017-05-09T18:00:00,42,North,79.68821449240441,49
2017-05-09T18:00:00,42,South,24.060391668841724,23
2017-05-09T18:00:00,42,East,17.11409895136304,20
2017-05-09T18:00:00,42,West,9.49856988787532,16
2017-05-09T19:00:00,43,North,60.48020760233918,45
2017-05-09T19:00:00,43,South,23.067150115849174,25
2017-05-09T19:00:00,43,East,15.498495176845923,21
2017-05-09T19:00:00,43,West,9.21678846150689,17
2017-05-09T20:00:00,44,North,83.15425326230935,49
2017-05-09T20:00:00,44,South,25.345922613148268,23
2017-05-09T20:00:00,44,East,16.972872936187045,20
2017-05-09T20:00:00,44,West,8.887077794592278,16
2017-05-09T21:00:00,45,North,79.67568512556528,49
2017-05-09T21:00:00,45,South,23.864358391343266,23
2017-05-09T21:00:00,45,East,15.593146243566741,19
2017-05-09T21:00:00,45,West,9.55632387454598,17
2017-05-09T22:00:00,46,North,79.40593038845661,50
2017-05-09T22:00:00,46,South,21.79433041190159,22
2017-05-09T22:00:00,46,East,16.938039997218514,20
2017-05-09T22:00:00,46,West,9.308398745284082,16
2017-05-09T23:00:00,47,North,74.2597725830332,49
2017-05-09T23:00:00,47,South,22.700030242816126,23
2017-05-09T23:00:00,47,East,14.903063583178145,19
2017-05-09T23:00:00,47,West,9.514802228675796,17
2017-05-10T00:00:00,48,North,70.39744121117333,49
2017-05-10T00:00:00,48,South,22.1281931921856,24
2017-05-10T00:00:00,48,East,11.23719737266998,18
2017-05-10T00:00:00,48,West,8.873749421171505,17
2017-05-10T01:00:00,49,North,64.79449436923709,50
2017-05-10T01:00:00,49,South,22.451830615412213,25
2017-05-10T01:00:00,49,East,9.972250677392639,18
2017-05-10T01:00:00,49,West,5.108573614328446,15
2017-05-10T02:00:00,50,North,48.557700109437086,49
2017-05-10T02:00:00,50,South,17.314835539120473,25
2017-05-10T02:00:00,50,East,8.581392424500224,18
2017-05-10T02:00:00,50,West,5.05212081241475,16
2017-05-10T03:00:00,51,North,40.81971038441383,47
2017-05-10T03:00:00,51,South,17.925365892713266,27
2017-05-10T03:00:00,51,East,7.844731812307045,19
2017-05-10T03:00:00,51,West,4.123225532652798,15
2017-05-10T04:00:00,52,North,35.26832126351759,45
2017-05-10T04:00:00,52,South,17.994804130863326,29
2017-05-10T04:00:00,52,East,6.065037735737408,18
2017-05-10T04:00:00,52,West,3.9026363448588595,16
2017-05-10T05:00:00,53,North,37.47209922457595,47
2017-05-10T05:00:00,53,South,15.286436035157534,26
2017-05-10T05:00:00,53,East,7.537650780520185,19
2017-05-10T05:00:00,53,West,4.5945030487542615,16
2017-05-10T06:00:00,54,North,43.925981295522234,48
2017-05-10T06:00:00,54,South,17.791790083833458,27
2017-05-10T06:00:00,54,East,6.615920762249343,17
2017-05-10T06:00:00,54,West,4.584372615510283,16
2017-05-10T07:00:00,55,North,47.970460025239596,49
2017-05-10T07:00:00,55,South,17.710675889967348,25
2017-05-10T07:00:00,55,East,8.678108225185612,19
2017-05-10T07:00:00,55,West,4.16315203514878,15
2017-05-10T08:00:00,56,North,51.82796793360389,48
2017-05-10T08:00:00,56,South,18.904207386301767,25
2017-05-10T08:00:00,56,East,9.553205466237081,19
2017-05-10T08:00:00,56,West,4.983507924924633,16
2017-05-10T09:00:00,57,North,62.48774237366683,50
2017-05-10T09:00:00,57,South,18.09980113751209,23
2017-05-10T09:00:00,57,East,10.506168078162222,19
2017-05-10T09:00:00,57,West,6.6707719607067775,16
2017-05-10T10:00:00,58,North,71.26223979979929,50
2017-05-10T10:00:00,58,South,18.756124677427312,22
2017-05-10T10:00:00,58,East,15.416873415495907,20
2017-05-10T10:00:00,58,West,8.550388418665205,16
2017-05-10T11:00:00,59,North,77.13539219851947,49
2017-05-10T11:00:00,59,South,21.919370507600938,23
2017-05-10T11:00:00,59,East,16.16508562059222,20
2017-05-10T11:00:00,59,West,9.167115504887395,16
2017-05-10T12:00:00,60,North,80.33404844602154,49
2017-05-10T12:00:00,60,South,23.060605856756798,23
2017-05-10T12:00:00,60,East,16.501827292110228,19
2017-05-10T12:00:00,60,West,10.846773381457222,17
2017-05-10T13:00:00,61,North,73.3318354387273,48
2017-05-10T13:00:00,61,South,21.94782792850215,23
2017-05-10T13:00:00,61,East,16.835769949737553,20
2017-05-10T13:00:00,61,West,10.32553824736124,17
2017-05-10T14:00:00,62,North,81.6232683244665,49
2017-05-10T14:00:00,62,South,23.325359486553385,22
2017-05-10T14:00:00,62,East,18.942659762385816,21
2017-05-10T14:00:00,62,West,9.868879509088426,16
2017-05-10T15:00:00,63,North,79.92359745611915,50
2017-05-10T15:00:00,63,South,21.266884435882723,22
2017-05-10T15:00:00,63,East,15.922570193578881,19
2017-05-10T15:00:00,63,West,9.840321523000497,17
2017-05-10T16:00:00,64,North,75.57936652936542,49
2017-05-10T16:00:00,64,South,21.28785808937966,22
2017-05-10T16:00:00,64,East,16.951414330822704,20
2017-05-10T16:00:00,64,West,9.830630466338466,17
2017-05-10T17:00:00,65,North,77.87742898278667,48
2017-05-10T17:00:00,65,South,27.334412821997887,25
2017-05-10T17:00:00,65,East,15.73580830613976,19
2017-05-10T17:00:00,65,West,9.454902158159335,16
2017-05-10T18:00:00,66,North,79.02671423097884,48
2017-05-10T18:00:00,66,South,26.134705876119746,24
2017-05-10T18:00:00,66,East,16.471156573353706,20
2017-05-10T18:00:00,66,West,9.687890840785585,16
2017-05-10T19:00:00,67,North,81.12662584186118,48
2017-05-10T19:00:00,67,South,26.035655367250897,24
2017-05-10T19:00:00,67,East,16.339377594950854,19
2017-05-10T19:00:00,67,West,10.18901578435322,17
2017-05-10T20:00:00,68,North,80.54687743850303,49
2017-05-10T20:00:00,68,South,23.300491045869947,23
2017-05-10T20:00:00,68,East,16.449737698111303,20
2017-05-10T20:00:00,68,West,9.518322908323396,16
2017-05-10T21:00:00,69,North,79.83116533609794,49
2017-05-10T21:00:00,69,South,24.810341239187174,24
2017-05-10T21:00:00,69,East,16.035121968022448,19
2017-05-10T21:00:00,69,West,9.224432208878564,16
2017-05-10T22:00:00,70,North,79.54927750394782,49
2017-05-10T22:00:00,70,South,26.820246703092643,24
2017-05-10T22:00:00,70,East,14.748097213429896,19
2017-05-10T22:00:00,70,West,9.360321862342515,16
2017-05-10T23:00:00,71,North,73.3941401363425,48
2017-05-10T23:00:00,71,South,24.07702007793436,24
2017-05-10T23:00:00,71,East,14.673113031819607,19
2017-05-10T23:00:00,71,West,9.13279073697315,17
2017-05-11T00:00:00,72,North,67.74116738979266,48
2017-05-11T00:00:00,72,South,21.41253853787829,24
2017-05-11T00:00:00,72,East,15.043894082578433,20
2017-05-11T00:00:00,72,West,7.528802677842407,16
2017-05-11T01:00:00,73,North,59.23014447918785,48
2017-05-11T01:00:00,73,South,22.701819150328948,26
2017-05-11T01:00:00,73,East,10.80978087030279,19
2017-05-11T01:00:00,73,West,5.394795114302553,15
2017-05-11T02:00:00,74,North,50.571558783472334,48
2017-05-11T02:00:00,74,South,21.784223374318795,27
2017-05-11T02:00:00,74,East,8.287943963492426,18
2017-05-11T02:00:00,74,West,4.733234261011972,15
2017-05-11T03:00:00,75,North,42.631874332521626,48
2017-05-11T03:00:00,75,South,16.98307216551612,26
2017-05-11T03:00:00,75,East,7.599158798148052,18
2017-05-11T03:00:00,75,West,4.069642160596626,16
2017-05-11T04:00:00,76,North,34.23722678240699,46
2017-05-11T04:00:00,76,South,15.155070109443724,27
2017-05-11T04:00:00,76,East,6.609391063664883,19
2017-05-11T04:00:00,76,West,3.9349023373300094,16
2017-05-11T05:00:00,77,North,29.601309371074322,43
2017-05-11T05:00:00,77,South,16.81902132188697,30
2017-05-11T05:00:00,77,East,6.986801101551922,19
2017-05-11T05:00:00,77,West,4.09765798778797,16
2017-05-11T06:00:00,78,North,39.26655081590624,46
2017-05-11T06:00:00,78,South,16.677697618626002,26
2017-05-11T06:00:00,78,East,8.82574710263451,20
2017-05-11T06:00:00,78,West,4.576463783601451,16
2017-05-11T07:00:00,79,North,43.035821254134106,48
2017-05-11T07:00:00,79,South,16.07973785565872,26
2017-05-11T07:00:00,79,East,7.011815844624,18
2017-05-11T07:00:00,79,West,4.977683840188096,16
2017-05-11T08:00:00,80,North,45.92521596855337,45
2017-05-11T08:00:00,80,South,18.778205156679025,25
2017-05-11T08:00:00,80,East,13.29407118356197,22
2017-05-11T08:00:00,80,West,5.226902077939483,16
2017-05-11T09:00:00,81,North,55.23365584182104,49
2017-05-11T09:00:00,81,South,17.976417028616133,24
2017-05-11T09:00:00,81,East,10.897623710870029,19
2017-05-11T09:00:00,81,West,6.299104947850054,16
2017-05-11T10:00:00,82,North,80.11375032521663,51
2017-05-11T10:00:00,82,South,18.7692578879438,21
2017-05-11T10:00:00,82,East,16.338515935034085,20
2017-05-11T10:00:00,82,West,9.17175634189629,16
2017-05-11T11:00:00,83,North,55.87218623481781,44
2017-05-11T11:00:00,83,South,20.872997782609687,24
2017-05-11T11:00:00,83,East,17.296750993026997,22
2017-05-11T11:00:00,83,West,9.369417794848559,18
2017-05-11T12:00:00,84,North,59.00393195286788,44
2017-05-11T12:00:00,84,South,22.91909160129691,25
2017-05-11T12:00:00,84,East,17.282068043472194,21
2017-05-11T12:00:00,84,West,11.06447016565077,18
2017-05-11T13:00:00,85,North,75.07350324296672,49
2017-05-11T13:00:00,85,South,21.29258750846627,22
2017-05-11T13:00:00,85,East,15.495361721056742,20
2017-05-11T13:00:00,85,West,9.941897451022868,17
2017-05-11T14:00:00,86,North,61.37743195286787,45
2017-05-11T14:00:00,86,South,22.526437619835967,24
2017-05-11T14:00:00,86,East,18.533437822276927,22
2017-05-11T14:00:00,86,West,9.907112868245314,17
2017-05-11T15:00:00,87,North,83.71180070030321,48
2017-05-11T15:00:00,87,South,26.609609737532033,24
2017-05-11T15:00:00,87,East,18.683783122929604,20
2017-05-11T15:00:00,87,West,9.377623070411563,16
2017-05-11T16:00:00,88,North,84.74711946777153,50
2017-05-11T16:00:00,88,South,22.556767430640015,22
2017-05-11T16:00:00,88,East,18.143347880104567,20
2017-05-11T16:00:00,88,West,9.278702934565429,16
2017-05-11T17:00:00,89,North,80.89421875547882,49
2017-05-11T17:00:00,89,South,23.430516195397583,23
2017-05-11T17:00:00,89,East,18.80950940801335,20
2017-05-11T17:00:00,89,West,9.77350079655761,16
2017-05-11T18:00:00,90,North,81.67369457855926,48
2017-05-11T18:00:00,90,South,27.334412821997887,24
2017-05-11T18:00:00,90,East,16.4023737725527,19
2017-05-11T18:00:00,90,West,9.853392620903083,17
2017-05-11T19:00:00,91,North,82.87601795518265,49
2017-05-11T19:00:00,91,South,26.59007374293576,24
2017-05-11T19:00:00,91,East,16.862504948717856,19
2017-05-11T19:00:00,91,West,9.817369121911522,16
2017-05-11T20:00:00,92,North,80.14682281969483,49
2017-05-11T20:00:00,92,South,25.743416270169106,24
2017-05-11T20:00:00,92,East,14.88074956691093,19
2017-05-11T20:00:00,92,West,9.230828205518517,16
2017-05-11T21:00:00,93,North,76.67302968962098,48
2017-05-11T21:00:00,93,South,24.039595835510116,23
2017-05-11T21:00:00,93,East,16.984894266331622,20
2017-05-11T21:00:00,93,West,9.849214425934756,17
2017-05-11T22:00:00,94,North,75.26981452974579,49
2017-05-11T22:00:00,94,South,23.425359486553383,24
2017-05-11T22:00:00,94,East,14.674287689620371,19
2017-05-11T22:00:00,94,West,9.123585198460292,16
2017-05-11T23:00:00,95,North,73.94791645021841,49
2017-05-11T23:00:00,95,South,22.826265370007775,24
2017-05-11T23:00:00,95,East,13.835989655732423,19
2017-05-11T23:00:00,95,West,8.820265806300561,16
2017-05-12T00:00:00,96,North,70.48090059855637,50
2017-05-12T00:00:00,96,South,20.719550577417287,23
2017-05-12T00:00:00,96,East,11.16984044265608,18
2017-05-12T00:00:00,96,West,8.12235388503859,17
2017-05-12T01:00:00,97,North,57.532986582949725,48
2017-05-12T01:00:00,97,South,19.861898892612984,25
2017-05-12T01:00:00,97,East,11.85189328775268,19
2017-05-12T01:00:00,97,West,5.560113355050439,16
2017-05-12T02:00:00,98,North,50.581083497207665,48
2017-05-12T02:00:00,98,South,19.784360739674593,26
2017-05-12T02:00:00,98,East,8.260999431540313,18
2017-05-12T02:00:00,98,West,4.998990965714145,16
2017-05-12T03:00:00,99,North,39.486053165132134,47
2017-05-12T03:00:00,99,South,16.758093409990085,27
2017-05-12T03:00:00,99,East,6.205986271660862,18
2017-05-12T03:00:00,99,West,4.878337493017445,16
2017-05-12T04:00:00,100,North,34.10921532160492,45
2017-05-12T04:00:00,100,South,15.796885681721848,28
2017-05-12T04:00:00,100,East,7.478953168079259,19
2017-05-12T04:00:00,100,West,3.8548462872380433,16
2017-05-12T05:00:00,101,North,31.43585482116248,47
2017-05-12T05:00:00,101,South,12.692641876507746,26
2017-05-12T05:00:00,101,East,5.81019033362986,19
2017-05-12T05:00:00,101,West,3.9401716820536916,16
2017-05-12T06:00:00,102,North,41.66363913164735,50
2017-05-12T06:00:00,102,South,14.34263671258368,25
2017-05-12T06:00:00,102,East,6.061833839794586,17
2017-05-12T06:00:00,102,West,4.439962526727743,16
2017-05-12T07:00:00,103,North,48.78001353897253,49
2017-05-12T07:00:00,103,South,15.768409902567933,24
2017-05-12T07:00:00,103,East,8.657684001530198,19
2017-05-12T07:00:00,103,West,4.946027483850196,16
2017-05-12T08:00:00,104,North,50.48577805597641,51
2017-05-12T08:00:00,104,South,12.95964195725988,22
2017-05-12T08:00:00,104,East,8.68041607719541,19
2017-05-12T08:00:00,104,West,4.7914545504188535,16
2017-05-12T09:00:00,105,North,57.90214222775971,49
2017-05-12T09:00:00,105,South,17.644588345904786,23
2017-05-12T09:00:00,105,East,10.785546801051604,19
2017-05-12T09:00:00,105,West,6.830997140299785,17
2017-05-12T10:00:00,106,North,69.9083421488663,50
2017-05-12T10:00:00,106,South,17.812068416275345,22
2017-05-12T10:00:00,106,East,14.66224922923919,20
2017-05-12T10:00:00,106,West,7.989219998011873,16
2017-05-12T11:00:00,107,North,76.28359652005756,51
2017-05-12T11:00:00,107,South,18.032827477674495,21
2017-05-12T11:00:00,107,East,15.836430160281008,20
2017-05-12T11:00:00,107,West,8.237287347979729,16
2017-05-12T12:00:00,108,North,76.50583185090463,49
2017-05-12T12:00:00,108,South,19.518507041527297,22
2017-05-12T12:00:00,108,East,15.986921340768166,20
2017-05-12T12:00:00,108,West,10.776295747882083,17
2017-05-12T13:00:00,109,North,74.25193860265901,49
2017-05-12T13:00:00,109,South,20.080411891564214,22
2017-05-12T13:00:00,109,East,16.291178023497494,20
2017-05-12T13:00:00,109,West,10.358215741105843,17
2017-05-12T14:00:00,110,North,78.65526388549539,49
2017-05-12T14:00:00,110,South,22.1628932712848,23
2017-05-12T14:00:00,110,East,16.776149196998684,20
2017-05-12T14:00:00,110,West,8.816777583904361,16
2017-05-12T15:00:00,111,North,74.45365108953776,48
2017-05-12T15:00:00,111,South,21.554019568015647,23
2017-05-12T15:00:00,111,East,17.11404672608661,20
2017-05-12T15:00:00,111,West,10.004411835153256,17
2017-05-12T16:00:00,112,North,73.9193813059957,48
2017-05-12T16:00:00,112,South,22.254044897436426,23
2017-05-12T16:00:00,112,East,16.163004647780006,20
2017-05-12T16:00:00,112,West,9.842106077823678,17
2017-05-12T17:00:00,113,North,74.95298956009991,49
2017-05-12T17:00:00,113,South,21.706132356643856,23
2017-05-12T17:00:00,113,East,15.690868206916708,20
2017-05-12T17:00:00,113,West,8.682211488610987,16
2017-05-12T18:00:00,114,North,77.71766452001528,48
2017-05-12T18:00:00,114,South,20.759254574544755,22
2017-05-12T18:00:00,114,East,21.33445665983181,22
2017-05-12T18:00:00,114,West,8.45492886535434,16
2017-05-12T19:00:00,115,North,74.95543477414147,48
2017-05-12T19:00:00,115,South,20.908900953007475,22
2017-05-12T19:00:00,115,East,18.006582283142684,21
2017-05-12T19:00:00,115,West,9.3198780901131,17
2017-05-12T20:00:00,116,North,72.20999737012961,48
2017-05-12T20:00:00,116,South,21.62342572598582,23
2017-05-12T20:00:00,116,East,15.06870503777162,20
2017-05-12T20:00:00,116,West,9.501117114827876,17
2017-05-12T21:00:00,117,North,70.61602027274185,49
2017-05-12T21:00:00,117,South,20.70116498625608,23
2017-05-12T21:00:00,117,East,16.28332073434233,20
2017-05-12T21:00:00,117,West,8.511725467782524,16
2017-05-12T22:00:00,118,North,67.26090988879785,49
2017-05-12T22:00:00,118,South,18.167824994785917,22
2017-05-12T22:00:00,118,East,15.06006924278122,20
2017-05-12T22:00:00,118,West,9.416592393608381,17
2017-05-12T23:00:00,119,North,66.1097037528388,48
2017-05-12T23:00:00,119,South,18.69465627548196,22
2017-05-12T23:00:00,119,East,15.849387247556498,21
2017-05-12T23:00:00,119,West,8.736514725041571,17
2017-05-13T00:00:00,120,North,59.12632102927582,47
2017-05-13T00:00:00,120,South,19.693876557215525,24
2017-05-13T00:00:00,120,East,15.485001079190145,21
2017-05-13T00:00:00,120,West,6.4131561482037585,16
2017-05-13T01:00:00,121,North,48.864321929197985,48
2017-05-13T01:00:00,121,South,18.108265568522242,26
2017-05-13T01:00:00,121,East,9.382409771689805,19
2017-05-13T01:00:00,121,West,4.488711748462042,15
2017-05-13T02:00:00,122,North,38.11224930805171,45
2017-05-13T02:00:00,122,South,18.388845857671054,28
2017-05-13T02:00:00,122,East,8.539728371715297,19
2017-05-13T02:00:00,122,West,4.151065041110781,16
2017-05-13T03:00:00,123,North,32.4644362602502,46
2017-05-13T03:00:00,123,South,14.68057014899777,28
2017-05-13T03:00:00,123,East,5.88342289712051,18
2017-05-13T03:00:00,123,West,3.6785248291488974,16
2017-05-13T04:00:00,124,North,25.581310538505143,44
2017-05-13T04:00:00,124,South,13.008989905329958,28
2017-05-13T04:00:00,124,East,5.9295186080905555,19
2017-05-13T04:00:00,124,West,3.919411811238372,17
2017-05-13T05:00:00,125,North,23.599609162245223,43
2017-05-13T05:00:00,125,South,12.2721564019901,28
2017-05-13T05:00:00,125,East,6.590223594367899,20
2017-05-13T05:00:00,125,West,3.8629982719597593,17
2017-05-13T06:00:00,126,North,24.645216305102362,47
2017-05-13T06:00:00,126,South,8.600889419944464,24
2017-05-13T06:00:00,126,East,5.3601537218972926,20
2017-05-13T06:00:00,126,West,3.7179060955614642,17
2017-05-13T07:00:00,127,North,28.617645454899936,48
2017-05-13T07:00:00,127,South,9.145221351018229,23
2017-05-13T07:00:00,127,East,6.0103534955816,20
2017-05-13T07:00:00,127,West,3.685421001827848,17
2017-05-13T08:00:00,128,North,31.678125506379985,47
2017-05-13T08:00:00,128,South,10.674331098542208,24
2017-05-13T08:00:00,128,East,7.919984185902873,21
2017-05-13T08:00:00,128,West,4.106703010109839,16
2017-05-13T09:00:00,129,North,41.772340851922486,47
2017-05-13T09:00:00,129,South,11.163107948972932,21
2017-05-13T09:00:00,129,East,13.618282742752163,23
2017-05-13T09:00:00,129,West,6.345005269214874,17
2017-05-13T10:00:00,130,North,42.03689632491497,45
2017-05-13T10:00:00,130,South,13.814667004878483,23
2017-05-13T10:00:00,130,East,13.431782129494122,22
2017-05-13T10:00:00,130,West,7.808958259507228,18
2017-05-13T11:00:00,131,North,47.77373870827632,45
2017-05-13T11:00:00,131,South,16.32393622893221,23
2017-05-13T11:00:00,131,East,15.41070212970915,22
2017-05-13T11:00:00,131,West,8.73120168485745,18
2017-05-13T12:00:00,132,North,49.49323512007265,45
2017-05-13T12:00:00,132,South,15.68387583357562,23
2017-05-13T12:00:00,132,East,17.189802474574368,23
2017-05-13T12:00:00,132,West,8.106348349204449,17
2017-05-13T13:00:00,133,North,44.09483581854293,44
2017-05-13T13:00:00,133,South,16.579468158360967,24
2017-05-13T13:00:00,133,East,15.062320739512337,23
2017-05-13T13:00:00,133,West,7.492438513333496,17
2017-05-13T14:00:00,134,North,44.21057222171749,45
2017-05-13T14:00:00,134,South,11.625001116126189,21
2017-05-13T14:00:00,134,East,15.563837382771938,24
2017-05-13T14:00:00,134,West,7.517395489996632,18
2017-05-13T15:00:00,135,North,40.084484045809326,44
2017-05-13T15:00:00,135,South,13.11350621589761,22
2017-05-13T15:00:00,135,East,15.062320739512337,24
2017-05-13T15:00:00,135,West,8.051303678035827,18
2017-05-13T16:00:00,136,North,45.17772986560743,44
2017-05-13T16:00:00,136,South,16.981881180459748,24
2017-05-13T16:00:00,136,East,15.062320739512337,23
2017-05-13T16:00:00,136,West,7.683925248924301,17
2017-05-13T17:00:00,137,North,43.348422682651375,43
2017-05-13T17:00:00,137,South,17.571393843067543,25
2017-05-13T17:00:00,137,East,14.932817412623063,23
2017-05-13T17:00:00,137,West,7.652109855371091,17
2017-05-13T18:00:00,138,North,47.27964638815299,45
2017-05-13T18:00:00,138,South,17.483450739377734,24
2017-05-13T18:00:00,138,East,13.012761491891437,21
2017-05-13T18:00:00,138,West,7.580934610969809,18
2017-05-13T19:00:00,139,North,47.34696553708916,44
2017-05-13T19:00:00,139,South,18.585230701509094,24
2017-05-13T19:00:00,139,East,14.78982675856658,22
2017-05-13T19:00:00,139,West,8.264668691878413,18
2017-05-13T20:00:00,140,North,52.9641261383871,44
2017-05-13T20:00:00,140,South,18.549643363599102,23
2017-05-13T20:00:00,140,East,18.897974658816505,24
2017-05-13T20:00:00,140,West,7.721026413767331,17
2017-05-13T21:00:00,141,North,49.29884475074592,44
2017-05-13T21:00:00,141,South,18.47825504698213,24
2017-05-13T21:00:00,141,East,15.838552684813461,23
2017-05-13T21:00:00,141,West,7.7346399840859,17
2017-05-13T22:00:00,142,North,50.15529495889614,44
2017-05-13T22:00:00,142,South,17.77507464731358,23
2017-05-13T22:00:00,142,East,18.25014376380341,24
2017-05-13T22:00:00,142,West,7.776540287457714,17
2017-05-13T23:00:00,143,North,48.236849287782235,45
2017-05-13T23:00:00,143,South,18.67202050425648,25
2017-05-13T23:00:00,143,East,12.71968978349555,21
2017-05-13T23:00:00,143,West,7.519791562988627,17
2017-05-14T00:00:00,144,North,43.66864811197694,46
2017-05-14T00:00:00,144,South,15.875912338459724,24
2017-05-14T00:00:00,144,East,13.278404400563222,22
2017-05-14T00:00:00,144,West,5.695087127789764,16
2017-05-14T01:00:00,145,North,39.38172580446204,45
2017-05-14T01:00:00,145,South,15.377680568838159,25
2017-05-14T01:00:00,145,East,11.63006170294156,22
2017-05-14T01:00:00,145,West,5.09856705240535,16
2017-05-14T02:00:00,146,North,32.961117222449374,46
2017-05-14T02:00:00,146,South,14.442402204854472,27
2017-05-14T02:00:00,146,East,7.282223414551002,19
2017-05-14T02:00:00,146,West,4.08293372549025,16
2017-05-14T03:00:00,147,North,26.9713925260931,44
2017-05-14T03:00:00,147,South,12.14379570832749,27
2017-05-14T03:00:00,147,East,7.0557315596538075,20
2017-05-14T03:00:00,147,West,4.039960632226372,17
2017-05-14T04:00:00,148,North,23.989914848767057,45
2017-05-14T04:00:00,148,South,10.689154227793908,26
2017-05-14T04:00:00,148,East,5.710854777994918,20
2017-05-14T04:00:00,148,West,3.908283266763065,17
2017-05-14T05:00:00,149,North,22.31709923492301,42
2017-05-14T05:00:00,149,South,11.422939860470715,27
2017-05-14T05:00:00,149,East,7.721865904333031,22
2017-05-14T05:00:00,149,West,3.8683383110485847,17
2017-05-14T06:00:00,150,North,24.362837431911206,44
2017-05-14T06:00:00,150,South,12.156051338272713,28
2017-05-14T06:00:00,150,East,5.760341622551708,19
2017-05-14T06:00:00,150,West,3.896647640085259,17
2017-05-14T07:00:00,151,North,26.29669515313735,44
2017-05-14T07:00:00,151,South,12.237374767313737,27
2017-05-14T07:00:00,151,East,5.846118627412265,19
2017-05-14T07:00:00,151,West,5.4033832670319075,18
2017-05-14T08:00:00,152,North,30.326976081264117,43
2017-05-14T08:00:00,152,South,13.364214651453011,26
2017-05-14T08:00:00,152,East,9.141264866630816,22
2017-05-14T08:00:00,152,West,5.152708364123842,17
2017-05-14T09:00:00,153,North,37.952954294546345,47
2017-05-14T09:00:00,153,South,11.382260540738262,23
2017-05-14T09:00:00,153,East,9.10221700037779,20
2017-05-14T09:00:00,153,West,6.385520609506009,18
2017-05-14T10:00:00,154,North,40.58473142950676,44
2017-05-14T10:00:00,154,South,12.917570165649652,22
2017-05-14T10:00:00,154,East,15.098238367708614,24
2017-05-14T10:00:00,154,West,7.896409408118597,18
2017-05-14T11:00:00,155,North,41.72566058731676,44
2017-05-14T11:00:00,155,South,16.257858511313582,25
2017-05-14T11:00:00,155,East,12.192935936332317,21
2017-05-14T11:00:00,155,West,7.562593809873244,18
2017-05-14T12:00:00,156,North,42.880617317290856,44
2017-05-14T12:00:00,156,South,15.736710164476387,24
2017-05-14T12:00:00,156,East,12.41006384024249,21
2017-05-14T12:00:00,156,West,8.827346318647066,19
2017-05-14T13:00:00,157,North,41.88066690044807,45
2017-05-14T13:00:00,157,South,13.154264489701369,22
2017-05-14T13:00:00,157,East,14.063424428417138,23
2017-05-14T13:00:00,157,West,7.134577243574755,18
2017-05-14T14:00:00,158,North,43.818334233866146,44
2017-05-14T14:00:00,158,South,15.451733511702487,23
2017-05-14T14:00:00,158,East,15.061098871495679,23
2017-05-14T14:00:00,158,West,8.582262133050941,18
2017-05-14T15:00:00,159,North,45.75053089670815,46
2017-05-14T15:00:00,159,South,14.877573859045755,23
2017-05-14T15:00:00,159,East,11.442199744181979,21
2017-05-14T15:00:00,159,West,7.38501566328102,18
2017-05-14T16:00:00,160,North,45.753607819785074,45
2017-05-14T16:00:00,160,South,16.942711444842814,24
2017-05-14T16:00:00,160,East,12.401523744379624,21
2017-05-14T16:00:00,160,West,8.60392105572805,18
2017-05-14T17:00:00,161,North,44.78991174794012,44
2017-05-14T17:00:00,161,South,17.98801591420466,25
2017-05-14T17:00:00,161,East,13.188225600312608,21
2017-05-14T17:00:00,161,West,8.686488154171341,18
2017-05-14T18:00:00,162,North,54.63393342340219,47
2017-05-14T18:00:00,162,South,16.774353552113073,23
2017-05-14T18:00:00,162,East,14.20169292848049,21
2017-05-14T18:00:00,162,West,7.393361501017733,17
2017-05-14T19:00:00,163,North,57.71094492859794,46
2017-05-14T19:00:00,163,South,18.61753959544327,23
2017-05-14T19:00:00,163,East,17.888148719707257,22
2017-05-14T19:00:00,163,West,8.687916725599914,17
2017-05-14T20:00:00,164,North,58.07667654026688,48
2017-05-14T20:00:00,164,South,18.581952257533274,23
2017-05-14T20:00:00,164,East,13.165340984927992,20
2017-05-14T20:00:00,164,West,7.638150738046874,17
2017-05-14T21:00:00,165,North,55.522663194499216,47
2017-05-14T21:00:00,165,South,17.798004980061478,23
2017-05-14T21:00:00,165,East,14.296182724398857,21
2017-05-14T21:00:00,165,West,8.310778118602766,17
2017-05-14T22:00:00,166,North,51.629785202807035,46
2017-05-14T22:00:00,166,South,17.954731618691316,24
2017-05-14T22:00:00,166,East,14.275656556170878,21
2017-05-14T22:00:00,166,West,7.664425231984535,17
2017-05-14T23:00:00,167,North,55.236672230116774,48
2017-05-14T23:00:00,167,South,18.203453085392557,24
2017-05-14T23:00:00,167,East,11.848642074007278,20
2017-05-14T23:00:00,167,West,6.840719580796829,16
2017-05-15T00:00:00,0,North,49.06880696473649,45
2017-05-15T00:00:00,0,South,19.6839834489189,25
2017-05-15T00:00:00,0,East,13.22383307025985,21
2017-05-15T00:00:00,0,West,7.3814621611192806,17
2017-05-15T01:00:00,1,North,40.07702272368571,45
2017-05-15T01:00:00,1,South,18.493916540170197,27
2017-05-15T01:00:00,1,East,8.890695549542123,20
2017-05-15T01:00:00,1,West,5.084682356366676,16
2017-05-15T02:00:00,2,North,33.352271475588765,44
2017-05-15T02:00:00,2,South,17.968489774387347,29
2017-05-15T02:00:00,2,East,6.473412652171774,18
2017-05-15T02:00:00,2,West,5.06218209751526,17
2017-05-15T03:00:00,3,North,29.444950188850335,43
2017-05-15T03:00:00,3,South,16.06527553292409,29
2017-05-15T03:00:00,3,East,8.243021682472065,20
2017-05-15T03:00:00,3,West,3.910268532764504,16
2017-05-15T04:00:00,4,North,32.484959391713794,45
2017-05-15T04:00:00,4,South,15.161662234668144,27
2017-05-15T04:00:00,4,East,8.240985122087096,20
2017-05-15T04:00:00,4,West,3.8868121460920952,16
2017-05-15T05:00:00,5,North,31.819555050071383,45
2017-05-15T05:00:00,5,South,14.587209152055577,27
2017-05-15T05:00:00,5,East,8.240985122087096,20
2017-05-15T05:00:00,5,West,4.0774988163028825,16
2017-05-15T06:00:00,6,North,38.59699419177377,47
2017-05-15T06:00:00,6,South,15.169083565863012,26
2017-05-15T06:00:00,6,East,7.699955587322238,19
2017-05-15T06:00:00,6,West,4.891429205678831,16
2017-05-15T07:00:00,7,North,45.132295550228676,46
2017-05-15T07:00:00,7,South,17.709644582790233,26
2017-05-15T07:00:00,7,East,10.860996669386637,20
2017-05-15T07:00:00,7,West,4.653413329624141,16
2017-05-15T08:00:00,8,North,50.04426393658136,50
2017-05-15T08:00:00,8,South,16.843933999152345,25
2017-05-15T08:00:00,8,East,8.526015338892673,18
2017-05-15T08:00:00,8,West,4.060278260547614,15
2017-05-15T09:00:00,9,North,57.965283219420016,47
2017-05-15T09:00:00,9,South,20.590266905858176,25
2017-05-15T09:00:00,9,East,12.128922465988126,19
2017-05-15T09:00:00,9,West,7.387474457091896,17
2017-05-15T10:00:00,10,North,69.38332356241176,48
2017-05-15T10:00:00,10,South,20.71700470321878,23
2017-05-15T10:00:00,10,East,18.55423872944692,22
2017-05-15T10:00:00,10,West,6.9031553779991235,15
2017-05-15T11:00:00,11,North,73.67740263652045,48
2017-05-15T11:00:00,11,South,21.751142102142765,23
2017-05-15T11:00:00,11,East,18.28327597448956,21
2017-05-15T11:00:00,11,West,8.897663714981356,16
2017-05-15T12:00:00,12,North,76.9696454271535,47
2017-05-15T12:00:00,12,South,24.240348968986346,23
2017-05-15T12:00:00,12,East,19.39250928992839,21
2017-05-15T12:00:00,12,West,10.656418151138823,17
2017-05-15T13:00:00,13,North,72.34194748119475,47
2017-05-15T13:00:00,13,South,21.738595115752524,23
2017-05-15T13:00:00,13,East,19.65800891622576,22
2017-05-15T13:00:00,13,West,8.695749629402938,16
2017-05-15T14:00:00,14,North,78.04301662616776,47
2017-05-15T14:00:00,14,South,27.570474211349858,25
2017-05-15T14:00:00,14,East,18.28327597448956,20
2017-05-15T14:00:00,14,West,8.942110234731022,16
2017-05-15T15:00:00,15,North,78.32490124155237,48
2017-05-15T15:00:00,15,South,23.9674541412906,23
2017-05-15T15:00:00,15,East,17.78761477609042,20
2017-05-15T15:00:00,15,West,9.754395112076562,17
2017-05-15T16:00:00,16,North,76.13202936770708,48
2017-05-15T16:00:00,16,South,24.083214701705273,23
2017-05-15T16:00:00,16,East,18.28327597448956,21
2017-05-15T16:00:00,16,West,8.818865146304725,16
2017-05-15T17:00:00,17,North,76.36172779855724,48
2017-05-15T17:00:00,17,South,22.734107336633993,23
2017-05-15T17:00:00,17,East,18.79493591519885,21
2017-05-15T17:00:00,17,West,9.733304394188751,16
2017-05-15T18:00:00,18,North,81.0178641860683,49
2017-05-15T18:00:00,18,South,23.152909899907172,22
2017-05-15T18:00:00,18,East,19.76178756202828,21
2017-05-15T18:00:00,18,West,9.49649424992064,16
2017-05-15T19:00:00,19,North,81.53325518324334,48
2017-05-15T19:00:00,19,South,28.458248109493127,25
2017-05-15T19:00:00,19,East,14.910309435092893,19
2017-05-15T19:00:00,19,West,9.39273310564159,16
2017-05-15T20:00:00,20,North,80.09416731867708,49
2017-05-15T20:00:00,20,South,26.95301139451728,24
2017-05-15T20:00:00,20,East,14.910309435092893,19
2017-05-15T20:00:00,20,West,8.742952572762858,16
2017-05-15T21:00:00,21,North,79.58126086886112,49
2017-05-15T21:00:00,21,South,23.240393341127515,23
2017-05-15T21:00:00,21,East,16.980203137343707,20
2017-05-15T21:00:00,21,West,9.375475372998459,16
2017-05-15T22:00:00,22,North,76.52425858536901,49
2017-05-15T22:00:00,22,South,21.69851729026915,23
2017-05-15T22:00:00,22,East,16.91778473853929,20
2017-05-15T22:00:00,22,West,8.979748392602952,16
2017-05-15T23:00:00,23,North,73.60908628541482,48
2017-05-15T23:00:00,23,South,25.286820860631998,24
2017-05-15T23:00:00,23,East,14.889783266864914,19
2017-05-15T23:00:00,23,West,9.200792101815416,17
2017-05-16T00:00:00,24,North,63.42620808747531,47
2017-05-16T00:00:00,24,South,22.797536146180025,24
2017-05-16T00:00:00,24,East,14.882876120530286,20
2017-05-16T00:00:00,24,West,8.68462143337601,17
2017-05-16T01:00:00,25,North,60.51921621088438,48
2017-05-16T01:00:00,25,South,23.63406286945675,26
2017-05-16T01:00:00,25,East,12.114592522487099,19
2017-05-16T01:00:00,25,West,5.553609540986111,15
2017-05-16T02:00:00,26,North,50.99753353401249,48
2017-05-16T02:00:00,26,South,22.605381248318704,28
2017-05-16T02:00:00,26,East,7.538945467038454,17
2017-05-16T02:00:00,26,West,4.865817137635397,15
2017-05-16T03:00:00,27,North,38.36790125178481,46
2017-05-16T03:00:00,27,South,19.12018083254657,29
2017-05-16T03:00:00,27,East,7.155933955626361,18
2017-05-16T03:00:00,27,West,3.9934389964671944,15
2017-05-16T04:00:00,28,North,34.64883340957676,46
2017-05-16T04:00:00,28,South,14.867308805604546,27
2017-05-16T04:00:00,28,East,6.320107426331526,18
2017-05-16T04:00:00,28,West,4.5945030487542615,17
2017-05-16T05:00:00,29,North,30.033068701965664,46
2017-05-16T05:00:00,29,South,13.259873980364286,27
2017-05-16T05:00:00,29,East,5.776383824150924,18
2017-05-16T05:00:00,29,West,4.049885469641451,17
2017-05-16T06:00:00,30,North,43.52003022991021,50
2017-05-16T06:00:00,30,South,14.195730737423853,25
2017-05-16T06:00:00,30,East,5.970448904925806,17
2017-05-16T06:00:00,30,West,4.089136905374434,16
2017-05-16T07:00:00,31,North,50.31754238400066,50
2017-05-16T07:00:00,31,South,16.532927257157134,24
2017-05-16T07:00:00,31,East,7.690141833322185,18
2017-05-16T07:00:00,31,West,4.986324698096417,16
2017-05-16T08:00:00,32,North,50.342375717333994,48
2017-05-16T08:00:00,32,South,17.99641101019691,25
2017-05-16T08:00:00,32,East,10.907806705874387,20
2017-05-16T08:00:00,32,West,5.077863891047031,15
2017-05-16T09:00:00,33,North,55.524373065702385,48
2017-05-16T09:00:00,33,South,18.040649770925363,24
2017-05-16T09:00:00,33,East,12.051960449841772,20
2017-05-16T09:00:00,33,West,5.560491133048866,16
2017-05-16T10:00:00,34,North,59.85526315789473,46
2017-05-16T10:00:00,34,South,18.406139189008545,22
2017-05-16T10:00:00,34,East,18.473299126880807,23
2017-05-16T10:00:00,34,West,9.174745470494674,17
2017-05-16T11:00:00,35,North,60.2255530129672,44
2017-05-16T11:00:00,35,South,21.776807601973683,24
2017-05-16T11:00:00,35,East,20.440405669183544,23
2017-05-16T11:00:00,35,West,9.976256845103036,17
2017-05-16T12:00:00,36,North,57.50526315789473,43
2017-05-16T12:00:00,36,South,23.698840970403573,25
2017-05-16T12:00:00,36,East,18.607816353828657,22
2017-05-16T12:00:00,36,West,11.724293572227136,18
2017-05-16T13:00:00,37,North,79.53001810196946,48
2017-05-16T13:00:00,37,South,23.410712182524783,23
2017-05-16T13:00:00,37,East,19.577069313659653,21
2017-05-16T13:00:00,37,West,10.050234723520116,16
2017-05-16T14:00:00,38,North,77.11858295819592,47
2017-05-16T14:00:00,38,South,23.962307926390203,23
2017-05-16T14:00:00,38,East,20.475596358601415,22
2017-05-16T14:00:00,38,West,9.184128890480464,16
2017-05-16T15:00:00,39,North,82.55200906198984,48
2017-05-16T15:00:00,39,South,27.42352081021165,24
2017-05-16T15:00:00,39,East,19.313894643856774,20
2017-05-16T15:00:00,39,West,10.214768010798618,16
2017-05-16T16:00:00,40,North,82.63993589835714,49
2017-05-16T16:00:00,40,South,21.789233636423,22
2017-05-16T16:00:00,40,East,21.146866929514665,21
2017-05-16T16:00:00,40,West,8.775076936743078,16
2017-05-16T17:00:00,41,North,83.80542127164398,50
2017-05-16T17:00:00,41,South,22.785982920736547,22
2017-05-16T17:00:00,41,East,17.706675173524314,20
2017-05-16T17:00:00,41,West,9.741290281774077,16
2017-05-16T18:00:00,42,North,77.99895923827783,47
2017-05-16T18:00:00,42,South,28.037383898813868,25
2017-05-16T18:00:00,42,East,18.304316236343645,20
2017-05-16T18:00:00,42,West,9.960874949955794,16
2017-05-16T19:00:00,43,North,77.28746118632978,46
2017-05-16T19:00:00,43,South,28.037383898813868,25
2017-05-16T19:00:00,43,East,20.538014757405836,21
2017-05-16T19:00:00,43,West,9.919871759065874,16
2017-05-16T20:00:00,44,North,82.03341763984757,49
2017-05-16T20:00:00,44,South,22.727992691532013,22
2017-05-16T20:00:00,44,East,17.70133954529712,20
2017-05-16T20:00:00,44,West,9.768169319709289,17
2017-05-16T21:00:00,45,North,78.54599778493129,50
2017-05-16T21:00:00,45,South,22.671032984572307,23
2017-05-16T21:00:00,45,East,13.912634992014352,19
2017-05-16T21:00:00,45,West,9.634348412876422,16
2017-05-16T22:00:00,46,North,80.01618881561129,48
2017-05-16T22:00:00,46,South,24.72512268640515,23
2017-05-16T22:00:00,46,East,18.646242285601126,21
2017-05-16T22:00:00,46,West,8.828869408593597,16
2017-05-16T23:00:00,47,North,74.4862805715372,49
2017-05-16T23:00:00,47,South,21.991186812194357,23
2017-05-16T23:00:00,47,East,14.889783266864914,19
2017-05-16T23:00:00,47,West,9.38526274462655,17
2017-05-17T00:00:00,48,North,70.70240999321155,49
2017-05-17T00:00:00,48,South,22.21212276321007,24
2017-05-17T00:00:00,48,East,10.96396065393572,18
2017-05-17T00:00:00,48,West,8.842884020541833,17
2017-05-17T01:00:00,49,North,61.840478448051634,50
2017-05-17T01:00:00,49,South,21.80307107431684,25
2017-05-17T01:00:00,49,East,10.356100994501796,18
2017-05-17T01:00:00,49,West,4.719521317738601,15
2017-05-17T02:00:00,50,North,49.11047371110396,48
2017-05-17T02:00:00,50,South,20.08664902620948,27
2017-05-17T02:00:00,50,East,8.949900381843646,18
2017-05-17T02:00:00,50,West,4.268488975542828,15
2017-05-17T03:00:00,51,North,42.11785483931726,47
2017-05-17T03:00:00,51,South,18.137502165190448,27
2017-05-17T03:00:00,51,East,8.62393857795857,19
2017-05-17T03:00:00,51,West,3.958091285949459,15
2017-05-17T04:00:00,52,North,40.22309200206812,48
2017-05-17T04:00:00,52,South,14.909615806538374,25
2017-05-17T04:00:00,52,East,7.311943941589003,19
2017-05-17T04:00:00,52,West,4.872720183653363,16
2017-05-17T05:00:00,53,North,36.048995232892196,47
2017-05-17T05:00:00,53,South,14.82876391396368,27
2017-05-17T05:00:00,53,East,6.297268955978435,18
2017-05-17T05:00:00,53,West,4.043943539883622,16
2017-05-17T06:00:00,54,North,42.51479213467211,50
2017-05-17T06:00:00,54,South,14.372325963720678,25
2017-05-17T06:00:00,54,East,5.926543242697568,17
2017-05-17T06:00:00,54,West,4.568349814148089,16
2017-05-17T07:00:00,55,North,47.42996436981627,49
2017-05-17T07:00:00,55,South,16.307372990102994,25
2017-05-17T07:00:00,55,East,7.738703488145261,18
2017-05-17T07:00:00,55,West,4.545810511504143,16
2017-05-17T08:00:00,56,North,53.16818829829303,49
2017-05-17T08:00:00,56,South,18.184753557789993,25
2017-05-17T08:00:00,56,East,10.09455382151098,19
2017-05-17T08:00:00,56,West,4.834445192695462,15
2017-05-17T09:00:00,57,North,62.32041105446013,50
2017-05-17T09:00:00,57,South,17.97714652669207,23
2017-05-17T09:00:00,57,East,11.371335510548128,19
2017-05-17T09:00:00,57,West,5.725184464375502,16
2017-05-17T10:00:00,58,North,72.44525092654095,48
2017-05-17T10:00:00,58,South,21.637412634577927,23
2017-05-17T10:00:00,58,East,19.298456038649718,21
2017-05-17T10:00:00,58,West,7.635402372033053,16
2017-05-17T11:00:00,59,North,76.25439168399697,47
2017-05-17T11:00:00,59,South,21.422273619698483,22
2017-05-17T11:00:00,59,East,20.904744044131952,22
2017-05-17T11:00:00,59,West,9.975579526735682,17
2017-05-17T12:00:00,60,North,59.62893195286787,43
2017-05-17T12:00:00,60,South,24.449883631642813,25
2017-05-17T12:00:00,60,East,22.119871762770337,23
2017-05-17T12:00:00,60,West,10.155767206233131,17
2017-05-17T13:00:00,61,North,76.86236545015562,48
2017-05-17T13:00:00,61,South,22.067743552989395,22
2017-05-17T13:00:00,61,East,18.304316236343645,21
2017-05-17T13:00:00,61,West,9.980434171571684,17
2017-05-17T14:00:00,62,North,84.34378194128446,49
2017-05-17T14:00:00,62,South,23.40928905757786,22
2017-05-17T14:00:00,62,East,19.339816285647817,20
2017-05-17T14:00:00,62,West,10.328452724284015,17
2017-05-17T15:00:00,63,North,62.687431952867875,44
2017-05-17T15:00:00,63,South,24.733284756748873,25
2017-05-17T15:00:00,63,East,18.30431623634364,22
2017-05-17T15:00:00,63,West,10.281618006451565,17
2017-05-17T16:00:00,64,North,79.75129956355961,47
2017-05-17T16:00:00,64,South,27.070244463708583,24
2017-05-17T16:00:00,64,East,19.339816285647817,21
2017-05-17T16:00:00,64,West,9.837809508667377,16
2017-05-17T17:00:00,65,North,83.17693857563155,49
2017-05-17T17:00:00,65,South,24.345035197781012,23
2017-05-17T17:00:00,65,East,18.739917954423785,20
2017-05-17T17:00:00,65,West,9.921673485239992,16
2017-05-17T18:00:00,66,North,62.18223871615291,45
2017-05-17T18:00:00,66,South,27.131517172810725,26
2017-05-17T18:00:00,66,East,15.861540766285948,20
2017-05-17T18:00:00,66,West,9.627260330257435,17
2017-05-17T19:00:00,67,North,85.07735136457973,47
2017-05-17T19:00:00,67,South,30.348984155310497,25
2017-05-17T19:00:00,67,East,19.339816285647817,20
2017-05-17T19:00:00,67,West,10.47586910316127,16
2017-05-17T20:00:00,68,North,85.06226962788823,48
2017-05-17T20:00:00,68,South,27.459090751276456,24
2017-05-17T20:00:00,68,East,17.818848488675464,20
2017-05-17T20:00:00,68,West,9.30193697220725,16
2017-05-17T21:00:00,69,North,77.7767673354651,47
2017-05-17T21:00:00,69,South,27.144270810211648,24
2017-05-17T21:00:00,69,East,18.231951277479386,20
2017-05-17T21:00:00,69,West,9.65671837867535,17
2017-05-17T22:00:00,70,North,76.73692294728825,49
2017-05-17T22:00:00,70,South,22.63052087501422,23
2017-05-17T22:00:00,70,East,14.889783266864914,19
2017-05-17T22:00:00,70,West,9.088549447925107,17
2017-05-17T23:00:00,71,North,73.28401573588576,48
2017-05-17T23:00:00,71,South,23.54201633030513,24
2017-05-17T23:00:00,71,East,15.841014598057969,20
2017-05-17T23:00:00,71,West,9.006556279682794,16
2017-05-18T00:00:00,72,North,67.6551263601453,49
2017-05-18T00:00:00,72,South,22.81075091298782,24
2017-05-18T00:00:00,72,East,13.030589780905887,19
2017-05-18T00:00:00,72,West,7.503476426434071,16
2017-05-18T01:00:00,73,North,62.683216478507504,50
2017-05-18T01:00:00,73,South,20.754108955454512,25
2017-05-18T01:00:00,73,East,10.508004307230586,18
2017-05-18T01:00:00,73,West,5.606353566395688,15
2017-05-18T02:00:00,74,North,50.115517517238025,49
2017-05-18T02:00:00,74,South,19.5338172692048,27
2017-05-18T02:00:00,74,East,6.385558354323818,17
2017-05-18T02:00:00,74,West,4.2379999693271415,15
2017-05-18T03:00:00,75,North,38.538070233373304,46
2017-05-18T03:00:00,75,South,17.85382996876082,28
2017-05-18T03:00:00,75,East,7.669928287785885,19
2017-05-18T03:00:00,75,West,4.075584090354456,15
2017-05-18T04:00:00,76,North,30.90375993377343,44
2017-05-18T04:00:00,76,South,16.94874438512293,29
2017-05-18T04:00:00,76,East,6.320107426331526,19
2017-05-18T04:00:00,76,West,3.9302535811070465,16
2017-05-18T05:00:00,77,North,36.12490760994261,48
2017-05-18T05:00:00,77,South,13.132084138922785,25
2017-05-18T05:00:00,77,East,5.849889585404145,18
2017-05-18T05:00:00,77,West,4.609986436553825,17
2017-05-18T06:00:00,78,North,38.084949221830065,46
2017-05-18T06:00:00,78,South,15.313268951833598,26
2017-05-18T06:00:00,78,East,8.902873887266692,20
2017-05-18T06:00:00,78,West,3.937437724329553,16
2017-05-18T07:00:00,79,North,49.484430161765935,50
2017-05-18T07:00:00,79,South,16.209460918894678,25
2017-05-18T07:00:00,79,East,7.50731342490337,18
2017-05-18T07:00:00,79,West,4.195930935087695,15
2017-05-18T08:00:00,80,North,49.5325968284326,49
2017-05-18T08:00:00,80,South,16.50147686254232,24
2017-05-18T08:00:00,80,East,8.647233581468907,19
2017-05-18T08:00:00,80,West,5.21339786793333,16
2017-05-18T09:00:00,81,North,54.20224859409425,48
2017-05-18T09:00:00,81,South,17.18064600790599,23
2017-05-18T09:00:00,81,East,13.193350843699262,21
2017-05-18T09:00:00,81,West,6.2165517188552855,16
2017-05-18T10:00:00,82,North,73.76703636945771,50
2017-05-18T10:00:00,82,South,18.86958331192283,21
2017-05-18T10:00:00,82,East,15.373873903539556,20
2017-05-18T10:00:00,82,West,9.229339405506266,17
2017-05-18T11:00:00,83,North,56.42218623481781,45
2017-05-18T11:00:00,83,South,21.372331897688184,24
2017-05-18T11:00:00,83,East,16.852256172366896,22
2017-05-18T11:00:00,83,West,9.109900773549498,17
2017-05-18T12:00:00,84,North,60.83218623481782,44
2017-05-18T12:00:00,84,South,25.29578112523506,25
2017-05-18T12:00:00,84,East,19.413549551782477,22
2017-05-18T12:00:00,84,West,9.281287925740784,17
2017-05-18T13:00:00,85,North,76.30741915652445,48
2017-05-18T13:00:00,85,South,21.384024779081603,22
2017-05-18T13:00:00,85,East,19.23974303004382,21
2017-05-18T13:00:00,85,West,10.33249419108552,17
2017-05-18T14:00:00,86,North,61.37743195286787,45
2017-05-18T14:00:00,86,South,21.3553140069072,23
2017-05-18T14:00:00,86,East,19.6443512024488,23
2017-05-18T14:00:00,86,West,10.144890885687085,17
2017-05-18T15:00:00,87,North,84.32441181141432,50
2017-05-18T15:00:00,87,South,24.635250846189187,23
2017-05-18T15:00:00,87,East,14.05259260996417,19
2017-05-18T15:00:00,87,West,8.806234212633548,16
2017-05-18T16:00:00,88,North,82.29818983825781,49
2017-05-18T16:00:00,88,South,22.71013690963275,22
2017-05-18T16:00:00,88,East,18.30431623634364,20
2017-05-18T16:00:00,88,West,9.505372515332983,17
2017-05-18T17:00:00,89,North,84.03713354487799,50
2017-05-18T17:00:00,89,South,22.12342836817421,22
2017-05-18T17:00:00,89,East,18.739917954423785,20
2017-05-18T17:00:00,89,West,9.576602744239823,16
2017-05-18T18:00:00,90,North,67.83013067926225,46
2017-05-18T18:00:00,90,South,21.989408404151746,23
2017-05-18T18:00:00,90,East,19.79835690284052,22
2017-05-18T18:00:00,90,West,10.32052468674243,17
2017-05-18T19:00:00,91,North,69.07013067926226,45
2017-05-18T19:00:00,91,South,28.142051627091874,25
2017-05-18T19:00:00,91,East,19.339816285647817,21
2017-05-18T19:00:00,91,West,9.522704266371363,17
2017-05-18T20:00:00,92,North,63.84320760233918,46
2017-05-18T20:00:00,92,South,27.45909075127646,26
2017-05-18T20:00:00,92,East,13.912634992014352,19
2017-05-18T20:00:00,92,West,9.405413612279258,17
2017-05-18T21:00:00,93,North,60.32320760233918,45
2017-05-18T21:00:00,93,South,22.1364686612145,24
2017-05-18T21:00:00,93,East,17.818848488675464,22
2017-05-18T21:00:00,93,West,8.962826117237286,17
2017-05-18T22:00:00,94,North,61.63422645794328,46
2017-05-18T22:00:00,94,South,23.50928905757786,25
2017-05-18T22:00:00,94,East,13.892108823786373,20
2017-05-18T22:00:00,94,West,9.483792556671252,17
2017-05-18T23:00:00,95,North,81.20522297596773,51
2017-05-18T23:00:00,95,South,22.13244055476744,22
2017-05-18T23:00:00,95,East,13.844082319209011,19
2017-05-18T23:00:00,95,West,8.87324076570694,16
2017-05-19T00:00:00,96,North,78.87688320748782,50
2017-05-19T00:00:00,96,South,25.888024900183872,24
2017-05-19T00:00:00,96,East,11.974493770158595,18
2017-05-19T00:00:00,96,West,8.302928094375,16
2017-05-19T01:00:00,97,North,70.2840927663036,53
2017-05-19T01:00:00,97,South,19.217071816093522,23
2017-05-19T01:00:00,97,East,9.011404306852166,17
2017-05-19T01:00:00,97,West,5.2020060655630065,15
2017-05-19T02:00:00,98,North,60.723462137683036,52
2017-05-19T02:00:00,98,South,18.148052387553314,24
2017-05-19T02:00:00,98,East,7.104178338767642,17
2017-05-19T02:00:00,98,West,5.09881968178623,15
2017-05-19T03:00:00,99,North,47.347400865412915,51
2017-05-19T03:00:00,99,South,14.940443287232194,24
2017-05-19T03:00:00,99,East,6.463948735464401,17
2017-05-19T03:00:00,99,West,4.090399369493416,16
2017-05-19T04:00:00,100,North,44.36788470585376,50
2017-05-19T04:00:00,100,South,14.406351552859228,24
2017-05-19T04:00:00,100,East,7.525518112945539,19
2017-05-19T04:00:00,100,West,3.7346475455746417,15
2017-05-19T05:00:00,101,North,39.62659229451138,51
2017-05-19T05:00:00,101,South,11.588287495804376,23
2017-05-19T05:00:00,101,East,6.188348531106526,18
2017-05-19T05:00:00,101,West,4.317359397158172,16
2017-05-19T06:00:00,102,North,44.66363913164735,51
2017-05-19T06:00:00,102,South,12.48286061150884,23
2017-05-19T06:00:00,102,East,7.102222501283304,18
2017-05-19T06:00:00,102,West,4.893220999575725,16
2017-05-19T07:00:00,103,North,51.605021447336824,51
2017-05-19T07:00:00,103,South,14.940443287232194,23
2017-05-19T07:00:00,103,East,8.249481398503184,18
2017-05-19T07:00:00,103,West,4.949505168657411,16
2017-05-19T08:00:00,104,North,56.45692654281213,50
2017-05-19T08:00:00,104,South,15.793540907747152,23
2017-05-19T08:00:00,104,East,11.329638829183985,20
2017-05-19T08:00:00,104,West,5.219442175993073,15
2017-05-19T09:00:00,105,North,69.62431510620668,52
2017-05-19T09:00:00,105,South,17.28804101187244,22
2017-05-19T09:00:00,105,East,12.333141244477364,19
2017-05-19T09:00:00,105,West,5.968485209910322,15
2017-05-19T10:00:00,106,North,70.63882450371352,50
2017-05-19T10:00:00,106,South,18.662829105755797,22
2017-05-19T10:00:00,106,East,15.415745453473013,20
2017-05-19T10:00:00,106,West,8.220330928459735,16
2017-05-19T11:00:00,107,North,79.28740822513133,51
2017-05-19T11:00:00,107,South,18.37045359195908,21
2017-05-19T11:00:00,107,East,16.92970009616305,20
2017-05-19T11:00:00,107,West,8.934030352978997,16
2017-05-19T12:00:00,108,North,60.010447104383026,44
2017-05-19T12:00:00,108,South,21.14396889921756,23
2017-05-19T12:00:00,108,East,17.742410522733675,22
2017-05-19T12:00:00,108,West,12.336721489660514,19
2017-05-19T13:00:00,109,North,74.83266896613,49
2017-05-19T13:00:00,109,South,20.164234430513154,22
2017-05-19T13:00:00,109,East,16.937400196988524,20
2017-05-19T13:00:00,109,West,10.356070739809926,17
2017-05-19T14:00:00,110,North,79.74544693076652,50
2017-05-19T14:00:00,110,South,21.706893583484565,22
2017-05-19T14:00:00,110,East,16.978760443986626,20
2017-05-19T14:00:00,110,West,8.845987345289375,16
2017-05-19T15:00:00,111,North,80.58962575270179,49
2017-05-19T15:00:00,111,South,20.922294484732816,22
2017-05-19T15:00:00,111,East,17.848590481537762,20
2017-05-19T15:00:00,111,West,10.326430651064957,17
2017-05-19T16:00:00,112,North,77.54189298407388,49
2017-05-19T16:00:00,112,South,21.694908845999826,22
2017-05-19T16:00:00,112,East,17.04651447101824,20
2017-05-19T16:00:00,112,West,9.379292474011963,17
2017-05-19T17:00:00,113,North,75.63248929899599,48
2017-05-19T17:00:00,113,South,20.862344568808695,22
2017-05-19T17:00:00,113,East,17.848590481537762,21
2017-05-19T17:00:00,113,West,10.316749743775699,17
2017-05-19T18:00:00,114,North,84.28352420007755,49
2017-05-19T18:00:00,114,South,23.248338873776113,22
2017-05-19T18:00:00,114,East,17.887064711780788,20
2017-05-19T18:00:00,114,West,10.31040610140412,17
2017-05-19T19:00:00,115,North,63.77122927968294,45
2017-05-19T19:00:00,115,South,24.282155945150528,25
2017-05-19T19:00:00,115,East,17.93484215489787,21
2017-05-19T19:00:00,115,West,8.571232950779294,17
2017-05-19T20:00:00,116,North,84.62828163098979,51
2017-05-19T20:00:00,116,South,22.324398136121474,22
2017-05-19T20:00:00,116,East,12.293843182864716,18
2017-05-19T20:00:00,116,West,9.558822442965576,17
2017-05-19T21:00:00,117,North,73.3059782573168,49
2017-05-19T21:00:00,117,South,20.862044082479517,23
2017-05-19T21:00:00,117,East,14.945363498749188,20
2017-05-19T21:00:00,117,West,9.037058248808197,16
2017-05-19T22:00:00,118,North,73.50492951249215,50
2017-05-19T22:00:00,118,South,21.442059106282944,23
2017-05-19T22:00:00,118,East,13.072550990896808,19
2017-05-19T22:00:00,118,West,8.303291906435748,16
2017-05-19T23:00:00,119,North,71.1159070947122,49
2017-05-19T23:00:00,119,South,21.624940341601977,23
2017-05-19T23:00:00,119,East,14.924837330521209,20
2017-05-19T23:00:00,119,West,7.858573191022261,16
2017-05-20T00:00:00,120,North,63.52384653152185,48
2017-05-20T00:00:00,120,South,20.626909328110756,24
2017-05-20T00:00:00,120,East,14.596134578817027,20
2017-05-20T00:00:00,120,West,6.431705562316997,16
2017-05-20T01:00:00,121,North,54.51222251153573,49
2017-05-20T01:00:00,121,South,19.034526637992002,25
2017-05-20T01:00:00,121,East,10.185174965347587,19
2017-05-20T01:00:00,121,West,4.45957354751386,15
2017-05-20T02:00:00,122,North,39.77985646050803,45
2017-05-20T02:00:00,122,South,17.381223619319563,26
2017-05-20T02:00:00,122,East,9.701990234408619,20
2017-05-20T02:00:00,122,West,5.559678002701018,17
2017-05-20T03:00:00,123,North,38.7110336449645,46
2017-05-20T03:00:00,123,South,16.53068157179878,27
2017-05-20T03:00:00,123,East,8.926485202025205,20
2017-05-20T03:00:00,123,West,3.9922443570110056,15
2017-05-20T04:00:00,124,North,30.581310538505143,47
2017-05-20T04:00:00,124,South,12.411011486664034,26
2017-05-20T04:00:00,124,East,5.913374630841471,19
2017-05-20T04:00:00,124,West,3.5158592978313403,16
2017-05-20T05:00:00,125,North,27.59960916224522,44
2017-05-20T05:00:00,125,South,13.28747792238791,27
2017-05-20T05:00:00,125,East,6.21029137433755,19
2017-05-20T05:00:00,125,West,4.703030620309988,18
2017-05-20T06:00:00,126,North,30.645216305102362,47
2017-05-20T06:00:00,126,South,10.644474522697362,24
2017-05-20T06:00:00,126,East,7.33546484634639,21
2017-05-20T06:00:00,126,West,3.787536600195212,16
2017-05-20T07:00:00,127,North,29.617645454899932,47
2017-05-20T07:00:00,127,South,10.370365047553378,24
2017-05-20T07:00:00,127,East,6.701818662481186,20
2017-05-20T07:00:00,127,West,3.6788825490354156,17
2017-05-20T08:00:00,128,North,34.62856995082443,46
2017-05-20T08:00:00,128,South,12.144973893791313,24
2017-05-20T08:00:00,128,East,9.837916516519948,21
2017-05-20T08:00:00,128,West,5.152708364123842,17
2017-05-20T09:00:00,129,North,40.95773531850437,45
2017-05-20T09:00:00,129,South,14.739850626641212,24
2017-05-20T09:00:00,129,East,12.381287690343044,22
2017-05-20T09:00:00,129,West,6.49361992647047,17
2017-05-20T10:00:00,130,North,45.87113421481375,45
2017-05-20T10:00:00,130,South,15.409610037075515,23
2017-05-20T10:00:00,130,East,14.413158552356055,23
2017-05-20T10:00:00,130,West,7.1174793544279185,17
2017-05-20T11:00:00,131,North,47.865030843107775,45
2017-05-20T11:00:00,131,South,17.65129085002903,24
2017-05-20T11:00:00,131,East,14.924499660344242,22
2017-05-20T11:00:00,131,West,7.483482742922435,17
2017-05-20T12:00:00,132,North,49.49323512007265,45
2017-05-20T12:00:00,132,South,18.662532416667776,24
2017-05-20T12:00:00,132,East,14.267492782301733,21
2017-05-20T12:00:00,132,West,9.128311310365739,18
2017-05-20T13:00:00,133,North,48.0162769153489,46
2017-05-20T13:00:00,133,South,16.81934637333758,24
2017-05-20T13:00:00,133,East,13.351619716494335,21
2017-05-20T13:00:00,133,West,7.628034310976169,17
2017-05-20T14:00:00,134,North,47.17679592721911,45
2017-05-20T14:00:00,134,South,16.95235403293122,24
2017-05-20T14:00:00,134,East,12.39309369833078,21
2017-05-20T14:00:00,134,West,8.431879274142199,18
2017-05-20T15:00:00,135,North,49.57320299263637,47
2017-05-20T15:00:00,135,South,15.705204765656369,23
2017-05-20T15:00:00,135,East,12.028607844290745,20
2017-05-20T15:00:00,135,West,8.95512866705194,18
2017-05-20T16:00:00,136,North,47.21304901454361,46
2017-05-20T16:00:00,136,South,17.04867310172834,24
2017-05-20T16:00:00,136,East,11.444994278228032,20
2017-05-20T16:00:00,136,West,8.110161211558902,18
2017-05-20T17:00:00,137,North,48.19964638815299,47
2017-05-20T17:00:00,137,South,14.327978961064803,22
2017-05-20T17:00:00,137,East,12.27569928706187,21
2017-05-20T17:00:00,137,West,8.112419849770285,18
2017-05-20T18:00:00,138,North,49.864576720443566,45
2017-05-20T18:00:00,138,South,17.69768978232902,24
2017-05-20T18:00:00,138,East,14.249978659560199,22
2017-05-20T18:00:00,138,West,7.915808902932852,17
2017-05-20T19:00:00,139,North,55.513987942856446,48
2017-05-20T19:00:00,139,South,17.726165561482937,23
2017-05-20T19:00:00,139,East,12.581831935059036,20
2017-05-20T19:00:00,139,West,7.693306820435493,17
2017-05-20T20:00:00,140,North,58.867642230182426,47
2017-05-20T20:00:00,140,South,17.690578223572945,23
2017-05-20T20:00:00,140,East,14.787928316847676,21
2017-05-20T20:00:00,140,West,8.935881586968707,17
2017-05-20T21:00:00,141,North,55.88394028645087,47
2017-05-20T21:00:00,141,South,18.540038472168405,23
2017-05-20T21:00:00,141,East,13.885289915724456,21
2017-05-20T21:00:00,141,West,8.89538130849523,17
2017-05-20T22:00:00,142,North,53.21023081842396,47
2017-05-20T22:00:00,142,South,15.176372256302605,22
2017-05-20T22:00:00,142,East,14.767402148619698,22
2017-05-20T22:00:00,142,West,8.074910994395918,17
2017-05-20T23:00:00,143,North,53.81297412103734,48
2017-05-20T23:00:00,143,South,16.667247873440097,23
2017-05-20T23:00:00,143,East,12.722552412948659,20
2017-05-20T23:00:00,143,West,7.0649645182053895,17
2017-05-21T00:00:00,144,North,45.63487181747856,47
2017-05-21T00:00:00,144,South,14.968965015581341,24
2017-05-21T00:00:00,144,East,11.088985105473334,21
2017-05-21T00:00:00,144,West,5.76935728029521,16
2017-05-21T01:00:00,145,North,38.54572365053724,46
2017-05-21T01:00:00,145,South,16.266435362575624,26
2017-05-21T01:00:00,145,East,8.379832308871023,20
2017-05-21T01:00:00,145,West,4.535132005581766,16
2017-05-21T02:00:00,146,North,31.961117222449374,44
2017-05-21T02:00:00,146,South,14.518055768384825,27
2017-05-21T02:00:00,146,East,7.472994515284108,20
2017-05-21T02:00:00,146,West,4.959335469482479,17
2017-05-21T03:00:00,147,North,32.9713925260931,47
2017-05-21T03:00:00,147,South,13.286615442139738,26
2017-05-21T03:00:00,147,East,6.783493268728334,19
2017-05-21T03:00:00,147,West,4.039960632226372,16
2017-05-21T04:00:00,148,North,23.989914848767057,46
2017-05-21T04:00:00,148,South,9.58405235249432,25
2017-05-21T04:00:00,148,East,5.902464719660387,20
2017-05-21T04:00:00,148,West,3.5492915322635747,17
2017-05-21T05:00:00,149,North,20.34609923492301,43
2017-05-21T05:00:00,149,South,9.358533359137224,26
2017-05-21T05:00:00,149,East,5.995045638873844,21
2017-05-21T05:00:00,149,West,3.783436522765866,18
2017-05-21T06:00:00,150,North,26.306230289054064,47
2017-05-21T06:00:00,150,South,8.678517168502504,24
2017-05-21T06:00:00,150,East,5.921276031368566,20
2017-05-21T06:00:00,150,West,3.882898741862995,17
2017-05-21T07:00:00,151,North,30.29669515313735,46
2017-05-21T07:00:00,151,South,12.390381083159076,26
2017-05-21T07:00:00,151,East,6.023407416523027,19
2017-05-21T07:00:00,151,West,4.090398447707413,17
2017-05-21T08:00:00,152,North,33.3571752046174,47
2017-05-21T08:00:00,152,South,8.902216601793887,21
2017-05-21T08:00:00,152,East,8.941583436577737,22
2017-05-21T08:00:00,152,West,5.888622004127282,18
2017-05-21T09:00:00,153,North,39.60421287070046,48
2017-05-21T09:00:00,153,South,11.294754268479355,22
2017-05-21T09:00:00,153,East,9.438124973955802,21
2017-05-21T09:00:00,153,West,5.544197455228895,17
2017-05-21T10:00:00,154,North,47.55095513500838,49
2017-05-21T10:00:00,154,South,12.171416074426036,22
2017-05-21T10:00:00,154,East,9.743394120797833,20
2017-05-21T10:00:00,154,West,6.918263350369937,17
2017-05-21T11:00:00,155,North,49.500059903912955,47
2017-05-21T11:00:00,155,South,15.681612478021368,23
2017-05-21T11:00:00,155,East,10.983134997307594,20
2017-05-21T11:00:00,155,West,8.001284095114205,18
2017-05-21T12:00:00,156,North,48.846841022792475,46
2017-05-21T12:00:00,156,South,16.87096207014244,24
2017-05-21T12:00:00,156,East,12.106959636506197,20
2017-05-21T12:00:00,156,West,7.9809604636773335,18
2017-05-21T13:00:00,157,North,47.7093215361932,46
2017-05-21T13:00:00,157,South,15.62023473243835,23
2017-05-21T13:00:00,157,East,13.873512544764043,22
2017-05-21T13:00:00,157,West,7.809139921063199,17
2017-05-21T14:00:00,158,North,46.92212700912425,47
2017-05-21T14:00:00,158,South,13.72628901984034,22
2017-05-21T14:00:00,158,East,12.127900818451716,21
2017-05-21T14:00:00,158,West,8.013805463120404,18
2017-05-21T15:00:00,159,North,42.982028743232526,44
2017-05-21T15:00:00,159,South,17.69713691784962,25
2017-05-21T15:00:00,159,East,12.185125298504985,21
2017-05-21T15:00:00,159,West,8.423361095816587,18
2017-05-21T16:00:00,160,North,47.95132937181106,45
2017-05-21T16:00:00,160,South,18.121703490626164,25
2017-05-21T16:00:00,160,East,11.980815200051937,20
2017-05-21T16:00:00,160,West,8.046542680239325,18
2017-05-21T17:00:00,161,North,49.93353506263515,46
2017-05-21T17:00:00,161,South,18.330135967800356,24
2017-05-21T17:00:00,161,East,11.980815200051937,20
2017-05-21T17:00:00,161,West,8.420516437328857,18
2017-05-21T18:00:00,162,North,57.685075982728996,48
2017-05-21T18:00:00,162,South,17.575495974474546,23
2017-05-21T18:00:00,162,East,12.181138040914414,20
2017-05-21T18:00:00,162,West,7.691985076881381,17
2017-05-21T19:00:00,163,North,64.12544901976098,48
2017-05-21T19:00:00,163,South,17.589734735203002,22
2017-05-21T19:00:00,163,East,15.042216747928006,21
2017-05-21T19:00:00,163,West,8.686961405248717,17
2017-05-21T20:00:00,164,North,60.044336360288,48
2017-05-21T20:00:00,164,South,17.880566960208192,23
2017-05-21T20:00:00,164,East,13.896456493715831,20
2017-05-21T20:00:00,164,West,7.9937825403502485,17
2017-05-21T21:00:00,165,North,56.38925927465119,48
2017-05-21T21:00:00,165,South,17.764939882862766,24
2017-05-21T21:00:00,165,East,11.236243333646062,19
2017-05-21T21:00:00,165,West,7.751061379725507,17
2017-05-21T22:00:00,166,North,57.886745774247906,48
2017-05-21T22:00:00,166,South,18.171209269220146,23
2017-05-21T22:00:00,166,East,12.181138040914414,20
2017-05-21T22:00:00,166,West,7.296393659995931,17
2017-05-21T23:00:00,167,North,55.236672230116774,49
2017-05-21T23:00:00,167,South,16.218107404103556,23
2017-05-21T23:00:00,167,East,12.054457504026669,20
2017-05-21T23:00:00,167,West,6.8908192288389065,16
2017-05-22T00:00:00,0,North,49.06880696473649,46
2017-05-22T00:00:00,0,South,18.055112069442174,25
2017-05-22T00:00:00,0,East,11.676583035784109,20
2017-05-22T00:00:00,0,West,7.776542566474745,17
2017-05-22T01:00:00,1,North,40.790124455043426,47
2017-05-22T01:00:00,1,South,16.541921687131595,26
2017-05-22T01:00:00,1,East,8.076863218248729,19
2017-05-22T01:00:00,1,West,4.696790947928583,16
2017-05-22T02:00:00,2,North,37.18463879697629,46
2017-05-22T02:00:00,2,South,16.348340713175116,27
2017-05-22T02:00:00,2,East,7.492278392373537,19
2017-05-22T02:00:00,2,West,4.236535718951062,16
2017-05-22T03:00:00,3,North,30.444950188850335,46
2017-05-22T03:00:00,3,South,12.743112703853198,26
2017-05-22T03:00:00,3,East,6.286168117770632,19
2017-05-22T03:00:00,3,West,4.876545699120551,17
2017-05-22T04:00:00,4,North,29.515434019142578,45
2017-05-22T04:00:00,4,South,12.971240528992153,27
2017-05-22T04:00:00,4,East,6.717892323103414,19
2017-05-22T04:00:00,4,West,4.363557568486482,17
2017-05-22T05:00:00,5,North,30.819555050071383,46
2017-05-22T05:00:00,5,South,12.278738266130967,25
2017-05-22T05:00:00,5,East,6.979002616227028,20
2017-05-22T05:00:00,5,West,4.151332814347285,17
2017-05-22T06:00:00,6,North,40.336072232156184,50
2017-05-22T06:00:00,6,South,13.141280432773213,24
2017-05-22T06:00:00,6,East,5.921520497921579,18
2017-05-22T06:00:00,6,West,4.459945866078118,16
2017-05-22T07:00:00,7,North,45.244631027104184,49
2017-05-22T07:00:00,7,South,16.89481820349253,26
2017-05-22T07:00:00,7,East,6.389991922392965,17
2017-05-22T07:00:00,7,West,4.954009646258732,16
2017-05-22T08:00:00,8,North,49.271007214875304,49
2017-05-22T08:00:00,8,South,17.810803007976507,25
2017-05-22T08:00:00,8,East,8.219519900286908,18
2017-05-22T08:00:00,8,West,5.014074463651364,16
2017-05-22T09:00:00,9,North,61.30391252035881,51
2017-05-22T09:00:00,9,South,17.135399836202133,23
2017-05-22T09:00:00,9,East,9.872776279818272,18
2017-05-22T09:00:00,9,West,6.584698252243465,16
2017-05-22T10:00:00,10,North,70.38716547698516,50
2017-05-22T10:00:00,10,South,19.456827098577836,23
2017-05-22T10:00:00,10,East,13.533858241141782,19
2017-05-22T10:00:00,10,West,7.732408381041334,16
2017-05-22T11:00:00,11,North,67.0,47
2017-05-22T11:00:00,11,South,21.747843986036198,23
2017-05-22T11:00:00,11,East,17.59983580668954,21
2017-05-22T11:00:00,11,West,9.758046700053207,17
2017-05-22T12:00:00,12,North,66.731,44
2017-05-22T12:00:00,12,South,26.30650024699304,25
2017-05-22T12:00:00,12,East,19.57352570680736,22
2017-05-22T12:00:00,12,West,11.208395215464448,17
2017-05-22T13:00:00,13,North,78.51835542447324,48
2017-05-22T13:00:00,13,South,22.578262153387257,22
2017-05-22T13:00:00,13,East,20.434236111603315,21
2017-05-22T13:00:00,13,West,10.026918213608381,17
2017-05-22T14:00:00,14,North,61.367666666666665,43
2017-05-22T14:00:00,14,South,26.655212966953258,26
2017-05-22T14:00:00,14,East,18.639764363523202,22
2017-05-22T14:00:00,14,West,10.187689933668944,17
2017-05-22T15:00:00,15,North,61.61266666666666,45
2017-05-22T15:00:00,15,South,21.624503343731924,23
2017-05-22T15:00:00,15,East,20.54335038563303,23
2017-05-22T15:00:00,15,West,10.023792697531908,17
2017-05-22T16:00:00,16,North,63.86266666666667,44
2017-05-22T16:00:00,16,South,28.06619263793543,26
2017-05-22T16:00:00,16,East,19.313894643856774,22
2017-05-22T16:00:00,16,West,8.930796740397103,16
2017-05-22T17:00:00,17,North,63.971666666666664,45
2017-05-22T17:00:00,17,South,24.03869209172145,25
2017-05-22T17:00:00,17,East,16.898121240926873,21
2017-05-22T17:00:00,17,West,9.747631272853457,17
2017-05-22T18:00:00,18,North,62.63944444444444,43
2017-05-22T18:00:00,18,South,26.223429392990294,25
2017-05-22T18:00:00,18,East,21.0220844236045,23
2017-05-22T18:00:00,18,West,10.323879082915992,17
2017-05-22T19:00:00,19,North,70.18944444444443,46
2017-05-22T19:00:00,19,South,27.145742722222145,25
2017-05-22T19:00:00,19,East,19.643544705399716,21
2017-05-22T19:00:00,19,West,9.060028841600596,16
2017-05-22T20:00:00,20,North,63.58311111111111,45
2017-05-22T20:00:00,20,South,24.07876793329506,25
2017-05-22T20:00:00,20,East,16.844759108122314,21
2017-05-22T20:00:00,20,West,9.77930851831019,17
2017-05-22T21:00:00,21,North,62.55144444444445,46
2017-05-22T21:00:00,21,South,25.123487527298664,26
2017-05-22T21:00:00,21,East,13.884578564041153,20
2017-05-22T21:00:00,21,West,8.218326393563132,16
2017-05-22T22:00:00,22,North,79.61168306681783,50
2017-05-22T22:00:00,22,South,25.180834807169227,24
2017-05-22T22:00:00,22,East,12.212652891045442,18
2017-05-22T22:00:00,22,West,9.05500672220981,16
2017-05-22T23:00:00,23,North,74.48668912406437,49
2017-05-22T23:00:00,23,South,24.185141559668693,24
2017-05-22T23:00:00,23,East,12.160437356780946,18
2017-05-22T23:00:00,23,West,8.855968203289954,17
2017-05-23T00:00:00,24,North,71.60057850396663,49
2017-05-23T00:00:00,24,South,21.930349046869047,24
2017-05-23T00:00:00,24,East,13.809118744901184,19
2017-05-23T00:00:00,24,West,7.321298350563123,16
2017-05-23T01:00:00,25,North,61.96895062682982,50
2017-05-23T01:00:00,25,South,21.66054240139605,26
2017-05-23T01:00:00,25,East,8.045493695025698,17
2017-05-23T01:00:00,25,West,5.215191350519378,15
2017-05-23T02:00:00,26,North,51.99753353401249,48
2017-05-23T02:00:00,26,South,21.518239637483198,27
2017-05-23T02:00:00,26,East,7.730796542419207,18
2017-05-23T02:00:00,26,West,4.691539966063056,15
2017-05-23T03:00:00,27,North,42.115887733609725,47
2017-05-23T03:00:00,27,South,19.12018083254657,28
2017-05-23T03:00:00,27,East,5.75797765625742,17
2017-05-23T03:00:00,27,West,4.63403951782997,16
2017-05-23T04:00:00,28,North,32.70385878214797,45
2017-05-23T04:00:00,28,South,15.300350618331297,27
2017-05-23T04:00:00,28,East,7.780523271743979,20
2017-05-23T04:00:00,28,West,4.043943539883622,16
2017-05-23T05:00:00,29,North,35.020267825318946,47
2017-05-23T05:00:00,29,South,15.260742924673334,27
2017-05-23T05:00:00,29,East,5.7157911743127245,18
2017-05-23T05:00:00,29,West,3.9963589408737983,16
2017-05-23T06:00:00,30,North,39.84012023160722,48
2017-05-23T06:00:00,30,South,14.637229804096318,25
2017-05-23T06:00:00,30,East,7.0997780568388595,19
2017-05-23T06:00:00,30,West,4.576463783601451,16
2017-05-23T07:00:00,31,North,45.43040733098132,49
2017-05-23T07:00:00,31,South,16.968880185854704,26
2017-05-23T07:00:00,31,East,6.715629368745472,17
2017-05-23T07:00:00,31,West,4.774013965749989,16
2017-05-23T08:00:00,32,North,51.25413894484723,49
2017-05-23T08:00:00,32,South,18.186142660350402,25
2017-05-23T08:00:00,32,East,8.556208058484355,18
2017-05-23T08:00:00,32,West,5.1823465373506075,16
2017-05-23T09:00:00,33,North,60.81865561678858,50
2017-05-23T09:00:00,33,South,19.82120815294507,24
2017-05-23T09:00:00,33,East,10.616673487444228,18
2017-05-23T09:00:00,33,West,5.778865488007546,16
2017-05-23T10:00:00,34,North,76.13369655841431,49
2017-05-23T10:00:00,34,South,19.658444411078957,22
2017-05-23T10:00:00,34,East,17.491256560766008,20
2017-05-23T10:00:00,34,West,9.657208983280611,17
2017-05-23T11:00:00,35,North,81.38069209464346,49
2017-05-23T11:00:00,35,South,24.567503638786103,23
2017-05-23T11:00:00,35,East,18.607156945797968,20
2017-05-23T11:00:00,35,West,9.153936579986324,16
2017-05-23T12:00:00,36,North,60.1855530129672,43
2017-05-23T12:00:00,36,South,25.850788126228963,25
2017-05-23T12:00:00,36,East,20.437170426828946,22
2017-05-23T12:00:00,36,West,11.342507235186972,18
2017-05-23T13:00:00,37,North,76.20473893457248,49
2017-05-23T13:00:00,37,South,22.599580603619927,23
2017-05-23T13:00:00,37,East,13.864052395813173,19
2017-05-23T13:00:00,37,West,10.05153136579088,17
2017-05-23T14:00:00,38,North,60.9240530129672,43
2017-05-23T14:00:00,38,South,27.488381044316753,26
2017-05-23T14:00:00,38,East,18.639764363523202,22
2017-05-23T14:00:00,38,West,10.24636706787799,17
2017-05-23T15:00:00,39,North,62.3940530129672,44
2017-05-23T15:00:00,39,South,27.289500846189185,26
2017-05-23T15:00:00,39,East,17.70019725144639,21
2017-05-23T15:00:00,39,West,9.67631986019608,17
2017-05-23T16:00:00,40,North,80.09542200946825,48
2017-05-23T16:00:00,40,South,24.029948246553808,23
2017-05-23T16:00:00,40,East,19.679705665611447,21
2017-05-23T16:00:00,40,West,10.276928053883607,16
2017-05-23T17:00:00,41,North,83.59542127164397,49
2017-05-23T17:00:00,41,South,24.13585845844296,23
2017-05-23T17:00:00,41,East,17.70019725144639,20
2017-05-23T17:00:00,41,West,9.902316760724196,16
2017-05-23T18:00:00,42,North,84.66474993267829,49
2017-05-23T18:00:00,42,South,26.065053456451977,24
2017-05-23T18:00:00,42,East,16.892785612699676,19
2017-05-23T18:00:00,42,West,9.636653104609824,16
2017-05-23T19:00:00,43,North,81.9391094006613,48
2017-05-23T19:00:00,43,South,24.91928519778101,23
2017-05-23T19:00:00,43,East,17.694861623219197,20
2017-05-23T19:00:00,43,West,10.451447550718518,17
2017-05-23T20:00:00,44,North,83.28003010597223,49
2017-05-23T20:00:00,44,South,27.920340751276463,24
2017-05-23T20:00:00,44,East,15.833484338312749,19
2017-05-23T20:00:00,44,West,9.89120118374263,16
2017-05-23T21:00:00,45,North,81.12870964120665,49
2017-05-23T21:00:00,45,South,24.082307926390207,23
2017-05-23T21:00:00,45,East,16.72969317851008,20
2017-05-23T21:00:00,45,West,8.859735202374285,16
2017-05-23T22:00:00,46,North,76.2066605276383,50
2017-05-23T22:00:00,46,South,22.013928565772172,23
2017-05-23T22:00:00,46,East,13.864052395813173,19
2017-05-23T22:00:00,46,West,9.326608789745567,16
2017-05-23T23:00:00,47,North,76.62571312175534,49
2017-05-23T23:00:00,47,South,21.955200758731582,23
2017-05-23T23:00:00,47,East,15.764931665507408,20
2017-05-23T23:00:00,47,West,9.135532343237122,16
2017-05-24T00:00:00,48,North,71.52938906869352,49
2017-05-24T00:00:00,48,South,21.435630343577454,23
2017-05-24T00:00:00,48,East,13.65785946830617,19
2017-05-24T00:00:00,48,West,8.322542319951738,17
2017-05-24T01:00:00,49,North,58.03185506963496,49
2017-05-24T01:00:00,49,South,20.637334357282366,25
2017-05-24T01:00:00,49,East,10.109372328581408,19
2017-05-24T01:00:00,49,West,5.049367684724641,15
2017-05-24T02:00:00,50,North,49.11047371110396,47
2017-05-24T02:00:00,50,South,21.368544858174392,27
2017-05-24T02:00:00,50,East,8.601234576129114,18
2017-05-24T02:00:00,50,West,4.900126606495765,16
2017-05-24T03:00:00,51,North,38.41097946860345,45
2017-05-24T03:00:00,51,South,18.050110880597646,28
2017-05-24T03:00:00,51,East,8.542833572179365,19
2017-05-24T03:00:00,51,West,3.9515528331570264,16
2017-05-24T04:00:00,52,North,33.77023329526291,45
2017-05-24T04:00:00,52,South,16.817487370106786,28
2017-05-24T04:00:00,52,East,7.671320043326952,19
2017-05-24T04:00:00,52,West,4.131778638482455,16
2017-05-24T05:00:00,53,North,35.009643991540955,47
2017-05-24T05:00:00,53,South,12.366743333715572,25
2017-05-24T05:00:00,53,East,7.088683021377866,19
2017-05-24T05:00:00,53,West,4.607830567864801,17
2017-05-24T06:00:00,54,North,42.402456657796606,50
2017-05-24T06:00:00,54,South,12.855617923121523,24
2017-05-24T06:00:00,54,East,6.6060750414112315,18
2017-05-24T06:00:00,54,West,4.576463783601451,16
2017-05-24T07:00:00,55,North,49.42996436981627,48
2017-05-24T07:00:00,55,South,16.93033529421384,25
2017-05-24T07:00:00,55,East,10.143289754181097,19
2017-05-24T07:00:00,55,West,4.882940880122433,16
2017-05-24T08:00:00,56,North,52.24818829829303,50
2017-05-24T08:00:00,56,South,16.346747990102994,24
2017-05-24T08:00:00,56,East,7.923947061869122,18
2017-05-24T08:00:00,56,West,6.203765547939135,16
2017-05-24T09:00:00,57,North,65.41435906551341,52
2017-05-24T09:00:00,57,South,17.97714652669207,23
2017-05-24T09:00:00,57,East,9.884869937019264,18
2017-05-24T09:00:00,57,West,5.711680254369348,15
2017-05-24T10:00:00,58,North,72.99332115352179,50
2017-05-24T10:00:00,58,South,18.320785895808676,21
2017-05-24T10:00:00,58,East,15.238665673832832,20
2017-05-24T10:00:00,58,West,9.178153680825602,17
2017-05-24T11:00:00,59,North,81.79682103454414,50
2017-05-24T11:00:00,59,South,22.731463230896168,22
2017-05-24T11:00:00,59,East,16.831935598456923,20
2017-05-24T11:00:00,59,West,9.552532685473757,16
2017-05-24T12:00:00,60,North,59.62893195286787,43
2017-05-24T12:00:00,60,South,23.889283646322447,25
2017-05-24T12:00:00,60,East,19.599447348598407,22
2017-05-24T12:00:00,60,West,12.277940534494252,18
2017-05-24T13:00:00,61,North,77.72668227222245,48
2017-05-24T13:00:00,61,South,25.994076005016844,24
2017-05-24T13:00:00,61,East,17.61700461920772,20
2017-05-24T13:00:00,61,West,9.078652732099727,16
2017-05-24T14:00:00,62,North,82.1634650914676,48
2017-05-24T14:00:00,62,South,25.850634446575285,23
2017-05-24T14:00:00,62,East,20.501518000392462,21
2017-05-24T14:00:00,62,West,10.352874276726766,16
2017-05-24T15:00:00,63,North,83.42803194128446,48
2017-05-24T15:00:00,63,South,25.52655249583664,23
2017-05-24T15:00:00,63,East,19.339816285647817,21
2017-05-24T15:00:00,63,West,9.142381042492811,16
2017-05-24T16:00:00,64,North,84.67588101962548,48
2017-05-24T16:00:00,64,South,27.31241927210248,24
2017-05-24T16:00:00,64,East,17.726118893237437,20
2017-05-24T16:00:00,64,West,9.818424993749751,16
2017-05-24T17:00:00,65,North,80.79098769487274,47
2017-05-24T17:00:00,65,South,28.192167654959366,25
2017-05-24T17:00:00,65,East,18.733440032345865,20
2017-05-24T17:00:00,65,West,9.69546450404764,16
2017-05-24T18:00:00,66,North,62.742238716152904,44
2017-05-24T18:00:00,66,South,29.136994653389618,27
2017-05-24T18:00:00,66,East,17.010294556078023,21
2017-05-24T18:00:00,66,West,8.822272189504243,16
2017-05-24T19:00:00,67,North,60.33513067926226,46
2017-05-24T19:00:00,67,South,24.4877660009237,26
2017-05-24T19:00:00,67,East,12.336728864505632,19
2017-05-24T19:00:00,67,West,8.645250328033203,17
2017-05-24T20:00:00,68,North,83.85726962788823,50
2017-05-24T20:00:00,68,South,27.00101488996619,24
2017-05-24T20:00:00,68,East,11.28331006664184,17
2017-05-24T20:00:00,68,West,9.806575223565428,17
2017-05-24T21:00:00,69,North,80.23534829235236,49
2017-05-24T21:00:00,69,South,27.350459565142778,25
2017-05-24T21:00:00,69,East,13.884578564041153,18
2017-05-24T21:00:00,69,West,8.566212533930212,16
2017-05-24T22:00:00,70,North,80.16874878075285,50
2017-05-24T22:00:00,70,South,24.12822237623156,23
2017-05-24T22:00:00,70,East,12.961413994689954,18
2017-05-24T22:00:00,70,West,9.527855528620455,17
2017-05-24T23:00:00,71,North,75.01313395122673,50
2017-05-24T23:00:00,71,South,21.49646810890276,23
2017-05-24T23:00:00,71,East,11.243700696525842,18
2017-05-24T23:00:00,71,West,9.20448267983404,17
2017-05-25T00:00:00,72,North,70.50726244595567,48
2017-05-25T00:00:00,72,South,25.936847142551073,25
2017-05-25T00:00:00,72,East,14.684848936637234,19
2017-05-25T00:00:00,72,West,7.503476426434071,16
2017-05-25T01:00:00,73,North,59.13272003767736,50
2017-05-25T01:00:00,73,South,21.578978830299828,26
2017-05-25T01:00:00,73,East,7.354194681706836,17
2017-05-25T01:00:00,73,West,4.772265343148179,15
2017-05-25T02:00:00,74,North,51.099910876114144,47
2017-05-25T02:00:00,74,South,21.901499767773224,27
2017-05-25T02:00:00,74,East,9.874596309042314,19
2017-05-25T02:00:00,74,West,5.100864795714328,15
2017-05-25T03:00:00,75,North,40.324681484972615,48
2017-05-25T03:00:00,75,South,15.341744730987513,26
2017-05-25T03:00:00,75,East,6.776000535640877,18
2017-05-25T03:00:00,75,West,4.075584090354456,16
2017-05-25T04:00:00,76,North,30.934234561202214,45
2017-05-25T04:00:00,76,South,16.209460918894678,29
2017-05-25T04:00:00,76,East,5.37228642889065,18
2017-05-25T04:00:00,76,West,3.9302535811070465,16
2017-05-25T05:00:00,77,North,36.11952187140271,48
2017-05-25T05:00:00,77,South,13.61511463409542,26
2017-05-25T05:00:00,77,East,5.896323927719548,18
2017-05-25T05:00:00,77,West,4.043218923600318,16
2017-05-25T06:00:00,78,North,41.50440729823113,48
2017-05-25T06:00:00,78,South,16.209460918894678,26
2017-05-25T06:00:00,78,East,7.653210437415622,18
2017-05-25T06:00:00,78,West,4.576463783601451,16
2017-05-25T07:00:00,79,North,47.48926349509927,49
2017-05-25T07:00:00,79,South,16.94874438512293,25
2017-05-25T07:00:00,79,East,7.249322607639511,18
2017-05-25T07:00:00,79,West,4.8674574923228695,16
2017-05-25T08:00:00,80,North,50.43500817595034,50
2017-05-25T08:00:00,80,South,15.352643951833597,24
2017-05-25T08:00:00,80,East,8.313446416510152,18
2017-05-25T08:00:00,80,West,5.053226596239736,16
2017-05-25T09:00:00,81,North,61.955578547517256,50
2017-05-25T09:00:00,81,South,20.29729536410026,24
2017-05-25T09:00:00,81,East,10.753855416045676,18
2017-05-25T09:00:00,81,West,5.989559935478568,16
2017-05-25T10:00:00,82,North,73.51725610905612,50
2017-05-25T10:00:00,82,South,21.694692379373194,23
2017-05-25T10:00:00,82,East,14.401046179915053,19
2017-05-25T10:00:00,82,West,8.141525066439389,16
2017-05-25T11:00:00,83,North,64.60218623481782,47
2017-05-25T11:00:00,83,South,21.378457679514504,23
2017-05-25T11:00:00,83,East,17.10293002764526,21
2017-05-25T11:00:00,83,West,9.564428230816858,17
2017-05-25T12:00:00,84,North,64.26218623481782,45
2017-05-25T12:00:00,84,South,22.404296583292428,23
2017-05-25T12:00:00,84,East,19.292456038649718,22
2017-05-25T12:00:00,84,West,11.894003135851841,18
2017-05-25T13:00:00,85,North,58.798931952867875,44
2017-05-25T13:00:00,85,South,21.36452708764356,24
2017-05-25T13:00:00,85,East,19.292456038649718,22
2017-05-25T13:00:00,85,West,10.35691574352827,18
2017-05-25T14:00:00,86,North,60.73068623481781,43
2017-05-25T14:00:00,86,South,25.814648393112513,25
2017-05-25T14:00:00,86,East,20.359012707343258,23
2017-05-25T14:00:00,86,West,9.702853239861367,17
2017-05-25T15:00:00,87,North,58.66568623481781,43
2017-05-25T15:00:00,87,South,27.177131044316752,27
2017-05-25T15:00:00,87,East,16.659037305158307,21
2017-05-25T15:00:00,87,West,9.475110006914983,17
2017-05-25T16:00:00,88,North,60.334171083302664,43
2017-05-25T16:00:00,88,South,27.364090751276457,26
2017-05-25T16:00:00,88,East,19.23374303004382,22
2017-05-25T16:00:00,88,West,10.301863227683281,17
2017-05-25T17:00:00,89,North,83.70713354487799,48
2017-05-25T17:00:00,89,South,25.319800565480534,23
2017-05-25T17:00:00,89,East,19.56312201435329,21
2017-05-25T17:00:00,89,West,9.423789140947472,16
2017-05-25T18:00:00,90,North,64.65013067926225,44
2017-05-25T18:00:00,90,South,28.19216765495937,26
2017-05-25T18:00:00,90,East,16.867789263028822,21
2017-05-25T18:00:00,90,West,9.772577390403828,17
2017-05-25T19:00:00,91,North,61.250130679262256,43
2017-05-25T19:00:00,91,South,29.338155957789514,27
2017-05-25T19:00:00,91,East,18.298316236343645,21
2017-05-25T19:00:00,91,West,9.94834330433994,17
2017-05-25T20:00:00,92,North,60.911982305896494,44
2017-05-25T20:00:00,92,South,26.682803702571064,26
2017-05-25T20:00:00,92,East,16.7895601809753,21
2017-05-25T20:00:00,92,West,9.405413612279258,17
2017-05-25T21:00:00,93,North,83.1252707101393,51
2017-05-25T21:00:00,93,South,25.894270810211648,24
2017-05-25T21:00:00,93,East,11.247889726212975,17
2017-05-25T21:00:00,93,West,9.044844636552945,16
2017-05-25T22:00:00,94,North,76.24988167825919,50
2017-05-25T22:00:00,94,South,22.1364686612145,23
2017-05-25T22:00:00,94,East,12.91776413416432,18
2017-05-25T22:00:00,94,West,9.042786078518237,17
2017-05-25T23:00:00,95,North,80.13209659486286,48
2017-05-25T23:00:00,95,South,26.976847142551076,24
2017-05-25T23:00:00,95,East,16.54620521960821,20
2017-05-25T23:00:00,95,West,9.580629962529716,16
2017-05-26T00:00:00,96,North,70.84891568516429,49
2017-05-26T00:00:00,96,South,22.295973782697118,24
2017-05-26T00:00:00,96,East,13.722228557214988,19
2017-05-26T00:00:00,96,West,7.176216004043397,16
2017-05-26T01:00:00,97,North,63.747110714755735,50
2017-05-26T01:00:00,97,South,20.701146266562844,25
2017-05-26T01:00:00,97,East,10.428310984331754,18
2017-05-26T01:00:00,97,West,4.992636387698324,15
2017-05-26T02:00:00,98,North,51.56777054916056,49
2017-05-26T02:00:00,98,South,18.161784530410454,25
2017-05-26T02:00:00,98,East,7.90805203987813,18
2017-05-26T02:00:00,98,West,5.083838533901856,16
2017-05-26T03:00:00,99,North,38.81071595841884,48
2017-05-26T03:00:00,99,South,15.893154890452314,27
2017-05-26T03:00:00,99,East,6.787180071713113,18
2017-05-26T03:00:00,99,West,3.709696646427943,15
2017-05-26T04:00:00,100,North,34.28459551929599,46
2017-05-26T04:00:00,100,South,14.341737746557936,26
2017-05-26T04:00:00,100,East,7.64784281421781,20
2017-05-26T04:00:00,100,West,4.317359397158172,16
2017-05-26T05:00:00,101,North,34.45910132800458,47
2017-05-26T05:00:00,101,South,14.625386424548221,27
2017-05-26T05:00:00,101,East,5.855613871153739,18
2017-05-26T05:00:00,101,West,3.940171682053691,16
2017-05-26T06:00:00,102,North,37.51445737880254,49
2017-05-26T06:00:00,102,South,12.319663634981552,24
2017-05-26T06:00:00,102,East,7.635794805547198,19
2017-05-26T06:00:00,102,West,4.103227568230092,16
2017-05-26T07:00:00,103,North,44.694505853583394,48
2017-05-26T07:00:00,103,South,16.960626938558168,26
2017-05-26T07:00:00,103,East,6.985907753387776,18
2017-05-26T07:00:00,103,West,4.949505168657411,16
2017-05-26T08:00:00,104,North,55.622857840046514,51
2017-05-26T08:00:00,104,South,14.979818287232195,23
2017-05-26T08:00:00,104,East,8.570639663992907,18
2017-05-26T08:00:00,104,West,5.149565212873767,16
2017-05-26T09:00:00,105,North,65.33562956065484,51
2017-05-26T09:00:00,105,South,18.184711880206663,23
2017-05-26T09:00:00,105,East,10.900317000996917,19
2017-05-26T09:00:00,105,West,5.772092147372069,15
2017-05-26T10:00:00,106,North,75.53129048572333,50
2017-05-26T10:00:00,106,South,20.968084841246544,23
2017-05-26T10:00:00,106,East,15.315606235422788,20
2017-05-26T10:00:00,106,West,6.800510755033956,15
2017-05-26T11:00:00,107,North,81.57916951939262,49
2017-05-26T11:00:00,107,South,23.848161158656424,23
2017-05-26T11:00:00,107,East,17.479008568423737,20
2017-05-26T11:00:00,107,West,9.11313980088551,16
2017-05-26T12:00:00,108,North,58.830447104383026,45
2017-05-26T12:00:00,108,South,21.24439318359461,24
2017-05-26T12:00:00,108,East,15.930730254443846,21
2017-05-26T12:00:00,108,West,11.10270740774022,18
2017-05-26T13:00:00,109,North,77.15822489626507,49
2017-05-26T13:00:00,109,South,22.326931067417497,23
2017-05-26T13:00:00,109,East,15.848012233741064,20
2017-05-26T13:00:00,109,West,8.768780661084378,16
2017-05-26T14:00:00,110,North,78.8542348095544,48
2017-05-26T14:00:00,110,South,23.051734565909396,23
2017-05-26T14:00:00,110,East,18.5189371252574,21
2017-05-26T14:00:00,110,West,9.604456895893659,16
2017-05-26T15:00:00,111,North,79.67863320527633,48
2017-05-26T15:00:00,111,South,22.20145237569899,22
2017-05-26T15:00:00,111,East,19.55887842734564,21
2017-05-26T15:00:00,111,West,10.32428564976904,17
2017-05-26T16:00:00,112,North,75.17600385251815,46
2017-05-26T16:00:00,112,South,27.18884329492846,25
2017-05-26T16:00:00,112,East,19.55887842734564,21
2017-05-26T16:00:00,112,West,9.428174720923783,16
2017-05-26T17:00:00,113,North,76.08304731920771,48
2017-05-26T17:00:00,113,South,22.336836325082942,23
2017-05-26T17:00:00,113,East,17.579370013180586,20
2017-05-26T17:00:00,113,West,10.31519450721223,17
2017-05-26T18:00:00,114,North,79.80260805566482,47
2017-05-26T18:00:00,114,South,27.400667191128967,24
2017-05-26T18:00:00,114,East,20.548072471391276,21
2017-05-26T18:00:00,114,West,8.611427022015766,16
2017-05-26T19:00:00,115,North,79.33038228225124,48
2017-05-26T19:00:00,115,South,24.3181419986133,23
2017-05-26T19:00:00,115,East,19.333816285647817,21
2017-05-26T19:00:00,115,West,8.495012785379412,16
2017-05-26T20:00:00,116,North,77.92833885925671,48
2017-05-26T20:00:00,116,South,25.855430476153124,24
2017-05-26T20:00:00,116,East,18.518666616920072,20
2017-05-26T20:00:00,116,West,9.549318304716186,16
2017-05-26T21:00:00,117,North,73.99521465674421,50
2017-05-26T21:00:00,117,South,22.28101476150119,23
2017-05-26T21:00:00,117,East,11.247867624826448,18
2017-05-26T21:00:00,117,West,8.731288902180104,17
2017-05-26T22:00:00,118,North,70.36762905261203,50
2017-05-26T22:00:00,118,South,19.22389529762897,22
2017-05-26T22:00:00,118,East,12.048982372436992,19
2017-05-26T22:00:00,118,West,8.769200311486022,17
2017-05-26T23:00:00,119,North,68.28567914465499,49
2017-05-26T23:00:00,119,South,21.64420779691698,24
2017-05-26T23:00:00,119,East,12.996468058346247,19
2017-05-26T23:00:00,119,West,8.324167841067975,16
2017-05-27T00:00:00,120,North,63.36296933853939,48
2017-05-27T00:00:00,120,South,19.103082313259645,23
2017-05-27T00:00:00,120,East,16.464346190712075,21
2017-05-27T00:00:00,120,West,6.45252064742032,16
2017-05-27T01:00:00,121,North,51.55992109809911,48
2017-05-27T01:00:00,121,South,18.391461714557657,25
2017-05-27T01:00:00,121,East,11.01088350907402,20
2017-05-27T01:00:00,121,West,4.72745716803376,15
2017-05-27T02:00:00,122,North,40.77985646050803,46
2017-05-27T02:00:00,122,South,17.761116770952444,27
2017-05-27T02:00:00,122,East,8.329467594980388,19
2017-05-27T02:00:00,122,West,4.31167725699049,16
2017-05-27T03:00:00,123,North,29.468721974535917,43
2017-05-27T03:00:00,123,South,16.53068157179878,30
2017-05-27T03:00:00,123,East,6.370121402809638,19
2017-05-27T03:00:00,123,West,4.039960632226372,16
2017-05-27T04:00:00,124,North,31.581310538505143,47
2017-05-27T04:00:00,124,South,13.287477922387907,27
2017-05-27T04:00:00,124,East,5.913374630841471,18
2017-05-27T04:00:00,124,West,3.8815342033498763,16
2017-05-27T05:00:00,125,North,21.65621630510236,42
2017-05-27T05:00:00,125,South,10.68780664195732,27
2017-05-27T05:00:00,125,East,6.587800815709567,21
2017-05-27T05:00:00,125,West,3.920665566006132,18
2017-05-27T06:00:00,126,North,24.645216305102362,43
2017-05-27T06:00:00,126,South,11.440139959473175,26
2017-05-27T06:00:00,126,East,7.125457667313668,21
2017-05-27T06:00:00,126,West,4.748452626565658,18
2017-05-27T07:00:00,127,North,30.617645454899932,44
2017-05-27T07:00:00,127,South,11.291086264169454,24
2017-05-27T07:00:00,127,East,9.932064374791668,23
2017-05-27T07:00:00,127,West,4.633619145384555,17
2017-05-27T08:00:00,128,North,32.64073976784009,46
2017-05-27T08:00:00,128,South,11.459737029070244,24
2017-05-27T08:00:00,128,East,9.022365758233276,22
2017-05-27T08:00:00,128,West,4.0282387996903255,16
2017-05-27T09:00:00,129,North,41.806674185255815,47
2017-05-27T09:00:00,129,South,12.60070395962929,23
2017-05-27T09:00:00,129,East,10.357609003216806,21
2017-05-27T09:00:00,129,West,5.699641714681906,17
2017-05-27T10:00:00,130,North,46.90645336374992,44
2017-05-27T10:00:00,130,South,17.54256276808099,24
2017-05-27T10:00:00,130,East,16.026300090300083,23
2017-05-27T10:00:00,130,West,7.549701096759508,17
2017-05-27T11:00:00,131,North,50.46827839009855,45
2017-05-27T11:00:00,131,South,17.071262509563176,23
2017-05-27T11:00:00,131,East,16.49113809461446,23
2017-05-27T11:00:00,131,West,7.933404098760558,17
2017-05-27T12:00:00,132,North,56.27231077001202,43
2017-05-27T12:00:00,132,South,18.09841374666677,22
2017-05-27T12:00:00,132,East,24.330579187065894,26
2017-05-27T12:00:00,132,West,9.57671331950276,17
2017-05-27T13:00:00,133,North,50.71120724763948,45
2017-05-27T13:00:00,133,South,16.96789038698353,23
2017-05-27T13:00:00,133,East,16.719941776884333,23
2017-05-27T13:00:00,133,West,8.767924138295811,17
2017-05-27T14:00:00,134,North,49.14328946888485,45
2017-05-27T14:00:00,134,South,17.356347420196034,24
2017-05-27T14:00:00,134,East,13.153790989081457,21
2017-05-27T14:00:00,134,West,8.500846213410428,18
2017-05-27T15:00:00,135,North,48.12997209146668,46
2017-05-27T15:00:00,135,South,18.67637399049135,25
2017-05-27T15:00:00,135,East,11.290047942835654,20
2017-05-27T15:00:00,135,West,7.848552598806391,17
2017-05-27T16:00:00,136,North,46.21304901454361,45
2017-05-27T16:00:00,136,South,17.894015599798713,25
2017-05-27T16:00:00,136,East,12.102904308055814,20
2017-05-27T16:00:00,136,West,8.110161211558902,18
2017-05-27T17:00:00,137,North,46.31496553708916,45
2017-05-27T17:00:00,137,South,17.22444696749014,24
2017-05-27T17:00:00,137,East,11.89621114566716,21
2017-05-27T17:00:00,137,West,7.5852047634752555,18
2017-05-27T18:00:00,138,North,55.513987942856446,48
2017-05-27T18:00:00,138,South,17.924415063467936,23
2017-05-27T18:00:00,138,East,12.410871935059035,20
2017-05-27T18:00:00,138,West,7.723523538419842,17
2017-05-27T19:00:00,139,North,53.077625980791595,47
2017-05-27T19:00:00,139,South,17.618505127792623,24
2017-05-27T19:00:00,139,East,12.222963301176586,20
2017-05-27T19:00:00,139,West,8.08032923815241,17
2017-05-27T20:00:00,140,North,58.80615489592752,48
2017-05-27T20:00:00,140,South,18.68288342901429,23
2017-05-27T20:00:00,140,East,13.841640055198825,20
2017-05-27T20:00:00,140,West,8.507701313074875,17
2017-05-27T21:00:00,141,North,52.287507811565504,46
2017-05-27T21:00:00,141,South,18.727122189742744,24
2017-05-27T21:00:00,141,East,12.76886530964864,20
2017-05-27T21:00:00,141,West,8.285398170315421,18
2017-05-27T22:00:00,142,North,53.077575979289,46
2017-05-27T22:00:00,142,South,18.35116697293039,24
2017-05-27T22:00:00,142,East,12.87812235103235,20
2017-05-27T22:00:00,142,West,8.774121109433095,18
2017-05-27T23:00:00,143,North,54.583555691510476,47
2017-05-27T23:00:00,143,South,18.193841247086144,24
2017-05-27T23:00:00,143,East,11.829176373200273,20
2017-05-27T23:00:00,143,West,8.482225251318503,17
2017-05-28T00:00:00,144,North,46.67019096641473,46
2017-05-28T00:00:00,144,South,17.527653022832418,25
2017-05-28T00:00:00,144,East,12.057011857941443,21
2017-05-28T00:00:00,144,West,5.76935728029521,16
2017-05-28T01:00:00,145,North,36.803099816379515,46
2017-05-28T01:00:00,145,South,14.902237076374572,26
2017-05-28T01:00:00,145,East,7.819576541971689,19
2017-05-28T01:00:00,145,West,5.808179904871535,17
2017-05-28T02:00:00,146,North,36.82727605107595,49
2017-05-28T02:00:00,146,South,12.193758097226528,24
2017-05-28T02:00:00,146,East,7.254376466986092,19
2017-05-28T02:00:00,146,West,4.269015801915819,16
2017-05-28T03:00:00,147,North,25.9713925260931,43
2017-05-28T03:00:00,147,South,12.503040976668599,27
2017-05-28T03:00:00,147,East,7.313183564871299,21
2017-05-28T03:00:00,147,West,3.9171853157674197,17
2017-05-28T04:00:00,148,North,21.989914848767057,43
2017-05-28T04:00:00,148,South,9.75665528550747,26
2017-05-28T04:00:00,148,East,6.5931575787422645,21
2017-05-28T04:00:00,148,West,3.8431677667414963,18
2017-05-28T05:00:00,149,North,25.31709923492301,46
2017-05-28T05:00:00,149,South,9.656645619626994,25
2017-05-28T05:00:00,149,East,5.9128765387527125,20
2017-05-28T05:00:00,149,West,3.965318198371219,17
2017-05-28T06:00:00,150,North,23.362837431911206,46
2017-05-28T06:00:00,150,South,7.970778703827593,23
2017-05-28T06:00:00,150,East,5.300283259696919,20
2017-05-28T06:00:00,150,West,4.748452626565658,19
2017-05-28T07:00:00,151,North,29.29669515313735,47
2017-05-28T07:00:00,151,South,10.605183167071692,25
2017-05-28T07:00:00,151,East,5.884884552899262,19
2017-05-28T07:00:00,151,West,3.9655273831812274,17
2017-05-28T08:00:00,152,North,34.3571752046174,45
2017-05-28T08:00:00,152,South,14.53872360495025,26
2017-05-28T08:00:00,152,East,7.840962104892285,20
2017-05-28T08:00:00,152,West,5.062835611010689,17
2017-05-28T09:00:00,153,North,37.984585873493714,46
2017-05-28T09:00:00,153,South,14.664761424548221,25
2017-05-28T09:00:00,153,East,8.758864830818041,20
2017-05-28T09:00:00,153,West,5.516878855343514,17
2017-05-28T10:00:00,154,North,45.74867668703437,49
2017-05-28T10:00:00,154,South,12.71748985603017,22
2017-05-28T10:00:00,154,East,10.078440214063118,20
2017-05-28T10:00:00,154,West,6.636930720288189,17
2017-05-28T11:00:00,155,North,53.57704468345217,48
2017-05-28T11:00:00,155,South,17.612137090497704,24
2017-05-28T11:00:00,155,East,10.501683335092642,19
2017-05-28T11:00:00,155,West,6.571729212517049,17
2017-05-28T12:00:00,156,North,51.73200141342627,46
2017-05-28T12:00:00,156,South,17.05528123366545,23
2017-05-28T12:00:00,156,East,13.005150683684924,20
2017-05-28T12:00:00,156,West,10.446722199091562,19
2017-05-28T13:00:00,157,North,47.9070430882192,46
2017-05-28T13:00:00,157,South,15.932729014462002,23
2017-05-28T13:00:00,157,East,12.194583016990968,21
2017-05-28T13:00:00,157,West,7.823803737096443,18
2017-05-28T14:00:00,158,North,43.016055785892135,43
2017-05-28T14:00:00,158,South,17.642764319477134,25
2017-05-28T14:00:00,158,East,13.845117002898542,22
2017-05-28T14:00:00,158,West,7.8887822941078225,18
2017-05-28T15:00:00,159,North,48.88809996646464,46
2017-05-28T15:00:00,159,South,17.822904103658317,24
2017-05-28T15:00:00,159,East,12.007037632231798,20
2017-05-28T15:00:00,159,West,8.70975729682667,18
2017-05-28T16:00:00,160,North,47.95132937181106,46
2017-05-28T16:00:00,160,South,18.015430726441377,25
2017-05-28T16:00:00,160,East,11.061621923372236,20
2017-05-28T16:00:00,160,West,7.743985076881382,17
2017-05-28T17:00:00,161,North,49.99368754490465,46
2017-05-28T17:00:00,161,South,18.330135967800356,25
2017-05-28T17:00:00,161,East,11.93555414166643,20
2017-05-28T17:00:00,161,West,7.461617227486947,17
2017-05-28T18:00:00,162,North,57.486260865886976,48
2017-05-28T18:00:00,162,South,18.2229801787199,24
2017-05-28T18:00:00,162,East,11.106882981757742,19
2017-05-28T18:00:00,162,West,7.691985076881381,17
2017-05-28T19:00:00,163,North,68.39312124701733,50
2017-05-28T19:00:00,163,South,18.27665754999486,22
2017-05-28T19:00:00,163,East,13.156333196655538,20
2017-05-28T19:00:00,163,West,7.357649841213994,16
2017-05-28T20:00:00,164,North,66.18072836282074,50
2017-05-28T20:00:00,164,South,18.086116152716173,22
2017-05-28T20:00:00,164,East,12.033365491360396,19
2017-05-28T20:00:00,164,West,8.412579276559814,17
2017-05-28T21:00:00,165,North,65.16120136078712,50
2017-05-28T21:00:00,165,South,18.24143817639898,22
2017-05-28T21:00:00,165,East,11.934333822094294,19
2017-05-28T21:00:00,165,West,8.582854801731793,17
2017-05-28T22:00:00,166,North,59.94402290748988,49
2017-05-28T22:00:00,166,South,18.320424862684494,23
2017-05-28T22:00:00,166,East,12.051777689026094,19
2017-05-28T22:00:00,166,West,7.791081571246762,17
2017-05-28T23:00:00,167,North,54.236672230116774,48
2017-05-28T23:00:00,167,South,17.782529023205395,24
2017-05-28T23:00:00,167,East,12.06522266510265,20
2017-05-28T23:00:00,167,West,7.000946415671137,16
2017-05-29T00:00:00,0,North,52.055308640827306,46
2017-05-29T00:00:00,0,South,18.70052239459816,24
2017-05-29T00:00:00,0,East,14.696995098599322,21
2017-05-29T00:00:00,0,West,7.059425072275912,17
2017-05-29T01:00:00,1,North,43.790124455043426,47
2017-05-29T01:00:00,1,South,19.140812314634474,27
2017-05-29T01:00:00,1,East,7.943412495711706,18
2017-05-29T01:00:00,1,West,5.5166991714226725,16
2017-05-29T02:00:00,2,North,39.89500046026426,48
2017-05-29T02:00:00,2,South,14.514227221943207,25
2017-05-29T02:00:00,2,East,7.911339798694238,19
2017-05-29T02:00:00,2,West,5.06218209751526,16
2017-05-29T03:00:00,3,North,34.36245018885034,47
2017-05-29T03:00:00,3,South,14.286461559912901,27
2017-05-29T03:00:00,3,East,6.219278649582945,18
2017-05-29T03:00:00,3,West,4.08431423410299,16
2017-05-29T04:00:00,4,North,32.515434019142575,47
2017-05-29T04:00:00,4,South,13.585501854099652,26
2017-05-29T04:00:00,4,East,6.599545342826771,19
2017-05-29T04:00:00,4,West,4.020013389218188,16
2017-05-29T05:00:00,5,North,31.819555050071383,46
2017-05-29T05:00:00,5,South,12.350718339072698,25
2017-05-29T05:00:00,5,East,7.745024359028381,20
2017-05-29T05:00:00,5,West,4.48555968712166,17
2017-05-29T06:00:00,6,North,39.60873410642507,48
2017-05-29T06:00:00,6,South,16.7138868065736,27
2017-05-29T06:00:00,6,East,6.207897112555892,17
2017-05-29T06:00:00,6,West,4.084026783934593,16
2017-05-29T07:00:00,7,North,47.2108547326058,51
2017-05-29T07:00:00,7,South,14.223507367205926,24
2017-05-29T07:00:00,7,East,6.221761012169791,17
2017-05-29T07:00:00,7,West,4.957487331065947,16
2017-05-29T08:00:00,8,North,56.0793215748525,53
2017-05-29T08:00:00,8,South,14.679879253223973,23
2017-05-29T08:00:00,8,East,7.596274199984511,17
2017-05-29T08:00:00,8,West,4.5751381619236,15
2017-05-29T09:00:00,9,North,71.32052241468662,53
2017-05-29T09:00:00,9,South,18.611113790648492,23
2017-05-29T09:00:00,9,East,8.748448736724917,17
2017-05-29T09:00:00,9,West,5.845925924082293,15
2017-05-29T10:00:00,10,North,75.63030739842522,51
2017-05-29T10:00:00,10,South,19.51588896584443,22
2017-05-29T10:00:00,10,East,12.475307611621247,18
2017-05-29T10:00:00,10,West,8.958201665973437,17
2017-05-29T11:00:00,11,North,86.12,51
2017-05-29T11:00:00,11,South,21.858261612141046,22
2017-05-29T11:00:00,11,East,16.597451024714108,19
2017-05-29T11:00:00,11,West,9.25355861625628,16
2017-05-29T12:00:00,12,North,79.8,47
2017-05-29T12:00:00,12,South,27.306500246993036,24
2017-05-29T12:00:00,12,East,19.43102041375816,21
2017-05-29T12:00:00,12,West,9.235806099145607,16
2017-05-29T13:00:00,13,North,72.641,46
2017-05-29T13:00:00,13,South,26.96994721669001,25
2017-05-29T13:00:00,13,East,16.646501673847954,20
2017-05-29T13:00:00,13,West,10.353976088739532,17
2017-05-29T14:00:00,14,North,80.84100000000001,47
2017-05-29T14:00:00,14,South,27.530498395423898,24
2017-05-29T14:00:00,14,East,20.333091065552214,21
2017-05-29T14:00:00,14,West,9.915179772711411,16
2017-05-29T15:00:00,15,North,75.316,47
2017-05-29T15:00:00,15,South,25.49915987562259,24
2017-05-29T15:00:00,15,East,19.537200372562243,21
2017-05-29T15:00:00,15,West,9.048451273506435,16
2017-05-29T16:00:00,16,North,73.176,47
2017-05-29T16:00:00,16,South,27.46580811256252,25
2017-05-29T16:00:00,16,East,15.833484338312749,19
2017-05-29T16:00:00,16,West,9.997102167418655,17
2017-05-29T17:00:00,17,North,71.125,46
2017-05-29T17:00:00,17,South,26.223429392990298,25
2017-05-29T17:00:00,17,East,18.565013097505616,21
2017-05-29T17:00:00,17,West,9.044468407322224,16
2017-05-29T18:00:00,18,North,80.40944444444445,48
2017-05-29T18:00:00,18,South,28.908481884703654,25
2017-05-29T18:00:00,18,East,15.892418578675562,19
2017-05-29T18:00:00,18,West,8.658967253369529,16
2017-05-29T19:00:00,19,North,86.65944444444445,49
2017-05-29T19:00:00,19,South,30.132078600428876,25
2017-05-29T19:00:00,19,East,13.044395960424588,18
2017-05-29T19:00:00,19,West,10.506727137036984,16
2017-05-29T20:00:00,20,North,77.91044444444444,47
2017-05-29T20:00:00,20,South,32.01894003742153,26
2017-05-29T20:00:00,20,East,14.882253007119694,19
2017-05-29T20:00:00,20,West,8.511591616005518,16
2017-05-29T21:00:00,21,North,69.05044444444444,47
2017-05-29T21:00:00,21,South,25.89423293097572,25
2017-05-29T21:00:00,21,East,15.755255256259229,20
2017-05-29T21:00:00,21,West,8.695178829484046,16
2017-05-29T22:00:00,22,North,61.367111111111114,46
2017-05-29T22:00:00,22,South,26.027566264309055,26
2017-05-29T22:00:00,22,East,12.8649345147803,19
2017-05-29T22:00:00,22,West,9.004138474236122,17
2017-05-29T23:00:00,23,North,74.82485157897658,50
2017-05-29T23:00:00,23,South,21.743735264817765,23
2017-05-29T23:00:00,23,East,13.71596658467954,19
2017-05-29T23:00:00,23,West,9.013325737520397,16
2017-05-30T00:00:00,24,North,77.83825098012443,51
2017-05-30T00:00:00,24,South,21.94278723583052,23
2017-05-30T00:00:00,24,East,12.936123302782356,18
2017-05-30T00:00:00,24,West,7.505144152291901,16
2017-05-30T01:00:00,25,North,71.32383490886777,50
2017-05-30T01:00:00,25,South,21.591986726128408,24
2017-05-30T01:00:00,25,East,12.668324225014638,19
2017-05-30T01:00:00,25,West,5.203933871961057,15
2017-05-30T02:00:00,26,North,62.43045529556757,52
2017-05-30T02:00:00,26,South,19.212330941111535,24
2017-05-30T02:00:00,26,East,7.888640491736431,17
2017-05-30T02:00:00,26,West,5.087539107394903,15
2017-05-30T03:00:00,27,North,46.99268637451186,48
2017-05-30T03:00:00,27,South,18.474421847031227,26
2017-05-30T03:00:00,27,East,7.298965986519617,18
2017-05-30T03:00:00,27,West,4.8687349235082245,16
2017-05-30T04:00:00,28,North,38.488356694863285,48
2017-05-30T04:00:00,28,South,15.413828804333999,27
2017-05-30T04:00:00,28,East,5.754998958891036,17
2017-05-30T04:00:00,28,West,4.575089689695353,16
2017-05-30T05:00:00,29,North,39.70660986640165,49
2017-05-30T05:00:00,29,South,14.213053969747085,25
2017-05-30T05:00:00,29,East,6.170238925195196,18
2017-05-30T05:00:00,29,West,4.043943539883622,16
2017-05-30T06:00:00,30,North,44.407694753034704,49
2017-05-30T06:00:00,30,South,16.21806081354275,26
2017-05-30T06:00:00,30,East,6.709112159756131,18
2017-05-30T06:00:00,30,West,4.083194975616605,15
2017-05-30T07:00:00,31,North,52.229305611513894,49
2017-05-30T07:00:00,31,South,19.17765665540158,25
2017-05-30T07:00:00,31,East,8.93921744847184,18
2017-05-30T07:00:00,31,West,4.9997372388804,16
2017-05-30T08:00:00,32,North,59.92651175949123,52
2017-05-30T08:00:00,32,South,16.38529288174386,23
2017-05-30T08:00:00,32,East,8.16336862770891,17
2017-05-30T08:00:00,32,West,6.170265547939135,16
2017-05-30T09:00:00,33,North,70.74160256441202,52
2017-05-30T09:00:00,33,South,18.272303874258196,23
2017-05-30T09:00:00,33,East,10.208879462985053,18
2017-05-30T09:00:00,33,West,5.962104520676981,15
2017-05-30T10:00:00,34,North,76.7405594011879,50
2017-05-30T10:00:00,34,South,21.72075720394246,23
2017-05-30T10:00:00,34,East,13.515882663176493,19
2017-05-30T10:00:00,34,West,9.222567661156111,16
2017-05-30T11:00:00,35,North,59.955263157894734,45
2017-05-30T11:00:00,35,South,22.111680079210768,24
2017-05-30T11:00:00,35,East,17.45733051364034,22
2017-05-30T11:00:00,35,West,10.053026924808737,17
2017-05-30T12:00:00,36,North,70.77000000000001,46
2017-05-30T12:00:00,36,South,22.936133633922957,23
2017-05-30T12:00:00,36,East,18.458833138701532,21
2017-05-30T12:00:00,36,West,11.463099068140984,18
2017-05-30T13:00:00,37,North,75.76473893457248,48
2017-05-30T13:00:00,37,South,24.14302221210449,24
2017-05-30T13:00:00,37,East,17.38754977490678,20
2017-05-30T13:00:00,37,West,8.767899829164516,16
2017-05-30T14:00:00,38,North,70.14376315789474,46
2017-05-30T14:00:00,38,South,25.508782134745346,24
2017-05-30T14:00:00,38,East,18.497259070474,21
2017-05-30T14:00:00,38,West,9.979495623271553,17
2017-05-30T15:00:00,39,North,71.7085,46
2017-05-30T15:00:00,39,South,26.28655997823416,24
2017-05-30T15:00:00,39,East,19.537200372562243,21
2017-05-30T15:00:00,39,West,10.054346599177066,17
2017-05-30T16:00:00,40,North,67.46376315789473,45
2017-05-30T16:00:00,40,South,25.370412524696672,24
2017-05-30T16:00:00,40,East,20.40084509258383,22
2017-05-30T16:00:00,40,West,9.473910188416294,17
2017-05-30T17:00:00,41,North,59.46376315789474,44
2017-05-30T17:00:00,41,South,28.613417654959367,27
2017-05-30T17:00:00,41,East,14.882253007119694,20
2017-05-30T17:00:00,41,West,9.841001180612693,17
2017-05-30T18:00:00,42,North,65.49820760233918,45
2017-05-30T18:00:00,42,South,26.080909075320555,25
2017-05-30T18:00:00,42,East,17.552356330169996,21
2017-05-30T18:00:00,42,West,9.340905309498575,17
2017-05-30T19:00:00,43,North,65.12820760233919,44
2017-05-30T19:00:00,43,South,29.466485440222023,27
2017-05-30T19:00:00,43,East,16.750280319650475,20
2017-05-30T19:00:00,43,West,9.442256568064044,17
2017-05-30T20:00:00,44,North,60.14820760233918,44
2017-05-30T20:00:00,44,South,27.26741559710274,27
2017-05-30T20:00:00,44,East,15.833484338312749,20
2017-05-30T20:00:00,44,West,9.689029871236658,17
2017-05-30T21:00:00,45,North,62.26549745741164,45
2017-05-30T21:00:00,45,South,27.71098145740813,27
2017-05-30T21:00:00,45,East,13.884578564041153,19
2017-05-30T21:00:00,45,West,9.366516734485504,17
2017-05-30T22:00:00,46,North,82.8257508884703,50
2017-05-30T22:00:00,46,South,25.53700623346017,24
2017-05-30T22:00:00,46,East,13.785823313759654,18
2017-05-30T22:00:00,46,West,8.46216000958379,16
2017-05-30T23:00:00,47,North,78.8193585300432,49
2017-05-30T23:00:00,47,South,25.60586809008221,24
2017-05-30T23:00:00,47,East,13.864052395813173,19
2017-05-30T23:00:00,47,West,9.307983930395155,16
2017-05-31T00:00:00,48,North,76.68641589996619,50
2017-05-31T00:00:00,48,South,24.124963595496062,24
2017-05-31T00:00:00,48,East,12.065045771277202,18
2017-05-31T00:00:00,48,West,8.62038249274437,16
2017-05-31T01:00:00,49,North,67.8713184732347,51
2017-05-31T01:00:00,49,South,21.443460230298662,25
2017-05-31T01:00:00,49,East,8.975655008322775,17
2017-05-31T01:00:00,49,West,5.182686345207276,15
2017-05-31T02:00:00,50,North,51.04061175083113,48
2017-05-31T02:00:00,50,South,21.368544858174392,27
2017-05-31T02:00:00,50,East,8.60191414009134,18
2017-05-31T02:00:00,50,West,4.733234261011972,15
2017-05-31T03:00:00,51,North,47.07687570244161,49
2017-05-31T03:00:00,51,South,16.307372990102994,25
2017-05-31T03:00:00,51,East,8.255124692230458,18
2017-05-31T03:00:00,51,West,4.908860750958236,16
2017-05-31T04:00:00,52,North,36.66496657145034,47
2017-05-31T04:00:00,52,South,15.382705243888001,27
2017-05-31T04:00:00,52,East,6.9032070894119055,18
2017-05-31T04:00:00,52,West,4.609986436553825,16
2017-05-31T05:00:00,53,North,36.982698936595895,48
2017-05-31T05:00:00,53,South,14.428223491400935,26
2017-05-31T05:00:00,53,East,5.840095064592938,18
2017-05-31T05:00:00,53,West,4.043943539883622,16
2017-05-31T06:00:00,54,North,46.32036640980985,50
2017-05-31T06:00:00,54,South,16.139908228243918,25
2017-05-31T06:00:00,54,East,5.8638592575245845,17
2017-05-31T06:00:00,54,West,4.083194975616605,16
2017-05-31T07:00:00,55,North,52.28747227818056,50
2017-05-31T07:00:00,55,South,14.372325963720678,23
2017-05-31T07:00:00,55,East,9.950552331023124,19
2017-05-31T07:00:00,55,West,4.8674574923228695,16
2017-05-31T08:00:00,56,North,58.87587544042241,50
2017-05-31T08:00:00,56,South,17.969369885943472,24
2017-05-31T08:00:00,56,East,10.310366519840713,19
2017-05-31T08:00:00,56,West,5.1902553692594395,15
2017-05-31T09:00:00,57,North,67.00253322640583,50
2017-05-31T09:00:00,57,South,20.225210890017546,23
2017-05-31T09:00:00,57,East,11.7055559404297,19
2017-05-31T09:00:00,57,West,7.222005641866761,16
2017-05-31T10:00:00,58,North,77.05101062669347,50
2017-05-31T10:00:00,58,South,21.918151897346032,23
2017-05-31T10:00:00,58,East,15.05041537848498,19
2017-05-31T10:00:00,58,West,9.228682868005746,16
2017-05-31T11:00:00,59,North,62.30218623481781,44
2017-05-31T11:00:00,59,South,26.02922809493203,26
2017-05-31T11:00:00,59,East,17.06094813629717,21
2017-05-31T11:00:00,59,West,9.407744738240236,17
2017-05-31T12:00:00,60,North,62.952186234817816,44
2017-05-31T12:00:00,60,South,27.528489269424977,26
2017-05-31T12:00:00,60,East,16.714512114183893,20
2017-05-31T12:00:00,60,West,11.340693983753969,18
2017-05-31T13:00:00,61,North,83.24146389168699,50
2017-05-31T13:00:00,61,South,22.80798239747824,22
2017-05-31T13:00:00,61,East,16.672423315638998,19
2017-05-31T13:00:00,61,West,10.339969650231119,17
2017-05-31T14:00:00,62,North,68.2206862348178,44
2017-05-31T14:00:00,62,South,28.630142548930863,26
2017-05-31T14:00:00,62,East,18.523180712265045,21
2017-05-31T14:00:00,62,West,9.977636196151472,17
2017-05-31T15:00:00,63,North,63.76068623481781,44
2017-05-31T15:00:00,63,South,29.0462352353654,26
2017-05-31T15:00:00,63,East,17.583613600188233,21
2017-05-31T15:00:00,63,West,9.41937802972175,17
2017-05-31T16:00:00,64,North,61.69743195286788,44
2017-05-31T16:00:00,64,South,25.692681556632856,26
2017-05-31T16:00:00,64,East,17.583613600188233,21
2017-05-31T16:00:00,64,West,9.61057659164888,17
2017-05-31T17:00:00,65,North,77.88648570762041,48
2017-05-31T17:00:00,65,South,23.347683993722384,23
2017-05-31T17:00:00,65,East,20.426766734374873,21
2017-05-31T17:00:00,65,West,9.432077312509874,16
2017-05-31T18:00:00,66,North,60.08513067926226,44
2017-05-31T18:00:00,66,South,29.283510016770595,27
2017-05-31T18:00:00,66,East,15.833484338312749,20
2017-05-31T18:00:00,66,West,8.663891836570976,17
2017-05-31T19:00:00,67,North,60.86361552774711,44
2017-05-31T19:00:00,67,South,29.202269489506072,27
2017-05-31T19:00:00,67,East,14.734167195986059,20
2017-05-31T19:00:00,67,West,9.598644698327696,17
2017-05-31T20:00:00,68,North,61.05669245082403,45
2017-05-31T20:00:00,68,South,27.437699949374128,27
2017-05-31T20:00:00,68,East,12.860194368055616,19
2017-05-31T20:00:00,68,West,8.92655026238049,17
2017-05-31T21:00:00,69,North,81.91379414004115,50
2017-05-31T21:00:00,69,South,22.522961575467882,23
2017-05-31T21:00:00,69,East,14.804023925066174,19
2017-05-31T21:00:00,69,West,9.393885155538136,16
2017-05-31T22:00:00,70,North,82.47969114412108,50
2017-05-31T22:00:00,70,South,24.93896777990862,24
2017-05-31T22:00:00,70,East,12.847907405084207,18
2017-05-31T22:00:00,70,West,9.616810433935415,16
2017-05-31T23:00:00,71,North,79.57086322771367,50
2017-05-31T23:00:00,71,South,24.124963595496062,24
2017-05-31T23:00:00,71,East,11.529515783754176,18
2017-05-31T23:00:00,71,West,9.178743828459544,16
2017-06-01T00:00:00,72,North,73.14796847206631,50
2017-06-01T00:00:00,72,South,22.7555060342472,24
2017-06-01T00:00:00,72,East,10.972415812917745,18
2017-06-01T00:00:00,72,West,7.535677600080498,16
2017-06-01T01:00:00,73,North,62.32737664932133,50
2017-06-01T01:00:00,73,South,21.14313845606566,25
2017-06-01T01:00:00,73,East,10.265848490752962,18
2017-06-01T01:00:00,73,West,5.30000932690504,15
2017-06-01T02:00:00,74,North,52.099910876114144,49
2017-06-01T02:00:00,74,South,19.457076197776228,26
2017-06-01T02:00:00,74,East,7.823217499634395,18
2017-06-01T02:00:00,74,West,4.964263141628207,15
2017-06-01T03:00:00,75,North,44.19715396460026,50
2017-06-01T03:00:00,75,South,16.94874438512293,26
2017-06-01T03:00:00,75,East,5.328700942735708,17
2017-06-01T03:00:00,75,West,4.005678061255745,15
2017-06-01T04:00:00,76,North,38.6874007036316,48
2017-06-01T04:00:00,76,South,14.763749445771532,26
2017-06-01T04:00:00,76,East,5.762615410079347,18
2017-06-01T04:00:00,76,West,4.628795118948577,16
2017-06-01T05:00:00,77,North,36.11952187140271,48
2017-06-01T05:00:00,77,South,12.807373591988476,25
2017-06-01T05:00:00,77,East,6.5867656376142945,19
2017-06-01T05:00:00,77,West,3.963945716180084,16
2017-06-01T06:00:00,78,North,39.866389622165286,49
2017-06-01T06:00:00,78,South,13.095999159956378,24
2017-06-01T06:00:00,78,East,5.907830021731103,18
2017-06-01T06:00:00,78,West,4.9288147398143805,17
2017-06-01T07:00:00,79,North,47.48926349509927,51
2017-06-01T07:00:00,79,South,15.2821528130704,24
2017-06-01T07:00:00,79,East,6.014984151661554,17
2017-06-01T07:00:00,79,West,4.708078608222399,16
2017-06-01T08:00:00,80,North,56.34677140346356,49
2017-06-01T08:00:00,80,South,18.791468236762107,24
2017-06-01T08:00:00,80,East,11.27948680422479,19
2017-06-01T08:00:00,80,West,5.2779184539671595,16
2017-06-01T09:00:00,81,North,68.8037879546626,52
2017-06-01T09:00:00,81,South,18.02758668577745,23
2017-06-01T09:00:00,81,East,11.062982759456162,18
2017-06-01T09:00:00,81,West,5.800150160638286,15
2017-06-01T10:00:00,82,North,78.39668088851406,51
2017-06-01T10:00:00,82,South,21.72471334572602,23
2017-06-01T10:00:00,82,East,11.709583587696207,18
2017-06-01T10:00:00,82,West,9.369697888914247,16
2017-06-01T11:00:00,83,North,74.21692307692308,47
2017-06-01T11:00:00,83,South,23.83584134698186,23
2017-06-01T11:00:00,83,East,20.287816983765012,22
2017-06-01T11:00:00,83,West,9.404065393686214,16
2017-06-01T12:00:00,84,North,63.23218623481781,44
2017-06-01T12:00:00,84,South,24.84995883542173,25
2017-06-01T12:00:00,84,East,19.107552476547177,22
2017-06-01T12:00:00,84,West,10.871032561412882,17
2017-06-01T13:00:00,85,North,56.72893195286788,43
2017-06-01T13:00:00,85,South,21.86894326677175,24
2017-06-01T13:00:00,85,East,20.281647426184783,23
2017-06-01T13:00:00,85,West,10.007943882084309,18
2017-06-01T14:00:00,86,North,55.600686234817815,42
2017-06-01T14:00:00,86,South,26.335589246677145,26
2017-06-01T14:00:00,86,East,18.48717567810467,22
2017-06-01T14:00:00,86,West,10.03039575787469,18
2017-06-01T15:00:00,87,North,59.685686234817815,44
2017-06-01T15:00:00,87,South,26.375644598492954,26
2017-06-01T15:00:00,87,East,17.54760856602786,21
2017-06-01T15:00:00,87,West,8.946335676216801,17
2017-06-01T16:00:00,88,North,55.525686234817805,43
2017-06-01T16:00:00,88,South,26.615894936725837,27
2017-06-01T16:00:00,88,East,16.50291183262064,21
2017-06-01T16:00:00,88,West,9.508552219587738,17
2017-06-01T17:00:00,89,North,56.445686234817806,44
2017-06-01T17:00:00,89,South,21.90365442845963,24
2017-06-01T17:00:00,89,East,18.554929705136285,23
2017-06-01T17:00:00,89,West,9.579884572066833,17
2017-06-01T18:00:00,90,North,61.360130679262255,46
2017-06-01T18:00:00,90,South,21.85507341663908,24
2017-06-01T18:00:00,90,East,15.231000481402248,21
2017-06-01T18:00:00,90,West,9.56184608182117,17
2017-06-01T19:00:00,91,North,67.87486752136752,47
2017-06-01T19:00:00,91,South,23.377942841777365,24
2017-06-01T19:00:00,91,East,15.231000481402248,20
2017-06-01T19:00:00,91,West,9.826958715183055,17
2017-06-01T20:00:00,92,North,58.88320760233918,45
2017-06-01T20:00:00,92,South,23.831192308308076,26
2017-06-01T20:00:00,92,East,14.25417780255902,20
2017-06-01T20:00:00,92,West,9.405413612279258,17
2017-06-01T21:00:00,93,North,60.26320760233917,47
2017-06-01T21:00:00,93,South,22.505949176814724,25
2017-06-01T21:00:00,93,East,10.594530698330985,18
2017-06-01T21:00:00,93,West,9.463188397772038,18
2017-06-01T22:00:00,94,North,57.92169245082403,46
2017-06-01T22:00:00,94,South,23.30098216037901,26
2017-06-01T22:00:00,94,East,11.016924114479979,18
2017-06-01T22:00:00,94,West,9.47109025091861,18
2017-06-01T23:00:00,95,North,82.01100019144232,51
2017-06-01T23:00:00,95,South,22.628530284484796,23
2017-06-01T23:00:00,95,East,13.29822065661566,18
2017-06-01T23:00:00,95,West,8.659024505614008,16
2017-06-02T00:00:00,96,North,77.24769273129735,51
2017-06-02T00:00:00,96,South,21.330084401234743,23
2017-06-02T00:00:00,96,East,12.45803459260642,18
2017-06-02T00:00:00,96,West,7.296477547881697,16
2017-06-02T01:00:00,97,North,66.0207313217611,51
2017-06-02T01:00:00,97,South,20.809825509464336,24
2017-06-02T01:00:00,97,East,11.144845761689245,18
2017-06-02T01:00:00,97,West,4.61859758103512,15
2017-06-02T02:00:00,98,North,55.358124882784935,50
2017-06-02T02:00:00,98,South,18.130193621319545,25
2017-06-02T02:00:00,98,East,7.92396198202902,17
2017-06-02T02:00:00,98,West,5.083838533901856,16
2017-06-02T03:00:00,99,North,48.34740086541292,50
2017-06-02T03:00:00,99,South,16.92903602946726,25
2017-06-02T03:00:00,99,East,6.228189714062682,17
2017-06-02T03:00:00,99,West,4.5419240212127825,16
2017-06-02T04:00:00,100,North,42.36788470585376,51
2017-06-02T04:00:00,100,South,13.676031301725864,24
2017-06-02T04:00:00,100,East,5.421146734321579,17
2017-06-02T04:00:00,100,West,4.300477213250126,16
2017-06-02T05:00:00,101,North,38.119160447184,48
2017-06-02T05:00:00,101,South,15.862038751689116,27
2017-06-02T05:00:00,101,East,5.894663915465659,17
2017-06-02T05:00:00,101,West,4.012387184402428,16
2017-06-02T06:00:00,102,North,43.66363913164735,49
2017-06-02T06:00:00,102,South,14.748819937613465,25
2017-06-02T06:00:00,102,East,7.169159110701186,18
2017-06-02T06:00:00,102,West,4.893220999575725,16
2017-06-02T07:00:00,103,North,52.58820229840065,52
2017-06-02T07:00:00,103,South,15.105054457788057,23
2017-06-02T07:00:00,103,East,6.8816292985958984,17
2017-06-02T07:00:00,103,West,4.634903938248991,16
2017-06-02T08:00:00,104,North,57.28473681157474,53
2017-06-02T08:00:00,104,South,14.941280817274128,23
2017-06-02T08:00:00,104,East,7.337528207029277,17
2017-06-02T08:00:00,104,West,4.008103046758954,15
2017-06-02T09:00:00,105,North,65.45515465804966,52
2017-06-02T09:00:00,105,South,17.293605891861986,22
2017-06-02T09:00:00,105,East,10.034946353460567,18
2017-06-02T09:00:00,105,West,5.801096933437688,16
2017-06-02T10:00:00,106,North,76.59162015927039,51
2017-06-02T10:00:00,106,South,18.369379474221244,21
2017-06-02T10:00:00,106,East,14.496378471441037,20
2017-06-02T10:00:00,106,West,7.822641216648903,16
2017-06-02T11:00:00,107,North,58.04044710438303,45
2017-06-02T11:00:00,107,South,21.548632020282362,24
2017-06-02T11:00:00,107,East,15.827460543820758,21
2017-06-02T11:00:00,107,West,9.539760630037689,18
2017-06-02T12:00:00,108,North,56.21044710438302,42
2017-06-02T12:00:00,108,South,25.494639191157177,26
2017-06-02T12:00:00,108,East,17.437185020216127,21
2017-06-02T12:00:00,108,West,12.700476137244234,19
2017-06-02T13:00:00,109,North,76.9898521718132,51
2017-06-02T13:00:00,109,South,20.584377681419603,22
2017-06-02T13:00:00,109,East,11.912055222641268,18
2017-06-02T13:00:00,109,West,10.011675982871896,17
2017-06-02T14:00:00,110,North,83.6509983915009,51
2017-06-02T14:00:00,110,South,20.60760278964471,22
2017-06-02T14:00:00,110,East,13.300893767891003,18
2017-06-02T14:00:00,110,West,10.367633467672752,17
2017-06-02T15:00:00,111,North,81.65686781619385,49
2017-06-02T15:00:00,111,South,24.170517019511728,23
2017-06-02T15:00:00,111,East,15.23367359267759,19
2017-06-02T15:00:00,111,West,9.987020950581883,17
2017-06-02T16:00:00,112,North,79.22046442647448,51
2017-06-02T16:00:00,112,South,19.299188194385717,21
2017-06-02T16:00:00,112,East,14.256850913834363,19
2017-06-02T16:00:00,112,West,10.29597608747273,17
2017-06-02T17:00:00,113,North,76.96763111545548,51
2017-06-02T17:00:00,113,South,20.477965745579773,22
2017-06-02T17:00:00,113,East,12.562327512707325,18
2017-06-02T17:00:00,113,West,9.20007566525675,17
2017-06-02T18:00:00,114,North,81.42946171420141,51
2017-06-02T18:00:00,114,South,20.542191146965752,22
2017-06-02T18:00:00,114,East,12.562327512707325,18
2017-06-02T18:00:00,114,West,10.302921924768258,17
2017-06-02T19:00:00,115,North,80.21415870501546,50
2017-06-02T19:00:00,115,South,21.98798818108122,23
2017-06-02T19:00:00,115,East,13.321419936118982,18
2017-06-02T19:00:00,115,West,9.745610268800734,17
2017-06-02T20:00:00,116,North,80.2517853016573,51
2017-06-02T20:00:00,116,South,22.815397365680244,23
2017-06-02T20:00:00,116,East,12.562327512707325,18
2017-06-02T20:00:00,116,West,8.377918984109908,16
2017-06-02T21:00:00,117,North,78.25079555431604,52
2017-06-02T21:00:00,117,South,20.60662777765488,23
2017-06-02T21:00:00,117,East,10.660169107285508,17
2017-06-02T21:00:00,117,West,8.298500827854417,16
2017-06-02T22:00:00,118,North,72.48462000014307,50
2017-06-02T22:00:00,118,South,20.83501383094069,23
2017-06-02T22:00:00,118,East,11.061640527263473,18
2017-06-02T22:00:00,118,West,9.503661325286576,17
2017-06-02T23:00:00,119,North,72.08217128558512,51
2017-06-02T23:00:00,119,South,20.004694402181624,23
2017-06-02T23:00:00,119,East,11.725136442000087,18
2017-06-02T23:00:00,119,West,7.831348114689099,16
2017-06-03T00:00:00,120,North,63.36296933853939,48
2017-06-03T00:00:00,120,South,20.57824201943639,24
2017-06-03T00:00:00,120,East,13.104059394357526,19
2017-06-03T00:00:00,120,West,8.39977956288318,17
2017-06-03T01:00:00,121,North,56.78009987206908,49
2017-06-03T01:00:00,121,South,18.275385848525843,24
2017-06-03T01:00:00,121,East,12.163754047624696,20
2017-06-03T01:00:00,121,West,4.740759588129145,15
2017-06-03T02:00:00,122,North,41.814189793841365,48
2017-06-03T02:00:00,122,South,16.982053386178954,26
2017-06-03T02:00:00,122,East,7.044523828280266,18
2017-06-03T02:00:00,122,West,4.970050723719766,16
2017-06-03T03:00:00,123,North,37.0969476600071,48
2017-06-03T03:00:00,123,South,14.185456848339678,26
2017-06-03T03:00:00,123,East,6.228189714062683,18
2017-06-03T03:00:00,123,West,4.777650248663502,16
2017-06-03T04:00:00,124,North,28.581310538505143,46
2017-06-03T04:00:00,124,South,11.523878671670346,26
2017-06-03T04:00:00,124,East,6.301997820420196,20
2017-06-03T04:00:00,124,West,3.506720253492124,16
2017-06-03T05:00:00,125,North,24.59960916224522,45
2017-06-03T05:00:00,125,South,9.5927050427042,25
2017-06-03T05:00:00,125,East,7.08139091384814,21
2017-06-03T05:00:00,125,West,3.8629982719597593,17
2017-06-03T06:00:00,126,North,26.645216305102362,44
2017-06-03T06:00:00,126,South,11.935236345223787,27
2017-06-03T06:00:00,126,East,6.5996872773267246,20
2017-06-03T06:00:00,126,West,3.904289160218271,17
2017-06-03T07:00:00,127,North,35.592903284157764,50
2017-06-03T07:00:00,127,South,10.135163880657196,23
2017-06-03T07:00:00,127,East,6.374655559092857,19
2017-06-03T07:00:00,127,West,4.009949695882007,16
2017-06-03T08:00:00,128,North,40.58398573813341,50
2017-06-03T08:00:00,128,South,11.231178556816609,23
2017-06-03T08:00:00,128,East,7.476335776636907,19
2017-06-03T08:00:00,128,West,4.0282387996903255,16
2017-06-03T09:00:00,129,North,47.81232456345849,50
2017-06-03T09:00:00,129,South,13.31214175743512,22
2017-06-03T09:00:00,129,East,9.063303785992787,19
2017-06-03T09:00:00,129,West,6.364859966896044,17
2017-06-03T10:00:00,130,North,51.46491830204504,49
2017-06-03T10:00:00,130,South,13.382884046338143,22
2017-06-03T10:00:00,130,East,10.79418384168329,20
2017-06-03T10:00:00,130,West,7.517587432508705,17
2017-06-03T11:00:00,131,North,70.45057459726281,50
2017-06-03T11:00:00,131,South,14.785350143294682,20
2017-06-03T11:00:00,131,East,17.091622039359358,21
2017-06-03T11:00:00,131,West,8.498469698152137,17
2017-06-03T12:00:00,132,North,68.25306078272307,49
2017-06-03T12:00:00,132,South,17.987129244893403,22
2017-06-03T12:00:00,132,East,12.5282438909806,19
2017-06-03T12:00:00,132,West,10.965998556269355,18
2017-06-03T13:00:00,133,North,58.45535809040191,49
2017-06-03T13:00:00,133,South,17.034831527904768,23
2017-06-03T13:00:00,133,East,11.103362013125953,19
2017-06-03T13:00:00,133,West,8.965004306473201,17
2017-06-03T14:00:00,134,North,53.53554534941739,46
2017-06-03T14:00:00,134,South,17.034831527904768,23
2017-06-03T14:00:00,134,East,13.382620791097938,21
2017-06-03T14:00:00,134,West,8.864056567321995,18
2017-06-03T15:00:00,135,North,53.49818497342444,48
2017-06-03T15:00:00,135,South,15.646019055597735,23
2017-06-03T15:00:00,135,East,10.776395625351078,19
2017-06-03T15:00:00,135,West,8.060027907059885,18
2017-06-03T16:00:00,136,North,53.50126189650137,48
2017-06-03T16:00:00,136,South,17.04867310172834,23
2017-06-03T16:00:00,136,East,11.817132069062321,20
2017-06-03T16:00:00,136,West,7.967972248386543,17
2017-06-03T17:00:00,137,North,56.449702228570736,48
2017-06-03T17:00:00,137,South,17.96381502963652,23
2017-06-03T17:00:00,137,East,10.779845830081637,19
2017-06-03T17:00:00,137,West,8.976385683522867,18
2017-06-03T18:00:00,138,North,56.97317802473416,47
2017-06-03T18:00:00,138,South,17.892807082763003,23
2017-06-03T18:00:00,138,East,14.465666544636235,21
2017-06-03T18:00:00,138,West,8.842892308267922,17
2017-06-03T19:00:00,139,North,59.40307822886588,50
2017-06-03T19:00:00,139,South,16.15874269408735,22
2017-06-03T19:00:00,139,East,11.100067668734452,19
2017-06-03T19:00:00,139,West,7.931476906771636,17
2017-06-03T20:00:00,140,North,65.4350942192731,50
2017-06-03T20:00:00,140,South,16.976642928374368,22
2017-06-03T20:00:00,140,East,13.133130413684281,19
2017-06-03T20:00:00,140,West,8.34216224294096,17
2017-06-03T21:00:00,141,North,57.966585584456105,47
2017-06-03T21:00:00,141,South,17.820396539665577,23
2017-06-03T21:00:00,141,East,15.83235306963331,21
2017-06-03T21:00:00,141,West,8.09922210914275,17
2017-06-03T22:00:00,142,North,57.04502971293971,46
2017-06-03T22:00:00,142,South,17.806554965842004,23
2017-06-03T22:00:00,142,East,15.81182690140533,22
2017-06-03T22:00:00,142,West,8.858199435101625,17
2017-06-03T23:00:00,143,North,53.583555691510476,47
2017-06-03T23:00:00,143,South,16.891413037933823,23
2017-06-03T23:00:00,143,East,13.899573244846723,21
2017-06-03T23:00:00,143,West,8.172714061937068,17
2017-06-04T00:00:00,144,North,52.66783636720191,48
2017-06-04T00:00:00,144,South,18.558505792279007,25
2017-06-04T00:00:00,144,East,10.692732155837572,19
2017-06-04T00:00:00,144,West,6.7024715030739355,16
2017-06-04T01:00:00,145,North,41.35907202146343,48
2017-06-04T01:00:00,145,South,15.366093018884902,25
2017-06-04T01:00:00,145,East,7.923072164633029,19
2017-06-04T01:00:00,145,West,4.899149651050937,16
2017-06-04T02:00:00,146,North,29.924210829022783,46
2017-06-04T02:00:00,146,South,11.575907349344458,25
2017-06-04T02:00:00,146,East,6.631444921074456,20
2017-06-04T02:00:00,146,West,4.224677497913528,17
2017-06-04T03:00:00,147,North,26.9713925260931,45
2017-06-04T03:00:00,147,South,12.414983201653609,27
2017-06-04T03:00:00,147,East,5.79800400187785,19
2017-06-04T03:00:00,147,West,3.6735198443436117,17
2017-06-04T04:00:00,148,North,26.989914848767057,46
2017-06-04T04:00:00,148,South,10.434830554027375,25
2017-06-04T04:00:00,148,East,6.5931575787422645,20
2017-06-04T04:00:00,148,West,3.8657061271405384,17
2017-06-04T05:00:00,149,North,22.373706377780152,45
2017-06-04T05:00:00,149,South,9.154547639503487,25
2017-06-04T05:00:00,149,East,5.776561853414595,20
2017-06-04T05:00:00,149,West,3.9090973500262796,18
2017-06-04T06:00:00,150,North,27.306230289054064,47
2017-06-04T06:00:00,150,South,9.369256932162449,24
2017-06-04T06:00:00,150,East,5.907585555178089,20
2017-06-04T06:00:00,150,West,3.9345252479737547,17
2017-06-04T07:00:00,151,North,27.29669515313735,47
2017-06-04T07:00:00,151,South,9.36212378860486,24
2017-06-04T07:00:00,151,East,6.0097169403325505,20
2017-06-04T07:00:00,151,West,3.9785165502355424,17
2017-06-04T08:00:00,152,North,35.30223391052195,47
2017-06-04T08:00:00,152,South,11.332489257491,23
2017-06-04T08:00:00,152,East,10.343748276863499,22
2017-06-04T08:00:00,152,West,4.085544537351494,16
2017-06-04T09:00:00,153,North,41.540704386847146,48
2017-06-04T09:00:00,153,South,12.376436453992333,23
2017-06-04T09:00:00,153,East,8.712598986031118,20
2017-06-04T09:00:00,153,West,5.4356892803757315,17
2017-06-04T10:00:00,154,North,44.78245298153276,48
2017-06-04T10:00:00,154,South,12.773262140606839,22
2017-06-04T10:00:00,154,East,9.399314917860435,20
2017-06-04T10:00:00,154,West,7.618908529293507,18
2017-06-04T11:00:00,155,North,56.24880195116676,50
2017-06-04T11:00:00,155,South,13.736620887659852,21
2017-06-04T11:00:00,155,East,11.797140580715459,20
2017-06-04T11:00:00,155,West,7.612016246101062,17
2017-06-04T12:00:00,156,North,60.56405001942305,48
2017-06-04T12:00:00,156,South,18.92883811621855,23
2017-06-04T12:00:00,156,East,14.173391200958111,20
2017-06-04T12:00:00,156,West,8.879093658442512,17
2017-06-04T13:00:00,157,North,54.497016331550476,47
2017-06-04T13:00:00,157,South,17.809062529834744,24
2017-06-04T13:00:00,157,East,12.38624534315418,20
2017-06-04T13:00:00,157,West,7.80930326651689,17
2017-06-04T14:00:00,158,North,50.77349855385218,47
2017-06-04T14:00:00,158,South,17.809062529834744,25
2017-06-04T14:00:00,158,East,10.40262409784481,19
2017-06-04T14:00:00,158,West,7.4680050870637436,17
2017-06-04T15:00:00,159,North,49.950360765948844,47
2017-06-04T15:00:00,159,South,16.884803643966013,24
2017-06-04T15:00:00,159,East,9.678218055068164,19
2017-06-04T15:00:00,159,West,8.059433979376461,18
2017-06-04T16:00:00,160,North,52.83270091653899,46
2017-06-04T16:00:00,160,South,17.84032462829882,24
2017-06-04T16:00:00,160,East,14.11214437879187,21
2017-06-04T16:00:00,160,West,8.473583000540705,17
2017-06-04T17:00:00,161,North,53.87295077241788,47
2017-06-04T17:00:00,161,South,18.052586515521835,24
2017-06-04T17:00:00,161,East,13.176713401076489,20
2017-06-04T17:00:00,161,West,7.876698597045563,17
2017-06-04T18:00:00,162,North,57.54992965570151,48
2017-06-04T18:00:00,162,South,17.510321615486006,23
2017-06-04T18:00:00,162,East,12.406771511382159,20
2017-06-04T18:00:00,162,West,7.682388687455204,17
2017-06-04T19:00:00,163,North,59.67116640994097,49
2017-06-04T19:00:00,163,South,18.33486780682747,23
2017-06-04T19:00:00,163,East,10.756840233001281,19
2017-06-04T19:00:00,163,West,7.924294983890806,17
2017-06-04T20:00:00,164,North,60.448699173009544,49
2017-06-04T20:00:00,164,South,17.447131973171665,23
2017-06-04T20:00:00,164,East,11.643346993033566,19
2017-06-04T20:00:00,164,West,8.433108117041096,17
2017-06-04T21:00:00,165,North,64.55957285471435,50
2017-06-04T21:00:00,165,South,18.824193157928953,23
2017-06-04T21:00:00,165,East,10.677461238265641,18
2017-06-04T21:00:00,165,West,7.90462852760554,17
2017-06-04T22:00:00,166,North,61.131884542710004,48
2017-06-04T22:00:00,166,South,18.30256609645073,23
2017-06-04T22:00:00,166,East,13.15618723284851,20
2017-06-04T22:00:00,166,West,8.501384721440616,17
2017-06-04T23:00:00,167,North,63.92481610271778,49
2017-06-04T23:00:00,167,South,18.257069247711232,23
2017-06-04T23:00:00,167,East,14.09161821056389,20
2017-06-04T23:00:00,167,West,7.684574781966916,16
2017-06-05T00:00:00,0,North,51.93602466093978,49
2017-06-05T00:00:00,0,South,16.091908974145277,23
2017-06-05T00:00:00,0,East,9.599972270735483,19
2017-06-05T00:00:00,0,West,7.276432413626406,17
2017-06-05T01:00:00,1,North,44.9675776554492,47
2017-06-05T01:00:00,1,South,17.62845100175572,26
2017-06-05T01:00:00,1,East,9.732706854497737,19
2017-06-05T01:00:00,1,West,5.252084120825898,16
2017-06-05T02:00:00,2,North,37.21146256227985,48
2017-06-05T02:00:00,2,South,13.004394724138846,24
2017-06-05T02:00:00,2,East,7.9033492948931166,20
2017-06-05T02:00:00,2,West,4.621672023253118,16
2017-06-05T03:00:00,3,North,32.41447556142155,47
2017-06-05T03:00:00,3,South,13.061311176956435,26
2017-06-05T03:00:00,3,East,6.205588173392469,19
2017-06-05T03:00:00,3,West,4.052378555972324,16
2017-06-05T04:00:00,4,North,29.515434019142578,47
2017-06-05T04:00:00,4,South,9.977405721596746,24
2017-06-05T04:00:00,4,East,6.301997820420196,20
2017-06-05T04:00:00,4,West,4.5043683695164125,17
2017-06-05T05:00:00,5,North,32.84436843488477,47
2017-06-05T05:00:00,5,South,14.353006950975109,27
2017-06-05T05:00:00,5,East,5.747971190558678,18
2017-06-05T05:00:00,5,West,3.955157872034169,16
2017-06-05T06:00:00,6,North,35.8636343654305,49
2017-06-05T06:00:00,6,South,12.676594794008327,25
2017-06-05T06:00:00,6,East,5.907830021731103,18
2017-06-05T06:00:00,6,West,4.05926482495117,16
2017-06-05T07:00:00,7,North,45.304783509373685,49
2017-06-05T07:00:00,7,South,15.065932073386872,25
2017-06-05T07:00:00,7,East,7.48920381899204,18
2017-06-05T07:00:00,7,West,4.748472859264861,16
2017-06-05T08:00:00,8,North,50.98299205866888,49
2017-06-05T08:00:00,8,South,17.697955083869452,25
2017-06-05T08:00:00,8,East,9.410351466046158,19
2017-06-05T08:00:00,8,West,4.493409116331349,15
2017-06-05T09:00:00,9,North,69.94061837294255,52
2017-06-05T09:00:00,9,South,17.09824404712168,22
2017-06-05T09:00:00,9,East,12.488643171110649,19
2017-06-05T09:00:00,9,West,6.087201668191894,15
2017-06-05T10:00:00,10,North,55.17,44
2017-06-05T10:00:00,10,South,22.8479463741493,25
2017-06-05T10:00:00,10,East,16.43968118960446,22
2017-06-05T10:00:00,10,West,7.6944091638115335,17
2017-06-05T11:00:00,11,North,74.72,48
2017-06-05T11:00:00,11,South,22.94190037776735,23
2017-06-05T11:00:00,11,East,19.296070772455323,21
2017-06-05T11:00:00,11,West,8.793158805592554,16
2017-06-05T12:00:00,12,North,75.4,46
2017-06-05T12:00:00,12,South,25.732713163978012,24
2017-06-05T12:00:00,12,East,20.350598646451687,21
2017-06-05T12:00:00,12,West,12.017805233402145,17
2017-06-05T13:00:00,13,North,58.92100000000001,44
2017-06-05T13:00:00,13,South,23.021657378761255,25
2017-06-05T13:00:00,13,East,19.296070772455323,22
2017-06-05T13:00:00,13,West,9.521563385578007,17
2017-06-05T14:00:00,14,North,73.84100000000001,46
2017-06-05T14:00:00,14,South,26.401502174937463,24
2017-06-05T14:00:00,14,East,20.032413783537173,22
2017-06-05T14:00:00,14,West,9.140495641121479,16
2017-06-05T15:00:00,15,North,67.136,45
2017-06-05T15:00:00,15,South,27.326959425709923,25
2017-06-05T15:00:00,15,East,19.296070772455323,22
2017-06-05T15:00:00,15,West,9.014855970091897,16
2017-06-05T16:00:00,16,North,61.946000000000005,43
2017-06-05T16:00:00,16,South,27.399627174937457,26
2017-06-05T16:00:00,16,East,19.122991081754236,22
2017-06-05T16:00:00,16,West,9.728831361945819,17
2017-06-05T17:00:00,17,North,60.555,43
2017-06-05T17:00:00,17,South,27.434837662227103,26
2017-06-05T17:00:00,17,East,19.707544475015613,22
2017-06-05T17:00:00,17,West,9.044002826646068,17
2017-06-05T18:00:00,18,North,62.32944444444444,44
2017-06-05T18:00:00,18,South,24.771198392655556,24
2017-06-05T18:00:00,18,East,21.00418140883729,23
2017-06-05T18:00:00,18,West,10.304665067748068,17
2017-06-05T19:00:00,19,North,58.20944444444444,43
2017-06-05T19:00:00,19,South,25.545639128552494,26
2017-06-05T19:00:00,19,East,19.34158350144563,22
2017-06-05T19:00:00,19,West,9.021284575129515,17
2017-06-05T20:00:00,20,North,82.44979875924729,49
2017-06-05T20:00:00,20,South,23.219145929799403,22
2017-06-05T20:00:00,20,East,17.485525964025086,20
2017-06-05T20:00:00,20,West,10.39225433222138,17
2017-06-05T21:00:00,21,North,77.99679253645051,49
2017-06-05T21:00:00,21,South,21.4808954601834,22
2017-06-05T21:00:00,21,East,20.35950443019626,21
2017-06-05T21:00:00,21,West,8.198572530320293,16
2017-06-05T22:00:00,22,North,80.6998212147927,49
2017-06-05T22:00:00,22,South,21.545651064029137,22
2017-06-05T22:00:00,22,East,19.27916510264121,21
2017-06-05T22:00:00,22,West,9.398777590478435,16
2017-06-05T23:00:00,23,North,74.94020847933506,49
2017-06-05T23:00:00,23,South,20.79452827782903,22
2017-06-05T23:00:00,23,East,17.303555726769137,21
2017-06-05T23:00:00,23,West,8.021960288723083,16
2017-06-06T00:00:00,24,North,73.31443507769885,50
2017-06-06T00:00:00,24,South,21.66354103941058,23
2017-06-06T00:00:00,24,East,13.150588806855168,19
2017-06-06T00:00:00,24,West,7.847679616522776,16
2017-06-06T01:00:00,25,North,57.609890246444024,49
2017-06-06T01:00:00,25,South,19.358559490603497,25
2017-06-06T01:00:00,25,East,10.702198056341992,19
2017-06-06T01:00:00,25,West,4.655837235755128,15
2017-06-06T02:00:00,26,North,46.74664392423194,48
2017-06-06T02:00:00,26,South,18.48474244459888,27
2017-06-06T02:00:00,26,East,7.904550433887321,18
2017-06-06T02:00:00,26,West,4.253507827658455,15
2017-06-06T03:00:00,27,North,41.283195291544274,48
2017-06-06T03:00:00,27,South,14.924131522063414,25
2017-06-06T03:00:00,27,East,7.606713176386058,18
2017-06-06T03:00:00,27,West,5.782333366777372,17
2017-06-06T04:00:00,28,North,35.65771002349921,46
2017-06-06T04:00:00,28,South,15.382712665570802,27
2017-06-06T04:00:00,28,East,7.185076040282778,19
2017-06-06T04:00:00,28,West,4.628795118948577,16
2017-06-06T05:00:00,29,North,38.05423332813029,48
2017-06-06T05:00:00,29,South,12.824501784358326,24
2017-06-06T05:00:00,29,East,7.726914753117051,19
2017-06-06T05:00:00,29,West,4.872720183653363,17
2017-06-06T06:00:00,30,North,39.84012023160722,49
2017-06-06T06:00:00,30,South,13.137318820580196,24
2017-06-06T06:00:00,30,East,7.300848415116606,19
2017-06-06T06:00:00,30,West,4.605089689695352,16
2017-06-06T07:00:00,31,North,49.27734705659541,47
2017-06-06T07:00:00,31,South,18.12581156131897,25
2017-06-06T07:00:00,31,East,11.132052684111036,20
2017-06-06T07:00:00,31,West,4.925734998980883,16
2017-06-06T08:00:00,32,North,56.44898422163979,49
2017-06-06T08:00:00,32,South,17.066367073966596,23
2017-06-06T08:00:00,32,East,12.203749151921075,20
2017-06-06T08:00:00,32,West,5.240140651484032,16
2017-06-06T09:00:00,33,North,70.92606335691302,49
2017-06-06T09:00:00,33,South,19.744467081516497,22
2017-06-06T09:00:00,33,East,18.878827595269836,22
2017-06-06T09:00:00,33,West,6.4429790849035955,15
2017-06-06T10:00:00,34,North,79.2575241708356,50
2017-06-06T10:00:00,34,South,20.914595722406474,22
2017-06-06T10:00:00,34,East,19.22589240010304,21
2017-06-06T10:00:00,34,West,7.0956496335205586,15
2017-06-06T11:00:00,35,North,58.67526315789473,44
2017-06-06T11:00:00,35,South,24.25713858126891,25
2017-06-06T11:00:00,35,East,19.00970750261389,22
2017-06-06T11:00:00,35,West,9.23993629123127,17
2017-06-06T12:00:00,36,North,67.72999999999999,45
2017-06-06T12:00:00,36,South,27.207144779715218,25
2017-06-06T12:00:00,36,East,18.49010623487166,21
2017-06-06T12:00:00,36,West,9.899047718199354,17
2017-06-06T13:00:00,37,North,56.67555301296719,43
2017-06-06T13:00:00,37,South,23.934715314905645,25
2017-06-06T13:00:00,37,East,20.960932491921913,23
2017-06-06T13:00:00,37,West,9.798142803329522,17
2017-06-06T14:00:00,38,North,69.6385,45
2017-06-06T14:00:00,38,South,25.745198392655556,24
2017-06-06T14:00:00,38,East,22.83650410148625,23
2017-06-06T14:00:00,38,West,9.011692052453682,16
2017-06-06T15:00:00,39,North,68.4785,45
2017-06-06T15:00:00,39,South,26.31851554306366,25
2017-06-06T15:00:00,39,East,20.960932491921916,22
2017-06-06T15:00:00,39,West,9.038750643153548,16
2017-06-06T16:00:00,40,North,58.163763157894735,42
2017-06-06T16:00:00,40,South,27.03714493672583,26
2017-06-06T16:00:00,40,East,22.078636838388455,23
2017-06-06T16:00:00,40,West,9.109395063614791,17
2017-06-06T17:00:00,41,North,57.29376315789474,42
2017-06-06T17:00:00,41,South,26.044117424579913,25
2017-06-06T17:00:00,41,East,22.879753018401622,24
2017-06-06T17:00:00,41,West,9.355244437963826,17
2017-06-06T18:00:00,42,North,64.05820760233917,44
2017-06-06T18:00:00,42,South,27.19949276281279,26
2017-06-06T18:00:00,42,East,19.128991081754236,21
2017-06-06T18:00:00,42,West,9.247933570263298,17
2017-06-06T19:00:00,43,North,62.44820760233918,44
2017-06-06T19:00:00,43,South,24.828790276907412,25
2017-06-06T19:00:00,43,East,19.00970750261389,22
2017-06-06T19:00:00,43,West,10.471792438500083,17
2017-06-06T20:00:00,44,North,58.10487426900585,44
2017-06-06T20:00:00,44,South,24.351317329256638,25
2017-06-06T20:00:00,44,East,18.66617772816725,22
2017-06-06T20:00:00,44,West,9.695744605060202,17
2017-06-06T21:00:00,45,North,83.38607157594018,49
2017-06-06T21:00:00,45,South,23.93597752086639,23
2017-06-06T21:00:00,45,East,17.51296532746205,20
2017-06-06T21:00:00,45,West,8.901232934394478,16
2017-06-06T22:00:00,46,North,55.332056748539024,42
2017-06-06T22:00:00,46,South,27.245710797031233,27
2017-06-06T22:00:00,46,East,19.436533264900607,22
2017-06-06T22:00:00,46,West,8.653182486763576,17
2017-06-06T23:00:00,47,North,72.3575200628891,47
2017-06-06T23:00:00,47,South,24.519605538972773,24
2017-06-06T23:00:00,47,East,19.34718400392524,21
2017-06-06T23:00:00,47,West,8.612842291060218,16
2017-06-07T00:00:00,48,North,74.44281591236819,49
2017-06-07T00:00:00,48,South,22.049308530455196,23
2017-06-07T00:00:00,48,East,16.251858210109194,20
2017-06-07T00:00:00,48,West,8.975048122470206,16
2017-06-07T01:00:00,49,North,65.21471999223722,51
2017-06-07T01:00:00,49,South,21.59174028643914,25
2017-06-07T01:00:00,49,East,8.948145001114238,17
2017-06-07T01:00:00,49,West,4.655837235755128,15
2017-06-07T02:00:00,50,North,53.00425547552749,47
2017-06-07T02:00:00,50,South,22.434200212494527,27
2017-06-07T02:00:00,50,East,10.504413685876035,19
2017-06-07T02:00:00,50,West,4.767526331206289,15
2017-06-07T03:00:00,51,North,46.221531745224645,48
2017-06-07T03:00:00,51,South,18.680004073450284,26
2017-06-07T03:00:00,51,East,7.850506606716174,18
2017-06-07T03:00:00,51,West,4.660757032133553,16
2017-06-07T04:00:00,52,North,35.67745490698452,46
2017-06-07T04:00:00,52,South,16.247781072185884,27
2017-06-07T04:00:00,52,East,7.780523271743979,19
2017-06-07T04:00:00,52,West,4.127107876639558,16
2017-06-07T05:00:00,53,North,37.02566189955886,48
2017-06-07T05:00:00,53,South,13.155899530109025,25
2017-06-07T05:00:00,53,East,7.07982307467179,19
2017-06-07T05:00:00,53,West,4.049885469641451,16
2017-06-07T06:00:00,54,North,43.53962546800545,49
2017-06-07T06:00:00,54,South,14.80506910639535,24
2017-06-07T06:00:00,54,East,8.823186238480014,19
2017-06-07T06:00:00,54,West,4.607830567864802,16
2017-06-07T07:00:00,55,North,49.31068038992874,49
2017-06-07T07:00:00,55,South,16.804568108405142,24
2017-06-07T07:00:00,55,East,9.53822371073573,19
2017-06-07T07:00:00,55,West,4.917826167072051,16
2017-06-07T08:00:00,56,North,60.12631676899964,50
2017-06-07T08:00:00,56,South,18.039567796457973,23
2017-06-07T08:00:00,56,East,10.951612906515564,19
2017-06-07T08:00:00,56,West,6.127257617449784,16
2017-06-07T09:00:00,57,North,65.36114200324991,49
2017-06-07T09:00:00,57,South,16.539797015833525,21
2017-06-07T09:00:00,57,East,16.907419753784854,22
2017-06-07T09:00:00,57,West,6.082312460258113,16
2017-06-07T10:00:00,58,North,75.44589403317615,47
2017-06-07T10:00:00,58,South,22.04482622043551,22
2017-06-07T10:00:00,58,East,20.45243779957928,22
2017-06-07T10:00:00,58,West,9.681456699890711,17
2017-06-07T11:00:00,59,North,57.50226528620121,44
2017-06-07T11:00:00,59,South,23.41442371882057,25
2017-06-07T11:00:00,59,East,19.22589240010304,22
2017-06-07T11:00:00,59,West,8.841566575728672,17
2017-06-07T12:00:00,60,North,57.46218623481781,42
2017-06-07T12:00:00,60,South,23.982299418927113,25
2017-06-07T12:00:00,60,East,20.268101376348675,23
2017-06-07T12:00:00,60,West,10.800569789355162,18
2017-06-07T13:00:00,61,North,58.163098619534544,44
2017-06-07T13:00:00,61,South,21.098644413826378,24
2017-06-07T13:00:00,61,East,20.960932491921916,23
2017-06-07T13:00:00,61,West,9.766636497433264,17
2017-06-07T14:00:00,62,North,58.517431952867874,43
2017-06-07T14:00:00,62,South,26.598395911886783,26
2017-06-07T14:00:00,62,East,19.608346168288424,22
2017-06-07T14:00:00,62,West,9.150226065360775,17
2017-06-07T15:00:00,63,North,56.630686234817816,43
2017-06-07T15:00:00,63,South,25.68164741976456,26
2017-06-07T15:00:00,63,East,19.225892400103035,22
2017-06-07T15:00:00,63,West,9.72830045596764,17
2017-06-07T16:00:00,64,North,59.30743195286788,43
2017-06-07T16:00:00,64,South,26.454225610313507,26
2017-06-07T16:00:00,64,East,19.29712316933381,22
2017-06-07T16:00:00,64,West,9.437793737028361,17
2017-06-07T17:00:00,65,North,59.397431952867876,43
2017-06-07T17:00:00,65,South,26.74447528978486,26
2017-06-07T17:00:00,65,East,19.15491272354528,22
2017-06-07T17:00:00,65,West,9.098436196093425,17
2017-06-07T18:00:00,66,North,58.242238716152904,42
2017-06-07T18:00:00,66,South,26.30790176737179,26
2017-06-07T18:00:00,66,East,20.619518666623808,23
2017-06-07T18:00:00,66,West,9.898024234178175,17
2017-06-07T19:00:00,67,North,59.0732387161529,43
2017-06-07T19:00:00,67,South,26.695129763377224,26
2017-06-07T19:00:00,67,East,18.759339261638985,22
2017-06-07T19:00:00,67,West,9.016128443077637,17
2017-06-07T20:00:00,68,North,58.576315639229826,43
2017-06-07T20:00:00,68,South,25.75119287431001,26
2017-06-07T20:00:00,68,East,19.384622987947655,22
2017-06-07T20:00:00,68,West,8.523598399433142,17
2017-06-07T21:00:00,69,North,81.90907191781892,48
2017-06-07T21:00:00,69,South,26.549225610313506,24
2017-06-07T21:00:00,69,East,18.759339261638985,20
2017-06-07T21:00:00,69,West,9.587214738955186,16
2017-06-07T22:00:00,70,North,79.12008156463563,48
2017-06-07T22:00:00,70,South,23.81671917533641,23
2017-06-07T22:00:00,70,East,18.93734254374963,21
2017-06-07T22:00:00,70,West,9.47052484082113,16
2017-06-07T23:00:00,71,North,77.00830429551688,50
2017-06-07T23:00:00,71,South,21.243023624047048,22
2017-06-07T23:00:00,71,East,15.090444930013833,19
2017-06-07T23:00:00,71,West,9.436182256954906,17
2017-06-08T00:00:00,72,North,74.29897536075232,48
2017-06-08T00:00:00,72,South,22.69014404613987,23
2017-06-08T00:00:00,72,East,17.16418957157474,21
2017-06-08T00:00:00,72,West,8.384235137950037,16
2017-06-08T01:00:00,73,North,68.17834941947355,51
2017-06-08T01:00:00,73,South,22.042007696037974,25
2017-06-08T01:00:00,73,East,9.041563794629914,17
2017-06-08T01:00:00,73,West,5.8359298563973185,15
2017-06-08T02:00:00,74,North,57.93545982302522,50
2017-06-08T02:00:00,74,South,21.430836353331777,26
2017-06-08T02:00:00,74,East,7.0638455508421165,17
2017-06-08T02:00:00,74,West,4.767526331206289,15
2017-06-08T03:00:00,75,North,44.38292111849441,48
2017-06-08T03:00:00,75,South,18.40605297257983,27
2017-06-08T03:00:00,75,East,6.735378949992197,17
2017-06-08T03:00:00,75,West,4.6990251811599775,16
2017-06-08T04:00:00,76,North,37.760944508458,47
2017-06-08T04:00:00,76,South,16.07896349108428,27
2017-06-08T04:00:00,76,East,7.2031856461941075,18
2017-06-08T04:00:00,76,West,4.043218923600319,16
2017-06-08T05:00:00,77,North,38.979912789056876,50
2017-06-08T05:00:00,77,South,12.544894146676011,24
2017-06-08T05:00:00,77,East,5.859221836486396,18
2017-06-08T05:00:00,77,West,4.029507583394134,16
2017-06-08T06:00:00,78,North,41.50440729823113,49
2017-06-08T06:00:00,78,South,15.07548872390799,26
2017-06-08T06:00:00,78,East,5.9128527665070925,17
2017-06-08T06:00:00,78,West,4.120347967221797,16
2017-06-08T07:00:00,79,North,47.48926349509927,48
2017-06-08T07:00:00,79,South,14.109875295179695,23
2017-06-08T07:00:00,79,East,8.909689591824334,19
2017-06-08T07:00:00,79,West,7.545889622406532,18
2017-06-08T08:00:00,80,North,52.16458167222618,48
2017-06-08T08:00:00,80,South,18.038637564033053,25
2017-06-08T08:00:00,80,East,11.2138495318435,20
2017-06-08T08:00:00,80,West,4.905232107068809,15
2017-06-08T09:00:00,81,North,66.93022800667674,49
2017-06-08T09:00:00,81,South,20.587057739897062,23
2017-06-08T09:00:00,81,East,15.79877642630736,21
2017-06-08T09:00:00,81,West,6.225590382004181,15
2017-06-08T10:00:00,82,North,75.74289403317614,49
2017-06-08T10:00:00,82,South,20.779032151310254,22
2017-06-08T10:00:00,82,East,18.02358590306416,21
2017-06-08T10:00:00,82,West,7.593553261005847,16
2017-06-08T11:00:00,83,North,60.56218623481781,44
2017-06-08T11:00:00,83,South,21.974929320234523,24
2017-06-08T11:00:00,83,East,20.61964662370398,23
2017-06-08T11:00:00,83,West,9.344370514426316,17
2017-06-08T12:00:00,84,North,62.23218623481781,43
2017-06-08T12:00:00,84,South,25.84995883542173,25
2017-06-08T12:00:00,84,East,22.124320927756266,23
2017-06-08T12:00:00,84,West,11.126023686812808,17
2017-06-08T13:00:00,85,North,82.38869466091776,50
2017-06-08T13:00:00,85,South,22.590754371619916,22
2017-06-08T13:00:00,85,East,18.07428070891371,20
2017-06-08T13:00:00,85,West,8.623713787476692,16
2017-06-08T14:00:00,86,North,58.44068623481781,43
2017-06-08T14:00:00,86,South,25.413027615988014,26
2017-06-08T14:00:00,86,East,19.15491272354528,22
2017-06-08T14:00:00,86,West,9.319218140470142,17
2017-06-08T15:00:00,87,North,59.67568623481781,44
2017-06-08T15:00:00,87,South,23.552585574950314,25
2017-06-08T15:00:00,87,East,19.22589240010304,22
2017-06-08T15:00:00,87,West,9.422095781487167,17
2017-06-08T16:00:00,88,North,69.80042307692308,45
2017-06-08T16:00:00,88,South,26.797927492133976,24
2017-06-08T16:00:00,88,East,20.43880479461378,22
2017-06-08T16:00:00,88,West,11.516086987122574,17
2017-06-08T17:00:00,89,North,73.63042307692308,46
2017-06-08T17:00:00,89,South,23.798370031726396,23
2017-06-08T17:00:00,89,East,20.786360350169335,21
2017-06-08T17:00:00,89,West,12.277506211111904,18
2017-06-08T18:00:00,90,North,63.220130679262255,44
2017-06-08T18:00:00,90,South,24.588448436400462,24
2017-06-08T18:00:00,90,East,21.00418140883729,23
2017-06-08T18:00:00,90,West,9.027188344017643,17
2017-06-08T19:00:00,91,North,65.46013067926225,45
2017-06-08T19:00:00,91,South,24.700288062484766,24
2017-06-08T19:00:00,91,East,20.194435434665472,22
2017-06-08T19:00:00,91,West,9.344367363978328,17
2017-06-08T20:00:00,92,North,57.87320760233918,44
2017-06-08T20:00:00,92,South,24.700288062484766,25
2017-06-08T20:00:00,92,East,18.189762379842954,22
2017-06-08T20:00:00,92,West,9.676861996396465,17
2017-06-08T21:00:00,93,North,58.87298230589649,43
2017-06-08T21:00:00,93,South,26.6771274636979,26
2017-06-08T21:00:00,93,East,20.328336512087507,23
2017-06-08T21:00:00,93,West,8.778469550557876,16
2017-06-08T22:00:00,94,North,80.58545314296235,49
2017-06-08T22:00:00,94,South,22.818823201722907,23
2017-06-08T22:00:00,94,East,17.27775610991816,20
2017-06-08T22:00:00,94,West,9.396584496224062,16
2017-06-08T23:00:00,95,North,78.43807278533905,50
2017-06-08T23:00:00,95,South,21.243023624047048,22
2017-06-08T23:00:00,95,East,17.39359723155123,20
2017-06-08T23:00:00,95,West,8.800507740240981,16
2017-06-09T00:00:00,96,North,72.26313447211332,49
2017-06-09T00:00:00,96,South,21.524594856076924,23
2017-06-09T00:00:00,96,East,16.367851876331596,20
2017-06-09T00:00:00,96,West,8.116287155281771,16
2017-06-09T01:00:00,97,North,66.68619193669662,50
2017-06-09T01:00:00,97,South,20.607375827166024,24
2017-06-09T01:00:00,97,East,13.92018328696578,20
2017-06-09T01:00:00,97,West,4.679392500387388,14
2017-06-09T02:00:00,98,North,51.328893765970285,50
2017-06-09T02:00:00,98,South,18.130193621319545,25
2017-06-09T02:00:00,98,East,7.942071587940351,18
2017-06-09T02:00:00,98,West,4.595295740907274,15
2017-06-09T03:00:00,99,North,44.647497055622594,49
2017-06-09T03:00:00,99,South,16.077523906256303,26
2017-06-09T03:00:00,99,East,6.228189714062682,17
2017-06-09T03:00:00,99,West,4.514447255929775,16
2017-06-09T04:00:00,100,North,35.17828163676358,47
2017-06-09T04:00:00,100,South,14.775508369569781,27
2017-06-09T04:00:00,100,East,6.3112474796254485,18
2017-06-09T04:00:00,100,West,3.763022647995697,16
2017-06-09T05:00:00,101,North,37.35789841895362,48
2017-06-09T05:00:00,101,South,13.849551607548399,25
2017-06-09T05:00:00,101,East,6.1972084778126035,18
2017-06-09T05:00:00,101,West,4.820770498242666,17
2017-06-09T06:00:00,102,North,42.80120820140384,49
2017-06-09T06:00:00,102,South,14.35200207461959,25
2017-06-09T06:00:00,102,East,7.351269724395172,18
2017-06-09T06:00:00,102,West,4.8848064949764485,16
2017-06-09T07:00:00,103,North,52.565737467449296,52
2017-06-09T07:00:00,103,South,14.35200207461959,23
2017-06-09T07:00:00,103,East,6.899738904507228,17
2017-06-09T07:00:00,103,West,4.924601056380291,16
2017-06-09T08:00:00,104,North,58.39641433434282,49
2017-06-09T08:00:00,104,South,18.6376149164948,24
2017-06-09T08:00:00,104,East,10.715929297524495,19
2017-06-09T08:00:00,104,West,5.54911874352735,16
2017-06-09T09:00:00,105,North,68.09496728609074,51
2017-06-09T09:00:00,105,South,15.144429457788057,21
2017-06-09T09:00:00,105,East,16.543860341691214,21
2017-06-09T09:00:00,105,West,5.700253306924543,15
2017-06-09T10:00:00,106,North,74.12950640691352,49
2017-06-09T10:00:00,106,South,20.691967721488002,22
2017-06-09T10:00:00,106,East,20.151186517750098,22
2017-06-09T10:00:00,106,West,5.9377483479710005,15
2017-06-09T11:00:00,107,North,80.61458618605928,49
2017-06-09T11:00:00,107,South,18.84753885321324,21
2017-06-09T11:00:00,107,East,20.960932491921916,22
2017-06-09T11:00:00,107,West,8.56332199924839,16
2017-06-09T12:00:00,108,North,57.56094710438303,44
2017-06-09T12:00:00,108,South,20.807650144177245,23
2017-06-09T12:00:00,108,East,19.12662236121247,23
2017-06-09T12:00:00,108,West,10.186320522579532,18
2017-06-09T13:00:00,109,North,76.29701277505295,48
2017-06-09T13:00:00,109,South,20.274315529509607,22
2017-06-09T13:00:00,109,East,20.220067222025154,22
2017-06-09T13:00:00,109,West,9.221352634090788,16
2017-06-09T14:00:00,110,North,58.61044710438303,44
2017-06-09T14:00:00,110,South,21.96623445085077,24
2017-06-09T14:00:00,110,East,19.225892400103035,23
2017-06-09T14:00:00,110,West,10.049657913821813,17
2017-06-09T15:00:00,111,North,78.88363320527633,48
2017-06-09T15:00:00,111,South,21.95798818108122,22
2017-06-09T15:00:00,111,East,22.007406069157685,22
2017-06-09T15:00:00,111,West,8.638153040143383,16
2017-06-09T16:00:00,112,North,79.48608942647448,49
2017-06-09T16:00:00,112,South,21.40898901640245,22
2017-06-09T16:00:00,112,East,19.133872461691197,21
2017-06-09T16:00:00,112,West,9.140686201783945,16
2017-06-09T17:00:00,113,North,76.07104731920771,49
2017-06-09T17:00:00,113,South,21.425350873024495,22
2017-06-09T17:00:00,113,East,17.529174684055373,21
2017-06-09T17:00:00,113,West,8.71054764041376,16
2017-06-09T18:00:00,114,North,81.1834617142014,49
2017-06-09T18:00:00,114,South,21.95200212761845,22
2017-06-09T18:00:00,114,East,19.639205974037424,21
2017-06-09T18:00:00,114,West,8.35858847608205,16
2017-06-09T19:00:00,115,North,57.97958720100139,44
2017-06-09T19:00:00,115,South,21.412912684063024,24
2017-06-09T19:00:00,115,East,18.760266998249147,23
2017-06-09T19:00:00,115,West,9.087931638795526,17
2017-06-09T20:00:00,116,North,58.32266412407831,43
2017-06-09T20:00:00,116,South,23.487992159332375,25
2017-06-09T20:00:00,116,East,19.639205974037424,23
2017-06-09T20:00:00,116,West,9.353234200154706,17
2017-06-09T21:00:00,117,North,78.73483308725095,49
2017-06-09T21:00:00,117,South,21.376926630600252,22
2017-06-09T21:00:00,117,East,17.607654966201192,20
2017-06-09T21:00:00,117,West,9.1588056304407,17
2017-06-09T22:00:00,118,North,75.73583045714629,49
2017-06-09T22:00:00,118,South,21.53370940939859,23
2017-06-09T22:00:00,118,East,16.446322412278363,20
2017-06-09T22:00:00,118,West,9.057367529610545,16
2017-06-09T23:00:00,119,North,74.19208162532813,51
2017-06-09T23:00:00,119,South,18.42571429123465,22
2017-06-09T23:00:00,119,East,12.385656180083576,19
2017-06-09T23:00:00,119,West,7.5108801381304025,16
2017-06-10T00:00:00,120,North,66.09528044379577,50
2017-06-10T00:00:00,120,South,19.85840426051636,23
2017-06-10T00:00:00,120,East,12.264126354921562,19
2017-06-10T00:00:00,120,West,6.928287105160556,16
2017-06-10T01:00:00,121,North,58.325011044969806,50
2017-06-10T01:00:00,121,South,17.974721779091233,23
2017-06-10T01:00:00,121,East,10.584332865753618,19
2017-06-10T01:00:00,121,West,5.664903138857609,16
2017-06-10T02:00:00,122,North,47.861692023895884,48
2017-06-10T02:00:00,122,South,17.4797379086251,25
2017-06-10T02:00:00,122,East,10.355138883995387,20
2017-06-10T02:00:00,122,West,4.334832074477755,15
2017-06-10T03:00:00,123,North,35.424436260250204,47
2017-06-10T03:00:00,123,South,15.684948296807752,27
2017-06-10T03:00:00,123,East,6.463948735464401,18
2017-06-10T03:00:00,123,West,4.088529945040559,16
2017-06-10T04:00:00,124,North,30.581310538505143,48
2017-06-10T04:00:00,124,South,10.434830554027375,24
2017-06-10T04:00:00,124,East,5.939791964022591,19
2017-06-10T04:00:00,124,West,3.859143342874719,17
2017-06-10T05:00:00,125,North,30.65621630510236,46
2017-06-10T05:00:00,125,South,11.475159588612552,25
2017-06-10T05:00:00,125,East,7.782071908276117,20
2017-06-10T05:00:00,125,West,4.270466848631699,17
2017-06-10T06:00:00,126,North,36.57618851854232,52
2017-06-10T06:00:00,126,South,8.731759919326171,21
2017-06-10T06:00:00,126,East,6.220980009080838,19
2017-06-10T06:00:00,126,West,3.9475051944787785,16
2017-06-10T07:00:00,127,North,35.640593716127995,49
2017-06-10T07:00:00,127,South,11.933469129682967,24
2017-06-10T07:00:00,127,East,6.234843908694738,19
2017-06-10T07:00:00,127,West,3.947219998092837,16
2017-06-10T08:00:00,128,North,42.80975110833274,48
2017-06-10T08:00:00,128,South,13.163469813371973,23
2017-06-10T08:00:00,128,East,10.894153639284726,21
2017-06-10T08:00:00,128,West,5.296860946192904,16
2017-06-10T09:00:00,129,North,45.892426321090305,45
2017-06-10T09:00:00,129,South,13.353271385405339,22
2017-06-10T09:00:00,129,East,16.522345954187017,24
2017-06-10T09:00:00,129,West,6.359447844760485,17
2017-06-10T10:00:00,130,North,53.336987531438666,46
2017-06-10T10:00:00,130,South,16.117737205217267,22
2017-06-10T10:00:00,130,East,18.179761756751482,23
2017-06-10T10:00:00,130,West,7.985514780533863,17
2017-06-10T11:00:00,131,North,63.05657237262997,48
2017-06-10T11:00:00,131,South,17.2419395524241,22
2017-06-10T11:00:00,131,East,15.593415760694727,21
2017-06-10T11:00:00,131,West,8.12397368639318,17
2017-06-10T12:00:00,132,North,58.33895190430155,47
2017-06-10T12:00:00,132,South,16.81934637333758,22
2017-06-10T12:00:00,132,East,15.466873388209098,21
2017-06-10T12:00:00,132,West,9.11700952012043,18
2017-06-10T13:00:00,133,North,52.18262695599811,45
2017-06-10T13:00:00,133,South,15.10220157008191,22
2017-06-10T13:00:00,133,East,19.203724651108836,24
2017-06-10T13:00:00,133,West,7.961877403982907,17
2017-06-10T14:00:00,134,North,53.38319743271104,46
2017-06-10T14:00:00,134,South,15.581185003226201,22
2017-06-10T14:00:00,134,East,16.830954833496964,23
2017-06-10T14:00:00,134,West,7.706852505698928,17
2017-06-10T15:00:00,135,North,51.63723535811474,48
2017-06-10T15:00:00,135,South,13.503321873996358,22
2017-06-10T15:00:00,135,East,11.803590316147732,20
2017-06-10T15:00:00,135,West,8.485570472267465,18
2017-06-10T16:00:00,136,North,46.0600787433399,46
2017-06-10T16:00:00,136,South,15.217007553581192,23
2017-06-10T16:00:00,136,East,11.90894118736801,21
2017-06-10T16:00:00,136,West,7.841047893360892,18
2017-06-10T17:00:00,137,North,48.27660252816439,45
2017-06-10T17:00:00,137,South,15.987947342626057,23
2017-06-10T17:00:00,137,East,15.427083417484099,23
2017-06-10T17:00:00,137,West,7.840289268122342,17
2017-06-10T18:00:00,138,North,58.335497477511524,48
2017-06-10T18:00:00,138,South,15.656327731564696,22
2017-06-10T18:00:00,138,East,15.654231331635309,22
2017-06-10T18:00:00,138,West,7.359062084134723,16
2017-06-10T19:00:00,139,North,56.34507291496355,47
2017-06-10T19:00:00,139,South,17.69768978232902,23
2017-06-10T19:00:00,139,East,13.812878368520428,21
2017-06-10T19:00:00,139,West,8.018582557156162,17
2017-06-10T20:00:00,140,North,60.97612448665834,48
2017-06-10T20:00:00,140,South,17.181812435523224,22
2017-06-10T20:00:00,140,East,14.967213192389655,21
2017-06-10T20:00:00,140,West,7.503611010065137,17
2017-06-10T21:00:00,141,North,58.295724809007524,49
2017-06-10T21:00:00,141,South,15.621087097739967,22
2017-06-10T21:00:00,141,East,12.740405538398258,20
2017-06-10T21:00:00,141,West,7.649227880005874,17
2017-06-10T22:00:00,142,North,57.06331492817337,48
2017-06-10T22:00:00,142,South,15.5221659521226,22
2017-06-10T22:00:00,142,East,15.094772835295311,21
2017-06-10T22:00:00,142,West,7.471186233419921,17
2017-06-10T23:00:00,143,North,56.51926997722476,46
2017-06-10T23:00:00,143,South,17.576872553978486,23
2017-06-10T23:00:00,143,East,15.993366432085017,22
2017-06-10T23:00:00,143,West,7.950484630961331,17
2017-06-11T00:00:00,144,North,43.63227943487174,47
2017-06-11T00:00:00,144,South,14.344499472634668,23
2017-06-11T00:00:00,144,East,11.726427696177728,21
2017-06-11T00:00:00,144,West,6.631684444267304,17
2017-06-11T01:00:00,145,North,35.847385432197385,46
2017-06-11T01:00:00,145,South,14.300320466634174,25
2017-06-11T01:00:00,145,East,7.577252483182218,19
2017-06-11T01:00:00,145,West,5.831278869035529,18
2017-06-11T02:00:00,146,North,33.921117222449375,47
2017-06-11T02:00:00,146,South,12.226262933891686,25
2017-06-11T02:00:00,146,East,6.666062504565015,19
2017-06-11T02:00:00,146,West,5.386686993729331,17
2017-06-11T03:00:00,147,North,30.971392526093098,46
2017-06-11T03:00:00,147,South,12.377372090542497,25
2017-06-11T03:00:00,147,East,6.77258335754725,19
2017-06-11T03:00:00,147,West,5.3147915646119595,18
2017-06-11T04:00:00,148,North,23.069225193594644,43
2017-06-11T04:00:00,148,South,11.276657462938738,27
2017-06-11T04:00:00,148,East,5.772275987976876,20
2017-06-11T04:00:00,148,West,4.4617618569949045,18
2017-06-11T05:00:00,149,North,24.31709923492301,46
2017-06-11T05:00:00,149,South,8.954547756361356,25
2017-06-11T05:00:00,149,East,5.256737362222248,19
2017-06-11T05:00:00,149,West,4.09108407067543,18
2017-06-11T06:00:00,150,North,25.36283743191121,47
2017-06-11T06:00:00,150,South,8.142008122133713,23
2017-06-11T06:00:00,150,East,5.918495466359174,20
2017-06-11T06:00:00,150,West,4.60103657200602,18
2017-06-11T07:00:00,151,North,31.29669515313735,47
2017-06-11T07:00:00,151,South,10.409496882026076,23
2017-06-11T07:00:00,151,East,7.091286400897204,20
2017-06-11T07:00:00,151,West,5.198048339629301,18
2017-06-11T08:00:00,152,North,30.326976081264117,45
2017-06-11T08:00:00,152,South,9.462133454485336,22
2017-06-11T08:00:00,152,East,9.1218294413723,22
2017-06-11T08:00:00,152,West,5.99269060584027,19
2017-06-11T09:00:00,153,North,41.540704386847146,50
2017-06-11T09:00:00,153,South,9.381594700102594,21
2017-06-11T09:00:00,153,East,8.81001124822246,20
2017-06-11T09:00:00,153,West,5.6958928338516515,17
2017-06-11T10:00:00,154,North,47.68852420476487,47
2017-06-11T10:00:00,154,South,14.55677630642179,23
2017-06-11T10:00:00,154,East,10.534322535414155,20
2017-06-11T10:00:00,154,West,7.629753166293446,18
2017-06-11T11:00:00,155,North,52.76261188243926,48
2017-06-11T11:00:00,155,South,18.13979768294165,24
2017-06-11T11:00:00,155,East,9.943820556114254,19
2017-06-11T11:00:00,155,West,7.724651178373674,17
2017-06-11T12:00:00,156,North,58.34773685415602,48
2017-06-11T12:00:00,156,South,15.34439973563421,22
2017-06-11T12:00:00,156,East,14.415324391916505,21
2017-06-11T12:00:00,156,West,7.672543182853109,17
2017-06-11T13:00:00,157,North,49.74934262657746,47
2017-06-11T13:00:00,157,South,16.05362853165957,23
2017-06-11T13:00:00,157,East,11.832204587374099,20
2017-06-11T13:00:00,157,West,7.816901056707497,18
2017-06-11T14:00:00,158,North,50.83365103612168,48
2017-06-11T14:00:00,158,South,15.719553554126763,23
2017-06-11T14:00:00,158,East,10.782599660982797,20
2017-06-11T14:00:00,158,West,7.5056297258903975,17
2017-06-11T15:00:00,159,North,44.982028743232526,45
2017-06-11T15:00:00,159,South,17.822904103658317,25
2017-06-11T15:00:00,159,East,10.782599660982797,20
2017-06-11T15:00:00,159,West,8.507276803215376,18
2017-06-11T16:00:00,160,North,45.91204539192354,45
2017-06-11T16:00:00,160,South,18.090112581535255,25
2017-06-11T16:00:00,160,East,11.0277988891632,20
2017-06-11T16:00:00,160,West,7.548112519336927,18
2017-06-11T17:00:00,161,North,47.850911684728075,47
2017-06-11T17:00:00,161,South,16.067470105483142,24
2017-06-11T17:00:00,161,East,11.142981167356826,20
2017-06-11T17:00:00,161,West,7.566500277455458,17
2017-06-11T18:00:00,162,North,54.285160199744766,46
2017-06-11T18:00:00,162,South,17.05162213186653,23
2017-06-11T18:00:00,162,East,15.20064985923467,22
2017-06-11T18:00:00,162,West,7.552972302747659,17
2017-06-11T19:00:00,163,North,54.87552504095595,48
2017-06-11T19:00:00,163,South,18.931168812455915,24
2017-06-11T19:00:00,163,East,11.018329644030864,19
2017-06-11T19:00:00,163,West,7.576201638709616,17
2017-06-11T20:00:00,164,North,53.93932316200224,49
2017-06-11T20:00:00,164,South,16.227610076892212,23
2017-06-11T20:00:00,164,East,10.660277954319803,19
2017-06-11T20:00:00,164,West,7.784017448276642,17
2017-06-11T21:00:00,165,North,58.32874752865929,49
2017-06-11T21:00:00,165,South,16.7576371019263,23
2017-06-11T21:00:00,165,East,10.835910863091899,19
2017-06-11T21:00:00,165,West,7.5801313812255815,17
2017-06-11T22:00:00,166,North,60.09718508915809,50
2017-06-11T22:00:00,166,South,16.967960692596453,23
2017-06-11T22:00:00,166,East,11.939880757929291,19
2017-06-11T22:00:00,166,West,7.003227705713014,16
2017-06-11T23:00:00,167,North,55.46334478616164,48
2017-06-11T23:00:00,167,South,16.967960692596453,23
2017-06-11T23:00:00,167,East,12.598632129886056,20
2017-06-11T23:00:00,167,West,7.771000572420727,17
2017-06-12T00:00:00,0,North,52.89966838563613,46
2017-06-12T00:00:00,0,South,19.030280729345133,24
2017-06-12T00:00:00,0,East,11.624768014077889,20
2017-06-12T00:00:00,0,West,9.057140246418347,18
2017-06-12T01:00:00,1,North,43.01589160893757,46
2017-06-12T01:00:00,1,South,18.27488568599644,26
2017-06-12T01:00:00,1,East,8.12831316125025,18
2017-06-12T01:00:00,1,West,7.053262467621376,18
2017-06-12T02:00:00,2,North,35.26977147558877,46
2017-06-12T02:00:00,2,South,14.677682349412734,26
2017-06-12T02:00:00,2,East,7.911339798694238,19
2017-06-12T02:00:00,2,West,4.9727384023259775,17
2017-06-12T03:00:00,3,North,35.31289463329478,47
2017-06-12T03:00:00,3,South,12.651172692124405,25
2017-06-12T03:00:00,3,East,6.46334027612579,19
2017-06-12T03:00:00,3,West,5.405287575224011,17
2017-06-12T04:00:00,4,North,28.515434019142578,44
2017-06-12T04:00:00,4,South,13.56281476475662,27
2017-06-12T04:00:00,4,East,5.746454224023684,19
2017-06-12T04:00:00,4,West,5.402164536512187,18
2017-06-12T05:00:00,5,North,30.819555050071383,46
2017-06-12T05:00:00,5,South,12.859074940937727,26
2017-06-12T05:00:00,5,East,6.188348531106526,19
2017-06-12T05:00:00,5,West,4.679718402359398,17
2017-06-12T06:00:00,6,North,39.46503322729023,50
2017-06-12T06:00:00,6,South,11.129671919752802,23
2017-06-12T06:00:00,6,East,6.207897112555892,18
2017-06-12T06:00:00,6,West,4.973184717677466,17
2017-06-12T07:00:00,7,North,45.244631027104184,49
2017-06-12T07:00:00,7,South,14.631880649273965,24
2017-06-12T07:00:00,7,East,7.176743081969548,18
2017-06-12T07:00:00,7,West,5.435133192125899,17
2017-06-12T08:00:00,8,North,53.128515123239595,48
2017-06-12T08:00:00,8,South,18.32832289588159,24
2017-06-12T08:00:00,8,East,11.317869258812184,20
2017-06-12T08:00:00,8,West,6.373471083279567,16
2017-06-12T09:00:00,9,North,64.37700443798701,51
2017-06-12T09:00:00,9,South,17.810803007976507,23
2017-06-12T09:00:00,9,East,11.145258793410244,18
2017-06-12T09:00:00,9,West,6.468943089524834,16
2017-06-12T10:00:00,10,North,73.33366514135619,49
2017-06-12T10:00:00,10,South,19.34400509012978,22
2017-06-12T10:00:00,10,East,17.542669051249664,21
2017-06-12T10:00:00,10,West,8.528054275402328,16
2017-06-12T11:00:00,11,North,55.40333333333333,43
2017-06-12T11:00:00,11,South,23.74532672596191,25
2017-06-12T11:00:00,11,East,19.628173439645614,23
2017-06-12T11:00:00,11,West,9.430974560470558,17
2017-06-12T12:00:00,12,North,57.49100000000001,43
2017-06-12T12:00:00,12,South,21.748496109534052,24
2017-06-12T12:00:00,12,East,22.095680515191802,24
2017-06-12T12:00:00,12,West,9.607321756366588,17
2017-06-12T13:00:00,13,North,79.30477733589515,49
2017-06-12T13:00:00,13,South,21.554285703513994,22
2017-06-12T13:00:00,13,East,18.64981660700876,21
2017-06-12T13:00:00,13,West,9.78003578876476,16
2017-06-12T14:00:00,14,North,58.20433333333333,43
2017-06-12T14:00:00,14,South,22.840943093046974,24
2017-06-12T14:00:00,14,East,21.978765656593225,24
2017-06-12T14:00:00,14,West,10.225559581777901,17
2017-06-12T15:00:00,15,North,56.976000000000006,42
2017-06-12T15:00:00,15,South,26.21436483614015,26
2017-06-12T15:00:00,15,East,18.758930881038474,22
2017-06-12T15:00:00,15,West,12.018185505616293,18
2017-06-12T16:00:00,16,North,81.02883783027112,47
2017-06-12T16:00:00,16,South,26.22850921727157,23
2017-06-12T16:00:00,16,East,18.758930881038474,20
2017-06-12T16:00:00,16,West,12.399572758347848,18
2017-06-12T17:00:00,17,North,80.20804730304766,48
2017-06-12T17:00:00,17,South,21.30645882949427,22
2017-06-12T17:00:00,17,East,20.507345351472658,21
2017-06-12T17:00:00,17,West,11.806752310979768,17
2017-06-12T18:00:00,18,North,76.52028647741147,49
2017-06-12T18:00:00,18,South,21.367635752212788,22
2017-06-12T18:00:00,18,East,19.24050090445395,21
2017-06-12T18:00:00,18,West,9.00527451112686,16
2017-06-12T19:00:00,19,North,59.782111111111114,43
2017-06-12T19:00:00,19,South,26.455293674047653,26
2017-06-12T19:00:00,19,East,20.16579502210101,22
2017-06-12T19:00:00,19,West,9.506054072731594,17
2017-06-12T20:00:00,20,North,83.00804875924729,49
2017-06-12T20:00:00,20,South,23.71461244024762,23
2017-06-12T20:00:00,20,East,18.140081705424407,20
2017-06-12T20:00:00,20,West,10.003334170601802,16
2017-06-12T21:00:00,21,North,81.76107627003556,49
2017-06-12T21:00:00,21,South,24.682881389823855,23
2017-06-12T21:00:00,21,East,17.952235075630906,20
2017-06-12T21:00:00,21,West,9.444168169141328,16
2017-06-12T22:00:00,22,North,81.57968097089027,49
2017-06-12T22:00:00,22,South,22.298316222740496,22
2017-06-12T22:00:00,22,East,20.439591324441043,21
2017-06-12T22:00:00,22,West,8.481332276037941,16
2017-06-12T23:00:00,23,North,75.17641703396187,47
2017-06-12T23:00:00,23,South,26.578931271209214,24
2017-06-12T23:00:00,23,East,18.948713447048103,21
2017-06-12T23:00:00,23,West,8.2954850329711,16
2017-06-13T00:00:00,24,North,73.36762225785547,47
2017-06-13T00:00:00,24,South,26.216336033562023,25
2017-06-13T00:00:00,24,East,16.328116589919496,20
2017-06-13T00:00:00,24,West,7.770255101307331,16
2017-06-13T01:00:00,25,North,67.4670560306215,49
2017-06-13T01:00:00,25,South,22.544577145383606,24
2017-06-13T01:00:00,25,East,11.87855510696416,19
2017-06-13T01:00:00,25,West,6.476675283625768,16
2017-06-13T02:00:00,26,North,51.99753353401249,49
2017-06-13T02:00:00,26,South,19.531998162073414,26
2017-06-13T02:00:00,26,East,7.712161739145688,17
2017-06-13T02:00:00,26,West,6.123040951249774,16
2017-06-13T03:00:00,27,North,44.07477662249862,47
2017-06-13T03:00:00,27,South,17.76111784538554,26
2017-06-13T03:00:00,27,East,8.531167733745331,19
2017-06-13T03:00:00,27,West,5.581099615339721,16
2017-06-13T04:00:00,28,North,40.18001378524948,48
2017-06-13T04:00:00,28,South,14.164614598660656,24
2017-06-13T04:00:00,28,East,7.832851512843575,19
2017-06-13T04:00:00,28,West,5.506162520855432,17
2017-06-13T05:00:00,29,North,39.81819753798933,47
2017-06-13T05:00:00,29,South,16.14733698112159,26
2017-06-13T05:00:00,29,East,6.979002616227028,18
2017-06-13T05:00:00,29,West,5.588571701774509,17
2017-06-13T06:00:00,30,North,40.51966671785149,48
2017-06-13T06:00:00,30,South,15.183469907603259,26
2017-06-13T06:00:00,30,East,6.246955814263969,18
2017-06-13T06:00:00,30,West,4.728691322323254,16
2017-06-13T07:00:00,31,North,48.39663103648293,47
2017-06-13T07:00:00,31,South,18.590543217691433,26
2017-06-13T07:00:00,31,East,9.26076794750806,19
2017-06-13T07:00:00,31,West,5.46976867525657,16
2017-06-13T08:00:00,32,North,57.99513661760369,49
2017-06-13T08:00:00,32,South,17.971452657604484,23
2017-06-13T08:00:00,32,East,12.127250935393,20
2017-06-13T08:00:00,32,West,6.3881144302052055,16
2017-06-13T09:00:00,33,North,65.49801403914653,50
2017-06-13T09:00:00,33,South,15.662392095165186,21
2017-06-13T09:00:00,33,East,16.51693302120545,21
2017-06-13T09:00:00,33,West,7.257685795263793,16
2017-06-13T10:00:00,34,North,75.39292092936452,49
2017-06-13T10:00:00,34,South,22.131316494338606,23
2017-06-13T10:00:00,34,East,17.137216991205513,20
2017-06-13T10:00:00,34,West,8.897885861856672,16
2017-06-13T11:00:00,35,North,63.35526315789473,45
2017-06-13T11:00:00,35,South,22.40676637086505,24
2017-06-13T11:00:00,35,East,19.19725198753857,22
2017-06-13T11:00:00,35,West,9.571171413569925,17
2017-06-13T12:00:00,36,North,60.065263157894734,41
2017-06-13T12:00:00,36,South,25.321536914510272,24
2017-06-13T12:00:00,36,East,22.095680515191802,23
2017-06-13T12:00:00,36,West,17.24793810852872,20
2017-06-13T13:00:00,37,North,55.7919298245614,42
2017-06-13T13:00:00,37,South,25.141064896027792,26
2017-06-13T13:00:00,37,East,20.064208099671205,23
2017-06-13T13:00:00,37,West,9.630449266053608,17
2017-06-13T14:00:00,38,North,66.91376315789473,46
2017-06-13T14:00:00,38,South,24.29531732925664,24
2017-06-13T14:00:00,38,East,17.541944639493924,21
2017-06-13T14:00:00,38,West,9.958370604445028,17
2017-06-13T15:00:00,39,North,68.4785,44
2017-06-13T15:00:00,39,South,27.00703193729027,25
2017-06-13T15:00:00,39,East,21.97876565659322,22
2017-06-13T15:00:00,39,West,10.137710621220613,17
2017-06-13T16:00:00,40,North,77.2485,47
2017-06-13T16:00:00,40,South,24.771198392655556,23
2017-06-13T16:00:00,40,East,18.96002682819534,21
2017-06-13T16:00:00,40,West,10.596951666007143,17
2017-06-13T17:00:00,41,North,83.5085,48
2017-06-13T17:00:00,41,South,25.09269843640046,23
2017-06-13T17:00:00,41,East,19.515069751346214,21
2017-06-13T17:00:00,41,West,9.87351661105578,16
2017-06-13T18:00:00,42,North,89.58294444444445,49
2017-06-13T18:00:00,42,South,25.771198392655556,23
2017-06-13T18:00:00,42,East,18.024600034495165,20
2017-06-13T18:00:00,42,West,10.112399885212943,16
2017-06-13T19:00:00,43,North,85.83294444444444,48
2017-06-13T19:00:00,43,South,25.83894950714474,23
2017-06-13T19:00:00,43,East,18.96002682819534,20
2017-06-13T19:00:00,43,West,11.495765722442725,17
2017-06-13T20:00:00,44,North,79.77294444444445,49
2017-06-13T20:00:00,44,South,24.224179990459326,23
2017-06-13T20:00:00,44,East,17.665334511136745,20
2017-06-13T20:00:00,44,West,9.321529074531592,16
2017-06-13T21:00:00,45,North,68.32294444444443,47
2017-06-13T21:00:00,45,South,26.06535061031351,25
2017-06-13T21:00:00,45,East,13.346803252816839,19
2017-06-13T21:00:00,45,West,9.268667313637177,17
2017-06-13T22:00:00,46,North,47.39184210526315,41
2017-06-13T22:00:00,46,South,23.955420017370805,27
2017-06-13T22:00:00,46,East,17.952235075630906,23
2017-06-13T22:00:00,46,West,8.761365179414547,17
2017-06-13T23:00:00,47,North,83.19836306587459,49
2017-06-13T23:00:00,47,South,25.859764252960957,23
2017-06-13T23:00:00,47,East,17.513566851356956,20
2017-06-13T23:00:00,47,West,8.347132457898327,16
2017-06-14T00:00:00,48,North,79.78588203971513,48
2017-06-14T00:00:00,48,South,26.70355170612214,24
2017-06-14T00:00:00,48,East,16.517130665900144,19
2017-06-14T00:00:00,48,West,10.113908598711749,17
2017-06-14T01:00:00,49,North,74.57718390280051,51
2017-06-14T01:00:00,49,South,21.523184611171498,23
2017-06-14T01:00:00,49,East,12.799861009790542,19
2017-06-14T01:00:00,49,West,5.623467190251814,15
2017-06-14T02:00:00,50,North,61.55353351238621,50
2017-06-14T02:00:00,50,South,18.96813844333068,24
2017-06-14T02:00:00,50,East,11.132759394762687,19
2017-06-14T02:00:00,50,West,5.654927806145338,15
2017-06-14T03:00:00,51,North,54.15166978495183,50
2017-06-14T03:00:00,51,South,18.83680859414263,25
2017-06-14T03:00:00,51,East,6.848021049052466,17
2017-06-14T03:00:00,51,West,5.498638052916393,16
2017-06-14T04:00:00,52,North,44.13667559280689,50
2017-06-14T04:00:00,52,South,14.338370420020336,25
2017-06-14T04:00:00,52,East,5.993113395232219,17
2017-06-14T04:00:00,52,West,4.763322797505226,16
2017-06-14T05:00:00,53,North,43.404992270332215,49
2017-06-14T05:00:00,53,South,15.19108189426927,25
2017-06-14T05:00:00,53,East,6.7004913907024815,17
2017-06-14T05:00:00,53,West,5.650161051172992,17
2017-06-14T06:00:00,54,North,50.37844656753643,51
2017-06-14T06:00:00,54,South,14.723537068302944,23
2017-06-14T06:00:00,54,East,8.284377403290149,18
2017-06-14T06:00:00,54,West,5.021936016851408,16
2017-06-14T07:00:00,55,North,56.238278729793464,51
2017-06-14T07:00:00,55,South,16.93033529421384,23
2017-06-14T07:00:00,55,East,8.29824130290405,18
2017-06-14T07:00:00,55,West,5.5164563611627955,16
2017-06-14T08:00:00,56,North,65.12670051183733,47
2017-06-14T08:00:00,56,South,19.18170401705507,22
2017-06-14T08:00:00,56,East,20.021790148337004,23
2017-06-14T08:00:00,56,West,6.435890761119473,16
2017-06-14T09:00:00,57,North,70.41006291459668,48
2017-06-14T09:00:00,57,South,21.155203111840457,23
2017-06-14T09:00:00,57,East,20.122546105185634,22
2017-06-14T09:00:00,57,West,6.205407398598347,15
2017-06-14T10:00:00,58,North,82.35156255314571,49
2017-06-14T10:00:00,58,South,22.04482622043551,22
2017-06-14T10:00:00,58,East,19.197251987538575,21
2017-06-14T10:00:00,58,West,9.170897325111177,16
2017-06-14T11:00:00,59,North,64.62692307692308,46
2017-06-14T11:00:00,59,South,21.168644413826378,23
2017-06-14T11:00:00,59,East,19.197251987538575,22
2017-06-14T11:00:00,59,West,9.258586992785133,17
2017-06-14T12:00:00,60,North,62.97218623481781,44
2017-06-14T12:00:00,60,South,24.15767925069813,24
2017-06-14T12:00:00,60,East,20.427087034459618,23
2017-06-14T12:00:00,60,West,9.970830542685896,17
2017-06-14T13:00:00,61,North,57.85309861953454,42
2017-06-14T13:00:00,61,South,26.52339221873134,26
2017-06-14T13:00:00,61,East,19.197251987538575,22
2017-06-14T13:00:00,61,West,11.540122980040348,18
2017-06-14T14:00:00,62,North,60.2006862348178,43
2017-06-14T14:00:00,62,South,26.164428713135194,25
2017-06-14T14:00:00,62,East,20.465512966232087,23
2017-06-14T14:00:00,62,West,10.113512001011241,17
2017-06-14T15:00:00,63,North,65.1606862348178,45
2017-06-14T15:00:00,63,South,24.174174472113783,24
2017-06-14T15:00:00,63,East,20.122546105185634,22
2017-06-14T15:00:00,63,West,10.064131635337416,17
2017-06-14T16:00:00,64,North,57.140686234817814,42
2017-06-14T16:00:00,64,South,26.60003931785726,26
2017-06-14T16:00:00,64,East,20.5332669932637,23
2017-06-14T16:00:00,64,West,9.818656346378813,17
2017-06-14T17:00:00,65,North,57.59917108330265,42
2017-06-14T17:00:00,65,South,24.07703713331647,25
2017-06-14T17:00:00,65,East,22.0220145735086,24
2017-06-14T17:00:00,65,West,9.96441935806981,17
2017-06-14T18:00:00,66,North,57.345130679262255,43
2017-06-14T18:00:00,66,South,24.204174472113785,25
2017-06-14T18:00:00,66,East,20.16579502210101,23
2017-06-14T18:00:00,66,West,10.324637489668511,17
2017-06-14T19:00:00,67,North,58.595130679262255,44
2017-06-14T19:00:00,67,South,24.06118151444789,25
2017-06-14T19:00:00,67,East,18.024600034495165,22
2017-06-14T19:00:00,67,West,9.854260362322341,17
2017-06-14T20:00:00,68,North,58.80531563922983,43
2017-06-14T20:00:00,68,South,26.277901767371787,26
2017-06-14T20:00:00,68,East,17.782843454515092,21
2017-06-14T20:00:00,68,West,10.56163967359028,18
2017-06-14T21:00:00,69,North,84.54572417334276,50
2017-06-14T21:00:00,69,South,24.06118151444789,23
2017-06-14T21:00:00,69,East,16.738146721107874,19
2017-06-14T21:00:00,69,West,9.514767272890406,16
2017-06-14T22:00:00,70,North,83.99116472135685,49
2017-06-14T22:00:00,70,South,23.81671917533641,22
2017-06-14T22:00:00,70,East,19.608346168288424,21
2017-06-14T22:00:00,70,West,10.40582002943404,16
2017-06-14T23:00:00,71,North,79.4939566949659,49
2017-06-14T23:00:00,71,South,23.81346039460091,23
2017-06-14T23:00:00,71,East,17.539488493148,20
2017-06-14T23:00:00,71,West,9.403448292206154,16
2017-06-15T00:00:00,72,North,77.2344214513503,49
2017-06-15T00:00:00,72,South,26.381801942652935,24
2017-06-15T00:00:00,72,East,13.34861599074822,18
2017-06-15T00:00:00,72,West,9.548317427948865,17
2017-06-15T01:00:00,73,North,64.1642781420978,49
2017-06-15T01:00:00,73,South,22.132884862794622,25
2017-06-15T01:00:00,73,East,10.026413973204393,18
2017-06-15T01:00:00,73,West,6.496948643899099,16
2017-06-15T02:00:00,74,North,52.656731059620334,48
2017-06-15T02:00:00,74,South,21.430836353331777,27
2017-06-15T02:00:00,74,East,7.925553186450849,17
2017-06-15T02:00:00,74,West,5.125702349265222,16
2017-06-15T03:00:00,75,North,42.38292111849441,47
2017-06-15T03:00:00,75,South,18.693472572637255,27
2017-06-15T03:00:00,75,East,7.303579983581469,18
2017-06-15T03:00:00,75,West,5.446268728522007,16
2017-06-15T04:00:00,76,North,41.35874925836443,49
2017-06-15T04:00:00,76,South,14.29705075939652,25
2017-06-15T04:00:00,76,East,5.993113395232219,17
2017-06-15T04:00:00,76,West,5.40840387684934,17
2017-06-15T05:00:00,77,North,38.10915150103234,46
2017-06-15T05:00:00,77,South,17.68753175840321,28
2017-06-15T05:00:00,77,East,5.882633451529071,17
2017-06-15T05:00:00,77,West,5.609544902521961,17
2017-06-15T06:00:00,78,North,46.39966553509286,50
2017-06-15T06:00:00,78,South,15.274731481875532,24
2017-06-15T06:00:00,78,East,7.102222501283304,18
2017-06-15T06:00:00,78,West,4.772987864793357,16
2017-06-15T07:00:00,79,North,48.48926349509927,49
2017-06-15T07:00:00,79,South,16.82297719931423,25
2017-06-15T07:00:00,79,East,7.696092290115816,18
2017-06-15T07:00:00,79,West,6.1463721481087275,16
2017-06-15T08:00:00,80,North,55.22748742357604,50
2017-06-15T08:00:00,80,South,18.559017546182226,25
2017-06-15T08:00:00,80,East,7.936029385066703,17
2017-06-15T08:00:00,80,West,6.404897695764687,16
2017-06-15T09:00:00,81,North,68.71811475204822,50
2017-06-15T09:00:00,81,South,17.217801796986446,22
2017-06-15T09:00:00,81,East,14.342461595280815,20
2017-06-15T09:00:00,81,West,7.895277562349301,16
2017-06-15T10:00:00,82,North,54.752186234817806,43
2017-06-15T10:00:00,82,South,22.879106930701674,25
2017-06-15T10:00:00,82,East,18.46321573451148,23
2017-06-15T10:00:00,82,West,9.30089186065335,17
2017-06-15T11:00:00,83,North,63.886923076923075,45
2017-06-15T11:00:00,83,South,21.974929320234523,24
2017-06-15T11:00:00,83,East,19.06387180212863,22
2017-06-15T11:00:00,83,West,9.54173876330213,17
2017-06-15T12:00:00,84,North,63.23218623481781,44
2017-06-15T12:00:00,84,South,26.769985688806123,25
2017-06-15T12:00:00,84,East,19.076941686793923,22
2017-06-15T12:00:00,84,West,9.976144010256212,17
2017-06-15T13:00:00,85,North,55.67893195286788,44
2017-06-15T13:00:00,85,South,21.904929320234523,24
2017-06-15T13:00:00,85,East,16.54278077371805,21
2017-06-15T13:00:00,85,West,11.96489897834622,19
2017-06-15T14:00:00,86,North,63.1206862348178,44
2017-06-15T14:00:00,86,South,26.884717729607463,26
2017-06-15T14:00:00,86,East,17.62883775412337,21
2017-06-15T14:00:00,86,West,9.982510990994324,17
2017-06-15T15:00:00,87,North,59.67568623481781,43
2017-06-15T15:00:00,87,South,25.396100610313503,25
2017-06-15T15:00:00,87,East,18.05324044705963,22
2017-06-15T15:00:00,87,West,11.59135617575199,18
2017-06-15T16:00:00,88,North,57.982431952867884,43
2017-06-15T16:00:00,88,South,25.504656937290264,26
2017-06-15T16:00:00,88,East,18.988667240759803,22
2017-06-15T16:00:00,88,West,9.63462930657292,17
2017-06-15T17:00:00,89,North,57.602431952867875,44
2017-06-15T17:00:00,89,South,22.435949176814724,24
2017-06-15T17:00:00,89,East,18.988667240759803,23
2017-06-15T17:00:00,89,West,9.56462930657292,17
2017-06-15T18:00:00,90,North,58.53013067926226,43
2017-06-15T18:00:00,90,South,25.588448436400462,25
2017-06-15T18:00:00,90,East,18.05324044705963,22
2017-06-15T18:00:00,90,West,10.877080158180032,18
2017-06-15T19:00:00,91,North,63.46013067926226,45
2017-06-15T19:00:00,91,South,26.98314346113529,26
2017-06-15T19:00:00,91,East,15.317991149738258,20
2017-06-15T19:00:00,91,West,10.238114524188697,17
2017-06-15T20:00:00,92,North,60.70320760233918,45
2017-06-15T20:00:00,92,South,24.801806650001886,26
2017-06-15T20:00:00,92,East,14.28223423053222,20
2017-06-15T20:00:00,92,West,9.911942048079766,17
2017-06-15T21:00:00,93,North,83.44952071013931,50
2017-06-15T21:00:00,93,South,23.21103751219482,23
2017-06-15T21:00:00,93,East,15.259056909375447,19
2017-06-15T21:00:00,93,West,9.895873672031897,16
2017-06-15T22:00:00,94,North,80.67695792070492,50
2017-06-15T22:00:00,94,South,22.560889145517784,22
2017-06-15T22:00:00,94,East,15.238530741147468,19
2017-06-15T22:00:00,94,West,9.935803997415354,17
2017-06-15T23:00:00,95,North,79.34855345931265,48
2017-06-15T23:00:00,95,South,25.56253879927498,24
2017-06-15T23:00:00,95,East,16.49479175974078,20
2017-06-15T23:00:00,95,West,9.452033470157897,16
2017-06-16T00:00:00,96,North,76.23289657138864,49
2017-06-16T00:00:00,96,South,22.857509051555027,23
2017-06-16T00:00:00,96,East,16.633124332122545,20
2017-06-16T00:00:00,96,West,8.713772333864515,16
2017-06-16T01:00:00,97,North,69.31080735646685,52
2017-06-16T01:00:00,97,South,19.32715291508998,23
2017-06-16T01:00:00,97,East,9.377374200687841,17
2017-06-16T01:00:00,97,West,6.034618161937858,16
2017-06-16T02:00:00,98,North,55.23884090289741,50
2017-06-16T02:00:00,98,South,19.929913521957403,25
2017-06-16T02:00:00,98,East,7.760138603979808,17
2017-06-16T02:00:00,98,West,5.303746620406537,16
2017-06-16T03:00:00,99,North,44.655511240019756,48
2017-06-16T03:00:00,99,South,17.537523940318458,26
2017-06-16T03:00:00,99,East,7.368967866899862,18
2017-06-16T03:00:00,99,West,5.539007137832241,16
2017-06-16T04:00:00,100,North,39.431649599963485,48
2017-06-16T04:00:00,100,South,15.862038751689116,26
2017-06-16T04:00:00,100,East,6.62452403600453,18
2017-06-16T04:00:00,100,West,4.6782596620104675,16
2017-06-16T05:00:00,101,North,35.402184034771494,47
2017-06-16T05:00:00,101,South,15.749738200940273,27
2017-06-16T05:00:00,101,East,5.92812588502036,18
2017-06-16T05:00:00,101,West,4.482310342960436,16
2017-06-16T06:00:00,102,North,41.80120820140384,47
2017-06-16T06:00:00,102,South,17.424676016211404,26
2017-06-16T06:00:00,102,East,8.222324188426162,19
2017-06-16T06:00:00,102,West,5.339022988245133,16
2017-06-16T07:00:00,103,North,48.74072955908501,48
2017-06-16T07:00:00,103,South,17.424676016211404,25
2017-06-16T07:00:00,103,East,9.243358666313583,19
2017-06-16T07:00:00,103,West,5.63633528623325,16
2017-06-16T08:00:00,104,North,51.51640805288078,48
2017-06-16T08:00:00,104,South,17.97693637282645,24
2017-06-16T08:00:00,104,East,11.221946896153389,20
2017-06-16T08:00:00,104,West,5.905233975106356,16
2017-06-16T09:00:00,105,North,65.36395261338826,51
2017-06-16T09:00:00,105,South,17.019189232882837,22
2017-06-16T09:00:00,105,East,12.291571432210086,19
2017-06-16T09:00:00,105,West,6.557517104410082,16
2017-06-16T10:00:00,106,North,74.81780015987124,50
2017-06-16T10:00:00,106,South,18.66083531287774,22
2017-06-16T10:00:00,106,East,17.603644756697005,21
2017-06-16T10:00:00,106,West,6.2204729262825555,15
2017-06-16T11:00:00,107,North,57.27044710438303,44
2017-06-16T11:00:00,107,South,20.69259011288031,24
2017-06-16T11:00:00,107,East,20.151186517750098,23
2017-06-16T11:00:00,107,West,9.573792269675977,17
2017-06-16T12:00:00,108,North,55.37218623481781,43
2017-06-16T12:00:00,108,South,23.023963981770144,25
2017-06-16T12:00:00,108,East,18.191195567512292,22
2017-06-16T12:00:00,108,West,11.47443445133044,18
2017-06-16T13:00:00,109,North,81.76700285272595,49
2017-06-16T13:00:00,109,South,22.047480819336954,22
2017-06-16T13:00:00,109,East,20.45920678289028,21
2017-06-16T13:00:00,109,West,9.64179184867698,16
2017-06-16T14:00:00,110,North,58.30044710438303,43
2017-06-16T14:00:00,110,South,22.781205446488325,24
2017-06-16T14:00:00,110,East,20.50056702988838,23
2017-06-16T14:00:00,110,West,10.610258904446397,18
2017-06-16T15:00:00,111,North,58.35544710438303,44
2017-06-16T15:00:00,111,South,22.785397365680247,24
2017-06-16T15:00:00,111,East,20.662894680823996,23
2017-06-16T15:00:00,111,West,8.498597526927849,17
2017-06-16T16:00:00,112,North,79.03108942647448,49
2017-06-16T16:00:00,112,South,21.98798818108122,23
2017-06-16T16:00:00,112,East,17.229511564162554,20
2017-06-16T16:00:00,112,West,8.73205128278048,16
2017-06-16T17:00:00,113,North,77.91766921069357,49
2017-06-16T17:00:00,113,South,21.412912684063024,22
2017-06-16T17:00:00,113,East,20.04923802469937,21
2017-06-16T17:00:00,113,West,8.72657295247964,16
2017-06-16T18:00:00,114,North,83.81114920007755,47
2017-06-16T18:00:00,114,South,26.39098984559868,23
2017-06-16T18:00:00,114,East,22.818575769724376,22
2017-06-16T18:00:00,114,West,9.963610998307022,16
2017-06-16T19:00:00,115,North,75.70643296455157,46
2017-06-16T19:00:00,115,South,25.36286484559868,23
2017-06-16T19:00:00,115,East,20.975540996272827,22
2017-06-16T19:00:00,115,West,10.079940723456435,17
2017-06-16T20:00:00,116,North,78.96955054555974,48
2017-06-16T20:00:00,116,South,21.412912684063024,22
2017-06-16T20:00:00,116,East,20.28127669303025,21
2017-06-16T20:00:00,116,West,9.69674668388286,17
2017-06-16T21:00:00,117,North,73.27911970671276,47
2017-06-16T21:00:00,117,South,21.98798818108122,23
2017-06-16T21:00:00,117,East,18.887661869331083,21
2017-06-16T21:00:00,117,West,9.711844675364787,17
2017-06-16T22:00:00,118,North,72.73820219496034,48
2017-06-16T22:00:00,118,South,20.574648554438753,22
2017-06-16T22:00:00,118,East,19.096905176358923,22
2017-06-16T22:00:00,118,West,8.652070201013673,16
2017-06-16T23:00:00,119,North,74.31952665064524,50
2017-06-16T23:00:00,119,South,19.196865046090142,22
2017-06-16T23:00:00,119,East,15.093118041289175,20
2017-06-16T23:00:00,119,West,8.86569239531673,16
2017-06-17T00:00:00,120,North,61.84388176409463,48
2017-06-17T00:00:00,120,South,19.839136805201356,23
2017-06-17T00:00:00,120,East,15.731546812936802,21
2017-06-17T00:00:00,120,West,7.270037236990151,16
2017-06-17T01:00:00,121,North,56.78366288138974,47
2017-06-17T01:00:00,121,South,19.07605206172082,24
2017-06-17T01:00:00,121,East,13.899320116882825,21
2017-06-17T01:00:00,121,West,6.457216062468538,16
2017-06-17T02:00:00,122,North,43.04828746733043,46
2017-06-17T02:00:00,122,South,17.729525861861536,26
2017-06-17T02:00:00,122,East,10.33591490375689,20
2017-06-17T02:00:00,122,West,4.795341372358266,16
2017-06-17T03:00:00,123,North,33.44972197453592,46
2017-06-17T03:00:00,123,South,14.163657866878028,26
2017-06-17T03:00:00,123,East,7.515663341047816,20
2017-06-17T03:00:00,123,West,4.2333277512873835,16
2017-06-17T04:00:00,124,North,29.581310538505143,47
2017-06-17T04:00:00,124,South,11.250806883468538,25
2017-06-17T04:00:00,124,East,6.320107426331526,19
2017-06-17T04:00:00,124,West,3.979724429565519,17
2017-06-17T05:00:00,125,North,25.65621630510236,44
2017-06-17T05:00:00,125,South,13.201080924483085,28
2017-06-17T05:00:00,125,East,5.866624376361606,19
2017-06-17T05:00:00,125,West,4.317689864425487,17
2017-06-17T06:00:00,126,North,26.618065467231325,45
2017-06-17T06:00:00,126,South,10.17822654243507,25
2017-06-17T06:00:00,126,East,6.607110219506504,20
2017-06-17T06:00:00,126,West,4.704635338620594,18
2017-06-17T07:00:00,127,North,30.615780331314614,47
2017-06-17T07:00:00,127,South,9.677434671446925,23
2017-06-17T07:00:00,127,East,7.735729803946931,21
2017-06-17T07:00:00,127,West,4.297093682930091,17
2017-06-17T08:00:00,128,North,38.34497478002432,47
2017-06-17T08:00:00,128,South,11.561791938786207,22
2017-06-17T08:00:00,128,East,12.040994926668324,23
2017-06-17T08:00:00,128,West,4.619473095456098,16
2017-06-17T09:00:00,129,North,37.38524444627943,43
2017-06-17T09:00:00,129,South,12.13431892000912,22
2017-06-17T09:00:00,129,East,17.566300869722063,26
2017-06-17T09:00:00,129,West,6.50866392942646,17
2017-06-17T10:00:00,130,North,48.69020191769522,45
2017-06-17T10:00:00,130,South,15.47542881597473,23
2017-06-17T10:00:00,130,East,16.58223037548792,23
2017-06-17T10:00:00,130,West,7.629873741719771,17
2017-06-17T11:00:00,131,North,54.00745451841239,46
2017-06-17T11:00:00,131,South,17.367706738232798,23
2017-06-17T11:00:00,131,East,16.484171100400673,22
2017-06-17T11:00:00,131,West,8.268140562454755,17
2017-06-17T12:00:00,132,North,54.18424856759138,44
2017-06-17T12:00:00,132,South,18.082696348461816,23
2017-06-17T12:00:00,132,East,21.215246322418533,24
2017-06-17T12:00:00,132,West,8.714884114834259,17
2017-06-17T13:00:00,133,North,53.32851681141137,46
2017-06-17T13:00:00,133,South,17.631679647221187,23
2017-06-17T13:00:00,133,East,15.554643060389754,22
2017-06-17T13:00:00,133,West,8.52749213735537,17
2017-06-17T14:00:00,134,North,52.67459573410768,47
2017-06-17T14:00:00,134,South,14.003231698229676,21
2017-06-17T14:00:00,134,East,15.554643060389754,22
2017-06-17T14:00:00,134,West,8.331115591157722,18
2017-06-17T15:00:00,135,North,47.163462565330875,45
2017-06-17T15:00:00,135,South,14.827273631557752,22
2017-06-17T15:00:00,135,East,16.774142581256562,24
2017-06-17T15:00:00,135,West,8.049127663338307,17
2017-06-17T16:00:00,136,North,49.10900601596883,45
2017-06-17T16:00:00,136,South,17.64552122104476,24
2017-06-17T16:00:00,136,East,15.427083417484099,22
2017-06-17T16:00:00,136,West,7.95910993438657,17
2017-06-17T17:00:00,137,North,52.89457672044357,45
2017-06-17T17:00:00,137,South,15.980526011431191,22
2017-06-17T17:00:00,137,East,18.02386881063155,23
2017-06-17T17:00:00,137,West,8.560833160119437,18
2017-06-17T18:00:00,138,North,54.15910009868704,47
2017-06-17T18:00:00,138,South,15.52961249113144,22
2017-06-17T18:00:00,138,East,15.70225783621267,22
2017-06-17T18:00:00,138,West,7.192998061277009,17
2017-06-17T19:00:00,139,North,53.494640026150094,46
2017-06-17T19:00:00,139,South,17.586914218701715,23
2017-06-17T19:00:00,139,East,15.79498875415915,22
2017-06-17T19:00:00,139,West,8.221551518054717,17
2017-06-17T20:00:00,140,North,61.492176154027725,48
2017-06-17T20:00:00,140,South,15.656327731564696,21
2017-06-17T20:00:00,140,East,18.796868423896527,23
2017-06-17T20:00:00,140,West,7.536474888674906,16
2017-06-17T21:00:00,141,North,56.47692002264425,48
2017-06-17T21:00:00,141,South,15.017819677090012,21
2017-06-17T21:00:00,141,East,15.944035871232883,22
2017-06-17T21:00:00,141,West,8.016028782663065,17
2017-06-17T22:00:00,142,North,56.9909571938943,45
2017-06-17T22:00:00,142,South,18.369110213509323,23
2017-06-17T22:00:00,142,East,18.642862723504802,23
2017-06-17T22:00:00,142,West,7.802880134214743,17
2017-06-17T23:00:00,143,North,54.35452528580215,46
2017-06-17T23:00:00,143,South,15.880769584989181,22
2017-06-17T23:00:00,143,East,17.43907903188855,23
2017-06-17T23:00:00,143,West,7.597977574511004,17
2017-06-18T00:00:00,144,North,50.66887349356938,46
2017-06-18T00:00:00,144,South,17.500964590876098,24
2017-06-18T00:00:00,144,East,13.268323995821223,21
2017-06-18T00:00:00,144,West,7.083780585291807,17
2017-06-18T01:00:00,145,North,40.35907202146343,47
2017-06-18T01:00:00,145,South,14.784088048054539,25
2017-06-18T01:00:00,145,East,9.921155535219397,20
2017-06-18T01:00:00,145,West,4.629427281736367,16
2017-06-18T02:00:00,146,North,31.93064259502059,47
2017-06-18T02:00:00,146,South,11.506086538375154,25
2017-06-18T02:00:00,146,East,6.753276768135131,19
2017-06-18T02:00:00,146,West,4.185866202918224,17
2017-06-18T03:00:00,147,North,28.971392526093098,45
2017-06-18T03:00:00,147,South,12.414983201653609,26
2017-06-18T03:00:00,147,East,7.368967866899862,20
2017-06-18T03:00:00,147,West,3.9162292054147927,17
2017-06-18T04:00:00,148,North,21.018914848767057,41
2017-06-18T04:00:00,148,South,12.303984085254253,29
2017-06-18T04:00:00,148,East,5.8887742434699115,20
2017-06-18T04:00:00,148,West,3.859143342874719,18
2017-06-18T05:00:00,149,North,24.31709923492301,44
2017-06-18T05:00:00,149,South,10.382450905985761,26
2017-06-18T05:00:00,149,East,5.697677685426819,20
2017-06-18T05:00:00,149,West,4.674518417110688,18
2017-06-18T06:00:00,150,North,25.362837431911206,46
2017-06-18T06:00:00,150,South,9.12404095490433,24
2017-06-18T06:00:00,150,East,5.7931823556784625,20
2017-06-18T06:00:00,150,West,4.719940423366357,18
2017-06-18T07:00:00,151,North,28.29669515313735,45
2017-06-18T07:00:00,151,South,11.473392373071734,26
2017-06-18T07:00:00,151,East,6.96937510830746,20
2017-06-18T07:00:00,151,West,4.184438068297807,17
2017-06-18T08:00:00,152,North,35.30761964906185,47
2017-06-18T08:00:00,152,South,11.959319709153167,24
2017-06-18T08:00:00,152,East,8.385150808992048,20
2017-06-18T08:00:00,152,West,4.917393770546416,17
2017-06-18T09:00:00,153,North,40.540704386847146,49
2017-06-18T09:00:00,153,South,9.556090822116298,21
2017-06-18T09:00:00,153,East,9.493262928174145,20
2017-06-18T09:00:00,153,West,6.442355049957988,18
2017-06-18T10:00:00,154,North,46.74867668703437,48
2017-06-18T10:00:00,154,South,12.43754182581471,22
2017-06-18T10:00:00,154,East,11.653242214902559,21
2017-06-18T10:00:00,154,West,6.572095738876094,17
2017-06-18T11:00:00,155,North,51.53776070356464,49
2017-06-18T11:00:00,155,South,15.710088257175283,23
2017-06-18T11:00:00,155,East,10.085711463181362,19
2017-06-18T11:00:00,155,West,7.60413882581419,17
2017-06-18T12:00:00,156,North,54.96436845493266,47
2017-06-18T12:00:00,156,South,14.106760673438215,21
2017-06-18T12:00:00,156,East,17.64965851479772,23
2017-06-18T12:00:00,156,West,7.536254289429892,17
2017-06-18T13:00:00,157,North,49.909151405433896,47
2017-06-18T13:00:00,157,South,15.658144615534257,23
2017-06-18T13:00:00,157,East,13.267870034448082,21
2017-06-18T13:00:00,157,West,7.8817205202944365,17
2017-06-18T14:00:00,158,North,46.982279491393754,47
2017-06-18T14:00:00,158,South,15.65443250144866,24
2017-06-18T14:00:00,158,East,11.061635105227623,20
2017-06-18T14:00:00,158,West,7.362755760725031,17
2017-06-18T15:00:00,159,North,46.88809996646464,46
2017-06-18T15:00:00,159,South,16.067470105483142,24
2017-06-18T15:00:00,159,East,11.78080557036025,20
2017-06-18T15:00:00,159,West,7.7522751162034655,18
2017-06-18T16:00:00,160,North,50.802700916538996,47
2017-06-18T16:00:00,160,South,16.263197414802203,23
2017-06-18T16:00:00,160,East,12.518454312981731,21
2017-06-18T16:00:00,160,West,7.818692123374854,17
2017-06-18T17:00:00,161,North,47.991579227689954,46
2017-06-18T17:00:00,161,South,17.822904103658317,25
2017-06-18T17:00:00,161,East,11.72697336665994,20
2017-06-18T17:00:00,161,West,7.793452552789969,17
2017-06-18T18:00:00,162,North,61.63152524563552,49
2017-06-18T18:00:00,162,South,17.543905065383637,23
2017-06-18T18:00:00,162,East,13.436482013809695,20
2017-06-18T18:00:00,162,West,7.359062084134724,16
2017-06-18T19:00:00,163,North,70.76282413667145,51
2017-06-18T19:00:00,163,South,17.980179247925204,22
2017-06-18T19:00:00,163,East,10.782078659391587,18
2017-06-18T19:00:00,163,West,8.29286510591274,17
2017-06-18T20:00:00,164,North,70.88929012136754,52
2017-06-18T20:00:00,164,South,16.02446143637828,21
2017-06-18T20:00:00,164,East,13.288396202676061,19
2017-06-18T20:00:00,164,West,7.503611010065137,16
2017-06-18T21:00:00,165,North,66.95823786024161,50
2017-06-18T21:00:00,165,South,18.57234736610258,22
2017-06-18T21:00:00,165,East,14.223827180391442,20
2017-06-18T21:00:00,165,West,7.540375995928946,16
2017-06-18T22:00:00,166,North,66.22279586240357,49
2017-06-18T22:00:00,166,South,17.927081616403758,22
2017-06-18T22:00:00,166,East,15.18012369100669,21
2017-06-18T22:00:00,166,West,7.320963278365824,16
2017-06-18T23:00:00,167,North,65.30682068248615,51
2017-06-18T23:00:00,167,South,15.985224305704037,22
2017-06-18T23:00:00,167,East,11.832204587374099,19
2017-06-18T23:00:00,167,West,7.403519410514603,16
2017-06-19T00:00:00,0,North,55.93211861014281,49
2017-06-19T00:00:00,0,South,17.10281435245354,23
2017-06-19T00:00:00,0,East,10.680209130901785,19
2017-06-19T00:00:00,0,West,7.030384987415633,17
2017-06-19T01:00:00,1,North,42.90245993191893,48
2017-06-19T01:00:00,1,South,15.273426775369101,25
2017-06-19T01:00:00,1,East,8.400200315390023,19
2017-06-19T01:00:00,1,West,4.8199033950050705,16
2017-06-19T02:00:00,2,North,35.1713619717453,47
2017-06-19T02:00:00,2,South,14.309260338060223,26
2017-06-19T02:00:00,2,East,6.610880826052343,18
2017-06-19T02:00:00,2,West,4.776409054203377,17
2017-06-19T03:00:00,3,North,37.265222203668195,47
2017-06-19T03:00:00,3,South,13.643990978040723,25
2017-06-19T03:00:00,3,East,7.809968751489698,20
2017-06-19T03:00:00,3,West,4.629581926941457,16
2017-06-19T04:00:00,4,North,30.515434019142578,46
2017-06-19T04:00:00,4,South,12.248019561570883,26
2017-06-19T04:00:00,4,East,6.3112474796254485,19
2017-06-19T04:00:00,4,West,4.561432739438899,17
2017-06-19T05:00:00,5,North,30.819555050071383,45
2017-06-19T05:00:00,5,South,13.574673594124334,27
2017-06-19T05:00:00,5,East,6.594188579794073,19
2017-06-19T05:00:00,5,West,4.540570241792003,17
2017-06-19T06:00:00,6,North,37.8464365632327,48
2017-06-19T06:00:00,6,South,13.400189702725593,25
2017-06-19T06:00:00,6,East,6.885875004893329,19
2017-06-19T06:00:00,6,West,4.295759575343228,16
2017-06-19T07:00:00,7,North,47.2108547326058,51
2017-06-19T07:00:00,7,South,14.080549225336886,23
2017-06-19T07:00:00,7,East,7.091286400897204,18
2017-06-19T07:00:00,7,West,4.764399444021474,16
2017-06-19T08:00:00,8,North,53.08923114335207,49
2017-06-19T08:00:00,8,South,16.35080297391435,23
2017-06-19T08:00:00,8,East,11.119745642954612,20
2017-06-19T08:00:00,8,West,5.587516802787015,16
2017-06-19T09:00:00,9,North,68.15738965481758,49
2017-06-19T09:00:00,9,South,19.34142092219667,23
2017-06-19T09:00:00,9,East,15.765951426927874,21
2017-06-19T09:00:00,9,West,6.125575486415218,15
2017-06-19T10:00:00,10,North,74.58119616413106,48
2017-06-19T10:00:00,10,South,21.409284292522827,22
2017-06-19T10:00:00,10,East,20.45734148977277,22
2017-06-19T10:00:00,10,West,9.055930670784441,16
2017-06-19T11:00:00,11,North,67.81,45
2017-06-19T11:00:00,11,South,25.473660133674983,24
2017-06-19T11:00:00,11,East,19.997924136969594,22
2017-06-19T11:00:00,11,West,10.46818982853581,17
2017-06-19T12:00:00,12,North,73.411,47
2017-06-19T12:00:00,12,South,22.53385448628895,23
2017-06-19T12:00:00,12,East,19.03512272214041,21
2017-06-19T12:00:00,12,West,9.622583936111516,17
2017-06-19T13:00:00,13,North,57.461000000000006,42
2017-06-19T13:00:00,13,South,23.034095567722726,24
2017-06-19T13:00:00,13,East,23.7970201589103,25
2017-06-19T13:00:00,13,West,9.985051627320068,17
2017-06-19T14:00:00,14,North,69.851,46
2017-06-19T14:00:00,14,South,24.711430919627624,24
2017-06-19T14:00:00,14,East,19.997924136969598,22
2017-06-19T14:00:00,14,West,9.40739166732746,16
2017-06-19T15:00:00,15,North,73.096,45
2017-06-19T15:00:00,15,South,27.56960416179901,24
2017-06-19T15:00:00,15,East,23.7970201589103,23
2017-06-19T15:00:00,15,West,8.878112664084773,16
2017-06-19T16:00:00,16,North,68.33600000000001,46
2017-06-19T16:00:00,16,South,24.73743091962762,24
2017-06-19T16:00:00,16,East,19.476898995988115,21
2017-06-19T16:00:00,16,West,9.46449850878033,17
2017-06-19T17:00:00,17,North,65.36500000000001,44
2017-06-19T17:00:00,17,South,27.467999338997185,26
2017-06-19T17:00:00,17,East,18.897816861470865,21
2017-06-19T17:00:00,17,West,9.098148462951174,17
2017-06-19T18:00:00,18,North,67.80944444444444,46
2017-06-19T18:00:00,18,South,24.846540052505436,24
2017-06-19T18:00:00,18,East,18.75359525281128,21
2017-06-19T18:00:00,18,West,9.544948633102473,17
2017-06-19T19:00:00,19,North,74.55944444444444,47
2017-06-19T19:00:00,19,South,26.413790379180114,24
2017-06-19T19:00:00,19,East,19.476898995988115,21
2017-06-19T19:00:00,19,West,8.935732467101005,16
2017-06-19T20:00:00,20,North,61.04044444444444,43
2017-06-19T20:00:00,20,South,27.456070847960696,26
2017-06-19T20:00:00,20,East,18.75359525281128,22
2017-06-19T20:00:00,20,West,9.05396621759854,17
2017-06-19T21:00:00,21,North,59.90044444444444,44
2017-06-19T21:00:00,21,South,24.73743091962762,25
2017-06-19T21:00:00,21,East,19.4356512966759,22
2017-06-19T21:00:00,21,West,9.104521866439637,17
2017-06-19T22:00:00,22,North,84.74975292762792,50
2017-06-19T22:00:00,22,South,24.844764252960953,23
2017-06-19T22:00:00,22,East,14.26170806230424,19
2017-06-19T22:00:00,22,West,9.099268638101995,16
2017-06-19T23:00:00,23,North,78.25193412388265,48
2017-06-19T23:00:00,23,South,25.63127918129403,24
2017-06-19T23:00:00,23,East,17.594506453923064,20
2017-06-19T23:00:00,23,West,9.076094020338225,16
2017-06-20T00:00:00,24,North,74.96524062139446,48
2017-06-20T00:00:00,24,South,25.268683943646842,24
2017-06-20T00:00:00,24,East,15.260869647306826,20
2017-06-20T00:00:00,24,West,8.562897924197314,16
2017-06-20T01:00:00,25,North,73.6319637630215,51
2017-06-20T01:00:00,25,South,22.56384460069861,24
2017-06-20T01:00:00,25,East,10.409424321386556,17
2017-06-20T01:00:00,25,West,6.948608272880438,16
2017-06-20T02:00:00,26,North,56.78388893253647,49
2017-06-20T02:00:00,26,South,19.555421808296728,25
2017-06-20T02:00:00,26,East,10.504413685876035,19
2017-06-20T02:00:00,26,West,5.5381860811528645,15
2017-06-20T03:00:00,27,North,47.178453528406,47
2017-06-20T03:00:00,27,South,18.19361197688068,25
2017-06-20T03:00:00,27,East,10.387029264367706,20
2017-06-20T03:00:00,27,West,5.082384575431279,16
2017-06-20T04:00:00,28,North,41.23637191626278,46
2017-06-20T04:00:00,28,South,17.748198583683898,26
2017-06-20T04:00:00,28,East,10.182060981257905,20
2017-06-20T04:00:00,28,West,4.5263113667114885,16
2017-06-20T05:00:00,29,North,37.05423332813029,48
2017-06-20T05:00:00,29,South,14.843613998036217,26
2017-06-20T05:00:00,29,East,6.594188579794073,18
2017-06-20T05:00:00,29,West,4.3337847017903055,16
2017-06-20T06:00:00,30,North,47.32560450504795,50
2017-06-20T06:00:00,30,South,15.382712665570802,25
2017-06-20T06:00:00,30,East,6.207897112555892,17
2017-06-20T06:00:00,30,West,5.172525258669409,16
2017-06-20T07:00:00,31,North,52.25413894484723,48
2017-06-20T07:00:00,31,South,18.131563285790776,25
2017-06-20T07:00:00,31,East,11.116954722808135,20
2017-06-20T07:00:00,31,West,4.821379825056358,15
2017-06-20T08:00:00,32,North,60.505292528583,50
2017-06-20T08:00:00,32,South,18.01569141833294,24
2017-06-20T08:00:00,32,East,11.119745642954612,19
2017-06-20T08:00:00,32,West,5.207356520675788,15
2017-06-20T09:00:00,33,North,68.40084290443194,49
2017-06-20T09:00:00,33,South,17.971452657604484,22
2017-06-20T09:00:00,33,East,16.515049034277343,21
2017-06-20T09:00:00,33,West,7.356293556028591,16
2017-06-20T10:00:00,34,North,80.41345009676152,49
2017-06-20T10:00:00,34,South,23.04172051433013,22
2017-06-20T10:00:00,34,East,19.10379900432801,21
2017-06-20T10:00:00,34,West,8.703048229801592,16
2017-06-20T11:00:00,35,North,65.65,45
2017-06-20T11:00:00,35,South,26.11106489602779,25
2017-06-20T11:00:00,35,East,18.897816861470865,21
2017-06-20T11:00:00,35,West,9.07777996020993,17
2017-06-20T12:00:00,36,North,68.72999999999999,44
2017-06-20T12:00:00,36,South,28.24180545590294,25
2017-06-20T12:00:00,36,East,19.01473172006945,21
2017-06-20T12:00:00,36,West,11.857603848737641,18
2017-06-20T13:00:00,37,North,55.7919298245614,42
2017-06-20T13:00:00,37,South,24.321986491353726,25
2017-06-20T13:00:00,37,East,22.82311723240184,24
2017-06-20T13:00:00,37,West,9.61807291366513,17
2017-06-20T14:00:00,38,North,69.6385,45
2017-06-20T14:00:00,38,South,26.391557852208045,24
2017-06-20T14:00:00,38,East,21.57938161709216,22
2017-06-20T14:00:00,38,West,9.766020213132132,17
2017-06-20T15:00:00,39,North,59.49376315789473,43
2017-06-20T15:00:00,39,South,26.99128931785725,26
2017-06-20T15:00:00,39,East,18.216845897242994,22
2017-06-20T15:00:00,39,West,9.406231406381481,17
2017-06-20T16:00:00,40,North,60.163763157894735,43
2017-06-20T16:00:00,40,South,26.44564468213651,26
2017-06-20T16:00:00,40,East,20.507345351472658,22
2017-06-20T16:00:00,40,West,9.269814332265764,17
2017-06-20T17:00:00,41,North,58.28376315789474,42
2017-06-20T17:00:00,41,South,27.603175590370434,26
2017-06-20T17:00:00,41,East,20.211222703030657,23
2017-06-20T17:00:00,41,West,9.858905979013153,17
2017-06-20T18:00:00,42,North,72.87294444444444,42
2017-06-20T18:00:00,42,South,25.898335731452867,23
2017-06-20T18:00:00,42,East,35.56999999999999,27
2017-06-20T18:00:00,42,West,10.734558585899691,16
2017-06-20T19:00:00,43,North,67.69294444444444,44
2017-06-20T19:00:00,43,South,28.69501954110569,25
2017-06-20T19:00:00,43,East,22.92693832436491,23
2017-06-20T19:00:00,43,West,9.313587659090002,16
2017-06-20T20:00:00,44,North,64.54820760233918,45
2017-06-20T20:00:00,44,South,28.683352874439024,26
2017-06-20T20:00:00,44,East,15.031958219108041,20
2017-06-20T20:00:00,44,West,9.204055833254458,17
2017-06-20T21:00:00,45,North,57.92449745741165,45
2017-06-20T21:00:00,45,South,25.73743091962762,27
2017-06-20T21:00:00,45,East,12.692334292555302,19
2017-06-20T21:00:00,45,West,9.135165605033299,17
2017-06-20T22:00:00,46,North,75.56729451966312,47
2017-06-20T22:00:00,46,South,27.245710797031233,24
2017-06-20T22:00:00,46,East,18.58253139970099,21
2017-06-20T22:00:00,46,West,9.07972746038247,16
2017-06-20T23:00:00,47,North,79.25591321067242,49
2017-06-20T23:00:00,47,South,24.13597752086639,23
2017-06-20T23:00:00,47,East,17.808974671503346,20
2017-06-20T23:00:00,47,West,8.271921933793207,16
2017-06-21T00:00:00,48,North,77.37249738347467,48
2017-06-21T00:00:00,48,South,25.5499438409172,24
2017-06-21T00:00:00,48,East,16.422367697458775,20
2017-06-21T00:00:00,48,West,7.987587432981144,16
2017-06-21T01:00:00,49,North,73.82524974024469,49
2017-06-21T01:00:00,49,South,22.759043247513354,24
2017-06-21T01:00:00,49,East,16.40740427224699,20
2017-06-21T01:00:00,49,West,5.74904106322439,15
2017-06-21T02:00:00,50,North,53.17072159638827,47
2017-06-21T02:00:00,50,South,20.453339973434854,26
2017-06-21T02:00:00,50,East,12.55656483420364,20
2017-06-21T02:00:00,50,West,5.137284684013306,15
2017-06-21T03:00:00,51,North,46.08086420226277,45
2017-06-21T03:00:00,51,South,20.433163419762536,27
2017-06-21T03:00:00,51,East,12.267960054955298,21
2017-06-21T03:00:00,51,West,4.722604158975285,15
2017-06-21T04:00:00,52,North,36.74851949333127,46
2017-06-21T04:00:00,52,South,15.217770326225587,26
2017-06-21T04:00:00,52,East,7.293069209509936,19
2017-06-21T04:00:00,52,West,4.8062028019116045,17
2017-06-21T05:00:00,53,North,42.540661080541064,49
2017-06-21T05:00:00,53,South,14.202225709771765,24
2017-06-21T05:00:00,53,East,8.84754371479341,20
2017-06-21T05:00:00,53,West,4.041477833914188,15
2017-06-21T06:00:00,54,North,43.53962546800545,47
2017-06-21T06:00:00,54,South,13.193510641220136,23
2017-06-21T06:00:00,54,East,11.89372209688392,22
2017-06-21T06:00:00,54,West,4.747426069327333,16
2017-06-21T07:00:00,55,North,52.14194921360984,46
2017-06-21T07:00:00,55,South,17.83542087785173,24
2017-06-21T07:00:00,55,East,16.291550734291047,23
2017-06-21T07:00:00,55,West,4.195815403305124,15
2017-06-21T08:00:00,56,North,56.42190076261515,46
2017-06-21T08:00:00,56,South,18.07672358553843,23
2017-06-21T08:00:00,56,East,20.267152761030502,24
2017-06-21T08:00:00,56,West,5.604850322736473,15
2017-06-21T09:00:00,57,North,71.3583152177299,48
2017-06-21T09:00:00,57,South,20.61289969056705,23
2017-06-21T09:00:00,57,East,19.2508733362191,22
2017-06-21T09:00:00,57,West,6.295542793562883,15
2017-06-21T10:00:00,58,North,78.63640311073627,49
2017-06-21T10:00:00,58,South,21.06571672641786,22
2017-06-21T10:00:00,58,East,20.124958614962647,21
2017-06-21T10:00:00,58,West,8.632379891678404,16
2017-06-21T11:00:00,59,North,56.81218623481781,44
2017-06-21T11:00:00,59,South,23.378437665357794,25
2017-06-21T11:00:00,59,East,18.170129914902454,22
2017-06-21T11:00:00,59,West,9.684269214911858,17
2017-06-21T12:00:00,60,North,62.97218623481781,43
2017-06-21T12:00:00,60,South,25.68846512592229,25
2017-06-21T12:00:00,60,East,19.948658516234367,22
2017-06-21T12:00:00,60,West,12.204034117270899,18
2017-06-21T13:00:00,61,North,81.651463891687,48
2017-06-21T13:00:00,61,South,24.06998518526452,22
2017-06-21T13:00:00,61,East,18.080480842019902,20
2017-06-21T13:00:00,61,West,13.776740598501208,18
2017-06-21T14:00:00,62,North,62.020686234817816,44
2017-06-21T14:00:00,62,South,25.72519287431001,25
2017-06-21T14:00:00,62,East,17.579829115135606,21
2017-06-21T14:00:00,62,West,11.803557258921655,18
2017-06-21T15:00:00,63,North,60.46068623481781,43
2017-06-21T15:00:00,63,South,27.288668601347958,26
2017-06-21T15:00:00,63,East,18.597518143875938,22
2017-06-21T15:00:00,63,West,10.2615104561371,17
2017-06-21T16:00:00,64,North,57.709171083302664,43
2017-06-21T16:00:00,64,South,26.405644598492955,26
2017-06-21T16:00:00,64,East,17.559829115135603,21
2017-06-21T16:00:00,64,West,10.138894262935597,18
2017-06-21T17:00:00,65,North,57.599171083302664,43
2017-06-21T17:00:00,65,South,26.778242762812788,27
2017-06-21T17:00:00,65,East,17.188574889887654,21
2017-06-21T17:00:00,65,West,9.264719407850393,17
2017-06-21T18:00:00,66,North,67.41986752136752,46
2017-06-21T18:00:00,66,South,24.07703713331647,24
2017-06-21T18:00:00,66,East,18.548256483292494,21
2017-06-21T18:00:00,66,West,9.722785047527374,17
2017-06-21T19:00:00,67,North,61.415130679262255,44
2017-06-21T19:00:00,67,South,27.352240029919386,26
2017-06-21T19:00:00,67,East,18.391656956300313,21
2017-06-21T19:00:00,67,West,9.19853174495855,17
2017-06-21T20:00:00,68,North,56.90820760233917,43
2017-06-21T20:00:00,68,South,24.204174472113785,25
2017-06-21T20:00:00,68,East,18.33826797700664,22
2017-06-21T20:00:00,68,West,10.341738331326333,18
2017-06-21T21:00:00,69,North,57.95631563922982,43
2017-06-21T21:00:00,69,South,26.500644598492954,26
2017-06-21T21:00:00,69,East,17.194247777860575,21
2017-06-21T21:00:00,69,West,10.049011819437307,18
2017-06-21T22:00:00,70,North,83.06486343930557,49
2017-06-21T22:00:00,70,South,23.81671917533641,23
2017-06-21T22:00:00,70,East,17.148918053451126,20
2017-06-21T22:00:00,70,West,9.177292454269814,16
2017-06-21T23:00:00,71,North,79.36291405518031,48
2017-06-21T23:00:00,71,South,23.84944644806368,23
2017-06-21T23:00:00,71,East,19.5725148115222,21
2017-06-21T23:00:00,71,West,8.605157725838138,16
2017-06-22T00:00:00,72,North,76.58597368168627,48
2017-06-22T00:00:00,72,South,24.534088222048624,23
2017-06-22T00:00:00,72,East,18.16874947780614,21
2017-06-22T00:00:00,72,West,8.750087111334771,16
2017-06-22T01:00:00,73,North,67.11711647209052,49
2017-06-22T01:00:00,73,South,21.135308569344453,24
2017-06-22T01:00:00,73,East,13.479951751699042,19
2017-06-22T01:00:00,73,West,7.231681853905725,16
2017-06-22T02:00:00,74,North,49.9962335373505,46
2017-06-22T02:00:00,74,South,21.943025191502038,27
2017-06-22T02:00:00,74,East,10.091166839738902,19
2017-06-22T02:00:00,74,West,5.613349468673564,16
2017-06-22T03:00:00,75,North,47.11506371661351,49
2017-06-22T03:00:00,75,South,18.06851997150674,26
2017-06-22T03:00:00,75,East,7.01807106420542,17
2017-06-22T03:00:00,75,West,5.169808555506817,16
2017-06-22T04:00:00,76,North,41.35874925836443,49
2017-06-22T04:00:00,76,South,15.148334034171185,25
2017-06-22T04:00:00,76,East,6.320107426331526,18
2017-06-22T04:00:00,76,West,4.727075737764892,16
2017-06-22T05:00:00,77,North,40.61959669376535,46
2017-06-22T05:00:00,77,South,16.977220164276844,26
2017-06-22T05:00:00,77,East,8.71163795398587,19
2017-06-22T05:00:00,77,West,5.398744537465578,17
2017-06-22T06:00:00,78,North,44.64225792662179,50
2017-06-22T06:00:00,78,South,13.03809115651621,23
2017-06-22T06:00:00,78,East,7.605927546624407,18
2017-06-22T06:00:00,78,West,5.360031327214031,17
2017-06-22T07:00:00,79,North,48.48926349509927,50
2017-06-22T07:00:00,79,South,14.338211151987984,23
2017-06-22T07:00:00,79,East,9.073322427165296,19
2017-06-22T07:00:00,79,West,5.1804985546942515,16
2017-06-22T08:00:00,80,North,55.16458167222618,49
2017-06-22T08:00:00,80,South,18.001481774952598,24
2017-06-22T08:00:00,80,East,10.031395457521937,19
2017-06-22T08:00:00,80,West,5.35592115500997,16
2017-06-22T09:00:00,81,North,71.09505305478612,49
2017-06-22T09:00:00,81,South,20.2620797164005,23
2017-06-22T09:00:00,81,East,16.191495449732816,20
2017-06-22T09:00:00,81,West,8.162186768555006,16
2017-06-22T10:00:00,82,North,77.13911355476378,49
2017-06-22T10:00:00,82,South,21.084984181732864,22
2017-06-22T10:00:00,82,East,17.810671853177872,20
2017-06-22T10:00:00,82,West,9.653813362646133,17
2017-06-22T11:00:00,83,North,64.88692307692307,45
2017-06-22T11:00:00,83,South,22.917069707457337,24
2017-06-22T11:00:00,83,East,19.731316129327347,22
2017-06-22T11:00:00,83,West,9.606800813950324,17
2017-06-22T12:00:00,84,North,64.23218623481782,44
2017-06-22T12:00:00,84,South,24.80137782360118,24
2017-06-22T12:00:00,84,East,21.503492328728694,23
2017-06-22T12:00:00,84,West,11.076360155883963,17
2017-06-22T13:00:00,85,North,55.36893195286788,42
2017-06-22T13:00:00,85,South,23.34442371882057,25
2017-06-22T13:00:00,85,East,19.630337858649465,23
2017-06-22T13:00:00,85,West,10.370855867214061,18
2017-06-22T14:00:00,86,North,57.43068623481781,43
2017-06-22T14:00:00,86,South,24.765647419764555,25
2017-06-22T14:00:00,86,East,20.125213300706477,23
2017-06-22T14:00:00,86,West,10.324454153897214,17
2017-06-22T15:00:00,87,North,57.264171083302664,43
2017-06-22T15:00:00,87,South,25.700288062484766,26
2017-06-22T15:00:00,87,East,18.14362011131835,22
2017-06-22T15:00:00,87,West,10.068779852441251,17
2017-06-22T16:00:00,88,North,82.66004660404106,48
2017-06-22T16:00:00,88,South,26.5821274636979,24
2017-06-22T16:00:00,88,East,17.91855057639529,20
2017-06-22T16:00:00,88,West,10.045439598768523,16
2017-06-22T17:00:00,89,North,56.75243195286788,44
2017-06-22T17:00:00,89,South,23.24596635010233,25
2017-06-22T17:00:00,89,East,17.294244514855578,22
2017-06-22T17:00:00,89,West,9.817939180117182,17
2017-06-22T18:00:00,90,North,56.848905382819574,44
2017-06-22T18:00:00,90,South,24.588448436400462,26
2017-06-22T18:00:00,90,East,16.3322149681849,21
2017-06-22T18:00:00,90,West,9.71116154524678,17
2017-06-22T19:00:00,91,North,56.77013067926226,42
2017-06-22T19:00:00,91,South,26.79966581589582,26
2017-06-22T19:00:00,91,East,19.532408945971547,23
2017-06-22T19:00:00,91,West,9.834009042162045,17
2017-06-22T20:00:00,92,North,56.04320760233918,43
2017-06-22T20:00:00,92,South,24.204788247805652,26
2017-06-22T20:00:00,92,East,17.584095820578934,22
2017-06-22T20:00:00,92,West,9.802026425572224,17
2017-06-22T21:00:00,93,North,80.88857131950125,48
2017-06-22T21:00:00,93,South,25.521100610313503,23
2017-06-22T21:00:00,93,East,19.345043977079964,21
2017-06-22T21:00:00,93,West,8.886942471578788,16
2017-06-22T22:00:00,94,North,80.58695792070493,50
2017-06-22T22:00:00,94,South,21.167369522051484,22
2017-06-22T22:00:00,94,East,16.230570665648564,20
2017-06-22T22:00:00,94,West,8.28362620429937,16
2017-06-22T23:00:00,95,North,80.04476326152952,49
2017-06-22T23:00:00,95,South,24.598524852737746,23
2017-06-22T23:00:00,95,East,15.16912508026508,19
2017-06-22T23:00:00,95,West,9.585185005634756,17
2017-06-23T00:00:00,96,North,72.54701291182667,49
2017-06-23T00:00:00,96,South,21.330084401234743,23
2017-06-23T00:00:00,96,East,15.198126628697862,20
2017-06-23T00:00:00,96,West,7.147845997640204,16
2017-06-23T01:00:00,97,North,59.70400153799524,51
2017-06-23T01:00:00,97,South,19.258597239822336,24
2017-06-23T01:00:00,97,East,8.900584078427052,18
2017-06-23T01:00:00,97,West,5.244668817328755,15
2017-06-23T02:00:00,98,North,52.29253749066664,49
2017-06-23T02:00:00,98,South,20.358636992329842,26
2017-06-23T02:00:00,98,East,8.018437951243168,18
2017-06-23T02:00:00,98,West,4.910309403360305,15
2017-06-23T03:00:00,99,North,43.655511240019756,48
2017-06-23T03:00:00,99,South,17.581762701046912,26
2017-06-23T03:00:00,99,East,7.567114859540894,18
2017-06-23T03:00:00,99,West,5.201783072645898,16
2017-06-23T04:00:00,100,North,37.06874856635566,48
2017-06-23T04:00:00,100,South,14.909327148468996,26
2017-06-23T04:00:00,100,East,6.325026430623117,18
2017-06-23T04:00:00,100,West,4.486038496551996,16
2017-06-23T05:00:00,101,North,35.40572691188041,48
2017-06-23T05:00:00,101,South,12.893003539272403,25
2017-06-23T05:00:00,101,East,6.202127482104195,18
2017-06-23T05:00:00,101,West,4.4793275520796465,17
2017-06-23T06:00:00,102,North,39.06938206678694,48
2017-06-23T06:00:00,102,South,13.903049847609573,25
2017-06-23T06:00:00,102,East,7.4986505047749334,19
2017-06-23T06:00:00,102,West,4.823898611538623,16
2017-06-23T07:00:00,103,North,44.81378983347091,48
2017-06-23T07:00:00,103,South,15.890514530843031,25
2017-06-23T07:00:00,103,East,8.3342007771429,19
2017-06-23T07:00:00,103,West,4.480358169945544,16
2017-06-23T08:00:00,104,North,48.730922629881626,49
2017-06-23T08:00:00,104,South,14.414505540154186,23
2017-06-23T08:00:00,104,East,11.382234501660161,20
2017-06-23T08:00:00,104,West,5.380807324920635,16
2017-06-23T09:00:00,105,North,65.45515465804966,51
2017-06-23T09:00:00,105,South,17.256450102781532,22
2017-06-23T09:00:00,105,East,11.0766279940715,19
2017-06-23T09:00:00,105,West,6.917126802084924,16
2017-06-23T10:00:00,106,North,77.02162015927038,50
2017-06-23T10:00:00,106,South,21.708305843433255,23
2017-06-23T10:00:00,106,East,14.668449982467646,19
2017-06-23T10:00:00,106,West,9.018461221716931,16
2017-06-23T11:00:00,107,North,54.822186234817806,44
2017-06-23T11:00:00,107,South,24.42933616085415,26
2017-06-23T11:00:00,107,East,16.397062363886448,21
2017-06-23T11:00:00,107,West,9.093791707973155,17
2017-06-23T12:00:00,108,North,57.02044710438303,43
2017-06-23T12:00:00,108,South,24.13289664200248,25
2017-06-23T12:00:00,108,East,17.792983878556015,22
2017-06-23T12:00:00,108,West,11.481877098130857,18
2017-06-23T13:00:00,109,North,80.87908618605928,50
2017-06-23T13:00:00,109,South,20.672347113874217,22
2017-06-23T13:00:00,109,East,17.218033990722994,20
2017-06-23T13:00:00,109,West,8.740626192214128,16
2017-06-23T14:00:00,110,North,57.62044710438303,44
2017-06-23T14:00:00,110,South,26.110005655875362,26
2017-06-23T14:00:00,110,East,15.59593624019311,21
2017-06-23T14:00:00,110,West,9.86663570791653,17
2017-06-23T15:00:00,111,North,57.64544710438303,43
2017-06-23T15:00:00,111,South,25.615505453789112,26
2017-06-23T15:00:00,111,East,17.803205935680214,21
2017-06-23T15:00:00,111,West,12.024942184143361,18
2017-06-23T16:00:00,112,North,56.63718623481782,44
2017-06-23T16:00:00,112,South,23.39299215933238,25
2017-06-23T16:00:00,112,East,17.602489224775137,22
2017-06-23T16:00:00,112,West,9.677641620327748,17
2017-06-23T17:00:00,113,North,80.8496312163242,48
2017-06-23T17:00:00,113,South,24.362864845598683,23
2017-06-23T17:00:00,113,East,19.84561176575159,21
2017-06-23T17:00:00,113,West,8.607397757323781,16
2017-06-23T18:00:00,114,North,57.328297345928924,43
2017-06-23T18:00:00,114,South,25.298428214909553,25
2017-06-23T18:00:00,114,East,19.931863439111694,23
2017-06-23T18:00:00,114,West,9.723443106667466,17
2017-06-23T19:00:00,115,North,82.83673556371392,49
2017-06-23T19:00:00,115,South,21.98798818108122,22
2017-06-23T19:00:00,115,East,20.64629230685019,21
2017-06-23T19:00:00,115,West,10.20016819629566,16
2017-06-23T20:00:00,116,North,58.26137426900585,43
2017-06-23T20:00:00,116,South,25.295517019511724,25
2017-06-23T20:00:00,116,East,16.73442930686995,21
2017-06-23T20:00:00,116,West,12.204435715516203,19
2017-06-23T21:00:00,117,North,74.50503811269932,48
2017-06-23T21:00:00,117,South,22.815397365680248,23
2017-06-23T21:00:00,117,East,17.989067005691872,21
2017-06-23T21:00:00,117,West,9.120583575442843,16
2017-06-23T22:00:00,118,North,75.41902274341753,50
2017-06-23T22:00:00,118,South,20.396424136561443,22
2017-06-23T22:00:00,118,East,15.300138092785621,20
2017-06-23T22:00:00,118,West,7.956708703269378,16
2017-06-23T23:00:00,119,North,71.5070477012044,49
2017-06-23T23:00:00,119,South,20.519875827166025,22
2017-06-23T23:00:00,119,East,16.64315436063383,21
2017-06-23T23:00:00,119,West,8.585658758727167,16
2017-06-24T00:00:00,120,North,64.67713600520607,48
2017-06-24T00:00:00,120,South,20.307814049604247,24
2017-06-24T00:00:00,120,East,14.924694890013429,20
2017-06-24T00:00:00,120,West,7.596046222898013,16
2017-06-24T01:00:00,121,North,50.95603818682077,47
2017-06-24T01:00:00,121,South,18.35987080546675,25
2017-06-24T01:00:00,121,East,10.835991389400089,20
2017-06-24T01:00:00,121,West,6.075375089347253,16
2017-06-24T02:00:00,122,North,42.012968318394265,46
2017-06-24T02:00:00,122,South,17.278198074994354,26
2017-06-24T02:00:00,122,East,9.609273060586572,20
2017-06-24T02:00:00,122,West,4.784846577572712,16
2017-06-24T03:00:00,123,North,32.470868026248006,46
2017-06-24T03:00:00,123,South,12.311703238493143,25
2017-06-24T03:00:00,123,East,8.127430642184756,20
2017-06-24T03:00:00,123,West,4.914604559754325,17
2017-06-24T04:00:00,124,North,30.581310538505143,46
2017-06-24T04:00:00,124,South,12.245873749677878,25
2017-06-24T04:00:00,124,East,6.898158240627886,20
2017-06-24T04:00:00,124,West,4.455196582456496,17
2017-06-24T05:00:00,125,North,24.65621630510236,42
2017-06-24T05:00:00,125,South,13.356901625535578,29
2017-06-24T05:00:00,125,East,6.201431427631473,20
2017-06-24T05:00:00,125,West,4.419304613584021,17
2017-06-24T06:00:00,126,North,25.645216305102362,44
2017-06-24T06:00:00,126,South,11.931657416076124,27
2017-06-24T06:00:00,126,East,5.918495466359174,19
2017-06-24T06:00:00,126,West,4.817041397800132,18
2017-06-24T07:00:00,127,North,27.617645454899932,46
2017-06-24T07:00:00,127,South,10.791450276801422,25
2017-06-24T07:00:00,127,East,6.08990761855191,19
2017-06-24T07:00:00,127,West,4.516795964776187,18
2017-06-24T08:00:00,128,North,36.627939679257494,45
2017-06-24T08:00:00,128,South,10.383646302555878,22
2017-06-24T08:00:00,128,East,12.010688767527213,23
2017-06-24T08:00:00,128,West,7.024027954688034,18
2017-06-24T09:00:00,129,North,40.772340851922486,45
2017-06-24T09:00:00,129,South,13.235061795463956,22
2017-06-24T09:00:00,129,East,14.575287357027037,24
2017-06-24T09:00:00,129,West,5.875827190436917,17
2017-06-24T10:00:00,130,North,49.43491830204504,46
2017-06-24T10:00:00,130,South,13.115919667456971,21
2017-06-24T10:00:00,130,East,17.932044188413865,24
2017-06-24T10:00:00,130,West,7.804531925717534,17
2017-06-24T11:00:00,131,North,50.33021618767791,45
2017-06-24T11:00:00,131,South,17.367706738232798,23
2017-06-24T11:00:00,131,East,17.6365103946299,23
2017-06-24T11:00:00,131,West,7.667930966866254,17
2017-06-24T12:00:00,132,North,51.370887203366294,45
2017-06-24T12:00:00,132,South,14.258846819433336,21
2017-06-24T12:00:00,132,East,19.819253562057348,25
2017-06-24T12:00:00,132,West,7.818169529029194,17
2017-06-24T13:00:00,133,North,50.558859330933124,47
2017-06-24T13:00:00,133,South,15.25182891725533,23
2017-06-24T13:00:00,133,East,12.142528063380228,20
2017-06-24T13:00:00,133,West,8.180029550945825,18
2017-06-24T14:00:00,134,North,49.7713593244996,44
2017-06-24T14:00:00,134,South,15.497701961593023,22
2017-06-24T14:00:00,134,East,20.85632776427331,25
2017-06-24T14:00:00,134,West,8.370147778116106,17
2017-06-24T15:00:00,135,North,56.433899259138734,46
2017-06-24T15:00:00,135,South,13.998625778472215,21
2017-06-24T15:00:00,135,East,19.277419834694356,24
2017-06-24T15:00:00,135,West,8.309600247861876,17
2017-06-24T16:00:00,136,North,54.50126189650137,46
2017-06-24T16:00:00,136,South,16.833187947161154,23
2017-06-24T16:00:00,136,East,15.575169228617733,22
2017-06-24T16:00:00,136,West,7.9899268595937585,17
2017-06-24T17:00:00,137,North,48.14875885627737,42
2017-06-24T17:00:00,137,South,18.67637399049135,24
2017-06-24T17:00:00,137,East,20.982987651196243,25
2017-06-24T17:00:00,137,West,7.720605676669402,17
2017-06-24T18:00:00,138,North,49.20233821219995,45
2017-06-24T18:00:00,138,South,18.48992744185986,25
2017-06-24T18:00:00,138,East,13.790004179654062,21
2017-06-24T18:00:00,138,West,7.2642764059521445,17
2017-06-24T19:00:00,139,North,62.82413087779021,47
2017-06-24T19:00:00,139,South,18.81746536871283,22
2017-06-24T19:00:00,139,East,19.925244779943863,23
2017-06-24T19:00:00,139,West,7.821415563234396,16
2017-06-24T20:00:00,140,North,65.65404587462551,49
2017-06-24T20:00:00,140,South,17.549254520311976,22
2017-06-24T20:00:00,140,East,15.11529900352329,20
2017-06-24T20:00:00,140,West,8.61933046544745,17
2017-06-24T21:00:00,141,North,54.05854115379405,45
2017-06-24T21:00:00,141,South,15.76079237991354,21
2017-06-24T21:00:00,141,East,21.63081259644575,25
2017-06-24T21:00:00,141,West,8.079435561557993,17
2017-06-24T22:00:00,142,North,50.73894471010531,45
2017-06-24T22:00:00,142,South,18.526196898344832,24
2017-06-24T22:00:00,142,East,16.071595514138536,22
2017-06-24T22:00:00,142,West,7.687010511034009,17
2017-06-24T23:00:00,143,North,50.89807217297267,46
2017-06-24T23:00:00,143,South,15.873348253794314,23
2017-06-24T23:00:00,143,East,14.15934185757993,22
2017-06-24T23:00:00,143,West,7.9291220245134735,17
2017-06-25T00:00:00,144,North,45.67019096641473,43
2017-06-25T00:00:00,144,South,17.696254543480055,24
2017-06-25T00:00:00,144,East,16.563484840530055,24
2017-06-25T00:00:00,144,West,7.615025816004089,17
2017-06-25T01:00:00,145,North,37.579563056745066,46
2017-06-25T01:00:00,145,South,13.343152831477742,24
2017-06-25T01:00:00,145,East,9.68619659510992,21
2017-06-25T01:00:00,145,West,5.85764124485274,17
2017-06-25T02:00:00,146,North,33.921117222449375,46
2017-06-25T02:00:00,146,South,14.294063065161055,26
2017-06-25T02:00:00,146,East,7.4687864192442985,19
2017-06-25T02:00:00,146,West,5.07020582857144,17
2017-06-25T03:00:00,147,North,30.9713925260931,45
2017-06-25T03:00:00,147,South,12.116474175314556,25
2017-06-25T03:00:00,147,East,7.5176210485639965,20
2017-06-25T03:00:00,147,West,5.445561958092837,18
2017-06-25T04:00:00,148,North,24.989914848767057,44
2017-06-25T04:00:00,148,South,11.45339008153629,27
2017-06-25T04:00:00,148,East,5.758105140340975,19
2017-06-25T04:00:00,148,West,4.994048910192177,18
2017-06-25T05:00:00,149,North,23.31709923492301,42
2017-06-25T05:00:00,149,South,11.989939882981473,28
2017-06-25T05:00:00,149,East,5.736583313428175,20
2017-06-25T05:00:00,149,West,4.894470118102302,18
2017-06-25T06:00:00,150,North,21.431837431911205,43
2017-06-25T06:00:00,150,South,9.342441807365166,25
2017-06-25T06:00:00,150,East,5.907585555178089,20
2017-06-25T06:00:00,150,West,5.369945865099039,20
2017-06-25T07:00:00,151,North,27.29669515313735,47
2017-06-25T07:00:00,151,South,9.548608999471092,24
2017-06-25T07:00:00,151,East,5.868784211827849,19
2017-06-25T07:00:00,151,West,4.516795964776187,18
2017-06-25T08:00:00,152,North,32.351789466077506,44
2017-06-25T08:00:00,152,South,13.336271222030621,25
2017-06-25T08:00:00,152,East,10.212155402402582,22
2017-06-25T08:00:00,152,West,5.325166427024787,17
2017-06-25T09:00:00,153,North,35.39005277109056,46
2017-06-25T09:00:00,153,South,9.381594700102594,21
2017-06-25T09:00:00,153,East,11.565787659819659,23
2017-06-25T09:00:00,153,West,6.628215651669998,18
2017-06-25T10:00:00,154,North,45.74867668703437,45
2017-06-25T10:00:00,154,South,10.826915569222141,20
2017-06-25T10:00:00,154,East,17.32174095679933,25
2017-06-25T10:00:00,154,West,7.777016067741174,18
2017-06-25T11:00:00,155,North,45.63275279520035,46
2017-06-25T11:00:00,155,South,15.6741911468265,24
2017-06-25T11:00:00,155,East,12.910306697488341,21
2017-06-25T11:00:00,155,West,6.272120276926884,17
2017-06-25T12:00:00,156,North,48.66956237170819,44
2017-06-25T12:00:00,156,South,16.73197308743728,23
2017-06-25T12:00:00,156,East,18.77803487084506,24
2017-06-25T12:00:00,156,West,7.844045252869474,17
2017-06-25T13:00:00,157,North,45.9070430882192,44
2017-06-25T13:00:00,157,South,15.081546274693208,23
2017-06-25T13:00:00,157,East,16.589134948347965,24
2017-06-25T13:00:00,157,West,7.821781206395499,17
2017-06-25T14:00:00,158,North,44.016055785892135,44
2017-06-25T14:00:00,158,South,15.65443250144866,24
2017-06-25T14:00:00,158,East,14.203301012163463,22
2017-06-25T14:00:00,158,West,7.916717056662553,18
2017-06-25T15:00:00,159,North,41.982028743232526,44
2017-06-25T15:00:00,159,South,15.202091982184468,23
2017-06-25T15:00:00,159,East,15.20064985923467,23
2017-06-25T15:00:00,159,West,7.572950691046271,18
2017-06-25T16:00:00,160,North,44.985105666309444,43
2017-06-25T16:00:00,160,South,16.884803643966013,24
2017-06-25T16:00:00,160,East,16.573682943105663,24
2017-06-25T16:00:00,160,West,7.643997430898324,17
2017-06-25T17:00:00,161,North,48.991579227689954,47
2017-06-25T17:00:00,161,South,15.452935585780256,23
2017-06-25T17:00:00,161,East,13.288396202676061,21
2017-06-25T17:00:00,161,West,7.6718921677404275,17
2017-06-25T18:00:00,162,North,48.53460160830277,45
2017-06-25T18:00:00,162,South,17.96676405977471,24
2017-06-25T18:00:00,162,East,14.293683909471556,22
2017-06-25T18:00:00,162,West,7.563220694530187,17
2017-06-25T19:00:00,163,North,55.81675970654924,47
2017-06-25T19:00:00,163,South,18.003919848855165,23
2017-06-25T19:00:00,163,East,14.223827180391442,21
2017-06-25T19:00:00,163,West,8.039579496133246,17
2017-06-25T20:00:00,164,North,59.26817235955719,47
2017-06-25T20:00:00,164,South,16.024461436378285,22
2017-06-25T20:00:00,164,East,17.523924036424766,22
2017-06-25T20:00:00,164,West,7.5022361705642835,17
2017-06-25T21:00:00,165,North,54.69641733707592,48
2017-06-25T21:00:00,165,South,16.7576371019263,23
2017-06-25T21:00:00,165,East,12.619158298114035,20
2017-06-25T21:00:00,165,West,7.562262018373493,17
2017-06-25T22:00:00,166,North,57.926498555309465,47
2017-06-25T22:00:00,166,South,17.38895803784267,22
2017-06-25T22:00:00,166,East,17.52253354708104,22
2017-06-25T22:00:00,166,West,7.777451738456759,17
2017-06-25T23:00:00,167,North,57.23442107307786,46
2017-06-25T23:00:00,167,South,17.653420208641116,23
2017-06-25T23:00:00,167,East,18.166387822782614,23
2017-06-25T23:00:00,167,West,7.33935175882076,16
2017-06-26T00:00:00,0,North,44.832748279727234,45
2017-06-26T00:00:00,0,South,16.063225559050576,24
2017-06-26T00:00:00,0,East,12.350826514259863,21
2017-06-26T00:00:00,0,West,8.110802439142532,18
2017-06-26T01:00:00,1,North,39.07454980245712,44
2017-06-26T01:00:00,1,South,16.41406461893048,26
2017-06-26T01:00:00,1,East,11.531690096683798,21
2017-06-26T01:00:00,1,West,6.169509005573829,17
2017-06-26T02:00:00,2,North,36.1713619717453,47
2017-06-26T02:00:00,2,South,13.997213010055162,25
2017-06-26T02:00:00,2,East,7.151503817329413,19
2017-06-26T02:00:00,2,West,5.083573642838942,17
2017-06-26T03:00:00,3,North,32.46332950970946,47
2017-06-26T03:00:00,3,South,12.009555195803852,25
2017-06-26T03:00:00,3,East,6.834670507254719,19
2017-06-26T03:00:00,3,West,4.7877945554243775,17
2017-06-26T04:00:00,4,North,26.515434019142578,43
2017-06-26T04:00:00,4,South,13.400189702725593,28
2017-06-26T04:00:00,4,East,5.934149264170509,19
2017-06-26T04:00:00,4,West,5.338132422032869,18
2017-06-26T05:00:00,5,North,31.819555050071383,46
2017-06-26T05:00:00,5,South,12.601994047859256,25
2017-06-26T05:00:00,5,East,7.242304685110401,20
2017-06-26T05:00:00,5,West,4.679718402359398,17
2017-06-26T06:00:00,6,North,35.8636343654305,46
2017-06-26T06:00:00,6,South,12.760437579669476,24
2017-06-26T06:00:00,6,East,9.69602662489405,21
2017-06-26T06:00:00,6,West,4.7305951692106785,17
2017-06-26T07:00:00,7,North,48.271007214875304,51
2017-06-26T07:00:00,7,South,13.768501897331825,23
2017-06-26T07:00:00,7,East,7.657365384781116,18
2017-06-26T07:00:00,7,West,4.812855758975408,16
2017-06-26T08:00:00,8,North,51.08923114335207,48
2017-06-26T08:00:00,8,South,18.470922587727365,25
2017-06-26T08:00:00,8,East,10.486418195881317,19
2017-06-26T08:00:00,8,West,5.325937599546959,16
2017-06-26T09:00:00,9,North,60.48455078745603,50
2017-06-26T09:00:00,9,South,16.38795876299481,23
2017-06-26T09:00:00,9,East,11.144894285213265,19
2017-06-26T09:00:00,9,West,6.527844384198092,16
2017-06-26T10:00:00,10,North,73.0743076923077,48
2017-06-26T10:00:00,10,South,22.303160409144485,23
2017-06-26T10:00:00,10,East,18.609118074242478,21
2017-06-26T10:00:00,10,West,7.862140332539291,16
2017-06-26T11:00:00,11,North,61.85,45
2017-06-26T11:00:00,11,South,24.654581729000917,25
2017-06-26T11:00:00,11,East,17.466142625265505,21
2017-06-26T11:00:00,11,West,8.893276196891025,17
2017-06-26T12:00:00,12,North,64.691,44
2017-06-26T12:00:00,12,South,27.526959268699304,25
2017-06-26T12:00:00,12,East,18.96990636635751,21
2017-06-26T12:00:00,12,West,12.48035190016368,18
2017-06-26T13:00:00,13,North,56.451,42
2017-06-26T13:00:00,13,South,25.503660133674984,25
2017-06-26T13:00:00,13,East,20.937047854557957,23
2017-06-26T13:00:00,13,West,10.430189506948988,18
2017-06-26T14:00:00,14,North,68.411,46
2017-06-26T14:00:00,14,South,27.200240950629336,25
2017-06-26T14:00:00,14,East,17.124484284380184,20
2017-06-26T14:00:00,14,West,9.614957696669133,17
2017-06-26T15:00:00,15,North,65.136,45
2017-06-26T15:00:00,15,South,26.025016621984815,25
2017-06-26T15:00:00,15,East,17.146287548797893,21
2017-06-26T15:00:00,15,West,9.474381365352636,17
2017-06-26T16:00:00,16,North,57.476000000000006,43
2017-06-26T16:00:00,16,South,27.340240950629333,27
2017-06-26T16:00:00,16,East,17.163428739471264,21
2017-06-26T16:00:00,16,West,9.794349948335373,17
2017-06-26T17:00:00,17,North,61.235,45
2017-06-26T17:00:00,17,South,24.771198392655556,25
2017-06-26T17:00:00,17,East,17.501163628055064,21
2017-06-26T17:00:00,17,West,9.54167532789501,17
2017-06-26T18:00:00,18,North,61.32944444444444,44
2017-06-26T18:00:00,18,South,25.83894950714474,25
2017-06-26T18:00:00,18,East,18.848609560952113,22
2017-06-26T18:00:00,18,West,9.985315707856449,17
2017-06-26T19:00:00,19,North,67.50944444444444,45
2017-06-26T19:00:00,19,South,27.032529685443414,25
2017-06-26T19:00:00,19,East,19.336745734881625,21
2017-06-26T19:00:00,19,West,9.935707935533769,17
2017-06-26T20:00:00,20,North,61.03044444444444,44
2017-06-26T20:00:00,20,South,25.75534277378698,25
2017-06-26T20:00:00,20,East,19.27967502781092,22
2017-06-26T20:00:00,20,West,9.55460372480282,17
2017-06-26T21:00:00,21,North,83.15733626096126,49
2017-06-26T21:00:00,21,South,24.83894950714474,23
2017-06-26T21:00:00,21,East,17.978349842043617,20
2017-06-26T21:00:00,21,West,9.432427002187593,16
2017-06-26T22:00:00,22,North,80.71894639413273,49
2017-06-26T22:00:00,22,South,24.946282840478077,23
2017-06-26T22:00:00,22,East,18.001418373380574,20
2017-06-26T22:00:00,22,West,9.284279892566541,16
2017-06-26T23:00:00,23,North,78.25759853061413,47
2017-06-26T23:00:00,23,South,27.449404181294028,25
2017-06-26T23:00:00,23,East,17.263358382892893,20
2017-06-26T23:00:00,23,West,9.591039266578155,16
2017-06-27T00:00:00,24,North,75.11573816524276,49
2017-06-27T00:00:00,24,South,25.268683943646842,24
2017-06-27T00:00:00,24,East,14.997802047962953,19
2017-06-27T00:00:00,24,West,8.670661759328514,16
2017-06-27T01:00:00,25,North,71.7259116503452,50
2017-06-27T01:00:00,25,South,25.203836033562027,25
2017-06-27T01:00:00,25,East,8.703088943117361,17
2017-06-27T01:00:00,25,West,7.038507900221798,16
2017-06-27T02:00:00,26,North,53.14291500755614,47
2017-06-27T02:00:00,26,South,21.61076315393919,26
2017-06-27T02:00:00,26,East,10.589187501427723,19
2017-06-27T02:00:00,26,West,6.036938344004291,16
2017-06-27T03:00:00,27,North,48.178453528406,48
2017-06-27T03:00:00,27,South,18.088655772238514,26
2017-06-27T03:00:00,27,East,7.51527564453782,18
2017-06-27T03:00:00,27,West,5.421540510368577,16
2017-06-27T04:00:00,28,North,39.47300562418964,45
2017-06-27T04:00:00,28,South,17.91820453022105,27
2017-06-27T04:00:00,28,East,8.139762206893666,19
2017-06-27T04:00:00,28,West,5.48941400712535,17
2017-06-27T05:00:00,29,North,39.794864204655994,49
2017-06-27T05:00:00,29,South,13.193510641220136,24
2017-06-27T05:00:00,29,East,7.053296961139146,19
2017-06-27T05:00:00,29,West,4.818753692686327,16
2017-06-27T06:00:00,30,North,39.864953564940556,47
2017-06-27T06:00:00,30,South,15.382712665570802,26
2017-06-27T06:00:00,30,East,7.737128841715273,19
2017-06-27T06:00:00,30,West,4.777615827300509,16
2017-06-27T07:00:00,31,North,48.2773470565954,49
2017-06-27T07:00:00,31,South,14.917044559416043,24
2017-06-27T07:00:00,31,East,8.764830237936323,19
2017-06-27T07:00:00,31,West,5.071606066348265,16
2017-06-27T08:00:00,32,North,58.44898422163979,49
2017-06-27T08:00:00,32,South,18.01569141833294,24
2017-06-27T08:00:00,32,East,10.554921642518888,19
2017-06-27T08:00:00,32,West,6.373469279445968,16
2017-06-27T09:00:00,33,North,70.3824872263016,51
2017-06-27T09:00:00,33,South,17.965389093282795,22
2017-06-27T09:00:00,33,East,13.741266538146132,20
2017-06-27T09:00:00,33,West,6.21780134384805,15
2017-06-27T10:00:00,34,North,79.12752417083558,49
2017-06-27T10:00:00,34,South,22.330531251817433,22
2017-06-27T10:00:00,34,East,20.280753747804944,21
2017-06-27T10:00:00,34,West,8.446482504560366,16
2017-06-27T11:00:00,35,North,55.305263157894736,43
2017-06-27T11:00:00,35,South,23.15104596770499,25
2017-06-27T11:00:00,35,East,18.721491859147875,23
2017-06-27T11:00:00,35,West,9.395579895179837,17
2017-06-27T12:00:00,36,North,65.00526315789473,44
2017-06-27T12:00:00,36,South,27.395442539430135,26
2017-06-27T12:00:00,36,East,19.17831270263136,21
2017-06-27T12:00:00,36,West,10.826127341340857,17
2017-06-27T13:00:00,37,North,57.50555301296719,43
2017-06-27T13:00:00,37,South,26.959189896027794,27
2017-06-27T13:00:00,37,East,17.605337120469862,21
2017-06-27T13:00:00,37,West,10.037628950128205,17
2017-06-27T14:00:00,38,North,60.22376315789474,44
2017-06-27T14:00:00,38,South,24.29531732925664,25
2017-06-27T14:00:00,38,East,17.670585414590164,21
2017-06-27T14:00:00,38,West,10.561763952226055,18
2017-06-27T15:00:00,39,North,64.18376315789473,44
2017-06-27T15:00:00,39,South,27.007144936725837,25
2017-06-27T15:00:00,39,East,19.0794143140666,22
2017-06-27T15:00:00,39,West,9.626039018822745,17
2017-06-27T16:00:00,40,North,58.3240530129672,42
2017-06-27T16:00:00,40,South,27.03703193729027,26
2017-06-27T16:00:00,40,East,18.752003980846233,22
2017-06-27T16:00:00,40,West,10.720742484318198,18
2017-06-27T17:00:00,41,North,61.11376315789474,45
2017-06-27T17:00:00,41,South,25.02501662198481,25
2017-06-27T17:00:00,41,East,16.71416734162906,21
2017-06-27T17:00:00,41,West,10.025400716131479,17
2017-06-27T18:00:00,42,North,67.44294444444444,39
2017-06-27T18:00:00,42,South,24.898335731452867,22
2017-06-27T18:00:00,42,East,47.95428807351171,31
2017-06-27T18:00:00,42,West,10.07987513787511,16
2017-06-27T19:00:00,43,North,66.30820760233918,45
2017-06-27T19:00:00,43,South,27.95600226842501,26
2017-06-27T19:00:00,43,East,18.318263610794343,21
2017-06-27T19:00:00,43,West,9.259656186493656,16
2017-06-27T20:00:00,44,North,61.68820760233918,44
2017-06-27T20:00:00,44,South,26.025016621984815,25
2017-06-27T20:00:00,44,East,19.96148849500968,22
2017-06-27T20:00:00,44,West,9.990233249057049,17
2017-06-27T21:00:00,45,North,60.24820760233917,44
2017-06-27T21:00:00,45,South,25.898335731452867,26
2017-06-27T21:00:00,45,East,16.6604427123006,21
2017-06-27T21:00:00,45,West,9.369897932649211,17
2017-06-27T22:00:00,46,North,58.21349745741165,43
2017-06-27T22:00:00,46,South,24.331513323792663,25
2017-06-27T22:00:00,46,East,19.635942430706525,23
2017-06-27T22:00:00,46,West,8.98601592157274,17
2017-06-27T23:00:00,47,North,57.22499745741165,43
2017-06-27T23:00:00,47,South,25.268683943646842,26
2017-06-27T23:00:00,47,East,19.487687309839835,22
2017-06-27T23:00:00,47,West,9.04235841960545,17
2017-06-28T00:00:00,48,North,77.53433712706442,49
2017-06-28T00:00:00,48,South,23.84944644806368,23
2017-06-28T00:00:00,48,East,17.546595240843008,20
2017-06-28T00:00:00,48,West,8.437855316621087,16
2017-06-28T01:00:00,49,North,69.52947565737195,49
2017-06-28T01:00:00,49,South,22.119308530455193,24
2017-06-28T01:00:00,49,East,15.250245481561894,20
2017-06-28T01:00:00,49,West,6.141890857242783,15
2017-06-28T02:00:00,50,North,58.623847839871594,48
2017-06-28T02:00:00,50,South,21.410257781903205,25
2017-06-28T02:00:00,50,East,13.174180182266545,20
2017-06-28T02:00:00,50,West,5.726641991330698,15
2017-06-28T03:00:00,51,North,49.221531745224645,47
2017-06-28T03:00:00,51,South,19.133512224583217,26
2017-06-28T03:00:00,51,East,10.48366270010554,20
2017-06-28T03:00:00,51,West,4.565555923483524,15
2017-06-28T04:00:00,52,North,40.319881693857816,47
2017-06-28T04:00:00,52,South,15.344167773929934,25
2017-06-28T04:00:00,52,East,9.355476802072495,20
2017-06-28T04:00:00,52,West,4.880954386404979,16
2017-06-28T05:00:00,53,North,38.876909960070165,48
2017-06-28T05:00:00,53,South,13.817320070274642,25
2017-06-28T05:00:00,53,East,7.06549715049422,19
2017-06-28T05:00:00,53,West,4.470131520673778,16
2017-06-28T06:00:00,54,North,41.53744364982363,47
2017-06-28T06:00:00,54,South,16.108792089480723,26
2017-06-28T06:00:00,54,East,7.657920273534587,18
2017-06-28T06:00:00,54,West,5.332181170980298,17
2017-06-28T07:00:00,55,North,51.16818829829303,51
2017-06-28T07:00:00,55,South,14.845216514897096,23
2017-06-28T07:00:00,55,East,7.645713750302552,18
2017-06-28T07:00:00,55,West,5.4719445651812455,16
2017-06-28T08:00:00,56,North,57.09275566522274,50
2017-06-28T08:00:00,56,South,16.50264122675307,23
2017-06-28T08:00:00,56,East,10.700879284460472,19
2017-06-28T08:00:00,56,West,6.431198311288097,16
2017-06-28T09:00:00,57,North,69.38979427508909,52
2017-06-28T09:00:00,57,South,15.623847203524319,21
2017-06-28T09:00:00,57,East,13.54002910678667,20
2017-06-28T09:00:00,57,West,6.381650974434875,15
2017-06-28T10:00:00,58,North,75.51096653593187,49
2017-06-28T10:00:00,58,South,21.070325028658125,22
2017-06-28T10:00:00,58,East,17.475619167758094,21
2017-06-28T10:00:00,58,West,8.011880340602495,16
2017-06-28T11:00:00,59,North,53.98218623481781,44
2017-06-28T11:00:00,59,South,21.168644413826378,25
2017-06-28T11:00:00,59,East,16.67124580058786,22
2017-06-28T11:00:00,59,West,9.249246843078954,17
2017-06-28T12:00:00,60,North,61.97218623481781,43
2017-06-28T12:00:00,60,South,25.928515162398497,25
2017-06-28T12:00:00,60,East,19.520681697528882,22
2017-06-28T12:00:00,60,West,10.918567977162855,18
2017-06-28T13:00:00,61,North,58.163098619534544,45
2017-06-28T13:00:00,61,South,21.050063402005826,24
2017-06-28T13:00:00,61,East,17.35231952641354,22
2017-06-28T13:00:00,61,West,10.060772173718277,17
2017-06-28T14:00:00,62,North,59.190686234817804,43
2017-06-28T14:00:00,62,South,24.14817447211378,25
2017-06-28T14:00:00,62,East,20.7323570890063,23
2017-06-28T14:00:00,62,West,10.290934191791145,17
2017-06-28T15:00:00,63,North,58.029171083302664,43
2017-06-28T15:00:00,63,South,24.693436547292634,25
2017-06-28T15:00:00,63,East,19.691888274733138,23
2017-06-28T15:00:00,63,West,9.749184706638655,17
2017-06-28T16:00:00,64,North,58.727431952867875,43
2017-06-28T16:00:00,64,South,24.361663979624375,25
2017-06-28T16:00:00,64,East,20.145286785304503,23
2017-06-28T16:00:00,64,West,9.638757984427468,17
2017-06-28T17:00:00,65,North,57.599171083302664,43
2017-06-28T17:00:00,65,South,24.624055535512696,26
2017-06-28T17:00:00,65,East,18.6586724262769,22
2017-06-28T17:00:00,65,West,9.248422988245935,17
2017-06-28T18:00:00,66,North,58.33513067926226,44
2017-06-28T18:00:00,66,South,24.07703713331647,25
2017-06-28T18:00:00,66,East,17.562668367423527,22
2017-06-28T18:00:00,66,West,9.160903895849827,17
2017-06-28T19:00:00,67,North,62.415130679262255,44
2017-06-28T19:00:00,67,South,27.5018346074489,26
2017-06-28T19:00:00,67,East,18.677148022416592,21
2017-06-28T19:00:00,67,West,9.739274323769827,17
2017-06-28T20:00:00,68,North,59.73820760233918,43
2017-06-28T20:00:00,68,South,26.317557852208047,26
2017-06-28T20:00:00,68,East,18.384058739169575,22
2017-06-28T20:00:00,68,West,9.313500956184214,17
2017-06-28T21:00:00,69,North,59.52631563922982,44
2017-06-28T21:00:00,69,South,24.60819991664412,25
2017-06-28T21:00:00,69,East,18.559156262714307,22
2017-06-28T21:00:00,69,West,9.254230553618541,17
2017-06-28T22:00:00,70,North,84.94989084000945,49
2017-06-28T22:00:00,70,South,25.565797580010475,23
2017-06-28T22:00:00,70,East,17.194708815614057,20
2017-06-28T22:00:00,70,West,8.811385442426097,16
2017-06-28T23:00:00,71,North,79.54989472915393,49
2017-06-28T23:00:00,71,South,22.049308530455196,22
2017-06-28T23:00:00,71,East,17.1535342328156,20
2017-06-28T23:00:00,71,West,9.651612973819255,17
2017-06-29T00:00:00,72,North,74.44443471480476,49
2017-06-29T00:00:00,72,South,23.333709433106282,23
2017-06-29T00:00:00,72,East,16.549499600570783,20
2017-06-29T00:00:00,72,West,8.322357205929805,16
2017-06-29T01:00:00,73,North,64.68812280209792,48
2017-06-29T01:00:00,73,South,22.775405104135395,25
2017-06-29T01:00:00,73,East,13.358090310698483,20
2017-06-29T01:00:00,73,West,5.907345420247981,15
2017-06-29T02:00:00,74,North,51.099910876114144,46
2017-06-29T02:00:00,74,South,21.45074863863986,26
2017-06-29T02:00:00,74,East,12.533280340919145,20
2017-06-29T02:00:00,74,West,5.550760477709305,16
2017-06-29T03:00:00,75,North,43.362921118494405,48
2017-06-29T03:00:00,75,South,16.206820559285394,26
2017-06-29T03:00:00,75,East,6.980105078626379,18
2017-06-29T03:00:00,75,West,5.074272881780567,16
2017-06-29T04:00:00,76,North,38.629222372499115,48
2017-06-29T04:00:00,76,South,15.274731481875532,26
2017-06-29T04:00:00,76,East,6.62452403600453,18
2017-06-29T04:00:00,76,West,4.741367330244806,16
2017-06-29T05:00:00,77,North,36.10915150103234,45
2017-06-29T05:00:00,77,South,16.94874438512293,27
2017-06-29T05:00:00,77,East,8.517125663739998,20
2017-06-29T05:00:00,77,West,4.439866116853514,16
2017-06-29T06:00:00,78,North,41.61674277510664,49
2017-06-29T06:00:00,78,South,12.666402431638128,23
2017-06-29T06:00:00,78,East,9.355476802072495,20
2017-06-29T06:00:00,78,West,4.703627239142859,16
2017-06-29T07:00:00,79,North,47.48926349509927,50
2017-06-29T07:00:00,79,South,15.148334034171185,24
2017-06-29T07:00:00,79,East,8.546871259782469,19
2017-06-29T07:00:00,79,West,4.1530360769905545,15
2017-06-29T08:00:00,80,North,55.16458167222618,48
2017-06-29T08:00:00,80,South,18.107894971506738,24
2017-06-29T08:00:00,80,East,11.4832257805269,19
2017-06-29T08:00:00,80,West,7.378400172596646,17
2017-06-29T09:00:00,81,North,70.07207527700834,48
2017-06-29T09:00:00,81,South,18.02758668577745,21
2017-06-29T09:00:00,81,East,20.211552761030504,23
2017-06-29T09:00:00,81,West,7.679167073842567,16
2017-06-29T10:00:00,82,North,57.54218623481781,44
2017-06-29T10:00:00,82,South,22.334320965696858,25
2017-06-29T10:00:00,82,East,17.62703056360438,22
2017-06-29T10:00:00,82,West,9.254251518677512,17
2017-06-29T11:00:00,83,North,64.88692307692307,45
2017-06-29T11:00:00,83,South,24.65605789503389,24
2017-06-29T11:00:00,83,East,19.289126894062253,22
2017-06-29T11:00:00,83,West,9.521451850869585,17
2017-06-29T12:00:00,84,North,69.98692307692308,46
2017-06-29T12:00:00,84,South,24.030880430747665,23
2017-06-29T12:00:00,84,East,20.099922804678236,22
2017-06-29T12:00:00,84,West,9.711840173349813,17
2017-06-29T13:00:00,85,North,54.69218623481781,42
2017-06-29T13:00:00,85,South,26.540932658503095,26
2017-06-29T13:00:00,85,East,18.463314962064146,22
2017-06-29T13:00:00,85,West,10.279166963952274,18
2017-06-29T14:00:00,86,North,71.87542307692307,34
2017-06-29T14:00:00,86,South,24.148788247805655,19
2017-06-29T14:00:00,86,East,79.16,36
2017-06-29T14:00:00,86,West,20.930333281458616,19
2017-06-29T15:00:00,87,North,64.3756862348178,42
2017-06-29T15:00:00,87,South,24.234174472113782,23
2017-06-29T15:00:00,87,East,25.313862554112553,24
2017-06-29T15:00:00,87,West,15.804974956124036,19
2017-06-29T16:00:00,88,North,55.525686234817805,38
2017-06-29T16:00:00,88,South,25.377519598492952,24
2017-06-29T16:00:00,88,East,26.61991301178483,25
2017-06-29T16:00:00,88,West,18.861853314245018,21
2017-06-29T17:00:00,89,North,56.824171083302666,41
2017-06-29T17:00:00,89,South,26.74447528978486,26
2017-06-29T17:00:00,89,East,21.369523588809795,23
2017-06-29T17:00:00,89,West,11.893239957360812,18
2017-06-29T18:00:00,90,North,64.23013067926226,45
2017-06-29T18:00:00,90,South,24.103269660288536,24
2017-06-29T18:00:00,90,East,16.542197888571312,21
2017-06-29T18:00:00,90,West,10.820723716832177,18
2017-06-29T19:00:00,91,North,65.47013067926225,45
2017-06-29T19:00:00,91,South,29.03385648194263,27
2017-06-29T19:00:00,91,East,13.87739486412551,19
2017-06-29T19:00:00,91,West,10.820141504350797,17
2017-06-29T20:00:00,92,North,63.573207602339174,46
2017-06-29T20:00:00,92,South,24.13703713331647,25
2017-06-29T20:00:00,92,East,15.936738225493585,20
2017-06-29T20:00:00,92,West,9.4956187207818,17
2017-06-29T21:00:00,93,North,59.222982305896494,44
2017-06-29T21:00:00,93,South,25.521100610313503,26
2017-06-29T21:00:00,93,East,17.00303002428835,21
2017-06-29T21:00:00,93,West,9.247852177926218,17
2017-06-29T22:00:00,94,North,81.23773798616793,49
2017-06-29T22:00:00,94,South,25.529811526547704,23
2017-06-29T22:00:00,94,East,15.75250041324778,19
2017-06-29T22:00:00,94,West,10.320960944738314,17
2017-06-29T23:00:00,95,North,77.06815611363339,48
2017-06-29T23:00:00,95,South,23.333709433106282,23
2017-06-29T23:00:00,95,East,18.25906316103498,21
2017-06-29T23:00:00,95,West,9.006608769593276,16
2017-06-30T00:00:00,96,North,73.57044051677302,49
2017-06-30T00:00:00,96,South,22.016523534616574,23
2017-06-30T00:00:00,96,East,14.956534019416516,19
2017-06-30T00:00:00,96,West,9.133664255218093,17
2017-06-30T01:00:00,97,North,65.67935515727223,50
2017-06-30T01:00:00,97,South,21.43996541265459,24
2017-06-30T01:00:00,97,East,11.394628628823758,19
2017-06-30T01:00:00,97,West,5.391040962826011,15
2017-06-30T02:00:00,98,North,54.37026947432598,49
2017-06-30T02:00:00,98,South,18.619926109774372,25
2017-06-30T02:00:00,98,East,8.12578168595694,18
2017-06-30T02:00:00,98,West,5.65447704745789,16
2017-06-30T03:00:00,99,North,46.59840161218804,49
2017-06-30T03:00:00,99,South,17.739141519579455,26
2017-06-30T03:00:00,99,East,6.780442091226455,17
2017-06-30T03:00:00,99,West,5.447533081035702,16
2017-06-30T04:00:00,100,North,34.056116888940444,45
2017-06-30T04:00:00,100,South,14.90190581727413,27
2017-06-30T04:00:00,100,East,7.06072827225011,19
2017-06-30T04:00:00,100,West,5.028599800301603,17
2017-06-30T05:00:00,101,North,35.40572691188041,46
2017-06-30T05:00:00,101,South,14.748819937613465,26
2017-06-30T05:00:00,101,East,7.077091908613746,19
2017-06-30T05:00:00,101,West,5.352642471579303,17
2017-06-30T06:00:00,102,North,38.13333258410589,48
2017-06-30T06:00:00,102,South,12.467948418883847,24
2017-06-30T06:00:00,102,East,7.403162695610721,19
2017-06-30T06:00:00,102,West,4.816893877003289,17
2017-06-30T07:00:00,103,North,43.79697068453474,47
2017-06-30T07:00:00,103,South,15.862038751689116,25
2017-06-30T07:00:00,103,East,9.337530364893475,20
2017-06-30T07:00:00,103,West,5.490560304720486,16
2017-06-30T08:00:00,104,North,57.45692654281213,51
2017-06-30T08:00:00,104,South,14.294809599513163,22
2017-06-30T08:00:00,104,East,11.207068364843861,19
2017-06-30T08:00:00,104,West,5.661265537681338,16
2017-06-30T09:00:00,105,North,67.13376728609074,51
2017-06-30T09:00:00,105,South,16.116898906256303,22
2017-06-30T09:00:00,105,East,12.046368783120121,19
2017-06-30T09:00:00,105,West,7.336396135711164,16
2017-06-30T10:00:00,106,North,77.46765369522478,50
2017-06-30T10:00:00,106,South,21.04879000559844,23
2017-06-30T10:00:00,106,East,14.799667328805304,19
2017-06-30T10:00:00,106,West,7.639157307118786,16
2017-06-30T11:00:00,107,North,78.13724084621396,50
2017-06-30T11:00:00,107,South,20.582234824276746,22
2017-06-30T11:00:00,107,East,15.042100900429116,20
2017-06-30T11:00:00,107,West,8.748989373870545,16
2017-06-30T12:00:00,108,North,74.1928995095048,48
2017-06-30T12:00:00,108,South,23.588963817064496,23
2017-06-30T12:00:00,108,East,15.854545665667947,20
2017-06-30T12:00:00,108,West,9.580359967104554,17
2017-06-30T13:00:00,109,North,77.91104264800367,50
2017-06-30T13:00:00,109,South,20.274315529509607,22
2017-06-30T13:00:00,109,East,12.956446442931737,18
2017-06-30T13:00:00,109,West,11.045099232289795,18
2017-06-30T14:00:00,110,North,82.0254983915009,50
2017-06-30T14:00:00,110,South,23.98039890575224,23
2017-06-30T14:00:00,110,East,14.841029749137942,19
2017-06-30T14:00:00,110,West,9.348893288792663,16
2017-06-30T15:00:00,111,North,79.78970114952719,49
2017-06-30T15:00:00,111,South,24.14939186341813,23
2017-06-30T15:00:00,111,East,14.68977439479222,19
2017-06-30T15:00:00,111,West,9.863002975329447,17
2017-06-30T16:00:00,112,North,74.21301144629656,49
2017-06-30T16:00:00,112,South,21.98798818108122,23
2017-06-30T16:00:00,112,East,14.876556857454172,19
2017-06-30T16:00:00,112,West,9.307829633434517,17
2017-06-30T17:00:00,113,North,77.13375611545547,50
2017-06-30T17:00:00,113,South,21.98798818108122,23
2017-06-30T17:00:00,113,East,14.228676172076618,19
2017-06-30T17:00:00,113,West,9.533479358871135,16
2017-06-30T18:00:00,114,North,79.21094794306102,50
2017-06-30T18:00:00,114,South,21.98798818108122,23
2017-06-30T18:00:00,114,East,12.721842410082825,18
2017-06-30T18:00:00,114,West,11.04284353204682,17
2017-06-30T19:00:00,115,North,83.74798556371391,49
2017-06-30T19:00:00,115,South,25.36286484559868,23
2017-06-30T19:00:00,115,East,14.426348051513953,19
2017-06-30T19:00:00,115,West,11.241952883193491,17
2017-06-30T20:00:00,116,North,78.64530054555975,48
2017-06-30T20:00:00,116,South,25.295517019511724,24
2017-06-30T20:00:00,116,East,14.84181128366852,19
2017-06-30T20:00:00,116,West,12.051956911658113,17
2017-06-30T21:00:00,117,North,74.3857523984136,50
2017-06-30T21:00:00,117,South,21.98798818108122,23
2017-06-30T21:00:00,117,East,13.985237761177679,19
2017-06-30T21:00:00,117,West,8.579842127128064,16
2017-06-30T22:00:00,118,North,73.65630489945876,49
2017-06-30T22:00:00,118,South,21.582352799358148,23
2017-06-30T22:00:00,118,East,14.856523214482596,20
2017-06-30T22:00:00,118,West,8.579059037791856,16
2017-06-30T23:00:00,119,North,72.2591763494379,50
2017-06-30T23:00:00,119,South,20.359151409288717,23
2017-06-30T23:00:00,119,East,13.364448701589545,19
2017-06-30T23:00:00,119,West,8.803955986779107,16
