DateTime,Road,Vehicles,ID,Outlier_Flag,Synthetic_Segment_Unverified,hour_sin,hour_cos,dow_sin,dow_cos,month_sin,month_cos,is_weekend,road_East,road_North,road_South,road_West,lag_168,lag_336,roll_168_lag168,trailing_fence,outlier_trailing,split
2016-12-19 00:00:00,East,20,20161219003,False,False,0.0,1.0,0.0,1.0,-0.5000000000000004,0.8660254037844384,0,1,0,0,0,8.0,10.0,12.773809523809524,29.0,False,train
2016-12-19 01:00:00,East,11,20161219013,False,False,0.25881904510252074,0.9659258262890683,0.0,1.0,-0.5000000000000004,0.8660254037844384,0,1,0,0,0,7.0,7.0,12.773809523809524,29.0,False,train
2016-12-19 02:00:00,East,12,20161219023,False,False,0.49999999999999994,0.8660254037844387,0.0,1.0,-0.5000000000000004,0.8660254037844384,0,1,0,0,0,8.0,11.0,12.755952380952381,29.0,False,train
2016-12-19 03:00:00,East,7,20161219033,False,False,0.7071067811865476,0.7071067811865476,0.0,1.0,-0.5000000000000004,0.8660254037844384,0,1,0,0,0,4.0,4.0,12.755952380952381,29.0,False,train
2016-12-19 04:00:00,East,6,20161219043,False,False,0.8660254037844386,0.5000000000000001,0.0,1.0,-0.5000000000000004,0.8660254037844384,0,1,0,0,0,6.0,9.0,12.738095238095237,29.0,False,train
2016-12-19 05:00:00,East,8,20161219053,False,False,0.9659258262890683,0.25881904510252074,0.0,1.0,-0.5000000000000004,0.8660254037844384,0,1,0,0,0,5.0,9.0,12.714285714285714,29.0,False,train
2016-12-19 06:00:00,East,6,20161219063,False,False,1.0,6.123233995736766e-17,0.0,1.0,-0.5000000000000004,0.8660254037844384,0,1,0,0,0,7.0,4.0,12.732142857142858,29.0,False,train
2016-12-19 07:00:00,East,10,20161219073,False,False,0.9659258262890683,-0.25881904510252063,0.0,1.0,-0.5000000000000004,0.8660254037844384,0,1,0,0,0,10.0,6.0,12.755952380952381,29.0,False,train
2016-12-19 08:00:00,East,13,20161219083,False,False,0.8660254037844387,-0.4999999999999998,0.0,1.0,-0.5000000000000004,0.8660254037844384,0,1,0,0,0,8.0,11.0,12.738095238095237,29.0,False,train
2016-12-19 09:00:00,East,15,20161219093,False,False,0.7071067811865476,-0.7071067811865475,0.0,1.0,-0.5000000000000004,0.8660254037844384,0,1,0,0,0,7.0,9.0,12.726190476190476,29.0,False,train
2016-12-19 10:00:00,East,21,20161219103,False,False,0.49999999999999994,-0.8660254037844387,0.0,1.0,-0.5000000000000004,0.8660254037844384,0,1,0,0,0,12.0,16.0,12.702380952380953,29.0,False,train
2016-12-19 11:00:00,East,28,20161219113,False,False,0.258819045102521,-0.9659258262890682,0.0,1.0,-0.5000000000000004,0.8660254037844384,0,1,0,0,0,19.0,21.0,12.69047619047619,29.0,False,train
2016-12-19 12:00:00,East,28,20161219123,False,False,1.2246467991473532e-16,-1.0,0.0,1.0,-0.5000000000000004,0.8660254037844384,0,1,0,0,0,17.0,23.0,12.654761904761905,29.0,False,train
2016-12-19 13:00:00,East,26,20161219133,False,False,-0.2588190451025208,-0.9659258262890683,0.0,1.0,-0.5000000000000004,0.8660254037844384,0,1,0,0,0,9.0,15.0,12.619047619047619,29.0,False,train
2016-12-19 14:00:00,East,25,20161219143,False,False,-0.4999999999999997,-0.8660254037844388,0.0,1.0,-0.5000000000000004,0.8660254037844384,0,1,0,0,0,13.0,22.0,12.56547619047619,29.0,False,train
2016-12-19 15:00:00,East,27,20161219153,False,False,-0.7071067811865471,-0.7071067811865479,0.0,1.0,-0.5000000000000004,0.8660254037844384,0,1,0,0,0,19.0,16.0,12.583333333333334,29.0,False,train
2016-12-19 16:00:00,East,20,20161219163,False,False,-0.8660254037844385,-0.5000000000000004,0.0,1.0,-0.5000000000000004,0.8660254037844384,0,1,0,0,0,17.0,20.0,12.56547619047619,29.0,False,train
2016-12-19 17:00:00,East,17,20161219173,False,False,-0.9659258262890683,-0.25881904510252063,0.0,1.0,-0.5000000000000004,0.8660254037844384,0,1,0,0,0,18.0,13.0,12.595238095238095,29.625,False,train
2016-12-19 18:00:00,East,24,20161219183,False,False,-1.0,-1.8369701987210297e-16,0.0,1.0,-0.5000000000000004,0.8660254037844384,0,1,0,0,0,17.0,19.0,12.583333333333334,29.0,False,train
2016-12-19 19:00:00,East,24,20161219193,False,False,-0.9659258262890684,0.2588190451025203,0.0,1.0,-0.5000000000000004,0.8660254037844384,0,1,0,0,0,18.0,15.0,12.601190476190476,29.625,False,train
2016-12-19 20:00:00,East,22,20161219203,False,False,-0.8660254037844386,0.5000000000000001,0.0,1.0,-0.5000000000000004,0.8660254037844384,0,1,0,0,0,14.0,15.0,12.595238095238095,31.5,False,train
2016-12-19 21:00:00,East,22,20161219213,False,False,-0.7071067811865477,0.7071067811865474,0.0,1.0,-0.5000000000000004,0.8660254037844384,0,1,0,0,0,15.0,16.0,12.589285714285714,31.5,False,train
2016-12-19 22:00:00,East,17,20161219223,False,False,-0.5000000000000004,0.8660254037844384,0.0,1.0,-0.5000000000000004,0.8660254037844384,0,1,0,0,0,12.0,17.0,12.55952380952381,31.5,False,train
2016-12-19 23:00:00,East,21,20161219233,False,False,-0.25881904510252157,0.9659258262890681,0.0,1.0,-0.5000000000000004,0.8660254037844384,0,1,0,0,0,16.0,18.0,12.547619047619047,31.5,False,train
2016-12-20 00:00:00,East,14,20161220003,False,False,0.0,1.0,0.7818314824680298,0.6234898018587336,-0.5000000000000004,0.8660254037844384,0,1,0,0,0,11.0,12.0,12.541666666666666,31.5,False,train
2016-12-20 01:00:00,East,12,20161220013,False,False,0.25881904510252074,0.9659258262890683,0.7818314824680298,0.6234898018587336,-0.5000000000000004,0.8660254037844384,0,1,0,0,0,8.0,11.0,12.523809523809524,31.5,False,train
2016-12-20 02:00:00,East,9,20161220023,False,False,0.49999999999999994,0.8660254037844387,0.7818314824680298,0.6234898018587336,-0.5000000000000004,0.8660254037844384,0,1,0,0,0,11.0,7.0,12.547619047619047,31.5,False,train
2016-12-20 03:00:00,East,8,20161220033,False,False,0.7071067811865476,0.7071067811865476,0.7818314824680298,0.6234898018587336,-0.5000000000000004,0.8660254037844384,0,1,0,0,0,7.0,9.0,12.535714285714286,31.5,False,train
2016-12-20 04:00:00,East,5,20161220043,False,False,0.8660254037844386,0.5000000000000001,0.7818314824680298,0.6234898018587336,-0.5000000000000004,0.8660254037844384,0,1,0,0,0,7.0,9.0,12.523809523809524,31.5,False,train
2016-12-20 05:00:00,East,7,20161220053,False,False,0.9659258262890683,0.25881904510252074,0.7818314824680298,0.6234898018587336,-0.5000000000000004,0.8660254037844384,0,1,0,0,0,6.0,6.0,12.523809523809524,31.5,False,train
2016-12-20 06:00:00,East,11,20161220063,False,False,1.0,6.123233995736766e-17,0.7818314824680298,0.6234898018587336,-0.5000000000000004,0.8660254037844384,0,1,0,0,0,5.0,10.0,12.494047619047619,31.5,False,train
2016-12-20 07:00:00,East,7,20161220073,False,False,0.9659258262890683,-0.25881904510252063,0.7818314824680298,0.6234898018587336,-0.5000000000000004,0.8660254037844384,0,1,0,0,0,5.0,7.0,12.482142857142858,31.5,False,train
2016-12-20 08:00:00,East,12,20161220083,False,False,0.8660254037844387,-0.4999999999999998,0.7818314824680298,0.6234898018587336,-0.5000000000000004,0.8660254037844384,0,1,0,0,0,5.0,7.0,12.470238095238095,31.5,False,train
2016-12-20 09:00:00,East,14,20161220093,False,False,0.7071067811865476,-0.7071067811865475,0.7818314824680298,0.6234898018587336,-0.5000000000000004,0.8660254037844384,0,1,0,0,0,8.0,10.0,12.458333333333334,31.5,False,train
2016-12-20 10:00:00,East,15,20161220103,False,False,0.49999999999999994,-0.8660254037844387,0.7818314824680298,0.6234898018587336,-0.5000000000000004,0.8660254037844384,0,1,0,0,0,8.0,17.0,12.404761904761905,31.5,False,train
2016-12-20 11:00:00,East,21,20161220113,False,False,0.258819045102521,-0.9659258262890682,0.7818314824680298,0.6234898018587336,-0.5000000000000004,0.8660254037844384,0,1,0,0,0,14.0,19.0,12.375,31.5,False,train
2016-12-20 12:00:00,East,19,20161220123,False,False,1.2246467991473532e-16,-1.0,0.7818314824680298,0.6234898018587336,-0.5000000000000004,0.8660254037844384,0,1,0,0,0,16.0,13.0,12.392857142857142,31.5,False,train
2016-12-20 13:00:00,East,21,20161220133,False,False,-0.2588190451025208,-0.9659258262890683,0.7818314824680298,0.6234898018587336,-0.5000000000000004,0.8660254037844384,0,1,0,0,0,16.0,16.0,12.392857142857142,31.5,False,train
2016-12-20 14:00:00,East,18,20161220143,False,False,-0.4999999999999997,-0.8660254037844388,0.7818314824680298,0.6234898018587336,-0.5000000000000004,0.8660254037844384,0,1,0,0,0,17.0,17.0,12.392857142857142,31.5,False,train
2016-12-20 15:00:00,East,19,20161220153,False,False,-0.7071067811865471,-0.7071067811865479,0.7818314824680298,0.6234898018587336,-0.5000000000000004,0.8660254037844384,0,1,0,0,0,15.0,18.0,12.375,31.5,False,train
2016-12-20 16:00:00,East,18,20161220163,False,False,-0.8660254037844385,-0.5000000000000004,0.7818314824680298,0.6234898018587336,-0.5000000000000004,0.8660254037844384,0,1,0,0,0,15.0,21.0,12.339285714285714,31.5,False,train
2016-12-20 17:00:00,East,17,20161220173,False,False,-0.9659258262890683,-0.25881904510252063,0.7818314824680298,0.6234898018587336,-0.5000000000000004,0.8660254037844384,0,1,0,0,0,17.0,16.0,12.345238095238095,31.5,False,train
2016-12-20 18:00:00,East,22,20161220183,False,False,-1.0,-1.8369701987210297e-16,0.7818314824680298,0.6234898018587336,-0.5000000000000004,0.8660254037844384,0,1,0,0,0,14.0,20.0,12.30952380952381,31.5,False,train
2016-12-20 19:00:00,East,12,20161220193,False,False,-0.9659258262890684,0.2588190451025203,0.7818314824680298,0.6234898018587336,-0.5000000000000004,0.8660254037844384,0,1,0,0,0,13.0,19.0,12.273809523809524,31.5,False,train
2016-12-20 20:00:00,East,18,20161220203,False,False,-0.8660254037844386,0.5000000000000001,0.7818314824680298,0.6234898018587336,-0.5000000000000004,0.8660254037844384,0,1,0,0,0,18.0,16.0,12.285714285714286,31.5,False,train
2016-12-20 21:00:00,East,18,20161220213,False,False,-0.7071067811865477,0.7071067811865474,0.7818314824680298,0.6234898018587336,-0.5000000000000004,0.8660254037844384,0,1,0,0,0,10.0,15.0,12.255952380952381,31.5,False,train
2016-12-20 22:00:00,East,17,20161220223,False,False,-0.5000000000000004,0.8660254037844384,0.7818314824680298,0.6234898018587336,-0.5000000000000004,0.8660254037844384,0,1,0,0,0,13.0,18.0,12.226190476190476,31.5,False,train
2016-12-20 23:00:00,East,15,20161220233,False,False,-0.25881904510252157,0.9659258262890681,0.7818314824680298,0.6234898018587336,-0.5000000000000004,0.8660254037844384,0,1,0,0,0,15.0,12.0,12.244047619047619,31.5,False,train
2016-12-21 00:00:00,East,12,20161221003,False,False,0.0,1.0,0.9749279121818236,-0.22252093395631434,-0.5000000000000004,0.8660254037844384,0,1,0,0,0,12.0,11.0,12.25,31.5,False,train
2016-12-21 01:00:00,East,8,20161221013,False,False,0.25881904510252074,0.9659258262890683,0.9749279121818236,-0.22252093395631434,-0.5000000000000004,0.8660254037844384,0,1,0,0,0,9.0,12.0,12.232142857142858,31.5,False,train
2016-12-21 02:00:00,East,7,20161221023,False,False,0.49999999999999994,0.8660254037844387,0.9749279121818236,-0.22252093395631434,-0.5000000000000004,0.8660254037844384,0,1,0,0,0,8.0,9.0,12.226190476190476,31.5,False,train
2016-12-21 03:00:00,East,8,20161221033,False,False,0.7071067811865476,0.7071067811865476,0.9749279121818236,-0.22252093395631434,-0.5000000000000004,0.8660254037844384,0,1,0,0,0,9.0,7.0,12.238095238095237,31.5,False,train
2016-12-21 04:00:00,East,8,20161221043,False,False,0.8660254037844386,0.5000000000000001,0.9749279121818236,-0.22252093395631434,-0.5000000000000004,0.8660254037844384,0,1,0,0,0,4.0,5.0,12.232142857142858,31.5,False,train
2016-12-21 05:00:00,East,5,20161221053,False,False,0.9659258262890683,0.25881904510252074,0.9749279121818236,-0.22252093395631434,-0.5000000000000004,0.8660254037844384,0,1,0,0,0,4.0,4.0,12.232142857142858,31.5,False,train
2016-12-21 06:00:00,East,8,20161221063,False,False,1.0,6.123233995736766e-17,0.9749279121818236,-0.22252093395631434,-0.5000000000000004,0.8660254037844384,0,1,0,0,0,8.0,7.0,12.238095238095237,31.5,False,train
2016-12-21 07:00:00,East,8,20161221073,False,False,0.9659258262890683,-0.25881904510252063,0.9749279121818236,-0.22252093395631434,-0.5000000000000004,0.8660254037844384,0,1,0,0,0,10.0,9.0,12.244047619047619,31.5,False,train
2016-12-21 08:00:00,East,12,20161221083,False,False,0.8660254037844387,-0.4999999999999998,0.9749279121818236,-0.22252093395631434,-0.5000000000000004,0.8660254037844384,0,1,0,0,0,10.0,10.0,12.244047619047619,31.5,False,train
2016-12-21 09:00:00,East,13,20161221093,False,False,0.7071067811865476,-0.7071067811865475,0.9749279121818236,-0.22252093395631434,-0.5000000000000004,0.8660254037844384,0,1,0,0,0,9.0,9.0,12.244047619047619,31.5,False,train
2016-12-21 10:00:00,East,15,20161221103,False,False,0.49999999999999994,-0.8660254037844387,0.9749279121818236,-0.22252093395631434,-0.5000000000000004,0.8660254037844384,0,1,0,0,0,8.0,14.0,12.208333333333334,31.5,False,train
2016-12-21 11:00:00,East,15,20161221113,False,False,0.258819045102521,-0.9659258262890682,0.9749279121818236,-0.22252093395631434,-0.5000000000000004,0.8660254037844384,0,1,0,0,0,14.0,14.0,12.208333333333334,31.5,False,train
2016-12-21 12:00:00,East,20,20161221123,False,False,1.2246467991473532e-16,-1.0,0.9749279121818236,-0.22252093395631434,-0.5000000000000004,0.8660254037844384,0,1,0,0,0,18.0,22.0,12.18452380952381,31.5,False,train
2016-12-21 13:00:00,East,15,20161221133,False,False,-0.2588190451025208,-0.9659258262890683,0.9749279121818236,-0.22252093395631434,-0.5000000000000004,0.8660254037844384,0,1,0,0,0,19.0,12.0,12.226190476190476,31.5,False,train
2016-12-21 14:00:00,East,16,20161221143,False,False,-0.4999999999999997,-0.8660254037844388,0.9749279121818236,-0.22252093395631434,-0.5000000000000004,0.8660254037844384,0,1,0,0,0,15.0,15.0,12.226190476190476,31.5,False,train
2016-12-21 15:00:00,East,21,20161221153,False,False,-0.7071067811865471,-0.7071067811865479,0.9749279121818236,-0.22252093395631434,-0.5000000000000004,0.8660254037844384,0,1,0,0,0,13.0,17.0,12.202380952380953,31.5,False,train
2016-12-21 16:00:00,East,17,20161221163,False,False,-0.8660254037844385,-0.5000000000000004,0.9749279121818236,-0.22252093395631434,-0.5000000000000004,0.8660254037844384,0,1,0,0,0,12.0,17.0,12.172619047619047,31.5,False,train
2016-12-21 17:00:00,East,15,20161221173,False,False,-0.9659258262890683,-0.25881904510252063,0.9749279121818236,-0.22252093395631434,-0.5000000000000004,0.8660254037844384,0,1,0,0,0,41.0,12.0,12.345238095238095,31.5,False,train
2016-12-21 18:00:00,East,17,20161221183,False,False,-1.0,-1.8369701987210297e-16,0.9749279121818236,-0.22252093395631434,-0.5000000000000004,0.8660254037844384,0,1,0,0,0,31.0,28.0,12.363095238095237,31.5,False,train
2016-12-21 19:00:00,East,15,20161221193,False,False,-0.9659258262890684,0.2588190451025203,0.9749279121818236,-0.22252093395631434,-0.5000000000000004,0.8660254037844384,0,1,0,0,0,32.0,22.0,12.422619047619047,31.5,False,train
2016-12-21 20:00:00,East,17,20161221203,False,False,-0.8660254037844386,0.5000000000000001,0.9749279121818236,-0.22252093395631434,-0.5000000000000004,0.8660254037844384,0,1,0,0,0,22.0,20.0,12.43452380952381,31.5,False,train
2016-12-21 21:00:00,East,14,20161221213,False,False,-0.7071067811865477,0.7071067811865474,0.9749279121818236,-0.22252093395631434,-0.5000000000000004,0.8660254037844384,0,1,0,0,0,31.0,17.0,12.517857142857142,31.5,False,train
2016-12-21 22:00:00,East,18,20161221223,False,False,-0.5000000000000004,0.8660254037844384,0.9749279121818236,-0.22252093395631434,-0.5000000000000004,0.8660254037844384,0,1,0,0,0,79.0,13.0,12.910714285714286,31.5,False,train
2016-12-21 23:00:00,East,15,20161221233,False,False,-0.25881904510252157,0.9659258262890681,0.9749279121818236,-0.22252093395631434,-0.5000000000000004,0.8660254037844384,0,1,0,0,0,54.0,11.0,13.166666666666666,31.5,False,train
2016-12-22 00:00:00,East,14,20161222003,False,False,0.0,1.0,0.43388373911755823,-0.900968867902419,-0.5000000000000004,0.8660254037844384,0,1,0,0,0,37.0,13.0,13.30952380952381,31.5,False,train
2016-12-22 01:00:00,East,13,20161222013,False,False,0.25881904510252074,0.9659258262890683,0.43388373911755823,-0.900968867902419,-0.5000000000000004,0.8660254037844384,0,1,0,0,0,23.0,7.0,13.404761904761905,31.5,False,train
2016-12-22 02:00:00,East,9,20161222023,False,False,0.49999999999999994,0.8660254037844387,0.43388373911755823,-0.900968867902419,-0.5000000000000004,0.8660254037844384,0,1,0,0,0,13.0,10.0,13.422619047619047,31.5,False,train
2016-12-22 03:00:00,East,8,20161222033,False,False,0.7071067811865476,0.7071067811865476,0.43388373911755823,-0.900968867902419,-0.5000000000000004,0.8660254037844384,0,1,0,0,0,12.0,7.0,13.452380952380953,31.5,False,train
2016-12-22 04:00:00,East,9,20161222043,False,False,0.8660254037844386,0.5000000000000001,0.43388373911755823,-0.900968867902419,-0.5000000000000004,0.8660254037844384,0,1,0,0,0,9.0,4.0,13.482142857142858,31.5,False,train
2016-12-22 05:00:00,East,6,20161222053,False,False,0.9659258262890683,0.25881904510252074,0.43388373911755823,-0.900968867902419,-0.5000000000000004,0.8660254037844384,0,1,0,0,0,7.0,5.0,13.494047619047619,31.5,False,train
2016-12-22 06:00:00,East,8,20161222063,False,False,1.0,6.123233995736766e-17,0.43388373911755823,-0.900968867902419,-0.5000000000000004,0.8660254037844384,0,1,0,0,0,16.0,6.0,13.553571428571429,31.5,False,train
2016-12-22 07:00:00,East,7,20161222073,False,False,0.9659258262890683,-0.25881904510252063,0.43388373911755823,-0.900968867902419,-0.5000000000000004,0.8660254037844384,0,1,0,0,0,15.0,6.0,13.607142857142858,31.5,False,train
2016-12-22 08:00:00,East,7,20161222083,False,False,0.8660254037844387,-0.4999999999999998,0.43388373911755823,-0.900968867902419,-0.5000000000000004,0.8660254037844384,0,1,0,0,0,19.0,11.0,13.654761904761905,31.5,False,train
2016-12-22 09:00:00,East,10,20161222093,False,False,0.7071067811865476,-0.7071067811865475,0.43388373911755823,-0.900968867902419,-0.5000000000000004,0.8660254037844384,0,1,0,0,0,29.0,9.0,13.773809523809524,31.5,False,train
2016-12-22 10:00:00,East,15,20161222103,False,False,0.49999999999999994,-0.8660254037844387,0.43388373911755823,-0.900968867902419,-0.5000000000000004,0.8660254037844384,0,1,0,0,0,30.0,12.0,13.880952380952381,31.5,False,train
2016-12-22 11:00:00,East,18,20161222113,False,False,0.258819045102521,-0.9659258262890682,0.43388373911755823,-0.900968867902419,-0.5000000000000004,0.8660254037844384,0,1,0,0,0,35.0,18.0,13.982142857142858,31.5,False,train
2016-12-22 12:00:00,East,14,20161222123,False,False,1.2246467991473532e-16,-1.0,0.43388373911755823,-0.900968867902419,-0.5000000000000004,0.8660254037844384,0,1,0,0,0,33.0,22.0,14.047619047619047,31.5,False,train
2016-12-22 13:00:00,East,15,20161222133,False,False,-0.2588190451025208,-0.9659258262890683,0.43388373911755823,-0.900968867902419,-0.5000000000000004,0.8660254037844384,0,1,0,0,0,28.0,18.0,14.107142857142858,29.625,False,train
2016-12-22 14:00:00,East,16,20161222143,False,False,-0.4999999999999997,-0.8660254037844388,0.43388373911755823,-0.900968867902419,-0.5000000000000004,0.8660254037844384,0,1,0,0,0,27.0,16.0,14.172619047619047,29.0,False,train
2016-12-22 15:00:00,East,19,20161222153,False,False,-0.7071067811865471,-0.7071067811865479,0.43388373911755823,-0.900968867902419,-0.5000000000000004,0.8660254037844384,0,1,0,0,0,26.0,17.0,14.226190476190476,29.0,False,train
2016-12-22 16:00:00,East,17,20161222163,False,False,-0.8660254037844385,-0.5000000000000004,0.43388373911755823,-0.900968867902419,-0.5000000000000004,0.8660254037844384,0,1,0,0,0,28.0,17.0,14.291666666666666,29.0,False,train
2016-12-22 17:00:00,East,14,20161222173,False,False,-0.9659258262890683,-0.25881904510252063,0.43388373911755823,-0.900968867902419,-0.5000000000000004,0.8660254037844384,0,1,0,0,0,25.0,14.0,14.357142857142858,29.0,False,train
2016-12-22 18:00:00,East,16,20161222183,False,False,-1.0,-1.8369701987210297e-16,0.43388373911755823,-0.900968867902419,-0.5000000000000004,0.8660254037844384,0,1,0,0,0,26.0,20.0,14.392857142857142,29.0,False,train
2016-12-22 19:00:00,East,14,20161222193,False,False,-0.9659258262890684,0.2588190451025203,0.43388373911755823,-0.900968867902419,-0.5000000000000004,0.8660254037844384,0,1,0,0,0,21.0,22.0,14.386904761904763,29.0,False,train
2016-12-22 20:00:00,East,14,20161222203,False,False,-0.8660254037844386,0.5000000000000001,0.43388373911755823,-0.900968867902419,-0.5000000000000004,0.8660254037844384,0,1,0,0,0,21.0,13.0,14.43452380952381,29.0,False,train
2016-12-22 21:00:00,East,15,20161222213,False,False,-0.7071067811865477,0.7071067811865474,0.43388373911755823,-0.900968867902419,-0.5000000000000004,0.8660254037844384,0,1,0,0,0,22.0,13.0,14.488095238095237,29.0,False,train
2016-12-22 22:00:00,East,15,20161222223,False,False,-0.5000000000000004,0.8660254037844384,0.43388373911755823,-0.900968867902419,-0.5000000000000004,0.8660254037844384,0,1,0,0,0,21.0,15.0,14.523809523809524,29.0,False,train
2016-12-22 23:00:00,East,16,20161222233,False,False,-0.25881904510252157,0.9659258262890681,0.43388373911755823,-0.900968867902419,-0.5000000000000004,0.8660254037844384,0,1,0,0,0,22.0,14.0,14.571428571428571,29.0,False,train
2016-12-23 00:00:00,East,11,20161223003,False,False,0.0,1.0,-0.433883739117558,-0.9009688679024191,-0.5000000000000004,0.8660254037844384,0,1,0,0,0,19.0,13.0,14.607142857142858,29.0,False,train
2016-12-23 01:00:00,East,8,20161223013,False,False,0.25881904510252074,0.9659258262890683,-0.433883739117558,-0.9009688679024191,-0.5000000000000004,0.8660254037844384,0,1,0,0,0,9.0,9.0,14.607142857142858,29.0,False,train
2016-12-23 02:00:00,East,6,20161223023,False,False,0.49999999999999994,0.8660254037844387,-0.433883739117558,-0.9009688679024191,-0.5000000000000004,0.8660254037844384,0,1,0,0,0,9.0,10.0,14.601190476190476,29.0,False,train
2016-12-23 03:00:00,East,5,20161223033,False,False,0.7071067811865476,0.7071067811865476,-0.433883739117558,-0.9009688679024191,-0.5000000000000004,0.8660254037844384,0,1,0,0,0,8.0,8.0,14.601190476190476,29.0,False,train
2016-12-23 04:00:00,East,4,20161223043,False,False,0.8660254037844386,0.5000000000000001,-0.433883739117558,-0.9009688679024191,-0.5000000000000004,0.8660254037844384,0,1,0,0,0,5.0,8.0,14.583333333333334,29.0,False,train
2016-12-23 05:00:00,East,7,20161223053,False,False,0.9659258262890683,0.25881904510252074,-0.433883739117558,-0.9009688679024191,-0.5000000000000004,0.8660254037844384,0,1,0,0,0,7.0,5.0,14.595238095238095,29.0,False,train
2016-12-23 06:00:00,East,8,20161223063,False,False,1.0,6.123233995736766e-17,-0.433883739117558,-0.9009688679024191,-0.5000000000000004,0.8660254037844384,0,1,0,0,0,4.0,8.0,14.571428571428571,29.0,False,train
2016-12-23 07:00:00,East,9,20161223073,False,False,0.9659258262890683,-0.25881904510252063,-0.433883739117558,-0.9009688679024191,-0.5000000000000004,0.8660254037844384,0,1,0,0,0,11.0,6.0,14.601190476190476,29.0,False,train
2016-12-23 08:00:00,East,7,20161223083,False,False,0.8660254037844387,-0.4999999999999998,-0.433883739117558,-0.9009688679024191,-0.5000000000000004,0.8660254037844384,0,1,0,0,0,12.0,9.0,14.619047619047619,29.0,False,train
2016-12-23 09:00:00,East,7,20161223093,False,False,0.7071067811865476,-0.7071067811865475,-0.433883739117558,-0.9009688679024191,-0.5000000000000004,0.8660254037844384,0,1,0,0,0,10.0,6.0,14.642857142857142,29.0,False,train
2016-12-23 10:00:00,East,10,20161223103,False,False,0.49999999999999994,-0.8660254037844387,-0.433883739117558,-0.9009688679024191,-0.5000000000000004,0.8660254037844384,0,1,0,0,0,19.0,12.0,14.68452380952381,29.0,False,train
2016-12-23 11:00:00,East,16,20161223113,False,False,0.258819045102521,-0.9659258262890682,-0.433883739117558,-0.9009688679024191,-0.5000000000000004,0.8660254037844384,0,1,0,0,0,22.0,15.0,14.726190476190476,29.0,False,train
2016-12-23 12:00:00,East,14,20161223123,False,False,1.2246467991473532e-16,-1.0,-0.433883739117558,-0.9009688679024191,-0.5000000000000004,0.8660254037844384,0,1,0,0,0,20.0,17.0,14.744047619047619,29.0,False,train
2016-12-23 13:00:00,East,14,20161223133,False,False,-0.2588190451025208,-0.9659258262890683,-0.433883739117558,-0.9009688679024191,-0.5000000000000004,0.8660254037844384,0,1,0,0,0,20.0,17.0,14.761904761904763,29.0,False,train
2016-12-23 14:00:00,East,14,20161223143,False,False,-0.4999999999999997,-0.8660254037844388,-0.433883739117558,-0.9009688679024191,-0.5000000000000004,0.8660254037844384,0,1,0,0,0,20.0,18.0,14.773809523809524,29.0,False,train
2016-12-23 15:00:00,East,14,20161223153,False,False,-0.7071067811865471,-0.7071067811865479,-0.433883739117558,-0.9009688679024191,-0.5000000000000004,0.8660254037844384,0,1,0,0,0,24.0,20.0,14.797619047619047,29.0,False,train
2016-12-23 16:00:00,East,16,20161223163,False,False,-0.8660254037844385,-0.5000000000000004,-0.433883739117558,-0.9009688679024191,-0.5000000000000004,0.8660254037844384,0,1,0,0,0,20.0,16.0,14.821428571428571,29.0,False,train
2016-12-23 17:00:00,East,12,20161223173,False,False,-0.9659258262890683,-0.25881904510252063,-0.433883739117558,-0.9009688679024191,-0.5000000000000004,0.8660254037844384,0,1,0,0,0,16.0,15.0,14.827380952380953,29.0,False,train
2016-12-23 18:00:00,East,15,20161223183,False,False,-1.0,-1.8369701987210297e-16,-0.433883739117558,-0.9009688679024191,-0.5000000000000004,0.8660254037844384,0,1,0,0,0,21.0,14.0,14.869047619047619,29.0,False,train
2016-12-23 19:00:00,East,12,20161223193,False,False,-0.9659258262890684,0.2588190451025203,-0.433883739117558,-0.9009688679024191,-0.5000000000000004,0.8660254037844384,0,1,0,0,0,14.0,15.0,14.863095238095237,29.0,False,train
2016-12-23 20:00:00,East,14,20161223203,False,False,-0.8660254037844386,0.5000000000000001,-0.433883739117558,-0.9009688679024191,-0.5000000000000004,0.8660254037844384,0,1,0,0,0,14.0,13.0,14.869047619047619,29.0,False,train
2016-12-23 21:00:00,East,11,20161223213,False,False,-0.7071067811865477,0.7071067811865474,-0.433883739117558,-0.9009688679024191,-0.5000000000000004,0.8660254037844384,0,1,0,0,0,18.0,15.0,14.886904761904763,29.0,False,train
2016-12-23 22:00:00,East,10,20161223223,False,False,-0.5000000000000004,0.8660254037844384,-0.433883739117558,-0.9009688679024191,-0.5000000000000004,0.8660254037844384,0,1,0,0,0,15.0,16.0,14.880952380952381,29.0,False,train
2016-12-23 23:00:00,East,9,20161223233,False,False,-0.25881904510252157,0.9659258262890681,-0.433883739117558,-0.9009688679024191,-0.5000000000000004,0.8660254037844384,0,1,0,0,0,14.0,13.0,14.886904761904763,29.0,False,train
2016-12-24 00:00:00,East,10,20161224003,False,False,0.0,1.0,-0.9749279121818236,-0.2225209339563146,-0.5000000000000004,0.8660254037844384,1,1,0,0,0,11.0,12.0,14.880952380952381,29.0,False,train
2016-12-24 01:00:00,East,7,20161224013,False,False,0.25881904510252074,0.9659258262890683,-0.9749279121818236,-0.2225209339563146,-0.5000000000000004,0.8660254037844384,1,1,0,0,0,10.0,11.0,14.875,29.0,False,train
2016-12-24 02:00:00,East,7,20161224023,False,False,0.49999999999999994,0.8660254037844387,-0.9749279121818236,-0.2225209339563146,-0.5000000000000004,0.8660254037844384,1,1,0,0,0,7.0,10.0,14.857142857142858,29.0,False,train
2016-12-24 03:00:00,East,5,20161224033,False,False,0.7071067811865476,0.7071067811865476,-0.9749279121818236,-0.2225209339563146,-0.5000000000000004,0.8660254037844384,1,1,0,0,0,7.0,7.0,14.857142857142858,29.0,False,train
2016-12-24 04:00:00,East,4,20161224043,False,False,0.8660254037844386,0.5000000000000001,-0.9749279121818236,-0.2225209339563146,-0.5000000000000004,0.8660254037844384,1,1,0,0,0,4.0,8.0,14.833333333333334,29.0,False,train
2016-12-24 05:00:00,East,3,20161224053,False,False,0.9659258262890683,0.25881904510252074,-0.9749279121818236,-0.2225209339563146,-0.5000000000000004,0.8660254037844384,1,1,0,0,0,6.0,6.0,14.833333333333334,29.0,False,train
2016-12-24 06:00:00,East,6,20161224063,False,False,1.0,6.123233995736766e-17,-0.9749279121818236,-0.2225209339563146,-0.5000000000000004,0.8660254037844384,1,1,0,0,0,4.0,2.0,14.845238095238095,29.0,False,train
2016-12-24 07:00:00,East,8,20161224073,False,False,0.9659258262890683,-0.25881904510252063,-0.9749279121818236,-0.2225209339563146,-0.5000000000000004,0.8660254037844384,1,1,0,0,0,7.0,8.0,14.839285714285714,29.0,False,train
2016-12-24 08:00:00,East,8,20161224083,False,False,0.8660254037844387,-0.4999999999999998,-0.9749279121818236,-0.2225209339563146,-0.5000000000000004,0.8660254037844384,1,1,0,0,0,9.0,10.0,14.833333333333334,29.0,False,train
2016-12-24 09:00:00,East,6,20161224093,False,False,0.7071067811865476,-0.7071067811865475,-0.9749279121818236,-0.2225209339563146,-0.5000000000000004,0.8660254037844384,1,1,0,0,0,10.0,11.0,14.827380952380953,29.0,False,train
2016-12-24 10:00:00,East,9,20161224103,False,False,0.49999999999999994,-0.8660254037844387,-0.9749279121818236,-0.2225209339563146,-0.5000000000000004,0.8660254037844384,1,1,0,0,0,15.0,10.0,14.857142857142858,29.0,False,train
2016-12-24 11:00:00,East,8,20161224113,False,False,0.258819045102521,-0.9659258262890682,-0.9749279121818236,-0.2225209339563146,-0.5000000000000004,0.8660254037844384,1,1,0,0,0,13.0,11.0,14.869047619047619,29.0,False,train
2016-12-24 12:00:00,East,9,20161224123,False,False,1.2246467991473532e-16,-1.0,-0.9749279121818236,-0.2225209339563146,-0.5000000000000004,0.8660254037844384,1,1,0,0,0,15.0,12.0,14.886904761904763,29.0,False,train
2016-12-24 13:00:00,East,11,20161224133,False,False,-0.2588190451025208,-0.9659258262890683,-0.9749279121818236,-0.2225209339563146,-0.5000000000000004,0.8660254037844384,1,1,0,0,0,16.0,14.0,14.898809523809524,29.0,False,train
2016-12-24 14:00:00,East,11,20161224143,False,False,-0.4999999999999997,-0.8660254037844388,-0.9749279121818236,-0.2225209339563146,-0.5000000000000004,0.8660254037844384,1,1,0,0,0,15.0,13.0,14.910714285714286,29.0,False,train
2016-12-24 15:00:00,East,9,20161224153,False,False,-0.7071067811865471,-0.7071067811865479,-0.9749279121818236,-0.2225209339563146,-0.5000000000000004,0.8660254037844384,1,1,0,0,0,15.0,14.0,14.916666666666666,29.0,False,train
2016-12-24 16:00:00,East,10,20161224163,False,False,-0.8660254037844385,-0.5000000000000004,-0.9749279121818236,-0.2225209339563146,-0.5000000000000004,0.8660254037844384,1,1,0,0,0,16.0,15.0,14.922619047619047,29.0,False,train
2016-12-24 17:00:00,East,13,20161224173,False,False,-0.9659258262890683,-0.25881904510252063,-0.9749279121818236,-0.2225209339563146,-0.5000000000000004,0.8660254037844384,1,1,0,0,0,13.0,14.0,14.916666666666666,29.0,False,train
2016-12-24 18:00:00,East,11,20161224183,False,False,-1.0,-1.8369701987210297e-16,-0.9749279121818236,-0.2225209339563146,-0.5000000000000004,0.8660254037844384,1,1,0,0,0,22.0,17.0,14.946428571428571,29.0,False,train
2016-12-24 19:00:00,East,9,20161224193,False,False,-0.9659258262890684,0.2588190451025203,-0.9749279121818236,-0.2225209339563146,-0.5000000000000004,0.8660254037844384,1,1,0,0,0,48.0,36.0,15.017857142857142,29.0,False,train
2016-12-24 20:00:00,East,11,20161224203,False,False,-0.8660254037844386,0.5000000000000001,-0.9749279121818236,-0.2225209339563146,-0.5000000000000004,0.8660254037844384,1,1,0,0,0,102.0,28.0,15.458333333333334,29.0,False,train
2016-12-24 21:00:00,East,14,20161224213,False,False,-0.7071067811865477,0.7071067811865474,-0.9749279121818236,-0.2225209339563146,-0.5000000000000004,0.8660254037844384,1,1,0,0,0,90.0,18.0,15.886904761904763,29.0,False,train
2016-12-24 22:00:00,East,12,20161224223,False,False,-0.5000000000000004,0.8660254037844384,-0.9749279121818236,-0.2225209339563146,-0.5000000000000004,0.8660254037844384,1,1,0,0,0,40.0,20.0,16.00595238095238,29.0,False,train
2016-12-24 23:00:00,East,14,20161224233,False,False,-0.25881904510252157,0.9659258262890681,-0.9749279121818236,-0.2225209339563146,-0.5000000000000004,0.8660254037844384,1,1,0,0,0,30.0,18.0,16.077380952380953,29.0,False,train
2016-12-25 00:00:00,East,9,20161225003,False,False,0.0,1.0,-0.7818314824680299,0.6234898018587334,-0.5000000000000004,0.8660254037844384,1,1,0,0,0,22.0,13.0,16.13095238095238,29.0,False,train
2016-12-25 01:00:00,East,9,20161225013,False,False,0.25881904510252074,0.9659258262890683,-0.7818314824680299,0.6234898018587334,-0.5000000000000004,0.8660254037844384,1,1,0,0,0,11.0,9.0,16.142857142857142,29.0,False,train
2016-12-25 02:00:00,East,8,20161225023,False,False,0.49999999999999994,0.8660254037844387,-0.7818314824680299,0.6234898018587334,-0.5000000000000004,0.8660254037844384,1,1,0,0,0,10.0,12.0,16.13095238095238,29.0,False,train
2016-12-25 03:00:00,East,8,20161225033,False,False,0.7071067811865476,0.7071067811865476,-0.7818314824680299,0.6234898018587334,-0.5000000000000004,0.8660254037844384,1,1,0,0,0,7.0,5.0,16.142857142857142,29.0,False,train
2016-12-25 04:00:00,East,7,20161225043,False,False,0.8660254037844386,0.5000000000000001,-0.7818314824680299,0.6234898018587334,-0.5000000000000004,0.8660254037844384,1,1,0,0,0,8.0,8.0,16.142857142857142,29.0,False,train
2016-12-25 05:00:00,East,4,20161225053,False,False,0.9659258262890683,0.25881904510252074,-0.7818314824680299,0.6234898018587334,-0.5000000000000004,0.8660254037844384,1,1,0,0,0,5.0,4.0,16.148809523809526,29.0,False,train
2016-12-25 06:00:00,East,3,20161225063,False,False,1.0,6.123233995736766e-17,-0.7818314824680299,0.6234898018587334,-0.5000000000000004,0.8660254037844384,1,1,0,0,0,7.0,6.0,16.154761904761905,29.0,False,train
2016-12-25 07:00:00,East,8,20161225073,False,False,0.9659258262890683,-0.25881904510252063,-0.7818314824680299,0.6234898018587334,-0.5000000000000004,0.8660254037844384,1,1,0,0,0,7.0,5.0,16.166666666666668,29.0,False,train
2016-12-25 08:00:00,East,8,20161225083,False,False,0.8660254037844387,-0.4999999999999998,-0.7818314824680299,0.6234898018587334,-0.5000000000000004,0.8660254037844384,1,1,0,0,0,11.0,10.0,16.172619047619047,29.0,False,train
2016-12-25 09:00:00,East,8,20161225093,False,False,0.7071067811865476,-0.7071067811865475,-0.7818314824680299,0.6234898018587334,-0.5000000000000004,0.8660254037844384,1,1,0,0,0,15.0,10.0,16.202380952380953,29.0,False,train
2016-12-25 10:00:00,East,9,20161225103,False,False,0.49999999999999994,-0.8660254037844387,-0.7818314824680299,0.6234898018587334,-0.5000000000000004,0.8660254037844384,1,1,0,0,0,12.0,9.0,16.220238095238095,29.0,False,train
2016-12-25 11:00:00,East,15,20161225113,False,False,0.258819045102521,-0.9659258262890682,-0.7818314824680299,0.6234898018587334,-0.5000000000000004,0.8660254037844384,1,1,0,0,0,21.0,11.0,16.279761904761905,29.0,False,train
2016-12-25 12:00:00,East,8,20161225123,False,False,1.2246467991473532e-16,-1.0,-0.7818314824680299,0.6234898018587334,-0.5000000000000004,0.8660254037844384,1,1,0,0,0,14.0,16.0,16.267857142857142,29.0,False,train
2016-12-25 13:00:00,East,9,20161225133,False,False,-0.2588190451025208,-0.9659258262890683,-0.7818314824680299,0.6234898018587334,-0.5000000000000004,0.8660254037844384,1,1,0,0,0,15.0,12.0,16.285714285714285,29.0,False,train
2016-12-25 14:00:00,East,8,20161225143,False,False,-0.4999999999999997,-0.8660254037844388,-0.7818314824680299,0.6234898018587334,-0.5000000000000004,0.8660254037844384,1,1,0,0,0,15.0,14.0,16.291666666666668,29.0,False,train
2016-12-25 15:00:00,East,9,20161225153,False,False,-0.7071067811865471,-0.7071067811865479,-0.7818314824680299,0.6234898018587334,-0.5000000000000004,0.8660254037844384,1,1,0,0,0,14.0,9.0,16.321428571428573,29.0,False,train
2016-12-25 16:00:00,East,11,20161225163,False,False,-0.8660254037844385,-0.5000000000000004,-0.7818314824680299,0.6234898018587334,-0.5000000000000004,0.8660254037844384,1,1,0,0,0,17.0,9.0,16.36904761904762,29.0,False,train
2016-12-25 17:00:00,East,12,20161225173,False,False,-0.9659258262890683,-0.25881904510252063,-0.7818314824680299,0.6234898018587334,-0.5000000000000004,0.8660254037844384,1,1,0,0,0,19.0,12.0,16.410714285714285,29.0,False,train
2016-12-25 18:00:00,East,10,20161225183,False,False,-1.0,-1.8369701987210297e-16,-0.7818314824680299,0.6234898018587334,-0.5000000000000004,0.8660254037844384,1,1,0,0,0,26.0,13.0,16.488095238095237,29.0,False,train
2016-12-25 19:00:00,East,12,20161225193,False,False,-0.9659258262890684,0.2588190451025203,-0.7818314824680299,0.6234898018587334,-0.5000000000000004,0.8660254037844384,1,1,0,0,0,42.0,13.0,16.660714285714285,29.0,False,train
2016-12-25 20:00:00,East,10,20161225203,False,False,-0.8660254037844386,0.5000000000000001,-0.7818314824680299,0.6234898018587334,-0.5000000000000004,0.8660254037844384,1,1,0,0,0,80.0,12.0,17.06547619047619,29.0,False,train
2016-12-25 21:00:00,East,13,20161225213,False,False,-0.7071067811865477,0.7071067811865474,-0.7818314824680299,0.6234898018587334,-0.5000000000000004,0.8660254037844384,1,1,0,0,0,64.0,10.0,17.386904761904763,29.0,False,train
2016-12-25 22:00:00,East,8,20161225223,False,False,-0.5000000000000004,0.8660254037844384,-0.7818314824680299,0.6234898018587334,-0.5000000000000004,0.8660254037844384,1,1,0,0,0,53.0,15.0,17.613095238095237,29.0,False,train
2016-12-25 23:00:00,East,9,20161225233,False,False,-0.25881904510252157,0.9659258262890681,-0.7818314824680299,0.6234898018587334,-0.5000000000000004,0.8660254037844384,1,1,0,0,0,35.0,11.0,17.75595238095238,29.0,False,train
2016-12-26 00:00:00,East,11,20161226003,False,False,0.0,1.0,0.0,1.0,-0.5000000000000004,0.8660254037844384,0,1,0,0,0,20.0,8.0,17.827380952380953,29.0,False,train
2016-12-26 01:00:00,East,8,20161226013,False,False,0.25881904510252074,0.9659258262890683,0.0,1.0,-0.5000000000000004,0.8660254037844384,0,1,0,0,0,11.0,7.0,17.851190476190474,29.0,False,train
2016-12-26 02:00:00,East,6,20161226023,False,False,0.49999999999999994,0.8660254037844387,0.0,1.0,-0.5000000000000004,0.8660254037844384,0,1,0,0,0,12.0,8.0,17.875,29.0,False,train
2016-12-26 03:00:00,East,7,20161226033,False,False,0.7071067811865476,0.7071067811865476,0.0,1.0,-0.5000000000000004,0.8660254037844384,0,1,0,0,0,7.0,4.0,17.892857142857142,29.0,False,train
2016-12-26 04:00:00,East,6,20161226043,False,False,0.8660254037844386,0.5000000000000001,0.0,1.0,-0.5000000000000004,0.8660254037844384,0,1,0,0,0,6.0,6.0,17.892857142857142,29.0,False,train
2016-12-26 05:00:00,East,3,20161226053,False,False,0.9659258262890683,0.25881904510252074,0.0,1.0,-0.5000000000000004,0.8660254037844384,0,1,0,0,0,8.0,5.0,17.910714285714285,29.0,False,train
2016-12-26 06:00:00,East,9,20161226063,False,False,1.0,6.123233995736766e-17,0.0,1.0,-0.5000000000000004,0.8660254037844384,0,1,0,0,0,6.0,7.0,17.904761904761905,29.0,False,train
2016-12-26 07:00:00,East,9,20161226073,False,False,0.9659258262890683,-0.25881904510252063,0.0,1.0,-0.5000000000000004,0.8660254037844384,0,1,0,0,0,10.0,10.0,17.904761904761905,29.0,False,train
2016-12-26 08:00:00,East,5,20161226083,False,False,0.8660254037844387,-0.4999999999999998,0.0,1.0,-0.5000000000000004,0.8660254037844384,0,1,0,0,0,13.0,8.0,17.93452380952381,29.0,False,train
2016-12-26 09:00:00,East,10,20161226093,False,False,0.7071067811865476,-0.7071067811865475,0.0,1.0,-0.5000000000000004,0.8660254037844384,0,1,0,0,0,15.0,7.0,17.982142857142858,29.0,False,train
2016-12-26 10:00:00,East,14,20161226103,False,False,0.49999999999999994,-0.8660254037844387,0.0,1.0,-0.5000000000000004,0.8660254037844384,0,1,0,0,0,21.0,12.0,18.035714285714285,29.0,False,train
2016-12-26 11:00:00,East,17,20161226113,False,False,0.258819045102521,-0.9659258262890682,0.0,1.0,-0.5000000000000004,0.8660254037844384,0,1,0,0,0,28.0,19.0,18.089285714285715,29.0,False,train
2016-12-26 12:00:00,East,17,20161226123,False,False,1.2246467991473532e-16,-1.0,0.0,1.0,-0.5000000000000004,0.8660254037844384,0,1,0,0,0,28.0,17.0,18.154761904761905,29.0,False,train
2016-12-26 13:00:00,East,18,20161226133,False,False,-0.2588190451025208,-0.9659258262890683,0.0,1.0,-0.5000000000000004,0.8660254037844384,0,1,0,0,0,26.0,9.0,18.25595238095238,29.0,False,train
2016-12-26 14:00:00,East,19,20161226143,False,False,-0.4999999999999997,-0.8660254037844388,0.0,1.0,-0.5000000000000004,0.8660254037844384,0,1,0,0,0,25.0,13.0,18.327380952380953,29.0,False,train
2016-12-26 15:00:00,East,20,20161226153,False,False,-0.7071067811865471,-0.7071067811865479,0.0,1.0,-0.5000000000000004,0.8660254037844384,0,1,0,0,0,27.0,19.0,18.375,29.0,False,train
2016-12-26 16:00:00,East,19,20161226163,False,False,-0.8660254037844385,-0.5000000000000004,0.0,1.0,-0.5000000000000004,0.8660254037844384,0,1,0,0,0,20.0,17.0,18.392857142857142,29.0,False,train
2016-12-26 17:00:00,East,20,20161226173,False,False,-0.9659258262890683,-0.25881904510252063,0.0,1.0,-0.5000000000000004,0.8660254037844384,0,1,0,0,0,17.0,18.0,18.386904761904763,29.0,False,train
2016-12-26 18:00:00,East,17,20161226183,False,False,-1.0,-1.8369701987210297e-16,0.0,1.0,-0.5000000000000004,0.8660254037844384,0,1,0,0,0,24.0,17.0,18.428571428571427,29.0,False,train
2016-12-26 19:00:00,East,16,20161226193,False,False,-0.9659258262890684,0.2588190451025203,0.0,1.0,-0.5000000000000004,0.8660254037844384,0,1,0,0,0,24.0,18.0,18.464285714285715,29.0,False,train
2016-12-26 20:00:00,East,14,20161226203,False,False,-0.8660254037844386,0.5000000000000001,0.0,1.0,-0.5000000000000004,0.8660254037844384,0,1,0,0,0,22.0,14.0,18.511904761904763,29.0,False,train
2016-12-26 21:00:00,East,17,20161226213,False,False,-0.7071067811865477,0.7071067811865474,0.0,1.0,-0.5000000000000004,0.8660254037844384,0,1,0,0,0,22.0,15.0,18.553571428571427,29.0,False,train
2016-12-26 22:00:00,East,13,20161226223,False,False,-0.5000000000000004,0.8660254037844384,0.0,1.0,-0.5000000000000004,0.8660254037844384,0,1,0,0,0,17.0,12.0,18.583333333333332,29.0,False,train
2016-12-26 23:00:00,East,16,20161226233,False,False,-0.25881904510252157,0.9659258262890681,0.0,1.0,-0.5000000000000004,0.8660254037844384,0,1,0,0,0,21.0,16.0,18.613095238095237,29.0,False,train
2016-12-27 00:00:00,East,12,20161227003,False,False,0.0,1.0,0.7818314824680298,0.6234898018587336,-0.5000000000000004,0.8660254037844384,0,1,0,0,0,14.0,11.0,18.63095238095238,29.0,False,train
2016-12-27 01:00:00,East,11,20161227013,False,False,0.25881904510252074,0.9659258262890683,0.7818314824680298,0.6234898018587336,-0.5000000000000004,0.8660254037844384,0,1,0,0,0,12.0,8.0,18.654761904761905,29.0,False,train
2016-12-27 02:00:00,East,9,20161227023,False,False,0.49999999999999994,0.8660254037844387,0.7818314824680298,0.6234898018587336,-0.5000000000000004,0.8660254037844384,0,1,0,0,0,9.0,11.0,18.642857142857142,29.0,False,train
2016-12-27 03:00:00,East,9,20161227033,False,False,0.7071067811865476,0.7071067811865476,0.7818314824680298,0.6234898018587336,-0.5000000000000004,0.8660254037844384,0,1,0,0,0,8.0,7.0,18.648809523809526,29.0,False,train
2016-12-27 04:00:00,East,9,20161227043,False,False,0.8660254037844386,0.5000000000000001,0.7818314824680298,0.6234898018587336,-0.5000000000000004,0.8660254037844384,0,1,0,0,0,5.0,7.0,18.636904761904763,29.0,False,train
2016-12-27 05:00:00,East,6,20161227053,False,False,0.9659258262890683,0.25881904510252074,0.7818314824680298,0.6234898018587336,-0.5000000000000004,0.8660254037844384,0,1,0,0,0,7.0,6.0,18.642857142857142,29.0,False,train
2016-12-27 06:00:00,East,6,20161227063,False,False,1.0,6.123233995736766e-17,0.7818314824680298,0.6234898018587336,-0.5000000000000004,0.8660254037844384,0,1,0,0,0,11.0,5.0,18.678571428571427,29.0,False,train
2016-12-27 07:00:00,East,10,20161227073,False,False,0.9659258262890683,-0.25881904510252063,0.7818314824680298,0.6234898018587336,-0.5000000000000004,0.8660254037844384,0,1,0,0,0,7.0,5.0,18.69047619047619,29.0,False,train
2016-12-27 08:00:00,East,11,20161227083,False,False,0.8660254037844387,-0.4999999999999998,0.7818314824680298,0.6234898018587336,-0.5000000000000004,0.8660254037844384,0,1,0,0,0,12.0,5.0,18.732142857142858,29.0,False,train
2016-12-27 09:00:00,East,10,20161227093,False,False,0.7071067811865476,-0.7071067811865475,0.7818314824680298,0.6234898018587336,-0.5000000000000004,0.8660254037844384,0,1,0,0,0,14.0,8.0,18.767857142857142,29.0,False,train
2016-12-27 10:00:00,East,17,20161227103,False,False,0.49999999999999994,-0.8660254037844387,0.7818314824680298,0.6234898018587336,-0.5000000000000004,0.8660254037844384,0,1,0,0,0,15.0,8.0,18.80952380952381,29.0,False,train
2016-12-27 11:00:00,East,19,20161227113,False,False,0.258819045102521,-0.9659258262890682,0.7818314824680298,0.6234898018587336,-0.5000000000000004,0.8660254037844384,0,1,0,0,0,21.0,14.0,18.851190476190474,29.0,False,train
2016-12-27 12:00:00,East,18,20161227123,False,False,1.2246467991473532e-16,-1.0,0.7818314824680298,0.6234898018587336,-0.5000000000000004,0.8660254037844384,0,1,0,0,0,19.0,16.0,18.86904761904762,29.0,False,train
2016-12-27 13:00:00,East,15,20161227133,False,False,-0.2588190451025208,-0.9659258262890683,0.7818314824680298,0.6234898018587336,-0.5000000000000004,0.8660254037844384,0,1,0,0,0,21.0,16.0,18.898809523809526,29.0,False,train
2016-12-27 14:00:00,East,17,20161227143,False,False,-0.4999999999999997,-0.8660254037844388,0.7818314824680298,0.6234898018587336,-0.5000000000000004,0.8660254037844384,0,1,0,0,0,18.0,17.0,18.904761904761905,29.0,False,train
2016-12-27 15:00:00,East,21,20161227153,False,False,-0.7071067811865471,-0.7071067811865479,0.7818314824680298,0.6234898018587336,-0.5000000000000004,0.8660254037844384,0,1,0,0,0,19.0,15.0,18.928571428571427,29.0,False,train
2016-12-27 16:00:00,East,17,20161227163,False,False,-0.8660254037844385,-0.5000000000000004,0.7818314824680298,0.6234898018587336,-0.5000000000000004,0.8660254037844384,0,1,0,0,0,18.0,15.0,18.946428571428573,29.0,False,train
2016-12-27 17:00:00,East,18,20161227173,False,False,-0.9659258262890683,-0.25881904510252063,0.7818314824680298,0.6234898018587336,-0.5000000000000004,0.8660254037844384,0,1,0,0,0,17.0,17.0,18.946428571428573,29.0,False,train
2016-12-27 18:00:00,East,16,20161227183,False,False,-1.0,-1.8369701987210297e-16,0.7818314824680298,0.6234898018587336,-0.5000000000000004,0.8660254037844384,0,1,0,0,0,22.0,14.0,18.99404761904762,29.0,False,train
2016-12-27 19:00:00,East,18,20161227193,False,False,-0.9659258262890684,0.2588190451025203,0.7818314824680298,0.6234898018587336,-0.5000000000000004,0.8660254037844384,0,1,0,0,0,12.0,13.0,18.988095238095237,29.0,False,train
2016-12-27 20:00:00,East,13,20161227203,False,False,-0.8660254037844386,0.5000000000000001,0.7818314824680298,0.6234898018587336,-0.5000000000000004,0.8660254037844384,0,1,0,0,0,18.0,18.0,18.988095238095237,29.0,False,train
2016-12-27 21:00:00,East,11,20161227213,False,False,-0.7071067811865477,0.7071067811865474,0.7818314824680298,0.6234898018587336,-0.5000000000000004,0.8660254037844384,0,1,0,0,0,18.0,10.0,19.035714285714285,29.0,False,train
2016-12-27 22:00:00,East,14,20161227223,False,False,-0.5000000000000004,0.8660254037844384,0.7818314824680298,0.6234898018587336,-0.5000000000000004,0.8660254037844384,0,1,0,0,0,17.0,13.0,19.05952380952381,29.0,False,train
2016-12-27 23:00:00,East,11,20161227233,False,False,-0.25881904510252157,0.9659258262890681,0.7818314824680298,0.6234898018587336,-0.5000000000000004,0.8660254037844384,0,1,0,0,0,15.0,15.0,19.05952380952381,29.0,False,train
2016-12-28 00:00:00,East,12,20161228003,False,False,0.0,1.0,0.9749279121818236,-0.22252093395631434,-0.5000000000000004,0.8660254037844384,0,1,0,0,0,12.0,12.0,19.05952380952381,29.0,False,train
2016-12-28 01:00:00,East,10,20161228013,False,False,0.25881904510252074,0.9659258262890683,0.9749279121818236,-0.22252093395631434,-0.5000000000000004,0.8660254037844384,0,1,0,0,0,8.0,9.0,19.053571428571427,29.0,False,train
2016-12-28 02:00:00,East,7,20161228023,False,False,0.49999999999999994,0.8660254037844387,0.9749279121818236,-0.22252093395631434,-0.5000000000000004,0.8660254037844384,0,1,0,0,0,7.0,8.0,19.047619047619047,29.0,False,train
2016-12-28 03:00:00,East,6,20161228033,False,False,0.7071067811865476,0.7071067811865476,0.9749279121818236,-0.22252093395631434,-0.5000000000000004,0.8660254037844384,0,1,0,0,0,8.0,9.0,19.041666666666668,29.0,False,train
2016-12-28 04:00:00,East,4,20161228043,False,False,0.8660254037844386,0.5000000000000001,0.9749279121818236,-0.22252093395631434,-0.5000000000000004,0.8660254037844384,0,1,0,0,0,8.0,4.0,19.06547619047619,29.0,False,train
2016-12-28 05:00:00,East,7,20161228053,False,False,0.9659258262890683,0.25881904510252074,0.9749279121818236,-0.22252093395631434,-0.5000000000000004,0.8660254037844384,0,1,0,0,0,5.0,4.0,19.071428571428573,29.0,False,train
2016-12-28 06:00:00,East,8,20161228063,False,False,1.0,6.123233995736766e-17,0.9749279121818236,-0.22252093395631434,-0.5000000000000004,0.8660254037844384,0,1,0,0,0,8.0,8.0,19.071428571428573,29.0,False,train
2016-12-28 07:00:00,East,8,20161228073,False,False,0.9659258262890683,-0.25881904510252063,0.9749279121818236,-0.22252093395631434,-0.5000000000000004,0.8660254037844384,0,1,0,0,0,8.0,10.0,19.05952380952381,29.0,False,train
2016-12-28 08:00:00,East,9,20161228083,False,False,0.8660254037844387,-0.4999999999999998,0.9749279121818236,-0.22252093395631434,-0.5000000000000004,0.8660254037844384,0,1,0,0,0,12.0,10.0,19.071428571428573,29.0,False,train
2016-12-28 09:00:00,East,12,20161228093,False,False,0.7071067811865476,-0.7071067811865475,0.9749279121818236,-0.22252093395631434,-0.5000000000000004,0.8660254037844384,0,1,0,0,0,13.0,9.0,19.095238095238095,29.0,False,train
2016-12-28 10:00:00,East,9,20161228103,False,False,0.49999999999999994,-0.8660254037844387,0.9749279121818236,-0.22252093395631434,-0.5000000000000004,0.8660254037844384,0,1,0,0,0,15.0,8.0,19.136904761904763,29.0,False,train
2016-12-28 11:00:00,East,20,20161228113,False,False,0.258819045102521,-0.9659258262890682,0.9749279121818236,-0.22252093395631434,-0.5000000000000004,0.8660254037844384,0,1,0,0,0,15.0,14.0,19.142857142857142,29.0,False,train
2016-12-28 12:00:00,East,17,20161228123,False,False,1.2246467991473532e-16,-1.0,0.9749279121818236,-0.22252093395631434,-0.5000000000000004,0.8660254037844384,0,1,0,0,0,20.0,18.0,19.154761904761905,29.0,False,train
2016-12-28 13:00:00,East,13,20161228133,False,False,-0.2588190451025208,-0.9659258262890683,0.9749279121818236,-0.22252093395631434,-0.5000000000000004,0.8660254037844384,0,1,0,0,0,15.0,19.0,19.13095238095238,29.0,False,train
2016-12-28 14:00:00,East,16,20161228143,False,False,-0.4999999999999997,-0.8660254037844388,0.9749279121818236,-0.22252093395631434,-0.5000000000000004,0.8660254037844384,0,1,0,0,0,16.0,15.0,19.136904761904763,29.0,False,train
2016-12-28 15:00:00,East,20,20161228153,False,False,-0.7071067811865471,-0.7071067811865479,0.9749279121818236,-0.22252093395631434,-0.5000000000000004,0.8660254037844384,0,1,0,0,0,21.0,13.0,19.18452380952381,29.0,False,train
2016-12-28 16:00:00,East,14,20161228163,False,False,-0.8660254037844385,-0.5000000000000004,0.9749279121818236,-0.22252093395631434,-0.5000000000000004,0.8660254037844384,0,1,0,0,0,17.0,12.0,19.214285714285715,29.0,False,train
2016-12-28 17:00:00,East,15,20161228173,False,False,-0.9659258262890683,-0.25881904510252063,0.9749279121818236,-0.22252093395631434,-0.5000000000000004,0.8660254037844384,0,1,0,0,0,15.0,41.0,19.05952380952381,29.0,False,train
2016-12-28 18:00:00,East,13,20161228183,False,False,-1.0,-1.8369701987210297e-16,0.9749279121818236,-0.22252093395631434,-0.5000000000000004,0.8660254037844384,0,1,0,0,0,17.0,31.0,18.976190476190474,29.0,False,train
2016-12-28 19:00:00,East,12,20161228193,False,False,-0.9659258262890684,0.2588190451025203,0.9749279121818236,-0.22252093395631434,-0.5000000000000004,0.8660254037844384,0,1,0,0,0,15.0,32.0,18.875,29.0,False,train
2016-12-28 20:00:00,East,17,20161228203,False,False,-0.8660254037844386,0.5000000000000001,0.9749279121818236,-0.22252093395631434,-0.5000000000000004,0.8660254037844384,0,1,0,0,0,17.0,22.0,18.845238095238095,29.0,False,train
2016-12-28 21:00:00,East,14,20161228213,False,False,-0.7071067811865477,0.7071067811865474,0.9749279121818236,-0.22252093395631434,-0.5000000000000004,0.8660254037844384,0,1,0,0,0,14.0,31.0,18.74404761904762,29.0,False,train
2016-12-28 22:00:00,East,18,20161228223,False,False,-0.5000000000000004,0.8660254037844384,0.9749279121818236,-0.22252093395631434,-0.5000000000000004,0.8660254037844384,0,1,0,0,0,18.0,79.0,18.38095238095238,29.0,False,train
2016-12-28 23:00:00,East,18,20161228233,False,False,-0.25881904510252157,0.9659258262890681,0.9749279121818236,-0.22252093395631434,-0.5000000000000004,0.8660254037844384,0,1,0,0,0,15.0,54.0,18.148809523809526,29.0,False,train
2016-12-29 00:00:00,East,16,20161229003,False,False,0.0,1.0,0.43388373911755823,-0.900968867902419,-0.5000000000000004,0.8660254037844384,0,1,0,0,0,14.0,37.0,18.011904761904763,29.0,False,train
2016-12-29 01:00:00,East,9,20161229013,False,False,0.25881904510252074,0.9659258262890683,0.43388373911755823,-0.900968867902419,-0.5000000000000004,0.8660254037844384,0,1,0,0,0,13.0,23.0,17.952380952380953,29.0,False,train
2016-12-29 02:00:00,East,11,20161229023,False,False,0.49999999999999994,0.8660254037844387,0.43388373911755823,-0.900968867902419,-0.5000000000000004,0.8660254037844384,0,1,0,0,0,9.0,13.0,17.928571428571427,29.0,False,train
2016-12-29 03:00:00,East,7,20161229033,False,False,0.7071067811865476,0.7071067811865476,0.43388373911755823,-0.900968867902419,-0.5000000000000004,0.8660254037844384,0,1,0,0,0,8.0,12.0,17.904761904761905,29.0,False,train
2016-12-29 04:00:00,East,9,20161229043,False,False,0.8660254037844386,0.5000000000000001,0.43388373911755823,-0.900968867902419,-0.5000000000000004,0.8660254037844384,0,1,0,0,0,9.0,9.0,17.904761904761905,29.0,False,train
2016-12-29 05:00:00,East,8,20161229053,False,False,0.9659258262890683,0.25881904510252074,0.43388373911755823,-0.900968867902419,-0.5000000000000004,0.8660254037844384,0,1,0,0,0,6.0,7.0,17.898809523809526,29.0,False,train
2016-12-29 06:00:00,East,4,20161229063,False,False,1.0,6.123233995736766e-17,0.43388373911755823,-0.900968867902419,-0.5000000000000004,0.8660254037844384,0,1,0,0,0,8.0,16.0,17.851190476190474,29.0,False,train
2016-12-29 07:00:00,East,7,20161229073,False,False,0.9659258262890683,-0.25881904510252063,0.43388373911755823,-0.900968867902419,-0.5000000000000004,0.8660254037844384,0,1,0,0,0,7.0,15.0,17.803571428571427,29.0,False,train
2016-12-29 08:00:00,East,11,20161229083,False,False,0.8660254037844387,-0.4999999999999998,0.43388373911755823,-0.900968867902419,-0.5000000000000004,0.8660254037844384,0,1,0,0,0,7.0,19.0,17.732142857142858,29.0,False,train
2016-12-29 09:00:00,East,13,20161229093,False,False,0.7071067811865476,-0.7071067811865475,0.43388373911755823,-0.900968867902419,-0.5000000000000004,0.8660254037844384,0,1,0,0,0,10.0,29.0,17.61904761904762,29.0,False,train
2016-12-29 10:00:00,East,11,20161229103,False,False,0.49999999999999994,-0.8660254037844387,0.43388373911755823,-0.900968867902419,-0.5000000000000004,0.8660254037844384,0,1,0,0,0,15.0,30.0,17.529761904761905,29.0,False,train
2016-12-29 11:00:00,East,12,20161229113,False,False,0.258819045102521,-0.9659258262890682,0.43388373911755823,-0.900968867902419,-0.5000000000000004,0.8660254037844384,0,1,0,0,0,18.0,35.0,17.428571428571427,29.0,False,train
2016-12-29 12:00:00,East,18,20161229123,False,False,1.2246467991473532e-16,-1.0,0.43388373911755823,-0.900968867902419,-0.5000000000000004,0.8660254037844384,0,1,0,0,0,14.0,33.0,17.31547619047619,29.0,False,train
2016-12-29 13:00:00,East,20,20161229133,False,False,-0.2588190451025208,-0.9659258262890683,0.43388373911755823,-0.900968867902419,-0.5000000000000004,0.8660254037844384,0,1,0,0,0,15.0,28.0,17.238095238095237,29.0,False,train
2016-12-29 14:00:00,East,16,20161229143,False,False,-0.4999999999999997,-0.8660254037844388,0.43388373911755823,-0.900968867902419,-0.5000000000000004,0.8660254037844384,0,1,0,0,0,16.0,27.0,17.172619047619047,29.0,False,train
2016-12-29 15:00:00,East,22,20161229153,False,False,-0.7071067811865471,-0.7071067811865479,0.43388373911755823,-0.900968867902419,-0.5000000000000004,0.8660254037844384,0,1,0,0,0,19.0,26.0,17.13095238095238,29.0,False,train
2016-12-29 16:00:00,East,18,20161229163,False,False,-0.8660254037844385,-0.5000000000000004,0.43388373911755823,-0.900968867902419,-0.5000000000000004,0.8660254037844384,0,1,0,0,0,17.0,28.0,17.06547619047619,29.0,False,train
2016-12-29 17:00:00,East,19,20161229173,False,False,-0.9659258262890683,-0.25881904510252063,0.43388373911755823,-0.900968867902419,-0.5000000000000004,0.8660254037844384,0,1,0,0,0,14.0,25.0,17.0,29.0,False,train
2016-12-29 18:00:00,East,18,20161229183,False,False,-1.0,-1.8369701987210297e-16,0.43388373911755823,-0.900968867902419,-0.5000000000000004,0.8660254037844384,0,1,0,0,0,16.0,26.0,16.94047619047619,29.0,False,train
2016-12-29 19:00:00,East,15,20161229193,False,False,-0.9659258262890684,0.2588190451025203,0.43388373911755823,-0.900968867902419,-0.5000000000000004,0.8660254037844384,0,1,0,0,0,14.0,21.0,16.898809523809526,29.0,False,train
2016-12-29 20:00:00,East,13,20161229203,False,False,-0.8660254037844386,0.5000000000000001,0.43388373911755823,-0.900968867902419,-0.5000000000000004,0.8660254037844384,0,1,0,0,0,14.0,21.0,16.857142857142858,29.0,False,train
2016-12-29 21:00:00,East,15,20161229213,False,False,-0.7071067811865477,0.7071067811865474,0.43388373911755823,-0.900968867902419,-0.5000000000000004,0.8660254037844384,0,1,0,0,0,15.0,22.0,16.81547619047619,29.0,False,train
2016-12-29 22:00:00,East,15,20161229223,False,False,-0.5000000000000004,0.8660254037844384,0.43388373911755823,-0.900968867902419,-0.5000000000000004,0.8660254037844384,0,1,0,0,0,15.0,21.0,16.779761904761905,29.0,False,train
2016-12-29 23:00:00,East,15,20161229233,False,False,-0.25881904510252157,0.9659258262890681,0.43388373911755823,-0.900968867902419,-0.5000000000000004,0.8660254037844384,0,1,0,0,0,16.0,22.0,16.74404761904762,29.0,False,train
2016-12-30 00:00:00,East,11,20161230003,False,False,0.0,1.0,-0.433883739117558,-0.9009688679024191,-0.5000000000000004,0.8660254037844384,0,1,0,0,0,11.0,19.0,16.696428571428573,29.0,False,train
2016-12-30 01:00:00,East,9,20161230013,False,False,0.25881904510252074,0.9659258262890683,-0.433883739117558,-0.9009688679024191,-0.5000000000000004,0.8660254037844384,0,1,0,0,0,8.0,9.0,16.69047619047619,29.0,False,train
2016-12-30 02:00:00,East,7,20161230023,False,False,0.49999999999999994,0.8660254037844387,-0.433883739117558,-0.9009688679024191,-0.5000000000000004,0.8660254037844384,0,1,0,0,0,6.0,9.0,16.672619047619047,29.0,False,train
2016-12-30 03:00:00,East,11,20161230033,False,False,0.7071067811865476,0.7071067811865476,-0.433883739117558,-0.9009688679024191,-0.5000000000000004,0.8660254037844384,0,1,0,0,0,5.0,8.0,16.654761904761905,29.0,False,train
2016-12-30 04:00:00,East,4,20161230043,False,False,0.8660254037844386,0.5000000000000001,-0.433883739117558,-0.9009688679024191,-0.5000000000000004,0.8660254037844384,0,1,0,0,0,4.0,5.0,16.648809523809526,29.0,False,train
2016-12-30 05:00:00,East,6,20161230053,False,False,0.9659258262890683,0.25881904510252074,-0.433883739117558,-0.9009688679024191,-0.5000000000000004,0.8660254037844384,0,1,0,0,0,7.0,7.0,16.648809523809526,29.0,False,train
2016-12-30 06:00:00,East,7,20161230063,False,False,1.0,6.123233995736766e-17,-0.433883739117558,-0.9009688679024191,-0.5000000000000004,0.8660254037844384,0,1,0,0,0,8.0,4.0,16.672619047619047,29.0,False,train
2016-12-30 07:00:00,East,5,20161230073,False,False,0.9659258262890683,-0.25881904510252063,-0.433883739117558,-0.9009688679024191,-0.5000000000000004,0.8660254037844384,0,1,0,0,0,9.0,11.0,16.660714285714285,29.0,False,train
2016-12-30 08:00:00,East,8,20161230083,False,False,0.8660254037844387,-0.4999999999999998,-0.433883739117558,-0.9009688679024191,-0.5000000000000004,0.8660254037844384,0,1,0,0,0,7.0,12.0,16.63095238095238,29.0,False,train
2016-12-30 09:00:00,East,14,20161230093,False,False,0.7071067811865476,-0.7071067811865475,-0.433883739117558,-0.9009688679024191,-0.5000000000000004,0.8660254037844384,0,1,0,0,0,7.0,10.0,16.613095238095237,29.0,False,train
2016-12-30 10:00:00,East,12,20161230103,False,False,0.49999999999999994,-0.8660254037844387,-0.433883739117558,-0.9009688679024191,-0.5000000000000004,0.8660254037844384,0,1,0,0,0,10.0,19.0,16.55952380952381,29.0,False,train
2016-12-30 11:00:00,East,17,20161230113,False,False,0.258819045102521,-0.9659258262890682,-0.433883739117558,-0.9009688679024191,-0.5000000000000004,0.8660254037844384,0,1,0,0,0,16.0,22.0,16.523809523809526,29.0,False,train
2016-12-30 12:00:00,East,19,20161230123,False,False,1.2246467991473532e-16,-1.0,-0.433883739117558,-0.9009688679024191,-0.5000000000000004,0.8660254037844384,0,1,0,0,0,14.0,20.0,16.488095238095237,29.0,False,train
2016-12-30 13:00:00,East,17,20161230133,False,False,-0.2588190451025208,-0.9659258262890683,-0.433883739117558,-0.9009688679024191,-0.5000000000000004,0.8660254037844384,0,1,0,0,0,14.0,20.0,16.452380952380953,29.0,False,train
2016-12-30 14:00:00,East,19,20161230143,False,False,-0.4999999999999997,-0.8660254037844388,-0.433883739117558,-0.9009688679024191,-0.5000000000000004,0.8660254037844384,0,1,0,0,0,14.0,20.0,16.416666666666668,29.0,False,train
2016-12-30 15:00:00,East,17,20161230153,False,False,-0.7071067811865471,-0.7071067811865479,-0.433883739117558,-0.9009688679024191,-0.5000000000000004,0.8660254037844384,0,1,0,0,0,14.0,24.0,16.357142857142858,29.0,False,train
2016-12-30 16:00:00,East,18,20161230163,False,False,-0.8660254037844385,-0.5000000000000004,-0.433883739117558,-0.9009688679024191,-0.5000000000000004,0.8660254037844384,0,1,0,0,0,16.0,20.0,16.333333333333332,29.0,False,train
2016-12-30 17:00:00,East,13,20161230173,False,False,-0.9659258262890683,-0.25881904510252063,-0.433883739117558,-0.9009688679024191,-0.5000000000000004,0.8660254037844384,0,1,0,0,0,12.0,16.0,16.30952380952381,29.0,False,train
2016-12-30 18:00:00,East,17,20161230183,False,False,-1.0,-1.8369701987210297e-16,-0.433883739117558,-0.9009688679024191,-0.5000000000000004,0.8660254037844384,0,1,0,0,0,15.0,21.0,16.273809523809526,29.0,False,train
2016-12-30 19:00:00,East,16,20161230193,False,False,-0.9659258262890684,0.2588190451025203,-0.433883739117558,-0.9009688679024191,-0.5000000000000004,0.8660254037844384,0,1,0,0,0,12.0,14.0,16.261904761904763,29.0,False,train
2016-12-30 20:00:00,East,12,20161230203,False,False,-0.8660254037844386,0.5000000000000001,-0.433883739117558,-0.9009688679024191,-0.5000000000000004,0.8660254037844384,0,1,0,0,0,14.0,14.0,16.261904761904763,29.0,False,train
2016-12-30 21:00:00,East,18,20161230213,False,False,-0.7071067811865477,0.7071067811865474,-0.433883739117558,-0.9009688679024191,-0.5000000000000004,0.8660254037844384,0,1,0,0,0,11.0,18.0,16.220238095238095,29.0,False,train
2016-12-30 22:00:00,East,13,20161230223,False,False,-0.5000000000000004,0.8660254037844384,-0.433883739117558,-0.9009688679024191,-0.5000000000000004,0.8660254037844384,0,1,0,0,0,10.0,15.0,16.19047619047619,29.0,False,train
2016-12-30 23:00:00,East,13,20161230233,False,False,-0.25881904510252157,0.9659258262890681,-0.433883739117558,-0.9009688679024191,-0.5000000000000004,0.8660254037844384,0,1,0,0,0,9.0,14.0,16.160714285714285,29.0,False,train
2016-12-31 00:00:00,East,16,20161231003,False,False,0.0,1.0,-0.9749279121818236,-0.2225209339563146,-0.5000000000000004,0.8660254037844384,1,1,0,0,0,10.0,11.0,16.154761904761905,29.0,False,train
2016-12-31 01:00:00,East,8,20161231013,False,False,0.25881904510252074,0.9659258262890683,-0.9749279121818236,-0.2225209339563146,-0.5000000000000004,0.8660254037844384,1,1,0,0,0,7.0,10.0,16.136904761904763,29.0,False,train
2016-12-31 02:00:00,East,7,20161231023,False,False,0.49999999999999994,0.8660254037844387,-0.9749279121818236,-0.2225209339563146,-0.5000000000000004,0.8660254037844384,1,1,0,0,0,7.0,7.0,16.136904761904763,29.0,False,train
2016-12-31 03:00:00,East,5,20161231033,False,False,0.7071067811865476,0.7071067811865476,-0.9749279121818236,-0.2225209339563146,-0.5000000000000004,0.8660254037844384,1,1,0,0,0,5.0,7.0,16.125,29.0,False,train
2016-12-31 04:00:00,East,5,20161231043,False,False,0.8660254037844386,0.5000000000000001,-0.9749279121818236,-0.2225209339563146,-0.5000000000000004,0.8660254037844384,1,1,0,0,0,4.0,4.0,16.125,29.0,False,train
2016-12-31 05:00:00,East,6,20161231053,False,False,0.9659258262890683,0.25881904510252074,-0.9749279121818236,-0.2225209339563146,-0.5000000000000004,0.8660254037844384,1,1,0,0,0,3.0,6.0,16.107142857142858,29.0,False,train
2016-12-31 06:00:00,East,5,20161231063,False,False,1.0,6.123233995736766e-17,-0.9749279121818236,-0.2225209339563146,-0.5000000000000004,0.8660254037844384,1,1,0,0,0,6.0,4.0,16.11904761904762,29.0,False,train
2016-12-31 07:00:00,East,10,20161231073,False,False,0.9659258262890683,-0.25881904510252063,-0.9749279121818236,-0.2225209339563146,-0.5000000000000004,0.8660254037844384,1,1,0,0,0,8.0,7.0,16.125,29.0,False,train
2016-12-31 08:00:00,East,7,20161231083,False,False,0.8660254037844387,-0.4999999999999998,-0.9749279121818236,-0.2225209339563146,-0.5000000000000004,0.8660254037844384,1,1,0,0,0,8.0,9.0,16.11904761904762,29.0,False,train
2016-12-31 09:00:00,East,6,20161231093,False,False,0.7071067811865476,-0.7071067811865475,-0.9749279121818236,-0.2225209339563146,-0.5000000000000004,0.8660254037844384,1,1,0,0,0,6.0,10.0,16.095238095238095,29.0,False,train
2016-12-31 10:00:00,East,10,20161231103,False,False,0.49999999999999994,-0.8660254037844387,-0.9749279121818236,-0.2225209339563146,-0.5000000000000004,0.8660254037844384,1,1,0,0,0,9.0,15.0,16.05952380952381,29.0,False,train
2016-12-31 11:00:00,East,9,20161231113,False,False,0.258819045102521,-0.9659258262890682,-0.9749279121818236,-0.2225209339563146,-0.5000000000000004,0.8660254037844384,1,1,0,0,0,8.0,13.0,16.029761904761905,29.0,False,train
2016-12-31 12:00:00,East,13,20161231123,False,False,1.2246467991473532e-16,-1.0,-0.9749279121818236,-0.2225209339563146,-0.5000000000000004,0.8660254037844384,1,1,0,0,0,9.0,15.0,15.994047619047619,29.0,False,train
2016-12-31 13:00:00,East,11,20161231133,False,False,-0.2588190451025208,-0.9659258262890683,-0.9749279121818236,-0.2225209339563146,-0.5000000000000004,0.8660254037844384,1,1,0,0,0,11.0,16.0,15.964285714285714,29.0,False,train
2016-12-31 14:00:00,East,9,20161231143,False,False,-0.4999999999999997,-0.8660254037844388,-0.9749279121818236,-0.2225209339563146,-0.5000000000000004,0.8660254037844384,1,1,0,0,0,11.0,15.0,15.94047619047619,29.0,False,train
2016-12-31 15:00:00,East,9,20161231153,False,False,-0.7071067811865471,-0.7071067811865479,-0.9749279121818236,-0.2225209339563146,-0.5000000000000004,0.8660254037844384,1,1,0,0,0,9.0,15.0,15.904761904761905,29.0,False,train
2016-12-31 16:00:00,East,17,20161231163,False,False,-0.8660254037844385,-0.5000000000000004,-0.9749279121818236,-0.2225209339563146,-0.5000000000000004,0.8660254037844384,1,1,0,0,0,10.0,16.0,15.869047619047619,29.0,False,train
2016-12-31 17:00:00,East,15,20161231173,False,False,-0.9659258262890683,-0.25881904510252063,-0.9749279121818236,-0.2225209339563146,-0.5000000000000004,0.8660254037844384,1,1,0,0,0,13.0,13.0,15.869047619047619,29.0,False,train
2016-12-31 18:00:00,East,11,20161231183,False,False,-1.0,-1.8369701987210297e-16,-0.9749279121818236,-0.2225209339563146,-0.5000000000000004,0.8660254037844384,1,1,0,0,0,11.0,22.0,15.803571428571429,29.0,False,train
2016-12-31 19:00:00,East,15,20161231193,False,False,-0.9659258262890684,0.2588190451025203,-0.9749279121818236,-0.2225209339563146,-0.5000000000000004,0.8660254037844384,1,1,0,0,0,9.0,48.0,15.571428571428571,29.0,False,train
2016-12-31 20:00:00,East,7,20161231203,False,False,-0.8660254037844386,0.5000000000000001,-0.9749279121818236,-0.2225209339563146,-0.5000000000000004,0.8660254037844384,1,1,0,0,0,11.0,102.0,15.029761904761905,29.0,False,train
2016-12-31 21:00:00,East,14,20161231213,False,False,-0.7071067811865477,0.7071067811865474,-0.9749279121818236,-0.2225209339563146,-0.5000000000000004,0.8660254037844384,1,1,0,0,0,14.0,90.0,14.577380952380953,29.0,False,train
2016-12-31 22:00:00,East,13,20161231223,False,False,-0.5000000000000004,0.8660254037844384,-0.9749279121818236,-0.2225209339563146,-0.5000000000000004,0.8660254037844384,1,1,0,0,0,12.0,40.0,14.410714285714286,29.0,False,train
2016-12-31 23:00:00,East,10,20161231233,False,False,-0.25881904510252157,0.9659258262890681,-0.9749279121818236,-0.2225209339563146,-0.5000000000000004,0.8660254037844384,1,1,0,0,0,14.0,30.0,14.31547619047619,29.0,False,train
2017-01-01 00:00:00,East,10,20170101003,False,False,0.0,1.0,-0.7818314824680299,0.6234898018587334,0.0,1.0,1,1,0,0,0,9.0,22.0,14.238095238095237,29.0,False,test
2017-01-01 01:00:00,East,6,20170101013,False,False,0.25881904510252074,0.9659258262890683,-0.7818314824680299,0.6234898018587334,0.0,1.0,1,1,0,0,0,9.0,11.0,14.226190476190476,29.0,False,test
2017-01-01 02:00:00,East,7,20170101023,False,False,0.49999999999999994,0.8660254037844387,-0.7818314824680299,0.6234898018587334,0.0,1.0,1,1,0,0,0,8.0,10.0,14.214285714285714,29.0,False,test
2017-01-01 03:00:00,East,7,20170101033,False,False,0.7071067811865476,0.7071067811865476,-0.7818314824680299,0.6234898018587334,0.0,1.0,1,1,0,0,0,8.0,7.0,14.220238095238095,29.0,False,test
2017-01-01 04:00:00,East,5,20170101043,False,False,0.8660254037844386,0.5000000000000001,-0.7818314824680299,0.6234898018587334,0.0,1.0,1,1,0,0,0,7.0,8.0,14.214285714285714,29.0,False,test
2017-01-01 05:00:00,East,3,20170101053,False,False,0.9659258262890683,0.25881904510252074,-0.7818314824680299,0.6234898018587334,0.0,1.0,1,1,0,0,0,4.0,5.0,14.208333333333334,29.0,False,test
2017-01-01 06:00:00,East,5,20170101063,False,False,1.0,6.123233995736766e-17,-0.7818314824680299,0.6234898018587334,0.0,1.0,1,1,0,0,0,3.0,7.0,14.18452380952381,29.0,False,test
2017-01-01 07:00:00,East,6,20170101073,False,False,0.9659258262890683,-0.25881904510252063,-0.7818314824680299,0.6234898018587334,0.0,1.0,1,1,0,0,0,8.0,7.0,14.19047619047619,29.0,False,test
2017-01-01 08:00:00,East,5,20170101083,False,False,0.8660254037844387,-0.4999999999999998,-0.7818314824680299,0.6234898018587334,0.0,1.0,1,1,0,0,0,8.0,11.0,14.172619047619047,29.0,False,test
2017-01-01 09:00:00,East,10,20170101093,False,False,0.7071067811865476,-0.7071067811865475,-0.7818314824680299,0.6234898018587334,0.0,1.0,1,1,0,0,0,8.0,15.0,14.130952380952381,29.0,False,test
2017-01-01 10:00:00,East,3,20170101103,False,False,0.49999999999999994,-0.8660254037844387,-0.7818314824680299,0.6234898018587334,0.0,1.0,1,1,0,0,0,9.0,12.0,14.113095238095237,29.0,False,test
2017-01-01 11:00:00,East,8,20170101113,False,False,0.258819045102521,-0.9659258262890682,-0.7818314824680299,0.6234898018587334,0.0,1.0,1,1,0,0,0,15.0,21.0,14.077380952380953,29.0,False,test
2017-01-01 12:00:00,East,5,20170101123,False,False,1.2246467991473532e-16,-1.0,-0.7818314824680299,0.6234898018587334,0.0,1.0,1,1,0,0,0,8.0,14.0,14.041666666666666,29.0,False,test
2017-01-01 13:00:00,East,8,20170101133,False,False,-0.2588190451025208,-0.9659258262890683,-0.7818314824680299,0.6234898018587334,0.0,1.0,1,1,0,0,0,9.0,15.0,14.005952380952381,29.0,False,test
2017-01-01 14:00:00,East,9,20170101143,False,False,-0.4999999999999997,-0.8660254037844388,-0.7818314824680299,0.6234898018587334,0.0,1.0,1,1,0,0,0,8.0,15.0,13.964285714285714,29.0,False,test
2017-01-01 15:00:00,East,11,20170101153,False,False,-0.7071067811865471,-0.7071067811865479,-0.7818314824680299,0.6234898018587334,0.0,1.0,1,1,0,0,0,9.0,14.0,13.93452380952381,29.0,False,test
2017-01-01 16:00:00,East,9,20170101163,False,False,-0.8660254037844385,-0.5000000000000004,-0.7818314824680299,0.6234898018587334,0.0,1.0,1,1,0,0,0,11.0,17.0,13.898809523809524,29.0,False,test
2017-01-01 17:00:00,East,8,20170101173,False,False,-0.9659258262890683,-0.25881904510252063,-0.7818314824680299,0.6234898018587334,0.0,1.0,1,1,0,0,0,12.0,19.0,13.857142857142858,29.0,False,test
2017-01-01 18:00:00,East,9,20170101183,False,False,-1.0,-1.8369701987210297e-16,-0.7818314824680299,0.6234898018587334,0.0,1.0,1,1,0,0,0,10.0,26.0,13.761904761904763,29.375,False,test
2017-01-01 19:00:00,East,10,20170101193,False,False,-0.9659258262890684,0.2588190451025203,-0.7818314824680299,0.6234898018587334,0.0,1.0,1,1,0,0,0,12.0,42.0,13.583333333333334,29.375,False,test
2017-01-01 20:00:00,East,15,20170101203,False,False,-0.8660254037844386,0.5000000000000001,-0.7818314824680299,0.6234898018587334,0.0,1.0,1,1,0,0,0,10.0,80.0,13.166666666666666,29.375,False,test
2017-01-01 21:00:00,East,12,20170101213,False,False,-0.7071067811865477,0.7071067811865474,-0.7818314824680299,0.6234898018587334,0.0,1.0,1,1,0,0,0,13.0,64.0,12.863095238095237,29.375,False,test
2017-01-01 22:00:00,East,10,20170101223,False,False,-0.5000000000000004,0.8660254037844384,-0.7818314824680299,0.6234898018587334,0.0,1.0,1,1,0,0,0,8.0,53.0,12.595238095238095,29.375,False,test
2017-01-01 23:00:00,East,12,20170101233,False,False,-0.25881904510252157,0.9659258262890681,-0.7818314824680299,0.6234898018587334,0.0,1.0,1,1,0,0,0,9.0,35.0,12.44047619047619,29.375,False,test
2017-01-02 00:00:00,East,10,20170102003,False,False,0.0,1.0,0.0,1.0,0.0,1.0,0,1,0,0,0,11.0,20.0,12.386904761904763,29.375,False,test
2017-01-02 01:00:00,East,10,20170102013,False,False,0.25881904510252074,0.9659258262890683,0.0,1.0,0.0,1.0,0,1,0,0,0,8.0,11.0,12.369047619047619,29.375,False,test
2017-01-02 02:00:00,East,9,20170102023,False,False,0.49999999999999994,0.8660254037844387,0.0,1.0,0.0,1.0,0,1,0,0,0,6.0,12.0,12.333333333333334,29.0,False,test
2017-01-02 03:00:00,East,6,20170102033,False,False,0.7071067811865476,0.7071067811865476,0.0,1.0,0.0,1.0,0,1,0,0,0,7.0,7.0,12.333333333333334,29.0,False,test
2017-01-02 04:00:00,East,5,20170102043,False,False,0.8660254037844386,0.5000000000000001,0.0,1.0,0.0,1.0,0,1,0,0,0,6.0,6.0,12.333333333333334,29.0,False,test
2017-01-02 05:00:00,East,6,20170102053,False,False,0.9659258262890683,0.25881904510252074,0.0,1.0,0.0,1.0,0,1,0,0,0,3.0,8.0,12.303571428571429,29.375,False,test
2017-01-02 06:00:00,East,5,20170102063,False,False,1.0,6.123233995736766e-17,0.0,1.0,0.0,1.0,0,1,0,0,0,9.0,6.0,12.321428571428571,30.5,False,test
2017-01-02 07:00:00,East,7,20170102073,False,False,0.9659258262890683,-0.25881904510252063,0.0,1.0,0.0,1.0,0,1,0,0,0,9.0,10.0,12.31547619047619,30.5,False,test
2017-01-02 08:00:00,East,7,20170102083,False,False,0.8660254037844387,-0.4999999999999998,0.0,1.0,0.0,1.0,0,1,0,0,0,5.0,13.0,12.267857142857142,30.5,False,test
2017-01-02 09:00:00,East,11,20170102093,False,False,0.7071067811865476,-0.7071067811865475,0.0,1.0,0.0,1.0,0,1,0,0,0,10.0,15.0,12.238095238095237,30.5,False,test
2017-01-02 10:00:00,East,14,20170102103,False,False,0.49999999999999994,-0.8660254037844387,0.0,1.0,0.0,1.0,0,1,0,0,0,14.0,21.0,12.196428571428571,30.5,False,test
2017-01-02 11:00:00,East,18,20170102113,False,False,0.258819045102521,-0.9659258262890682,0.0,1.0,0.0,1.0,0,1,0,0,0,17.0,28.0,12.130952380952381,30.5,False,test
2017-01-02 12:00:00,East,22,20170102123,False,False,1.2246467991473532e-16,-1.0,0.0,1.0,0.0,1.0,0,1,0,0,0,17.0,28.0,12.06547619047619,30.5,False,test
2017-01-02 13:00:00,East,24,20170102133,False,False,-0.2588190451025208,-0.9659258262890683,0.0,1.0,0.0,1.0,0,1,0,0,0,18.0,26.0,12.017857142857142,30.5,False,test
2017-01-02 14:00:00,East,25,20170102143,False,False,-0.4999999999999997,-0.8660254037844388,0.0,1.0,0.0,1.0,0,1,0,0,0,19.0,25.0,11.982142857142858,30.5,False,test
2017-01-02 15:00:00,East,25,20170102153,False,False,-0.7071067811865471,-0.7071067811865479,0.0,1.0,0.0,1.0,0,1,0,0,0,20.0,27.0,11.94047619047619,30.5,False,test
2017-01-02 16:00:00,East,23,20170102163,False,False,-0.8660254037844385,-0.5000000000000004,0.0,1.0,0.0,1.0,0,1,0,0,0,19.0,20.0,11.93452380952381,30.5,False,test
2017-01-02 17:00:00,East,20,20170102173,False,False,-0.9659258262890683,-0.25881904510252063,0.0,1.0,0.0,1.0,0,1,0,0,0,20.0,17.0,11.952380952380953,30.5,False,test
2017-01-02 18:00:00,East,18,20170102183,False,False,-1.0,-1.8369701987210297e-16,0.0,1.0,0.0,1.0,0,1,0,0,0,17.0,24.0,11.910714285714286,30.5,False,test
2017-01-02 19:00:00,East,25,20170102193,False,False,-0.9659258262890684,0.2588190451025203,0.0,1.0,0.0,1.0,0,1,0,0,0,16.0,24.0,11.863095238095237,30.5,False,test
2017-01-02 20:00:00,East,21,20170102203,False,False,-0.8660254037844386,0.5000000000000001,0.0,1.0,0.0,1.0,0,1,0,0,0,14.0,22.0,11.81547619047619,30.5,False,test
2017-01-02 21:00:00,East,24,20170102213,False,False,-0.7071067811865477,0.7071067811865474,0.0,1.0,0.0,1.0,0,1,0,0,0,17.0,22.0,11.785714285714286,30.5,False,test
2017-01-02 22:00:00,East,38,20170102223,True,False,-0.5000000000000004,0.8660254037844384,0.0,1.0,0.0,1.0,0,1,0,0,0,13.0,17.0,11.761904761904763,30.5,True,test
2017-01-02 23:00:00,East,31,20170102233,False,False,-0.25881904510252157,0.9659258262890681,0.0,1.0,0.0,1.0,0,1,0,0,0,16.0,21.0,11.732142857142858,30.5,True,test
2017-01-03 00:00:00,East,21,20170103003,False,False,0.0,1.0,0.7818314824680298,0.6234898018587336,0.0,1.0,0,1,0,0,0,12.0,14.0,11.720238095238095,30.5,False,test
2017-01-03 01:00:00,East,14,20170103013,False,False,0.25881904510252074,0.9659258262890683,0.7818314824680298,0.6234898018587336,0.0,1.0,0,1,0,0,0,11.0,12.0,11.714285714285714,30.5,False,test
2017-01-03 02:00:00,East,11,20170103023,False,False,0.49999999999999994,0.8660254037844387,0.7818314824680298,0.6234898018587336,0.0,1.0,0,1,0,0,0,9.0,9.0,11.714285714285714,30.5,False,test
2017-01-03 03:00:00,East,9,20170103033,False,False,0.7071067811865476,0.7071067811865476,0.7818314824680298,0.6234898018587336,0.0,1.0,0,1,0,0,0,9.0,8.0,11.720238095238095,30.5,False,test
2017-01-03 04:00:00,East,7,20170103043,False,False,0.8660254037844386,0.5000000000000001,0.7818314824680298,0.6234898018587336,0.0,1.0,0,1,0,0,0,9.0,5.0,11.744047619047619,30.5,False,test
2017-01-03 05:00:00,East,8,20170103053,False,False,0.9659258262890683,0.25881904510252074,0.7818314824680298,0.6234898018587336,0.0,1.0,0,1,0,0,0,6.0,7.0,11.738095238095237,30.5,False,test
2017-01-03 06:00:00,East,12,20170103063,False,False,1.0,6.123233995736766e-17,0.7818314824680298,0.6234898018587336,0.0,1.0,0,1,0,0,0,6.0,11.0,11.708333333333334,30.5,False,test
2017-01-03 07:00:00,East,14,20170103073,False,False,0.9659258262890683,-0.25881904510252063,0.7818314824680298,0.6234898018587336,0.0,1.0,0,1,0,0,0,10.0,7.0,11.726190476190476,30.5,False,test
2017-01-03 08:00:00,East,12,20170103083,False,False,0.8660254037844387,-0.4999999999999998,0.7818314824680298,0.6234898018587336,0.0,1.0,0,1,0,0,0,11.0,12.0,11.720238095238095,30.5,False,test
2017-01-03 09:00:00,East,18,20170103093,False,False,0.7071067811865476,-0.7071067811865475,0.7818314824680298,0.6234898018587336,0.0,1.0,0,1,0,0,0,10.0,14.0,11.696428571428571,29.375,False,test
2017-01-03 10:00:00,East,24,20170103103,False,False,0.49999999999999994,-0.8660254037844387,0.7818314824680298,0.6234898018587336,0.0,1.0,0,1,0,0,0,17.0,15.0,11.708333333333334,29.375,False,test
2017-01-03 11:00:00,East,29,20170103113,False,False,0.258819045102521,-0.9659258262890682,0.7818314824680298,0.6234898018587336,0.0,1.0,0,1,0,0,0,19.0,21.0,11.696428571428571,29.375,False,test
2017-01-03 12:00:00,East,32,20170103123,False,False,1.2246467991473532e-16,-1.0,0.7818314824680298,0.6234898018587336,0.0,1.0,0,1,0,0,0,18.0,19.0,11.69047619047619,29.375,True,test
2017-01-03 13:00:00,East,22,20170103133,False,False,-0.2588190451025208,-0.9659258262890683,0.7818314824680298,0.6234898018587336,0.0,1.0,0,1,0,0,0,15.0,21.0,11.654761904761905,29.375,False,test
2017-01-03 14:00:00,East,28,20170103143,False,False,-0.4999999999999997,-0.8660254037844388,0.7818314824680298,0.6234898018587336,0.0,1.0,0,1,0,0,0,17.0,18.0,11.648809523809524,29.375,False,test
2017-01-03 15:00:00,East,29,20170103153,False,False,-0.7071067811865471,-0.7071067811865479,0.7818314824680298,0.6234898018587336,0.0,1.0,0,1,0,0,0,21.0,19.0,11.660714285714286,29.375,False,test
2017-01-03 16:00:00,East,27,20170103163,False,False,-0.8660254037844385,-0.5000000000000004,0.7818314824680298,0.6234898018587336,0.0,1.0,0,1,0,0,0,17.0,18.0,11.654761904761905,29.375,False,test
2017-01-03 17:00:00,East,24,20170103173,False,False,-0.9659258262890683,-0.25881904510252063,0.7818314824680298,0.6234898018587336,0.0,1.0,0,1,0,0,0,18.0,17.0,11.660714285714286,29.375,False,test
2017-01-03 18:00:00,East,23,20170103183,False,False,-1.0,-1.8369701987210297e-16,0.7818314824680298,0.6234898018587336,0.0,1.0,0,1,0,0,0,16.0,22.0,11.625,29.375,False,test
2017-01-03 19:00:00,East,22,20170103193,False,False,-0.9659258262890684,0.2588190451025203,0.7818314824680298,0.6234898018587336,0.0,1.0,0,1,0,0,0,18.0,12.0,11.660714285714286,29.375,False,test
2017-01-03 20:00:00,East,17,20170103203,False,False,-0.8660254037844386,0.5000000000000001,0.7818314824680298,0.6234898018587336,0.0,1.0,0,1,0,0,0,13.0,18.0,11.630952380952381,29.375,False,test
2017-01-03 21:00:00,East,24,20170103213,False,False,-0.7071067811865477,0.7071067811865474,0.7818314824680298,0.6234898018587336,0.0,1.0,0,1,0,0,0,11.0,18.0,11.589285714285714,29.375,False,test
2017-01-03 22:00:00,East,19,20170103223,False,False,-0.5000000000000004,0.8660254037844384,0.7818314824680298,0.6234898018587336,0.0,1.0,0,1,0,0,0,14.0,17.0,11.571428571428571,29.375,False,test
2017-01-03 23:00:00,East,20,20170103233,False,False,-0.25881904510252157,0.9659258262890681,0.7818314824680298,0.6234898018587336,0.0,1.0,0,1,0,0,0,11.0,15.0,11.547619047619047,29.375,False,test
2017-01-04 00:00:00,East,17,20170104003,False,False,0.0,1.0,0.9749279121818236,-0.22252093395631434,0.0,1.0,0,1,0,0,0,12.0,12.0,11.547619047619047,29.375,False,test
2017-01-04 01:00:00,East,12,20170104013,False,False,0.25881904510252074,0.9659258262890683,0.9749279121818236,-0.22252093395631434,0.0,1.0,0,1,0,0,0,10.0,8.0,11.55952380952381,29.375,False,test
2017-01-04 02:00:00,East,10,20170104023,False,False,0.49999999999999994,0.8660254037844387,0.9749279121818236,-0.22252093395631434,0.0,1.0,0,1,0,0,0,7.0,7.0,11.55952380952381,29.375,False,test
2017-01-04 03:00:00,East,10,20170104033,False,False,0.7071067811865476,0.7071067811865476,0.9749279121818236,-0.22252093395631434,0.0,1.0,0,1,0,0,0,6.0,8.0,11.547619047619047,29.375,False,test
2017-01-04 04:00:00,East,12,20170104043,False,False,0.8660254037844386,0.5000000000000001,0.9749279121818236,-0.22252093395631434,0.0,1.0,0,1,0,0,0,4.0,8.0,11.523809523809524,29.0,False,test
2017-01-04 05:00:00,East,5,20170104053,False,False,0.9659258262890683,0.25881904510252074,0.9749279121818236,-0.22252093395631434,0.0,1.0,0,1,0,0,0,7.0,5.0,11.535714285714286,29.0,False,test
2017-01-04 06:00:00,East,9,20170104063,False,False,1.0,6.123233995736766e-17,0.9749279121818236,-0.22252093395631434,0.0,1.0,0,1,0,0,0,8.0,8.0,11.535714285714286,29.0,False,test
2017-01-04 07:00:00,East,11,20170104073,False,False,0.9659258262890683,-0.25881904510252063,0.9749279121818236,-0.22252093395631434,0.0,1.0,0,1,0,0,0,8.0,8.0,11.535714285714286,29.0,False,test
2017-01-04 08:00:00,East,12,20170104083,False,False,0.8660254037844387,-0.4999999999999998,0.9749279121818236,-0.22252093395631434,0.0,1.0,0,1,0,0,0,9.0,12.0,11.517857142857142,29.0,False,test
2017-01-04 09:00:00,East,13,20170104093,False,False,0.7071067811865476,-0.7071067811865475,0.9749279121818236,-0.22252093395631434,0.0,1.0,0,1,0,0,0,12.0,13.0,11.511904761904763,29.0,False,test
2017-01-04 10:00:00,East,19,20170104103,False,False,0.49999999999999994,-0.8660254037844387,0.9749279121818236,-0.22252093395631434,0.0,1.0,0,1,0,0,0,9.0,15.0,11.476190476190476,29.0,False,test
2017-01-04 11:00:00,East,25,20170104113,False,False,0.258819045102521,-0.9659258262890682,0.9749279121818236,-0.22252093395631434,0.0,1.0,0,1,0,0,0,20.0,15.0,11.505952380952381,29.0,False,test
2017-01-04 12:00:00,East,27,20170104123,False,False,1.2246467991473532e-16,-1.0,0.9749279121818236,-0.22252093395631434,0.0,1.0,0,1,0,0,0,17.0,20.0,11.488095238095237,29.0,False,test
2017-01-04 13:00:00,East,29,20170104133,False,False,-0.2588190451025208,-0.9659258262890683,0.9749279121818236,-0.22252093395631434,0.0,1.0,0,1,0,0,0,13.0,15.0,11.476190476190476,29.0,False,test
2017-01-04 14:00:00,East,32,20170104143,False,False,-0.4999999999999997,-0.8660254037844388,0.9749279121818236,-0.22252093395631434,0.0,1.0,0,1,0,0,0,16.0,16.0,11.476190476190476,29.0,True,test
2017-01-04 15:00:00,East,29,20170104153,False,False,-0.7071067811865471,-0.7071067811865479,0.9749279121818236,-0.22252093395631434,0.0,1.0,0,1,0,0,0,20.0,21.0,11.470238095238095,29.0,False,test
2017-01-04 16:00:00,East,27,20170104163,False,False,-0.8660254037844385,-0.5000000000000004,0.9749279121818236,-0.22252093395631434,0.0,1.0,0,1,0,0,0,14.0,17.0,11.452380952380953,29.0,False,test
2017-01-04 17:00:00,East,32,20170104173,False,False,-0.9659258262890683,-0.25881904510252063,0.9749279121818236,-0.22252093395631434,0.0,1.0,0,1,0,0,0,15.0,15.0,11.452380952380953,29.0,True,test
2017-01-04 18:00:00,East,43,20170104183,True,False,-1.0,-1.8369701987210297e-16,0.9749279121818236,-0.22252093395631434,0.0,1.0,0,1,0,0,0,13.0,17.0,11.428571428571429,29.0,True,test
2017-01-04 19:00:00,East,31,20170104193,False,False,-0.9659258262890684,0.2588190451025203,0.9749279121818236,-0.22252093395631434,0.0,1.0,0,1,0,0,0,12.0,15.0,11.410714285714286,29.0,True,test
2017-01-04 20:00:00,East,81,20170104203,True,False,-0.8660254037844386,0.5000000000000001,0.9749279121818236,-0.22252093395631434,0.0,1.0,0,1,0,0,0,17.0,17.0,11.410714285714286,29.0,True,test
2017-01-04 21:00:00,East,47,20170104213,True,False,-0.7071067811865477,0.7071067811865474,0.9749279121818236,-0.22252093395631434,0.0,1.0,0,1,0,0,0,14.0,14.0,11.410714285714286,29.0,True,test
2017-01-04 22:00:00,East,43,20170104223,True,False,-0.5000000000000004,0.8660254037844384,0.9749279121818236,-0.22252093395631434,0.0,1.0,0,1,0,0,0,18.0,18.0,11.410714285714286,29.0,True,test
2017-01-04 23:00:00,East,36,20170104233,True,False,-0.25881904510252157,0.9659258262890681,0.9749279121818236,-0.22252093395631434,0.0,1.0,0,1,0,0,0,18.0,15.0,11.428571428571429,29.0,True,test
2017-01-05 00:00:00,East,24,20170105003,False,False,0.0,1.0,0.43388373911755823,-0.900968867902419,0.0,1.0,0,1,0,0,0,16.0,14.0,11.44047619047619,29.0,False,test
2017-01-05 01:00:00,East,18,20170105013,False,False,0.25881904510252074,0.9659258262890683,0.43388373911755823,-0.900968867902419,0.0,1.0,0,1,0,0,0,9.0,13.0,11.416666666666666,29.0,False,test
2017-01-05 02:00:00,East,15,20170105023,False,False,0.49999999999999994,0.8660254037844387,0.43388373911755823,-0.900968867902419,0.0,1.0,0,1,0,0,0,11.0,9.0,11.428571428571429,29.0,False,test
2017-01-05 03:00:00,East,12,20170105033,False,False,0.7071067811865476,0.7071067811865476,0.43388373911755823,-0.900968867902419,0.0,1.0,0,1,0,0,0,7.0,8.0,11.422619047619047,29.0,False,test
2017-01-05 04:00:00,East,8,20170105043,False,False,0.8660254037844386,0.5000000000000001,0.43388373911755823,-0.900968867902419,0.0,1.0,0,1,0,0,0,9.0,9.0,11.422619047619047,29.0,False,test
2017-01-05 05:00:00,East,8,20170105053,False,False,0.9659258262890683,0.25881904510252074,0.43388373911755823,-0.900968867902419,0.0,1.0,0,1,0,0,0,8.0,6.0,11.43452380952381,29.0,False,test
2017-01-05 06:00:00,East,8,20170105063,False,False,1.0,6.123233995736766e-17,0.43388373911755823,-0.900968867902419,0.0,1.0,0,1,0,0,0,4.0,8.0,11.410714285714286,29.0,False,test
2017-01-05 07:00:00,East,11,20170105073,False,False,0.9659258262890683,-0.25881904510252063,0.43388373911755823,-0.900968867902419,0.0,1.0,0,1,0,0,0,7.0,7.0,11.410714285714286,29.0,False,test
2017-01-05 08:00:00,East,19,20170105083,False,False,0.8660254037844387,-0.4999999999999998,0.43388373911755823,-0.900968867902419,0.0,1.0,0,1,0,0,0,11.0,7.0,11.43452380952381,29.0,False,test
2017-01-05 09:00:00,East,19,20170105093,False,False,0.7071067811865476,-0.7071067811865475,0.43388373911755823,-0.900968867902419,0.0,1.0,0,1,0,0,0,13.0,10.0,11.452380952380953,29.0,False,test
2017-01-05 10:00:00,East,31,20170105103,False,False,0.49999999999999994,-0.8660254037844387,0.43388373911755823,-0.900968867902419,0.0,1.0,0,1,0,0,0,11.0,15.0,11.428571428571429,29.0,True,test
2017-01-05 11:00:00,East,32,20170105113,False,False,0.258819045102521,-0.9659258262890682,0.43388373911755823,-0.900968867902419,0.0,1.0,0,1,0,0,0,12.0,18.0,11.392857142857142,29.0,True,test
2017-01-05 12:00:00,East,35,20170105123,True,False,1.2246467991473532e-16,-1.0,0.43388373911755823,-0.900968867902419,0.0,1.0,0,1,0,0,0,18.0,14.0,11.416666666666666,29.0,True,test
2017-01-05 13:00:00,East,25,20170105133,False,False,-0.2588190451025208,-0.9659258262890683,0.43388373911755823,-0.900968867902419,0.0,1.0,0,1,0,0,0,20.0,15.0,11.446428571428571,29.0,False,test
2017-01-05 14:00:00,East,28,20170105143,False,False,-0.4999999999999997,-0.8660254037844388,0.43388373911755823,-0.900968867902419,0.0,1.0,0,1,0,0,0,16.0,16.0,11.446428571428571,29.0,False,test
2017-01-05 15:00:00,East,31,20170105153,False,False,-0.7071067811865471,-0.7071067811865479,0.43388373911755823,-0.900968867902419,0.0,1.0,0,1,0,0,0,22.0,19.0,11.464285714285714,29.625,True,test
2017-01-05 16:00:00,East,28,20170105163,False,False,-0.8660254037844385,-0.5000000000000004,0.43388373911755823,-0.900968867902419,0.0,1.0,0,1,0,0,0,18.0,17.0,11.470238095238095,31.5,False,test
2017-01-05 17:00:00,East,26,20170105173,False,False,-0.9659258262890683,-0.25881904510252063,0.43388373911755823,-0.900968867902419,0.0,1.0,0,1,0,0,0,19.0,14.0,11.5,31.5,False,test
2017-01-05 18:00:00,East,33,20170105183,False,False,-1.0,-1.8369701987210297e-16,0.43388373911755823,-0.900968867902419,0.0,1.0,0,1,0,0,0,18.0,16.0,11.511904761904763,31.5,True,test
2017-01-05 19:00:00,East,23,20170105193,False,False,-0.9659258262890684,0.2588190451025203,0.43388373911755823,-0.900968867902419,0.0,1.0,0,1,0,0,0,15.0,14.0,11.517857142857142,31.5,False,test
2017-01-05 20:00:00,East,29,20170105203,False,False,-0.8660254037844386,0.5000000000000001,0.43388373911755823,-0.900968867902419,0.0,1.0,0,1,0,0,0,13.0,14.0,11.511904761904763,31.5,False,test
2017-01-05 21:00:00,East,25,20170105213,False,False,-0.7071067811865477,0.7071067811865474,0.43388373911755823,-0.900968867902419,0.0,1.0,0,1,0,0,0,15.0,15.0,11.511904761904763,31.5,False,test
2017-01-05 22:00:00,East,30,20170105223,False,False,-0.5000000000000004,0.8660254037844384,0.43388373911755823,-0.900968867902419,0.0,1.0,0,1,0,0,0,15.0,15.0,11.511904761904763,31.5,False,test
2017-01-05 23:00:00,East,26,20170105233,False,False,-0.25881904510252157,0.9659258262890681,0.43388373911755823,-0.900968867902419,0.0,1.0,0,1,0,0,0,15.0,16.0,11.505952380952381,31.5,False,test
2017-01-06 00:00:00,East,25,20170106003,False,False,0.0,1.0,-0.433883739117558,-0.9009688679024191,0.0,1.0,0,1,0,0,0,11.0,11.0,11.505952380952381,31.5,False,test
2017-01-06 01:00:00,East,15,20170106013,False,False,0.25881904510252074,0.9659258262890683,-0.433883739117558,-0.9009688679024191,0.0,1.0,0,1,0,0,0,9.0,8.0,11.511904761904763,31.5,False,test
2017-01-06 02:00:00,East,12,20170106023,False,False,0.49999999999999994,0.8660254037844387,-0.433883739117558,-0.9009688679024191,0.0,1.0,0,1,0,0,0,7.0,6.0,11.517857142857142,31.5,False,test
2017-01-06 03:00:00,East,11,20170106033,False,False,0.7071067811865476,0.7071067811865476,-0.433883739117558,-0.9009688679024191,0.0,1.0,0,1,0,0,0,11.0,5.0,11.553571428571429,31.5,False,test
2017-01-06 04:00:00,East,9,20170106043,False,False,0.8660254037844386,0.5000000000000001,-0.433883739117558,-0.9009688679024191,0.0,1.0,0,1,0,0,0,4.0,4.0,11.553571428571429,31.5,False,test
2017-01-06 05:00:00,East,10,20170106053,False,False,0.9659258262890683,0.25881904510252074,-0.433883739117558,-0.9009688679024191,0.0,1.0,0,1,0,0,0,6.0,7.0,11.547619047619047,31.5,False,test
2017-01-06 06:00:00,East,9,20170106063,False,False,1.0,6.123233995736766e-17,-0.433883739117558,-0.9009688679024191,0.0,1.0,0,1,0,0,0,7.0,8.0,11.541666666666666,31.5,False,test
2017-01-06 07:00:00,East,11,20170106073,False,False,0.9659258262890683,-0.25881904510252063,-0.433883739117558,-0.9009688679024191,0.0,1.0,0,1,0,0,0,5.0,9.0,11.517857142857142,31.5,False,test
2017-01-06 08:00:00,East,15,20170106083,False,False,0.8660254037844387,-0.4999999999999998,-0.433883739117558,-0.9009688679024191,0.0,1.0,0,1,0,0,0,8.0,7.0,11.523809523809524,31.5,False,test
2017-01-06 09:00:00,East,15,20170106093,False,False,0.7071067811865476,-0.7071067811865475,-0.433883739117558,-0.9009688679024191,0.0,1.0,0,1,0,0,0,14.0,7.0,11.56547619047619,31.5,False,test
2017-01-06 10:00:00,East,17,20170106103,False,False,0.49999999999999994,-0.8660254037844387,-0.433883739117558,-0.9009688679024191,0.0,1.0,0,1,0,0,0,12.0,10.0,11.577380952380953,31.5,False,test
2017-01-06 11:00:00,East,24,20170106113,False,False,0.258819045102521,-0.9659258262890682,-0.433883739117558,-0.9009688679024191,0.0,1.0,0,1,0,0,0,17.0,16.0,11.583333333333334,31.5,False,test
2017-01-06 12:00:00,East,22,20170106123,False,False,1.2246467991473532e-16,-1.0,-0.433883739117558,-0.9009688679024191,0.0,1.0,0,1,0,0,0,19.0,14.0,11.613095238095237,31.5,False,test
2017-01-06 13:00:00,East,20,20170106133,False,False,-0.2588190451025208,-0.9659258262890683,-0.433883739117558,-0.9009688679024191,0.0,1.0,0,1,0,0,0,17.0,14.0,11.630952380952381,31.5,False,test
2017-01-06 14:00:00,East,29,20170106143,False,False,-0.4999999999999997,-0.8660254037844388,-0.433883739117558,-0.9009688679024191,0.0,1.0,0,1,0,0,0,19.0,14.0,11.660714285714286,31.5,False,test
2017-01-06 15:00:00,East,26,20170106153,False,False,-0.7071067811865471,-0.7071067811865479,-0.433883739117558,-0.9009688679024191,0.0,1.0,0,1,0,0,0,17.0,14.0,11.678571428571429,31.5,False,test
2017-01-06 16:00:00,East,19,20170106163,False,False,-0.8660254037844385,-0.5000000000000004,-0.433883739117558,-0.9009688679024191,0.0,1.0,0,1,0,0,0,18.0,16.0,11.69047619047619,31.5,False,test
2017-01-06 17:00:00,East,30,20170106173,False,False,-0.9659258262890683,-0.25881904510252063,-0.433883739117558,-0.9009688679024191,0.0,1.0,0,1,0,0,0,13.0,12.0,11.696428571428571,31.5,False,test
2017-01-06 18:00:00,East,24,20170106183,False,False,-1.0,-1.8369701987210297e-16,-0.433883739117558,-0.9009688679024191,0.0,1.0,0,1,0,0,0,17.0,15.0,11.708333333333334,31.5,False,test
2017-01-06 19:00:00,East,27,20170106193,False,False,-0.9659258262890684,0.2588190451025203,-0.433883739117558,-0.9009688679024191,0.0,1.0,0,1,0,0,0,16.0,12.0,11.732142857142858,31.5,False,test
2017-01-06 20:00:00,East,34,20170106203,False,False,-0.8660254037844386,0.5000000000000001,-0.433883739117558,-0.9009688679024191,0.0,1.0,0,1,0,0,0,12.0,14.0,11.720238095238095,31.5,True,test
2017-01-06 21:00:00,East,39,20170106213,True,False,-0.7071067811865477,0.7071067811865474,-0.433883739117558,-0.9009688679024191,0.0,1.0,0,1,0,0,0,18.0,11.0,11.761904761904763,31.5,True,test
2017-01-06 22:00:00,East,23,20170106223,False,False,-0.5000000000000004,0.8660254037844384,-0.433883739117558,-0.9009688679024191,0.0,1.0,0,1,0,0,0,13.0,10.0,11.779761904761905,31.5,False,test
2017-01-06 23:00:00,East,21,20170106233,False,False,-0.25881904510252157,0.9659258262890681,-0.433883739117558,-0.9009688679024191,0.0,1.0,0,1,0,0,0,13.0,9.0,11.803571428571429,31.5,False,test
2017-01-07 00:00:00,East,18,20170107003,False,False,0.0,1.0,-0.9749279121818236,-0.2225209339563146,0.0,1.0,1,1,0,0,0,16.0,10.0,11.839285714285714,31.5,False,test
2017-01-07 01:00:00,East,12,20170107013,False,False,0.25881904510252074,0.9659258262890683,-0.9749279121818236,-0.2225209339563146,0.0,1.0,1,1,0,0,0,8.0,7.0,11.845238095238095,31.5,False,test
2017-01-07 02:00:00,East,13,20170107023,False,False,0.49999999999999994,0.8660254037844387,-0.9749279121818236,-0.2225209339563146,0.0,1.0,1,1,0,0,0,7.0,7.0,11.845238095238095,31.5,False,test
2017-01-07 03:00:00,East,7,20170107033,False,False,0.7071067811865476,0.7071067811865476,-0.9749279121818236,-0.2225209339563146,0.0,1.0,1,1,0,0,0,5.0,5.0,11.845238095238095,31.5,False,test
2017-01-07 04:00:00,East,8,20170107043,False,False,0.8660254037844386,0.5000000000000001,-0.9749279121818236,-0.2225209339563146,0.0,1.0,1,1,0,0,0,5.0,4.0,11.851190476190476,31.5,False,test
2017-01-07 05:00:00,East,8,20170107053,False,False,0.9659258262890683,0.25881904510252074,-0.9749279121818236,-0.2225209339563146,0.0,1.0,1,1,0,0,0,6.0,3.0,11.869047619047619,31.5,False,test
2017-01-07 06:00:00,East,9,20170107063,False,False,1.0,6.123233995736766e-17,-0.9749279121818236,-0.2225209339563146,0.0,1.0,1,1,0,0,0,5.0,6.0,11.863095238095237,31.5,False,test
2017-01-07 07:00:00,East,8,20170107073,False,False,0.9659258262890683,-0.25881904510252063,-0.9749279121818236,-0.2225209339563146,0.0,1.0,1,1,0,0,0,10.0,8.0,11.875,31.5,False,test
2017-01-07 08:00:00,East,8,20170107083,False,False,0.8660254037844387,-0.4999999999999998,-0.9749279121818236,-0.2225209339563146,0.0,1.0,1,1,0,0,0,7.0,8.0,11.869047619047619,31.5,False,test
2017-01-07 09:00:00,East,15,20170107093,False,False,0.7071067811865476,-0.7071067811865475,-0.9749279121818236,-0.2225209339563146,0.0,1.0,1,1,0,0,0,6.0,6.0,11.869047619047619,31.5,False,test
2017-01-07 10:00:00,East,19,20170107103,False,False,0.49999999999999994,-0.8660254037844387,-0.9749279121818236,-0.2225209339563146,0.0,1.0,1,1,0,0,0,10.0,9.0,11.875,31.5,False,test
2017-01-07 11:00:00,East,18,20170107113,False,False,0.258819045102521,-0.9659258262890682,-0.9749279121818236,-0.2225209339563146,0.0,1.0,1,1,0,0,0,9.0,8.0,11.880952380952381,31.5,False,test
2017-01-07 12:00:00,East,21,20170107123,False,False,1.2246467991473532e-16,-1.0,-0.9749279121818236,-0.2225209339563146,0.0,1.0,1,1,0,0,0,13.0,9.0,11.904761904761905,31.5,False,test
2017-01-07 13:00:00,East,15,20170107133,False,False,-0.2588190451025208,-0.9659258262890683,-0.9749279121818236,-0.2225209339563146,0.0,1.0,1,1,0,0,0,11.0,11.0,11.904761904761905,31.5,False,test
2017-01-07 14:00:00,East,23,20170107143,False,False,-0.4999999999999997,-0.8660254037844388,-0.9749279121818236,-0.2225209339563146,0.0,1.0,1,1,0,0,0,9.0,11.0,11.892857142857142,31.5,False,test
2017-01-07 15:00:00,East,19,20170107153,False,False,-0.7071067811865471,-0.7071067811865479,-0.9749279121818236,-0.2225209339563146,0.0,1.0,1,1,0,0,0,9.0,9.0,11.892857142857142,31.5,False,test
2017-01-07 16:00:00,East,20,20170107163,False,False,-0.8660254037844385,-0.5000000000000004,-0.9749279121818236,-0.2225209339563146,0.0,1.0,1,1,0,0,0,17.0,10.0,11.93452380952381,31.5,False,test
2017-01-07 17:00:00,East,40,20170107173,True,False,-0.9659258262890683,-0.25881904510252063,-0.9749279121818236,-0.2225209339563146,0.0,1.0,1,1,0,0,0,15.0,13.0,11.946428571428571,31.5,True,test
2017-01-07 18:00:00,East,46,20170107183,True,False,-1.0,-1.8369701987210297e-16,-0.9749279121818236,-0.2225209339563146,0.0,1.0,1,1,0,0,0,11.0,11.0,11.946428571428571,31.5,True,test
2017-01-07 19:00:00,East,77,20170107193,True,False,-0.9659258262890684,0.2588190451025203,-0.9749279121818236,-0.2225209339563146,0.0,1.0,1,1,0,0,0,15.0,9.0,11.982142857142858,31.5,True,test
2017-01-07 20:00:00,East,133,20170107203,True,False,-0.8660254037844386,0.5000000000000001,-0.9749279121818236,-0.2225209339563146,0.0,1.0,1,1,0,0,0,7.0,11.0,11.958333333333334,31.5,True,test
2017-01-07 21:00:00,East,125,20170107213,True,False,-0.7071067811865477,0.7071067811865474,-0.9749279121818236,-0.2225209339563146,0.0,1.0,1,1,0,0,0,14.0,14.0,11.958333333333334,31.5,True,test
2017-01-07 22:00:00,East,46,20170107223,True,False,-0.5000000000000004,0.8660254037844384,-0.9749279121818236,-0.2225209339563146,0.0,1.0,1,1,0,0,0,13.0,12.0,11.964285714285714,31.5,True,test
2017-01-07 23:00:00,East,39,20170107233,True,False,-0.25881904510252157,0.9659258262890681,-0.9749279121818236,-0.2225209339563146,0.0,1.0,1,1,0,0,0,10.0,14.0,11.94047619047619,31.5,True,test
2017-01-08 00:00:00,East,26,20170108003,False,False,0.0,1.0,-0.7818314824680299,0.6234898018587334,0.0,1.0,1,1,0,0,0,10.0,9.0,11.946428571428571,32.125,False,test
2017-01-08 01:00:00,East,21,20170108013,False,False,0.25881904510252074,0.9659258262890683,-0.7818314824680299,0.6234898018587334,0.0,1.0,1,1,0,0,0,6.0,9.0,11.928571428571429,34.0,False,test
2017-01-08 02:00:00,East,12,20170108023,False,False,0.49999999999999994,0.8660254037844387,-0.7818314824680299,0.6234898018587334,0.0,1.0,1,1,0,0,0,7.0,8.0,11.922619047619047,34.0,False,test
2017-01-08 03:00:00,East,6,20170108033,False,False,0.7071067811865476,0.7071067811865476,-0.7818314824680299,0.6234898018587334,0.0,1.0,1,1,0,0,0,7.0,8.0,11.916666666666666,34.0,False,test
2017-01-08 04:00:00,East,9,20170108043,False,False,0.8660254037844386,0.5000000000000001,-0.7818314824680299,0.6234898018587334,0.0,1.0,1,1,0,0,0,5.0,7.0,11.904761904761905,34.0,False,test
2017-01-08 05:00:00,East,12,20170108053,False,False,0.9659258262890683,0.25881904510252074,-0.7818314824680299,0.6234898018587334,0.0,1.0,1,1,0,0,0,3.0,4.0,11.898809523809524,34.0,False,test
2017-01-08 06:00:00,East,9,20170108063,False,False,1.0,6.123233995736766e-17,-0.7818314824680299,0.6234898018587334,0.0,1.0,1,1,0,0,0,5.0,3.0,11.910714285714286,34.0,False,test
2017-01-08 07:00:00,East,12,20170108073,False,False,0.9659258262890683,-0.25881904510252063,-0.7818314824680299,0.6234898018587334,0.0,1.0,1,1,0,0,0,6.0,8.0,11.898809523809524,34.0,False,test
2017-01-08 08:00:00,East,16,20170108083,False,False,0.8660254037844387,-0.4999999999999998,-0.7818314824680299,0.6234898018587334,0.0,1.0,1,1,0,0,0,5.0,8.0,11.880952380952381,34.0,False,test
2017-01-08 09:00:00,East,16,20170108093,False,False,0.7071067811865476,-0.7071067811865475,-0.7818314824680299,0.6234898018587334,0.0,1.0,1,1,0,0,0,10.0,8.0,11.892857142857142,34.0,False,test
2017-01-08 10:00:00,East,25,20170108103,False,False,0.49999999999999994,-0.8660254037844387,-0.7818314824680299,0.6234898018587334,0.0,1.0,1,1,0,0,0,3.0,9.0,11.857142857142858,34.0,False,test
2017-01-08 11:00:00,East,16,20170108113,False,False,0.258819045102521,-0.9659258262890682,-0.7818314824680299,0.6234898018587334,0.0,1.0,1,1,0,0,0,8.0,15.0,11.81547619047619,34.0,False,test
2017-01-08 12:00:00,East,17,20170108123,False,False,1.2246467991473532e-16,-1.0,-0.7818314824680299,0.6234898018587334,0.0,1.0,1,1,0,0,0,5.0,8.0,11.797619047619047,34.0,False,test
2017-01-08 13:00:00,East,29,20170108133,False,False,-0.2588190451025208,-0.9659258262890683,-0.7818314824680299,0.6234898018587334,0.0,1.0,1,1,0,0,0,8.0,9.0,11.791666666666666,34.0,False,test
2017-01-08 14:00:00,East,24,20170108143,False,False,-0.4999999999999997,-0.8660254037844388,-0.7818314824680299,0.6234898018587334,0.0,1.0,1,1,0,0,0,9.0,8.0,11.797619047619047,34.0,False,test
2017-01-08 15:00:00,East,25,20170108153,False,False,-0.7071067811865471,-0.7071067811865479,-0.7818314824680299,0.6234898018587334,0.0,1.0,1,1,0,0,0,11.0,9.0,11.80952380952381,34.0,False,test
2017-01-08 16:00:00,East,24,20170108163,False,False,-0.8660254037844385,-0.5000000000000004,-0.7818314824680299,0.6234898018587334,0.0,1.0,1,1,0,0,0,9.0,11.0,11.797619047619047,34.0,False,test
2017-01-08 17:00:00,East,18,20170108173,False,False,-0.9659258262890683,-0.25881904510252063,-0.7818314824680299,0.6234898018587334,0.0,1.0,1,1,0,0,0,8.0,12.0,11.773809523809524,34.0,False,test
2017-01-08 18:00:00,East,19,20170108183,False,False,-1.0,-1.8369701987210297e-16,-0.7818314824680299,0.6234898018587334,0.0,1.0,1,1,0,0,0,9.0,10.0,11.767857142857142,34.0,False,test
2017-01-08 19:00:00,East,22,20170108193,False,False,-0.9659258262890684,0.2588190451025203,-0.7818314824680299,0.6234898018587334,0.0,1.0,1,1,0,0,0,10.0,12.0,11.755952380952381,34.0,False,test
2017-01-08 20:00:00,East,22,20170108203,False,False,-0.8660254037844386,0.5000000000000001,-0.7818314824680299,0.6234898018587334,0.0,1.0,1,1,0,0,0,15.0,10.0,11.785714285714286,34.0,False,test
2017-01-08 21:00:00,East,20,20170108213,False,False,-0.7071067811865477,0.7071067811865474,-0.7818314824680299,0.6234898018587334,0.0,1.0,1,1,0,0,0,12.0,13.0,11.779761904761905,34.0,False,test
2017-01-08 22:00:00,East,20,20170108223,False,False,-0.5000000000000004,0.8660254037844384,-0.7818314824680299,0.6234898018587334,0.0,1.0,1,1,0,0,0,10.0,8.0,11.791666666666666,34.0,False,test
2017-01-08 23:00:00,East,19,20170108233,False,False,-0.25881904510252157,0.9659258262890681,-0.7818314824680299,0.6234898018587334,0.0,1.0,1,1,0,0,0,12.0,9.0,11.80952380952381,34.0,False,test
2016-12-19 00:00:00,North,44,20161219001,False,False,0.0,1.0,0.0,1.0,-0.5000000000000004,0.8660254037844384,0,0,1,0,0,47.0,51.0,58.220238095238095,121.0,False,train
2016-12-19 01:00:00,North,38,20161219011,False,False,0.25881904510252074,0.9659258262890683,0.0,1.0,-0.5000000000000004,0.8660254037844384,0,0,1,0,0,41.0,51.0,58.160714285714285,121.0,False,train
2016-12-19 02:00:00,North,34,20161219021,False,False,0.49999999999999994,0.8660254037844387,0.0,1.0,-0.5000000000000004,0.8660254037844384,0,0,1,0,0,37.0,41.0,58.13690476190476,121.0,False,train
2016-12-19 03:00:00,North,33,20161219031,False,False,0.7071067811865476,0.7071067811865476,0.0,1.0,-0.5000000000000004,0.8660254037844384,0,0,1,0,0,34.0,43.0,58.083333333333336,121.0,False,train
2016-12-19 04:00:00,North,29,20161219041,False,False,0.8660254037844386,0.5000000000000001,0.0,1.0,-0.5000000000000004,0.8660254037844384,0,0,1,0,0,29.0,39.0,58.023809523809526,121.0,False,train
2016-12-19 05:00:00,North,28,20161219051,False,False,0.9659258262890683,0.25881904510252074,0.0,1.0,-0.5000000000000004,0.8660254037844384,0,0,1,0,0,34.0,32.0,58.035714285714285,121.0,False,train
2016-12-19 06:00:00,North,30,20161219061,False,False,1.0,6.123233995736766e-17,0.0,1.0,-0.5000000000000004,0.8660254037844384,0,0,1,0,0,33.0,35.0,58.023809523809526,121.0,False,train
2016-12-19 07:00:00,North,35,20161219071,False,False,0.9659258262890683,-0.25881904510252063,0.0,1.0,-0.5000000000000004,0.8660254037844384,0,0,1,0,0,37.0,44.0,57.982142857142854,121.0,False,train
2016-12-19 08:00:00,North,41,20161219081,False,False,0.8660254037844387,-0.4999999999999998,0.0,1.0,-0.5000000000000004,0.8660254037844384,0,0,1,0,0,40.0,42.0,57.970238095238095,121.0,False,train
2016-12-19 09:00:00,North,45,20161219091,False,False,0.7071067811865476,-0.7071067811865475,0.0,1.0,-0.5000000000000004,0.8660254037844384,0,0,1,0,0,46.0,54.0,57.92261904761905,121.0,False,train
2016-12-19 10:00:00,North,65,20161219101,False,False,0.49999999999999994,-0.8660254037844387,0.0,1.0,-0.5000000000000004,0.8660254037844384,0,0,1,0,0,61.0,70.0,57.86904761904762,121.0,False,train
2016-12-19 11:00:00,North,79,20161219111,False,False,0.258819045102521,-0.9659258262890682,0.0,1.0,-0.5000000000000004,0.8660254037844384,0,0,1,0,0,70.0,91.0,57.74404761904762,121.0,False,train
2016-12-19 12:00:00,North,91,20161219121,False,False,1.2246467991473532e-16,-1.0,0.0,1.0,-0.5000000000000004,0.8660254037844384,0,0,1,0,0,68.0,88.0,57.625,121.0,False,train
2016-12-19 13:00:00,North,84,20161219131,False,False,-0.2588190451025208,-0.9659258262890683,0.0,1.0,-0.5000000000000004,0.8660254037844384,0,0,1,0,0,68.0,78.0,57.56547619047619,121.0,False,train
2016-12-19 14:00:00,North,85,20161219141,False,False,-0.4999999999999997,-0.8660254037844388,0.0,1.0,-0.5000000000000004,0.8660254037844384,0,0,1,0,0,75.0,83.0,57.517857142857146,121.0,False,train
2016-12-19 15:00:00,North,88,20161219151,False,False,-0.7071067811865471,-0.7071067811865479,0.0,1.0,-0.5000000000000004,0.8660254037844384,0,0,1,0,0,76.0,77.0,57.51190476190476,121.0,False,train
2016-12-19 16:00:00,North,76,20161219161,False,False,-0.8660254037844385,-0.5000000000000004,0.0,1.0,-0.5000000000000004,0.8660254037844384,0,0,1,0,0,70.0,75.0,57.482142857142854,121.0,False,train
2016-12-19 17:00:00,North,71,20161219171,False,False,-0.9659258262890683,-0.25881904510252063,0.0,1.0,-0.5000000000000004,0.8660254037844384,0,0,1,0,0,67.0,72.0,57.45238095238095,121.0,False,train
2016-12-19 18:00:00,North,79,20161219181,False,False,-1.0,-1.8369701987210297e-16,0.0,1.0,-0.5000000000000004,0.8660254037844384,0,0,1,0,0,77.0,83.0,57.416666666666664,121.0,False,train
2016-12-19 19:00:00,North,80,20161219191,False,False,-0.9659258262890684,0.2588190451025203,0.0,1.0,-0.5000000000000004,0.8660254037844384,0,0,1,0,0,80.0,83.0,57.398809523809526,121.0,False,train
2016-12-19 20:00:00,North,81,20161219201,False,False,-0.8660254037844386,0.5000000000000001,0.0,1.0,-0.5000000000000004,0.8660254037844384,0,0,1,0,0,79.0,88.0,57.345238095238095,121.0,False,train
2016-12-19 21:00:00,North,75,20161219211,False,False,-0.7071067811865477,0.7071067811865474,0.0,1.0,-0.5000000000000004,0.8660254037844384,0,0,1,0,0,82.0,81.0,57.351190476190474,121.0,False,train
2016-12-19 22:00:00,North,70,20161219221,False,False,-0.5000000000000004,0.8660254037844384,0.0,1.0,-0.5000000000000004,0.8660254037844384,0,0,1,0,0,78.0,77.0,57.357142857142854,121.0,False,train
2016-12-19 23:00:00,North,72,20161219231,False,False,-0.25881904510252157,0.9659258262890681,0.0,1.0,-0.5000000000000004,0.8660254037844384,0,0,1,0,0,72.0,74.0,57.345238095238095,121.0,False,train
2016-12-20 00:00:00,North,65,20161220001,False,False,0.0,1.0,0.7818314824680298,0.6234898018587336,-0.5000000000000004,0.8660254037844384,0,0,1,0,0,60.0,64.0,57.32142857142857,121.0,False,train
2016-12-20 01:00:00,North,39,20161220011,False,False,0.25881904510252074,0.9659258262890683,0.7818314824680298,0.6234898018587336,-0.5000000000000004,0.8660254037844384,0,0,1,0,0,56.0,55.0,57.32738095238095,121.0,False,train
2016-12-20 02:00:00,North,40,20161220021,False,False,0.49999999999999994,0.8660254037844387,0.7818314824680298,0.6234898018587336,-0.5000000000000004,0.8660254037844384,0,0,1,0,0,50.0,58.0,57.279761904761905,121.0,False,train
2016-12-20 03:00:00,North,43,20161220031,False,False,0.7071067811865476,0.7071067811865476,0.7818314824680298,0.6234898018587336,-0.5000000000000004,0.8660254037844384,0,0,1,0,0,45.0,50.0,57.25,121.0,False,train
2016-12-20 04:00:00,North,37,20161220041,False,False,0.8660254037844386,0.5000000000000001,0.7818314824680298,0.6234898018587336,-0.5000000000000004,0.8660254037844384,0,0,1,0,0,42.0,45.0,57.232142857142854,121.0,False,train
2016-12-20 05:00:00,North,35,20161220051,False,False,0.9659258262890683,0.25881904510252074,0.7818314824680298,0.6234898018587336,-0.5000000000000004,0.8660254037844384,0,0,1,0,0,35.0,37.0,57.220238095238095,121.0,False,train
2016-12-20 06:00:00,North,39,20161220061,False,False,1.0,6.123233995736766e-17,0.7818314824680298,0.6234898018587336,-0.5000000000000004,0.8660254037844384,0,0,1,0,0,37.0,37.0,57.220238095238095,121.0,False,train
2016-12-20 07:00:00,North,40,20161220071,False,False,0.9659258262890683,-0.25881904510252063,0.7818314824680298,0.6234898018587336,-0.5000000000000004,0.8660254037844384,0,0,1,0,0,42.0,45.0,57.20238095238095,121.0,False,train
2016-12-20 08:00:00,North,45,20161220081,False,False,0.8660254037844387,-0.4999999999999998,0.7818314824680298,0.6234898018587336,-0.5000000000000004,0.8660254037844384,0,0,1,0,0,43.0,50.0,57.160714285714285,121.0,False,train
2016-12-20 09:00:00,North,51,20161220091,False,False,0.7071067811865476,-0.7071067811865475,0.7818314824680298,0.6234898018587336,-0.5000000000000004,0.8660254037844384,0,0,1,0,0,47.0,52.0,57.13095238095238,121.0,False,train
2016-12-20 10:00:00,North,63,20161220101,False,False,0.49999999999999994,-0.8660254037844387,0.7818314824680298,0.6234898018587336,-0.5000000000000004,0.8660254037844384,0,0,1,0,0,63.0,66.0,57.11309523809524,121.0,False,train
2016-12-20 11:00:00,North,71,20161220111,False,False,0.258819045102521,-0.9659258262890682,0.7818314824680298,0.6234898018587336,-0.5000000000000004,0.8660254037844384,0,0,1,0,0,77.0,72.0,57.142857142857146,121.0,False,train
2016-12-20 12:00:00,North,76,20161220121,False,False,1.2246467991473532e-16,-1.0,0.7818314824680298,0.6234898018587336,-0.5000000000000004,0.8660254037844384,0,0,1,0,0,82.0,73.0,57.19642857142857,121.0,False,train
2016-12-20 13:00:00,North,66,20161220131,False,False,-0.2588190451025208,-0.9659258262890683,0.7818314824680298,0.6234898018587336,-0.5000000000000004,0.8660254037844384,0,0,1,0,0,74.0,68.0,57.232142857142854,121.0,False,train
2016-12-20 14:00:00,North,71,20161220141,False,False,-0.4999999999999997,-0.8660254037844388,0.7818314824680298,0.6234898018587336,-0.5000000000000004,0.8660254037844384,0,0,1,0,0,81.0,72.0,57.285714285714285,121.0,False,train
2016-12-20 15:00:00,North,74,20161220151,False,False,-0.7071067811865471,-0.7071067811865479,0.7818314824680298,0.6234898018587336,-0.5000000000000004,0.8660254037844384,0,0,1,0,0,78.0,79.0,57.279761904761905,121.0,False,train
2016-12-20 16:00:00,North,73,20161220161,False,False,-0.8660254037844385,-0.5000000000000004,0.7818314824680298,0.6234898018587336,-0.5000000000000004,0.8660254037844384,0,0,1,0,0,71.0,71.0,57.279761904761905,121.0,False,train
2016-12-20 17:00:00,North,70,20161220171,False,False,-0.9659258262890683,-0.25881904510252063,0.7818314824680298,0.6234898018587336,-0.5000000000000004,0.8660254037844384,0,0,1,0,0,76.0,70.0,57.31547619047619,121.0,False,train
2016-12-20 18:00:00,North,73,20161220181,False,False,-1.0,-1.8369701987210297e-16,0.7818314824680298,0.6234898018587336,-0.5000000000000004,0.8660254037844384,0,0,1,0,0,76.0,76.0,57.31547619047619,121.0,False,train
2016-12-20 19:00:00,North,69,20161220191,False,False,-0.9659258262890684,0.2588190451025203,0.7818314824680298,0.6234898018587336,-0.5000000000000004,0.8660254037844384,0,0,1,0,0,80.0,88.0,57.267857142857146,121.0,False,train
2016-12-20 20:00:00,North,70,20161220201,False,False,-0.8660254037844386,0.5000000000000001,0.7818314824680298,0.6234898018587336,-0.5000000000000004,0.8660254037844384,0,0,1,0,0,80.0,80.0,57.267857142857146,121.0,False,train
2016-12-20 21:00:00,North,75,20161220211,False,False,-0.7071067811865477,0.7071067811865474,0.7818314824680298,0.6234898018587336,-0.5000000000000004,0.8660254037844384,0,0,1,0,0,80.0,83.0,57.25,121.0,False,train
2016-12-20 22:00:00,North,71,20161220221,False,False,-0.5000000000000004,0.8660254037844384,0.7818314824680298,0.6234898018587336,-0.5000000000000004,0.8660254037844384,0,0,1,0,0,81.0,75.0,57.285714285714285,121.0,False,train
2016-12-20 23:00:00,North,62,20161220231,False,False,-0.25881904510252157,0.9659258262890681,0.7818314824680298,0.6234898018587336,-0.5000000000000004,0.8660254037844384,0,0,1,0,0,69.0,68.0,57.291666666666664,121.0,False,train
2016-12-21 00:00:00,North,59,20161221001,False,False,0.0,1.0,0.9749279121818236,-0.22252093395631434,-0.5000000000000004,0.8660254037844384,0,0,1,0,0,62.0,64.0,57.279761904761905,121.0,False,train
2016-12-21 01:00:00,North,52,20161221011,False,False,0.25881904510252074,0.9659258262890683,0.9749279121818236,-0.22252093395631434,-0.5000000000000004,0.8660254037844384,0,0,1,0,0,54.0,56.0,57.267857142857146,121.0,False,train
2016-12-21 02:00:00,North,48,20161221021,False,False,0.49999999999999994,0.8660254037844387,0.9749279121818236,-0.22252093395631434,-0.5000000000000004,0.8660254037844384,0,0,1,0,0,50.0,50.0,57.267857142857146,121.0,False,train
2016-12-21 03:00:00,North,41,20161221031,False,False,0.7071067811865476,0.7071067811865476,0.9749279121818236,-0.22252093395631434,-0.5000000000000004,0.8660254037844384,0,0,1,0,0,48.0,51.0,57.25,121.0,False,train
2016-12-21 04:00:00,North,37,20161221041,False,False,0.8660254037844386,0.5000000000000001,0.9749279121818236,-0.22252093395631434,-0.5000000000000004,0.8660254037844384,0,0,1,0,0,37.0,41.0,57.226190476190474,121.0,False,train
2016-12-21 05:00:00,North,35,20161221051,False,False,0.9659258262890683,0.25881904510252074,0.9749279121818236,-0.22252093395631434,-0.5000000000000004,0.8660254037844384,0,0,1,0,0,34.0,39.0,57.19642857142857,121.0,False,train
2016-12-21 06:00:00,North,33,20161221061,False,False,1.0,6.123233995736766e-17,0.9749279121818236,-0.22252093395631434,-0.5000000000000004,0.8660254037844384,0,0,1,0,0,36.0,37.0,57.19047619047619,121.0,False,train
2016-12-21 07:00:00,North,38,20161221071,False,False,0.9659258262890683,-0.25881904510252063,0.9749279121818236,-0.22252093395631434,-0.5000000000000004,0.8660254037844384,0,0,1,0,0,40.0,41.0,57.18452380952381,121.0,False,train
2016-12-21 08:00:00,North,44,20161221081,False,False,0.8660254037844387,-0.4999999999999998,0.9749279121818236,-0.22252093395631434,-0.5000000000000004,0.8660254037844384,0,0,1,0,0,41.0,50.0,57.13095238095238,121.0,False,train
2016-12-21 09:00:00,North,50,20161221091,False,False,0.7071067811865476,-0.7071067811865475,0.9749279121818236,-0.22252093395631434,-0.5000000000000004,0.8660254037844384,0,0,1,0,0,52.0,56.0,57.107142857142854,121.0,False,train
2016-12-21 10:00:00,North,61,20161221101,False,False,0.49999999999999994,-0.8660254037844387,0.9749279121818236,-0.22252093395631434,-0.5000000000000004,0.8660254037844384,0,0,1,0,0,65.0,66.0,57.101190476190474,121.0,False,train
2016-12-21 11:00:00,North,76,20161221111,False,False,0.258819045102521,-0.9659258262890682,0.9749279121818236,-0.22252093395631434,-0.5000000000000004,0.8660254037844384,0,0,1,0,0,74.0,85.0,57.035714285714285,121.0,False,train
2016-12-21 12:00:00,North,82,20161221121,False,False,1.2246467991473532e-16,-1.0,0.9749279121818236,-0.22252093395631434,-0.5000000000000004,0.8660254037844384,0,0,1,0,0,72.0,85.0,56.958333333333336,121.0,False,train
2016-12-21 13:00:00,North,76,20161221131,False,False,-0.2588190451025208,-0.9659258262890683,0.9749279121818236,-0.22252093395631434,-0.5000000000000004,0.8660254037844384,0,0,1,0,0,70.0,72.0,56.94642857142857,121.0,False,train
2016-12-21 14:00:00,North,78,20161221141,False,False,-0.4999999999999997,-0.8660254037844388,0.9749279121818236,-0.22252093395631434,-0.5000000000000004,0.8660254037844384,0,0,1,0,0,77.0,79.0,56.93452380952381,121.0,False,train
2016-12-21 15:00:00,North,79,20161221151,False,False,-0.7071067811865471,-0.7071067811865479,0.9749279121818236,-0.22252093395631434,-0.5000000000000004,0.8660254037844384,0,0,1,0,0,72.0,80.0,56.88690476190476,121.0,False,train
2016-12-21 16:00:00,North,72,20161221161,False,False,-0.8660254037844385,-0.5000000000000004,0.9749279121818236,-0.22252093395631434,-0.5000000000000004,0.8660254037844384,0,0,1,0,0,71.0,84.0,56.80952380952381,121.0,False,train
2016-12-21 17:00:00,North,70,20161221171,False,False,-0.9659258262890683,-0.25881904510252063,0.9749279121818236,-0.22252093395631434,-0.5000000000000004,0.8660254037844384,0,0,1,0,0,69.0,77.0,56.76190476190476,121.0,False,train
2016-12-21 18:00:00,North,79,20161221181,False,False,-1.0,-1.8369701987210297e-16,0.9749279121818236,-0.22252093395631434,-0.5000000000000004,0.8660254037844384,0,0,1,0,0,84.0,93.0,56.708333333333336,121.0,False,train
2016-12-21 19:00:00,North,79,20161221191,False,False,-0.9659258262890684,0.2588190451025203,0.9749279121818236,-0.22252093395631434,-0.5000000000000004,0.8660254037844384,0,0,1,0,0,81.0,89.0,56.660714285714285,121.0,False,train
2016-12-21 20:00:00,North,79,20161221201,False,False,-0.8660254037844386,0.5000000000000001,0.9749279121818236,-0.22252093395631434,-0.5000000000000004,0.8660254037844384,0,0,1,0,0,86.0,89.0,56.642857142857146,121.0,False,train
2016-12-21 21:00:00,North,83,20161221211,False,False,-0.7071067811865477,0.7071067811865474,0.9749279121818236,-0.22252093395631434,-0.5000000000000004,0.8660254037844384,0,0,1,0,0,83.0,85.0,56.63095238095238,121.0,False,train
2016-12-21 22:00:00,North,75,20161221221,False,False,-0.5000000000000004,0.8660254037844384,0.9749279121818236,-0.22252093395631434,-0.5000000000000004,0.8660254037844384,0,0,1,0,0,82.0,78.0,56.654761904761905,121.0,False,train
2016-12-21 23:00:00,North,69,20161221231,False,False,-0.25881904510252157,0.9659258262890681,0.9749279121818236,-0.22252093395631434,-0.5000000000000004,0.8660254037844384,0,0,1,0,0,72.0,73.0,56.648809523809526,121.0,False,train
2016-12-22 00:00:00,North,62,20161222001,False,False,0.0,1.0,0.43388373911755823,-0.900968867902419,-0.5000000000000004,0.8660254037844384,0,0,1,0,0,63.0,66.0,56.63095238095238,121.0,False,train
2016-12-22 01:00:00,North,51,20161222011,False,False,0.25881904510252074,0.9659258262890683,0.43388373911755823,-0.900968867902419,-0.5000000000000004,0.8660254037844384,0,0,1,0,0,56.0,60.0,56.607142857142854,121.0,False,train
2016-12-22 02:00:00,North,44,20161222021,False,False,0.49999999999999994,0.8660254037844387,0.43388373911755823,-0.900968867902419,-0.5000000000000004,0.8660254037844384,0,0,1,0,0,49.0,51.0,56.595238095238095,121.0,False,train
2016-12-22 03:00:00,North,40,20161222031,False,False,0.7071067811865476,0.7071067811865476,0.43388373911755823,-0.900968867902419,-0.5000000000000004,0.8660254037844384,0,0,1,0,0,42.0,42.0,56.595238095238095,121.0,False,train
2016-12-22 04:00:00,North,34,20161222041,False,False,0.8660254037844386,0.5000000000000001,0.43388373911755823,-0.900968867902419,-0.5000000000000004,0.8660254037844384,0,0,1,0,0,41.0,40.0,56.601190476190474,121.0,False,train
2016-12-22 05:00:00,North,30,20161222051,False,False,0.9659258262890683,0.25881904510252074,0.43388373911755823,-0.900968867902419,-0.5000000000000004,0.8660254037844384,0,0,1,0,0,38.0,35.0,56.61904761904762,121.0,False,train
2016-12-22 06:00:00,North,33,20161222061,False,False,1.0,6.123233995736766e-17,0.43388373911755823,-0.900968867902419,-0.5000000000000004,0.8660254037844384,0,0,1,0,0,37.0,37.0,56.61904761904762,121.0,False,train
2016-12-22 07:00:00,North,39,20161222071,False,False,0.9659258262890683,-0.25881904510252063,0.43388373911755823,-0.900968867902419,-0.5000000000000004,0.8660254037844384,0,0,1,0,0,41.0,42.0,56.61309523809524,121.0,False,train
2016-12-22 08:00:00,North,45,20161222081,False,False,0.8660254037844387,-0.4999999999999998,0.43388373911755823,-0.900968867902419,-0.5000000000000004,0.8660254037844384,0,0,1,0,0,46.0,47.0,56.607142857142854,121.0,False,train
2016-12-22 09:00:00,North,51,20161222091,False,False,0.7071067811865476,-0.7071067811865475,0.43388373911755823,-0.900968867902419,-0.5000000000000004,0.8660254037844384,0,0,1,0,0,58.0,58.0,56.607142857142854,121.0,False,train
2016-12-22 10:00:00,North,57,20161222101,False,False,0.49999999999999994,-0.8660254037844387,0.43388373911755823,-0.900968867902419,-0.5000000000000004,0.8660254037844384,0,0,1,0,0,76.0,68.0,56.654761904761905,121.0,False,train
2016-12-22 11:00:00,North,67,20161222111,False,False,0.258819045102521,-0.9659258262890682,0.43388373911755823,-0.900968867902419,-0.5000000000000004,0.8660254037844384,0,0,1,0,0,78.0,79.0,56.648809523809526,121.0,False,train
2016-12-22 12:00:00,North,69,20161222121,False,False,1.2246467991473532e-16,-1.0,0.43388373911755823,-0.900968867902419,-0.5000000000000004,0.8660254037844384,0,0,1,0,0,77.0,83.0,56.61309523809524,121.0,False,train
2016-12-22 13:00:00,North,61,20161222131,False,False,-0.2588190451025208,-0.9659258262890683,0.43388373911755823,-0.900968867902419,-0.5000000000000004,0.8660254037844384,0,0,1,0,0,73.0,74.0,56.607142857142854,121.0,False,train
2016-12-22 14:00:00,North,67,20161222141,False,False,-0.4999999999999997,-0.8660254037844388,0.43388373911755823,-0.900968867902419,-0.5000000000000004,0.8660254037844384,0,0,1,0,0,78.0,83.0,56.57738095238095,121.0,False,train
2016-12-22 15:00:00,North,69,20161222151,False,False,-0.7071067811865471,-0.7071067811865479,0.43388373911755823,-0.900968867902419,-0.5000000000000004,0.8660254037844384,0,0,1,0,0,75.0,81.0,56.541666666666664,121.0,False,train
2016-12-22 16:00:00,North,62,20161222161,False,False,-0.8660254037844385,-0.5000000000000004,0.43388373911755823,-0.900968867902419,-0.5000000000000004,0.8660254037844384,0,0,1,0,0,70.0,73.0,56.523809523809526,121.0,False,train
2016-12-22 17:00:00,North,64,20161222171,False,False,-0.9659258262890683,-0.25881904510252063,0.43388373911755823,-0.900968867902419,-0.5000000000000004,0.8660254037844384,0,0,1,0,0,67.0,70.0,56.50595238095238,121.0,False,train
2016-12-22 18:00:00,North,60,20161222181,False,False,-1.0,-1.8369701987210297e-16,0.43388373911755823,-0.900968867902419,-0.5000000000000004,0.8660254037844384,0,0,1,0,0,70.0,78.0,56.458333333333336,121.0,False,train
2016-12-22 19:00:00,North,61,20161222191,False,False,-0.9659258262890684,0.2588190451025203,0.43388373911755823,-0.900968867902419,-0.5000000000000004,0.8660254037844384,0,0,1,0,0,75.0,80.0,56.42857142857143,121.0,False,train
2016-12-22 20:00:00,North,64,20161222201,False,False,-0.8660254037844386,0.5000000000000001,0.43388373911755823,-0.900968867902419,-0.5000000000000004,0.8660254037844384,0,0,1,0,0,82.0,75.0,56.470238095238095,121.0,False,train
2016-12-22 21:00:00,North,62,20161222211,False,False,-0.7071067811865477,0.7071067811865474,0.43388373911755823,-0.900968867902419,-0.5000000000000004,0.8660254037844384,0,0,1,0,0,75.0,74.0,56.476190476190474,121.0,False,train
2016-12-22 22:00:00,North,62,20161222221,False,False,-0.5000000000000004,0.8660254037844384,0.43388373911755823,-0.900968867902419,-0.5000000000000004,0.8660254037844384,0,0,1,0,0,71.0,72.0,56.470238095238095,121.0,False,train
2016-12-22 23:00:00,North,58,20161222231,False,False,-0.25881904510252157,0.9659258262890681,0.43388373911755823,-0.900968867902419,-0.5000000000000004,0.8660254037844384,0,0,1,0,0,71.0,69.0,56.482142857142854,121.0,False,train
2016-12-23 00:00:00,North,46,20161223001,False,False,0.0,1.0,-0.433883739117558,-0.9009688679024191,-0.5000000000000004,0.8660254037844384,0,0,1,0,0,62.0,60.0,56.49404761904762,121.0,False,train
2016-12-23 01:00:00,North,40,20161223011,False,False,0.25881904510252074,0.9659258262890683,-0.433883739117558,-0.9009688679024191,-0.5000000000000004,0.8660254037844384,0,0,1,0,0,45.0,58.0,56.416666666666664,121.0,False,train
2016-12-23 02:00:00,North,39,20161223021,False,False,0.49999999999999994,0.8660254037844387,-0.433883739117558,-0.9009688679024191,-0.5000000000000004,0.8660254037844384,0,0,1,0,0,44.0,51.0,56.375,121.0,False,train
2016-12-23 03:00:00,North,33,20161223031,False,False,0.7071067811865476,0.7071067811865476,-0.433883739117558,-0.9009688679024191,-0.5000000000000004,0.8660254037844384,0,0,1,0,0,44.0,46.0,56.36309523809524,121.0,False,train
2016-12-23 04:00:00,North,27,20161223041,False,False,0.8660254037844386,0.5000000000000001,-0.433883739117558,-0.9009688679024191,-0.5000000000000004,0.8660254037844384,0,0,1,0,0,32.0,39.0,56.32142857142857,121.0,False,train
2016-12-23 05:00:00,North,26,20161223051,False,False,0.9659258262890683,0.25881904510252074,-0.433883739117558,-0.9009688679024191,-0.5000000000000004,0.8660254037844384,0,0,1,0,0,31.0,35.0,56.29761904761905,121.0,False,train
2016-12-23 06:00:00,North,31,20161223061,False,False,1.0,6.123233995736766e-17,-0.433883739117558,-0.9009688679024191,-0.5000000000000004,0.8660254037844384,0,0,1,0,0,35.0,37.0,56.285714285714285,121.0,False,train
2016-12-23 07:00:00,North,33,20161223071,False,False,0.9659258262890683,-0.25881904510252063,-0.433883739117558,-0.9009688679024191,-0.5000000000000004,0.8660254037844384,0,0,1,0,0,35.0,44.0,56.232142857142854,121.0,False,train
2016-12-23 08:00:00,North,38,20161223081,False,False,0.8660254037844387,-0.4999999999999998,-0.433883739117558,-0.9009688679024191,-0.5000000000000004,0.8660254037844384,0,0,1,0,0,41.0,39.0,56.24404761904762,121.0,False,train
2016-12-23 09:00:00,North,40,20161223091,False,False,0.7071067811865476,-0.7071067811865475,-0.433883739117558,-0.9009688679024191,-0.5000000000000004,0.8660254037844384,0,0,1,0,0,46.0,48.0,56.232142857142854,121.0,False,train
2016-12-23 10:00:00,North,51,20161223101,False,False,0.49999999999999994,-0.8660254037844387,-0.433883739117558,-0.9009688679024191,-0.5000000000000004,0.8660254037844384,0,0,1,0,0,59.0,59.0,56.232142857142854,121.0,False,train
2016-12-23 11:00:00,North,54,20161223111,False,False,0.258819045102521,-0.9659258262890682,-0.433883739117558,-0.9009688679024191,-0.5000000000000004,0.8660254037844384,0,0,1,0,0,69.0,81.0,56.160714285714285,121.0,False,train
2016-12-23 12:00:00,North,62,20161223121,False,False,1.2246467991473532e-16,-1.0,-0.433883739117558,-0.9009688679024191,-0.5000000000000004,0.8660254037844384,0,0,1,0,0,78.0,84.0,56.125,121.0,False,train
2016-12-23 13:00:00,North,54,20161223131,False,False,-0.2588190451025208,-0.9659258262890683,-0.433883739117558,-0.9009688679024191,-0.5000000000000004,0.8660254037844384,0,0,1,0,0,68.0,74.0,56.089285714285715,121.0,False,train
2016-12-23 14:00:00,North,61,20161223141,False,False,-0.4999999999999997,-0.8660254037844388,-0.433883739117558,-0.9009688679024191,-0.5000000000000004,0.8660254037844384,0,0,1,0,0,73.0,79.0,56.05357142857143,121.0,False,train
2016-12-23 15:00:00,North,54,20161223151,False,False,-0.7071067811865471,-0.7071067811865479,-0.433883739117558,-0.9009688679024191,-0.5000000000000004,0.8660254037844384,0,0,1,0,0,74.0,82.0,56.00595238095238,121.0,False,train
2016-12-23 16:00:00,North,53,20161223161,False,False,-0.8660254037844385,-0.5000000000000004,-0.433883739117558,-0.9009688679024191,-0.5000000000000004,0.8660254037844384,0,0,1,0,0,68.0,76.0,55.958333333333336,121.0,False,train
2016-12-23 17:00:00,North,54,20161223171,False,False,-0.9659258262890683,-0.25881904510252063,-0.433883739117558,-0.9009688679024191,-0.5000000000000004,0.8660254037844384,0,0,1,0,0,64.0,71.0,55.916666666666664,121.0,False,train
2016-12-23 18:00:00,North,57,20161223181,False,False,-1.0,-1.8369701987210297e-16,-0.433883739117558,-0.9009688679024191,-0.5000000000000004,0.8660254037844384,0,0,1,0,0,67.0,79.0,55.845238095238095,121.0,False,train
2016-12-23 19:00:00,North,56,20161223191,False,False,-0.9659258262890684,0.2588190451025203,-0.433883739117558,-0.9009688679024191,-0.5000000000000004,0.8660254037844384,0,0,1,0,0,73.0,82.0,55.791666666666664,121.0,False,train
2016-12-23 20:00:00,North,55,20161223201,False,False,-0.8660254037844386,0.5000000000000001,-0.433883739117558,-0.9009688679024191,-0.5000000000000004,0.8660254037844384,0,0,1,0,0,64.0,80.0,55.69642857142857,121.0,False,train
2016-12-23 21:00:00,North,56,20161223211,False,False,-0.7071067811865477,0.7071067811865474,-0.433883739117558,-0.9009688679024191,-0.5000000000000004,0.8660254037844384,0,0,1,0,0,64.0,73.0,55.642857142857146,121.0,False,train
2016-12-23 22:00:00,North,54,20161223221,False,False,-0.5000000000000004,0.8660254037844384,-0.433883739117558,-0.9009688679024191,-0.5000000000000004,0.8660254037844384,0,0,1,0,0,62.0,72.0,55.583333333333336,121.0,False,train
2016-12-23 23:00:00,North,49,20161223231,False,False,-0.25881904510252157,0.9659258262890681,-0.433883739117558,-0.9009688679024191,-0.5000000000000004,0.8660254037844384,0,0,1,0,0,55.0,70.0,55.49404761904762,121.0,False,train
2016-12-24 00:00:00,North,41,20161224001,False,False,0.0,1.0,-0.9749279121818236,-0.2225209339563146,-0.5000000000000004,0.8660254037844384,1,0,1,0,0,54.0,60.0,55.458333333333336,121.0,False,train
2016-12-24 01:00:00,North,36,20161224011,False,False,0.25881904510252074,0.9659258262890683,-0.9749279121818236,-0.2225209339563146,-0.5000000000000004,0.8660254037844384,1,0,1,0,0,48.0,53.0,55.42857142857143,121.0,False,train
2016-12-24 02:00:00,North,33,20161224021,False,False,0.49999999999999994,0.8660254037844387,-0.9749279121818236,-0.2225209339563146,-0.5000000000000004,0.8660254037844384,1,0,1,0,0,38.0,46.0,55.38095238095238,121.0,False,train
2016-12-24 03:00:00,North,30,20161224031,False,False,0.7071067811865476,0.7071067811865476,-0.9749279121818236,-0.2225209339563146,-0.5000000000000004,0.8660254037844384,1,0,1,0,0,35.0,42.0,55.339285714285715,121.0,False,train
2016-12-24 04:00:00,North,28,20161224041,False,False,0.8660254037844386,0.5000000000000001,-0.9749279121818236,-0.2225209339563146,-0.5000000000000004,0.8660254037844384,1,0,1,0,0,29.0,32.0,55.32142857142857,121.0,False,train
2016-12-24 05:00:00,North,26,20161224051,False,False,0.9659258262890683,0.25881904510252074,-0.9749279121818236,-0.2225209339563146,-0.5000000000000004,0.8660254037844384,1,0,1,0,0,27.0,32.0,55.291666666666664,121.0,False,train
2016-12-24 06:00:00,North,26,20161224061,False,False,1.0,6.123233995736766e-17,-0.9749279121818236,-0.2225209339563146,-0.5000000000000004,0.8660254037844384,1,0,1,0,0,29.0,31.0,55.279761904761905,121.0,False,train
2016-12-24 07:00:00,North,22,20161224071,False,False,0.9659258262890683,-0.25881904510252063,-0.9749279121818236,-0.2225209339563146,-0.5000000000000004,0.8660254037844384,1,0,1,0,0,27.0,33.0,55.24404761904762,121.0,False,train
2016-12-24 08:00:00,North,22,20161224081,False,False,0.8660254037844387,-0.4999999999999998,-0.9749279121818236,-0.2225209339563146,-0.5000000000000004,0.8660254037844384,1,0,1,0,0,31.0,40.0,55.19047619047619,121.0,False,train
2016-12-24 09:00:00,North,27,20161224091,False,False,0.7071067811865476,-0.7071067811865475,-0.9749279121818236,-0.2225209339563146,-0.5000000000000004,0.8660254037844384,1,0,1,0,0,34.0,36.0,55.17857142857143,121.0,False,train
2016-12-24 10:00:00,North,43,20161224101,False,False,0.49999999999999994,-0.8660254037844387,-0.9749279121818236,-0.2225209339563146,-0.5000000000000004,0.8660254037844384,1,0,1,0,0,39.0,42.0,55.160714285714285,121.0,False,train
2016-12-24 11:00:00,North,44,20161224111,False,False,0.258819045102521,-0.9659258262890682,-0.9749279121818236,-0.2225209339563146,-0.5000000000000004,0.8660254037844384,1,0,1,0,0,40.0,46.0,55.125,121.0,False,train
2016-12-24 12:00:00,North,43,20161224121,False,False,1.2246467991473532e-16,-1.0,-0.9749279121818236,-0.2225209339563146,-0.5000000000000004,0.8660254037844384,1,0,1,0,0,43.0,44.0,55.11904761904762,121.0,False,train
2016-12-24 13:00:00,North,38,20161224131,False,False,-0.2588190451025208,-0.9659258262890683,-0.9749279121818236,-0.2225209339563146,-0.5000000000000004,0.8660254037844384,1,0,1,0,0,37.0,46.0,55.06547619047619,121.0,False,train
2016-12-24 14:00:00,North,31,20161224141,False,False,-0.4999999999999997,-0.8660254037844388,-0.9749279121818236,-0.2225209339563146,-0.5000000000000004,0.8660254037844384,1,0,1,0,0,38.0,44.0,55.029761904761905,121.0,False,train
2016-12-24 15:00:00,North,31,20161224151,False,False,-0.7071067811865471,-0.7071067811865479,-0.9749279121818236,-0.2225209339563146,-0.5000000000000004,0.8660254037844384,1,0,1,0,0,40.0,40.0,55.029761904761905,121.0,False,train
2016-12-24 16:00:00,North,31,20161224161,False,False,-0.8660254037844385,-0.5000000000000004,-0.9749279121818236,-0.2225209339563146,-0.5000000000000004,0.8660254037844384,1,0,1,0,0,39.0,39.0,55.029761904761905,121.0,False,train
2016-12-24 17:00:00,North,34,20161224171,False,False,-0.9659258262890683,-0.25881904510252063,-0.9749279121818236,-0.2225209339563146,-0.5000000000000004,0.8660254037844384,1,0,1,0,0,43.0,48.0,55.0,121.0,False,train
2016-12-24 18:00:00,North,39,20161224181,False,False,-1.0,-1.8369701987210297e-16,-0.9749279121818236,-0.2225209339563146,-0.5000000000000004,0.8660254037844384,1,0,1,0,0,46.0,48.0,54.98809523809524,121.375,False,train
2016-12-24 19:00:00,North,44,20161224191,False,False,-0.9659258262890684,0.2588190451025203,-0.9749279121818236,-0.2225209339563146,-0.5000000000000004,0.8660254037844384,1,0,1,0,0,52.0,50.0,55.0,122.5,False,train
2016-12-24 20:00:00,North,44,20161224201,False,False,-0.8660254037844386,0.5000000000000001,-0.9749279121818236,-0.2225209339563146,-0.5000000000000004,0.8660254037844384,1,0,1,0,0,55.0,51.0,55.023809523809526,122.5,False,train
2016-12-24 21:00:00,North,37,20161224211,False,False,-0.7071067811865477,0.7071067811865474,-0.9749279121818236,-0.2225209339563146,-0.5000000000000004,0.8660254037844384,1,0,1,0,0,54.0,53.0,55.029761904761905,122.5,False,train
2016-12-24 22:00:00,North,39,20161224221,False,False,-0.5000000000000004,0.8660254037844384,-0.9749279121818236,-0.2225209339563146,-0.5000000000000004,0.8660254037844384,1,0,1,0,0,53.0,54.0,55.023809523809526,122.5,False,train
2016-12-24 23:00:00,North,36,20161224231,False,False,-0.25881904510252157,0.9659258262890681,-0.9749279121818236,-0.2225209339563146,-0.5000000000000004,0.8660254037844384,1,0,1,0,0,49.0,49.0,55.023809523809526,122.5,False,train
2016-12-25 00:00:00,North,33,20161225001,False,False,0.0,1.0,-0.7818314824680299,0.6234898018587334,-0.5000000000000004,0.8660254037844384,1,0,1,0,0,38.0,47.0,54.970238095238095,122.5,False,train
2016-12-25 01:00:00,North,26,20161225011,False,False,0.25881904510252074,0.9659258262890683,-0.7818314824680299,0.6234898018587334,-0.5000000000000004,0.8660254037844384,1,0,1,0,0,32.0,41.0,54.916666666666664,122.5,False,train
2016-12-25 02:00:00,North,26,20161225021,False,False,0.49999999999999994,0.8660254037844387,-0.7818314824680299,0.6234898018587334,-0.5000000000000004,0.8660254037844384,1,0,1,0,0,29.0,34.0,54.88690476190476,122.5,False,train
2016-12-25 03:00:00,North,23,20161225031,False,False,0.7071067811865476,0.7071067811865476,-0.7818314824680299,0.6234898018587334,-0.5000000000000004,0.8660254037844384,1,0,1,0,0,24.0,30.0,54.851190476190474,122.5,False,train
2016-12-25 04:00:00,North,20,20161225041,False,False,0.8660254037844386,0.5000000000000001,-0.7818314824680299,0.6234898018587334,-0.5000000000000004,0.8660254037844384,1,0,1,0,0,22.0,29.0,54.80952380952381,122.5,False,train
2016-12-25 05:00:00,North,16,20161225051,False,False,0.9659258262890683,0.25881904510252074,-0.7818314824680299,0.6234898018587334,-0.5000000000000004,0.8660254037844384,1,0,1,0,0,21.0,26.0,54.779761904761905,122.5,False,train
2016-12-25 06:00:00,North,21,20161225061,False,False,1.0,6.123233995736766e-17,-0.7818314824680299,0.6234898018587334,-0.5000000000000004,0.8660254037844384,1,0,1,0,0,25.0,22.0,54.79761904761905,122.5,False,train
2016-12-25 07:00:00,North,20,20161225071,False,False,0.9659258262890683,-0.25881904510252063,-0.7818314824680299,0.6234898018587334,-0.5000000000000004,0.8660254037844384,1,0,1,0,0,22.0,23.0,54.791666666666664,122.5,False,train
2016-12-25 08:00:00,North,20,20161225081,False,False,0.8660254037844387,-0.4999999999999998,-0.7818314824680299,0.6234898018587334,-0.5000000000000004,0.8660254037844384,1,0,1,0,0,27.0,32.0,54.76190476190476,122.5,False,train
2016-12-25 09:00:00,North,29,20161225091,False,False,0.7071067811865476,-0.7071067811865475,-0.7818314824680299,0.6234898018587334,-0.5000000000000004,0.8660254037844384,1,0,1,0,0,33.0,37.0,54.73809523809524,122.5,False,train
2016-12-25 10:00:00,North,31,20161225101,False,False,0.49999999999999994,-0.8660254037844387,-0.7818314824680299,0.6234898018587334,-0.5000000000000004,0.8660254037844384,1,0,1,0,0,36.0,36.0,54.73809523809524,122.5,False,train
2016-12-25 11:00:00,North,33,20161225111,False,False,0.258819045102521,-0.9659258262890682,-0.7818314824680299,0.6234898018587334,-0.5000000000000004,0.8660254037844384,1,0,1,0,0,43.0,39.0,54.76190476190476,122.5,False,train
2016-12-25 12:00:00,North,33,20161225121,False,False,1.2246467991473532e-16,-1.0,-0.7818314824680299,0.6234898018587334,-0.5000000000000004,0.8660254037844384,1,0,1,0,0,39.0,35.0,54.785714285714285,122.5,False,train
2016-12-25 13:00:00,North,34,20161225131,False,False,-0.2588190451025208,-0.9659258262890683,-0.7818314824680299,0.6234898018587334,-0.5000000000000004,0.8660254037844384,1,0,1,0,0,37.0,38.0,54.779761904761905,122.5,False,train
2016-12-25 14:00:00,North,33,20161225141,False,False,-0.4999999999999997,-0.8660254037844388,-0.7818314824680299,0.6234898018587334,-0.5000000000000004,0.8660254037844384,1,0,1,0,0,37.0,42.0,54.75,122.5,False,train
2016-12-25 15:00:00,North,35,20161225151,False,False,-0.7071067811865471,-0.7071067811865479,-0.7818314824680299,0.6234898018587334,-0.5000000000000004,0.8660254037844384,1,0,1,0,0,38.0,39.0,54.74404761904762,122.5,False,train
2016-12-25 16:00:00,North,33,20161225161,False,False,-0.8660254037844385,-0.5000000000000004,-0.7818314824680299,0.6234898018587334,-0.5000000000000004,0.8660254037844384,1,0,1,0,0,40.0,40.0,54.74404761904762,122.5,False,train
2016-12-25 17:00:00,North,37,20161225171,False,False,-0.9659258262890683,-0.25881904510252063,-0.7818314824680299,0.6234898018587334,-0.5000000000000004,0.8660254037844384,1,0,1,0,0,40.0,42.0,54.732142857142854,122.5,False,train
2016-12-25 18:00:00,North,38,20161225181,False,False,-1.0,-1.8369701987210297e-16,-0.7818314824680299,0.6234898018587334,-0.5000000000000004,0.8660254037844384,1,0,1,0,0,49.0,51.0,54.720238095238095,122.5,False,train
2016-12-25 19:00:00,North,39,20161225191,False,False,-0.9659258262890684,0.2588190451025203,-0.7818314824680299,0.6234898018587334,-0.5000000000000004,0.8660254037844384,1,0,1,0,0,57.0,56.0,54.726190476190474,122.5,False,train
2016-12-25 20:00:00,North,39,20161225201,False,False,-0.8660254037844386,0.5000000000000001,-0.7818314824680299,0.6234898018587334,-0.5000000000000004,0.8660254037844384,1,0,1,0,0,53.0,59.0,54.69047619047619,122.5,False,train
2016-12-25 21:00:00,North,38,20161225211,False,False,-0.7071067811865477,0.7071067811865474,-0.7818314824680299,0.6234898018587334,-0.5000000000000004,0.8660254037844384,1,0,1,0,0,51.0,52.0,54.68452380952381,122.5,False,train
2016-12-25 22:00:00,North,34,20161225221,False,False,-0.5000000000000004,0.8660254037844384,-0.7818314824680299,0.6234898018587334,-0.5000000000000004,0.8660254037844384,1,0,1,0,0,50.0,59.0,54.63095238095238,122.5,False,train
2016-12-25 23:00:00,North,19,20161225231,False,False,-0.25881904510252157,0.9659258262890681,-0.7818314824680299,0.6234898018587334,-0.5000000000000004,0.8660254037844384,1,0,1,0,0,54.0,55.0,54.625,122.5,False,train
2016-12-26 00:00:00,North,35,20161226001,False,False,0.0,1.0,0.0,1.0,-0.5000000000000004,0.8660254037844384,0,0,1,0,0,44.0,47.0,54.607142857142854,122.5,False,train
2016-12-26 01:00:00,North,24,20161226011,False,False,0.25881904510252074,0.9659258262890683,0.0,1.0,-0.5000000000000004,0.8660254037844384,0,0,1,0,0,38.0,41.0,54.589285714285715,122.5,False,train
2016-12-26 02:00:00,North,27,20161226021,False,False,0.49999999999999994,0.8660254037844387,0.0,1.0,-0.5000000000000004,0.8660254037844384,0,0,1,0,0,34.0,37.0,54.57142857142857,122.875,False,train
2016-12-26 03:00:00,North,25,20161226031,False,False,0.7071067811865476,0.7071067811865476,0.0,1.0,-0.5000000000000004,0.8660254037844384,0,0,1,0,0,33.0,34.0,54.56547619047619,122.875,False,train
2016-12-26 04:00:00,North,23,20161226041,False,False,0.8660254037844386,0.5000000000000001,0.0,1.0,-0.5000000000000004,0.8660254037844384,0,0,1,0,0,29.0,29.0,54.56547619047619,122.875,False,train
2016-12-26 05:00:00,North,24,20161226051,False,False,0.9659258262890683,0.25881904510252074,0.0,1.0,-0.5000000000000004,0.8660254037844384,0,0,1,0,0,28.0,34.0,54.529761904761905,122.875,False,train
2016-12-26 06:00:00,North,27,20161226061,False,False,1.0,6.123233995736766e-17,0.0,1.0,-0.5000000000000004,0.8660254037844384,0,0,1,0,0,30.0,33.0,54.51190476190476,122.875,False,train
2016-12-26 07:00:00,North,31,20161226071,False,False,0.9659258262890683,-0.25881904510252063,0.0,1.0,-0.5000000000000004,0.8660254037844384,0,0,1,0,0,35.0,37.0,54.5,122.875,False,train
2016-12-26 08:00:00,North,32,20161226081,False,False,0.8660254037844387,-0.4999999999999998,0.0,1.0,-0.5000000000000004,0.8660254037844384,0,0,1,0,0,41.0,40.0,54.50595238095238,122.875,False,train
2016-12-26 09:00:00,North,44,20161226091,False,False,0.7071067811865476,-0.7071067811865475,0.0,1.0,-0.5000000000000004,0.8660254037844384,0,0,1,0,0,45.0,46.0,54.5,124.0,False,train
2016-12-26 10:00:00,North,55,20161226101,False,False,0.49999999999999994,-0.8660254037844387,0.0,1.0,-0.5000000000000004,0.8660254037844384,0,0,1,0,0,65.0,61.0,54.523809523809526,124.0,False,train
2016-12-26 11:00:00,North,65,20161226111,False,False,0.258819045102521,-0.9659258262890682,0.0,1.0,-0.5000000000000004,0.8660254037844384,0,0,1,0,0,79.0,70.0,54.57738095238095,124.0,False,train
2016-12-26 12:00:00,North,64,20161226121,False,False,1.2246467991473532e-16,-1.0,0.0,1.0,-0.5000000000000004,0.8660254037844384,0,0,1,0,0,91.0,68.0,54.714285714285715,124.0,False,train
2016-12-26 13:00:00,North,58,20161226131,False,False,-0.2588190451025208,-0.9659258262890683,0.0,1.0,-0.5000000000000004,0.8660254037844384,0,0,1,0,0,84.0,68.0,54.80952380952381,124.0,False,train
2016-12-26 14:00:00,North,65,20161226141,False,False,-0.4999999999999997,-0.8660254037844388,0.0,1.0,-0.5000000000000004,0.8660254037844384,0,0,1,0,0,85.0,75.0,54.86904761904762,122.125,False,train
2016-12-26 15:00:00,North,68,20161226151,False,False,-0.7071067811865471,-0.7071067811865479,0.0,1.0,-0.5000000000000004,0.8660254037844384,0,0,1,0,0,88.0,76.0,54.94047619047619,121.5,False,train
2016-12-26 16:00:00,North,56,20161226161,False,False,-0.8660254037844385,-0.5000000000000004,0.0,1.0,-0.5000000000000004,0.8660254037844384,0,0,1,0,0,76.0,70.0,54.976190476190474,121.5,False,train
2016-12-26 17:00:00,North,62,20161226171,False,False,-0.9659258262890683,-0.25881904510252063,0.0,1.0,-0.5000000000000004,0.8660254037844384,0,0,1,0,0,71.0,67.0,55.0,121.5,False,train
2016-12-26 18:00:00,North,55,20161226181,False,False,-1.0,-1.8369701987210297e-16,0.0,1.0,-0.5000000000000004,0.8660254037844384,0,0,1,0,0,79.0,77.0,55.01190476190476,121.5,False,train
2016-12-26 19:00:00,North,59,20161226191,False,False,-0.9659258262890684,0.2588190451025203,0.0,1.0,-0.5000000000000004,0.8660254037844384,0,0,1,0,0,80.0,80.0,55.01190476190476,121.5,False,train
2016-12-26 20:00:00,North,52,20161226201,False,False,-0.8660254037844386,0.5000000000000001,0.0,1.0,-0.5000000000000004,0.8660254037844384,0,0,1,0,0,81.0,79.0,55.023809523809526,121.5,False,train
2016-12-26 21:00:00,North,54,20161226211,False,False,-0.7071067811865477,0.7071067811865474,0.0,1.0,-0.5000000000000004,0.8660254037844384,0,0,1,0,0,75.0,82.0,54.982142857142854,121.5,False,train
2016-12-26 22:00:00,North,51,20161226221,False,False,-0.5000000000000004,0.8660254037844384,0.0,1.0,-0.5000000000000004,0.8660254037844384,0,0,1,0,0,70.0,78.0,54.93452380952381,121.5,False,train
2016-12-26 23:00:00,North,51,20161226231,False,False,-0.25881904510252157,0.9659258262890681,0.0,1.0,-0.5000000000000004,0.8660254037844384,0,0,1,0,0,72.0,72.0,54.93452380952381,121.5,False,train
2016-12-27 00:00:00,North,41,20161227001,False,False,0.0,1.0,0.7818314824680298,0.6234898018587336,-0.5000000000000004,0.8660254037844384,0,0,1,0,0,65.0,60.0,54.964285714285715,121.5,False,train
2016-12-27 01:00:00,North,33,20161227011,False,False,0.25881904510252074,0.9659258262890683,0.7818314824680298,0.6234898018587336,-0.5000000000000004,0.8660254037844384,0,0,1,0,0,39.0,56.0,54.86309523809524,121.5,False,train
2016-12-27 02:00:00,North,29,20161227021,False,False,0.49999999999999994,0.8660254037844387,0.7818314824680298,0.6234898018587336,-0.5000000000000004,0.8660254037844384,0,0,1,0,0,40.0,50.0,54.80357142857143,121.5,False,train
2016-12-27 03:00:00,North,29,20161227031,False,False,0.7071067811865476,0.7071067811865476,0.7818314824680298,0.6234898018587336,-0.5000000000000004,0.8660254037844384,0,0,1,0,0,43.0,45.0,54.791666666666664,121.5,False,train
2016-12-27 04:00:00,North,25,20161227041,False,False,0.8660254037844386,0.5000000000000001,0.7818314824680298,0.6234898018587336,-0.5000000000000004,0.8660254037844384,0,0,1,0,0,37.0,42.0,54.76190476190476,121.5,False,train
2016-12-27 05:00:00,North,26,20161227051,False,False,0.9659258262890683,0.25881904510252074,0.7818314824680298,0.6234898018587336,-0.5000000000000004,0.8660254037844384,0,0,1,0,0,35.0,35.0,54.76190476190476,121.5,False,train
2016-12-27 06:00:00,North,29,20161227061,False,False,1.0,6.123233995736766e-17,0.7818314824680298,0.6234898018587336,-0.5000000000000004,0.8660254037844384,0,0,1,0,0,39.0,37.0,54.773809523809526,121.5,False,train
2016-12-27 07:00:00,North,36,20161227071,False,False,0.9659258262890683,-0.25881904510252063,0.7818314824680298,0.6234898018587336,-0.5000000000000004,0.8660254037844384,0,0,1,0,0,40.0,42.0,54.76190476190476,121.5,False,train
2016-12-27 08:00:00,North,39,20161227081,False,False,0.8660254037844387,-0.4999999999999998,0.7818314824680298,0.6234898018587336,-0.5000000000000004,0.8660254037844384,0,0,1,0,0,45.0,43.0,54.773809523809526,121.5,False,train
2016-12-27 09:00:00,North,43,20161227091,False,False,0.7071067811865476,-0.7071067811865475,0.7818314824680298,0.6234898018587336,-0.5000000000000004,0.8660254037844384,0,0,1,0,0,51.0,47.0,54.79761904761905,121.5,False,train
2016-12-27 10:00:00,North,53,20161227101,False,False,0.49999999999999994,-0.8660254037844387,0.7818314824680298,0.6234898018587336,-0.5000000000000004,0.8660254037844384,0,0,1,0,0,63.0,63.0,54.79761904761905,121.5,False,train
2016-12-27 11:00:00,North,51,20161227111,False,False,0.258819045102521,-0.9659258262890682,0.7818314824680298,0.6234898018587336,-0.5000000000000004,0.8660254037844384,0,0,1,0,0,71.0,77.0,54.76190476190476,121.5,False,train
2016-12-27 12:00:00,North,69,20161227121,False,False,1.2246467991473532e-16,-1.0,0.7818314824680298,0.6234898018587336,-0.5000000000000004,0.8660254037844384,0,0,1,0,0,76.0,82.0,54.726190476190474,121.5,False,train
2016-12-27 13:00:00,North,40,20161227131,False,False,-0.2588190451025208,-0.9659258262890683,0.7818314824680298,0.6234898018587336,-0.5000000000000004,0.8660254037844384,0,0,1,0,0,66.0,74.0,54.67857142857143,121.5,False,train
2016-12-27 14:00:00,North,52,20161227141,False,False,-0.4999999999999997,-0.8660254037844388,0.7818314824680298,0.6234898018587336,-0.5000000000000004,0.8660254037844384,0,0,1,0,0,71.0,81.0,54.61904761904762,121.5,False,train
2016-12-27 15:00:00,North,78,20161227151,False,False,-0.7071067811865471,-0.7071067811865479,0.7818314824680298,0.6234898018587336,-0.5000000000000004,0.8660254037844384,0,0,1,0,0,74.0,78.0,54.595238095238095,121.5,False,train
2016-12-27 16:00:00,North,60,20161227161,False,False,-0.8660254037844385,-0.5000000000000004,0.7818314824680298,0.6234898018587336,-0.5000000000000004,0.8660254037844384,0,0,1,0,0,73.0,71.0,54.607142857142854,121.5,False,train
2016-12-27 17:00:00,North,64,20161227171,False,False,-0.9659258262890683,-0.25881904510252063,0.7818314824680298,0.6234898018587336,-0.5000000000000004,0.8660254037844384,0,0,1,0,0,70.0,76.0,54.57142857142857,121.5,False,train
2016-12-27 18:00:00,North,63,20161227181,False,False,-1.0,-1.8369701987210297e-16,0.7818314824680298,0.6234898018587336,-0.5000000000000004,0.8660254037844384,0,0,1,0,0,73.0,76.0,54.55357142857143,121.5,False,train
2016-12-27 19:00:00,North,64,20161227191,False,False,-0.9659258262890684,0.2588190451025203,0.7818314824680298,0.6234898018587336,-0.5000000000000004,0.8660254037844384,0,0,1,0,0,69.0,80.0,54.48809523809524,121.5,False,train
2016-12-27 20:00:00,North,66,20161227201,False,False,-0.8660254037844386,0.5000000000000001,0.7818314824680298,0.6234898018587336,-0.5000000000000004,0.8660254037844384,0,0,1,0,0,70.0,80.0,54.42857142857143,119.625,False,train
2016-12-27 21:00:00,North,66,20161227211,False,False,-0.7071067811865477,0.7071067811865474,0.7818314824680298,0.6234898018587336,-0.5000000000000004,0.8660254037844384,0,0,1,0,0,75.0,80.0,54.398809523809526,119.0,False,train
2016-12-27 22:00:00,North,62,20161227221,False,False,-0.5000000000000004,0.8660254037844384,0.7818314824680298,0.6234898018587336,-0.5000000000000004,0.8660254037844384,0,0,1,0,0,71.0,81.0,54.339285714285715,119.0,False,train
2016-12-27 23:00:00,North,57,20161227231,False,False,-0.25881904510252157,0.9659258262890681,0.7818314824680298,0.6234898018587336,-0.5000000000000004,0.8660254037844384,0,0,1,0,0,62.0,69.0,54.29761904761905,119.0,False,train
2016-12-28 00:00:00,North,52,20161228001,False,False,0.0,1.0,0.9749279121818236,-0.22252093395631434,-0.5000000000000004,0.8660254037844384,0,0,1,0,0,59.0,62.0,54.279761904761905,119.0,False,train
2016-12-28 01:00:00,North,39,20161228011,False,False,0.25881904510252074,0.9659258262890683,0.9749279121818236,-0.22252093395631434,-0.5000000000000004,0.8660254037844384,0,0,1,0,0,52.0,54.0,54.267857142857146,119.0,False,train
2016-12-28 02:00:00,North,37,20161228021,False,False,0.49999999999999994,0.8660254037844387,0.9749279121818236,-0.22252093395631434,-0.5000000000000004,0.8660254037844384,0,0,1,0,0,48.0,50.0,54.25595238095238,119.0,False,train
2016-12-28 03:00:00,North,36,20161228031,False,False,0.7071067811865476,0.7071067811865476,0.9749279121818236,-0.22252093395631434,-0.5000000000000004,0.8660254037844384,0,0,1,0,0,41.0,48.0,54.214285714285715,119.0,False,train
2016-12-28 04:00:00,North,28,20161228041,False,False,0.8660254037844386,0.5000000000000001,0.9749279121818236,-0.22252093395631434,-0.5000000000000004,0.8660254037844384,0,0,1,0,0,37.0,37.0,54.214285714285715,119.0,False,train
2016-12-28 05:00:00,North,25,20161228051,False,False,0.9659258262890683,0.25881904510252074,0.9749279121818236,-0.22252093395631434,-0.5000000000000004,0.8660254037844384,0,0,1,0,0,35.0,34.0,54.220238095238095,119.0,False,train
2016-12-28 06:00:00,North,29,20161228061,False,False,1.0,6.123233995736766e-17,0.9749279121818236,-0.22252093395631434,-0.5000000000000004,0.8660254037844384,0,0,1,0,0,33.0,36.0,54.20238095238095,119.0,False,train
2016-12-28 07:00:00,North,31,20161228071,False,False,0.9659258262890683,-0.25881904510252063,0.9749279121818236,-0.22252093395631434,-0.5000000000000004,0.8660254037844384,0,0,1,0,0,38.0,40.0,54.19047619047619,119.0,False,train
2016-12-28 08:00:00,North,40,20161228081,False,False,0.8660254037844387,-0.4999999999999998,0.9749279121818236,-0.22252093395631434,-0.5000000000000004,0.8660254037844384,0,0,1,0,0,44.0,41.0,54.208333333333336,119.0,False,train
2016-12-28 09:00:00,North,46,20161228091,False,False,0.7071067811865476,-0.7071067811865475,0.9749279121818236,-0.22252093395631434,-0.5000000000000004,0.8660254037844384,0,0,1,0,0,50.0,52.0,54.19642857142857,119.0,False,train
2016-12-28 10:00:00,North,55,20161228101,False,False,0.49999999999999994,-0.8660254037844387,0.9749279121818236,-0.22252093395631434,-0.5000000000000004,0.8660254037844384,0,0,1,0,0,61.0,65.0,54.17261904761905,119.0,False,train
2016-12-28 11:00:00,North,61,20161228111,False,False,0.258819045102521,-0.9659258262890682,0.9749279121818236,-0.22252093395631434,-0.5000000000000004,0.8660254037844384,0,0,1,0,0,76.0,74.0,54.18452380952381,119.0,False,train
2016-12-28 12:00:00,North,69,20161228121,False,False,1.2246467991473532e-16,-1.0,0.9749279121818236,-0.22252093395631434,-0.5000000000000004,0.8660254037844384,0,0,1,0,0,82.0,72.0,54.24404761904762,119.0,False,train
2016-12-28 13:00:00,North,55,20161228131,False,False,-0.2588190451025208,-0.9659258262890683,0.9749279121818236,-0.22252093395631434,-0.5000000000000004,0.8660254037844384,0,0,1,0,0,76.0,70.0,54.279761904761905,119.0,False,train
2016-12-28 14:00:00,North,63,20161228141,False,False,-0.4999999999999997,-0.8660254037844388,0.9749279121818236,-0.22252093395631434,-0.5000000000000004,0.8660254037844384,0,0,1,0,0,78.0,77.0,54.285714285714285,119.0,False,train
2016-12-28 15:00:00,North,67,20161228151,False,False,-0.7071067811865471,-0.7071067811865479,0.9749279121818236,-0.22252093395631434,-0.5000000000000004,0.8660254037844384,0,0,1,0,0,79.0,72.0,54.32738095238095,119.0,False,train
2016-12-28 16:00:00,North,56,20161228161,False,False,-0.8660254037844385,-0.5000000000000004,0.9749279121818236,-0.22252093395631434,-0.5000000000000004,0.8660254037844384,0,0,1,0,0,72.0,71.0,54.333333333333336,119.0,False,train
2016-12-28 17:00:00,North,56,20161228171,False,False,-0.9659258262890683,-0.25881904510252063,0.9749279121818236,-0.22252093395631434,-0.5000000000000004,0.8660254037844384,0,0,1,0,0,70.0,69.0,54.339285714285715,119.0,False,train
2016-12-28 18:00:00,North,61,20161228181,False,False,-1.0,-1.8369701987210297e-16,0.9749279121818236,-0.22252093395631434,-0.5000000000000004,0.8660254037844384,0,0,1,0,0,79.0,84.0,54.30952380952381,117.125,False,train
2016-12-28 19:00:00,North,61,20161228191,False,False,-0.9659258262890684,0.2588190451025203,0.9749279121818236,-0.22252093395631434,-0.5000000000000004,0.8660254037844384,0,0,1,0,0,79.0,81.0,54.29761904761905,116.5,False,train
2016-12-28 20:00:00,North,62,20161228201,False,False,-0.8660254037844386,0.5000000000000001,0.9749279121818236,-0.22252093395631434,-0.5000000000000004,0.8660254037844384,0,0,1,0,0,79.0,86.0,54.25595238095238,116.5,False,train
2016-12-28 21:00:00,North,63,20161228211,False,False,-0.7071067811865477,0.7071067811865474,0.9749279121818236,-0.22252093395631434,-0.5000000000000004,0.8660254037844384,0,0,1,0,0,83.0,83.0,54.25595238095238,116.5,False,train
2016-12-28 22:00:00,North,61,20161228221,False,False,-0.5000000000000004,0.8660254037844384,0.9749279121818236,-0.22252093395631434,-0.5000000000000004,0.8660254037844384,0,0,1,0,0,75.0,82.0,54.214285714285715,116.5,False,train
2016-12-28 23:00:00,North,56,20161228231,False,False,-0.25881904510252157,0.9659258262890681,0.9749279121818236,-0.22252093395631434,-0.5000000000000004,0.8660254037844384,0,0,1,0,0,69.0,72.0,54.19642857142857,116.5,False,train
2016-12-29 00:00:00,North,48,20161229001,False,False,0.0,1.0,0.43388373911755823,-0.900968867902419,-0.5000000000000004,0.8660254037844384,0,0,1,0,0,62.0,63.0,54.19047619047619,116.5,False,train
2016-12-29 01:00:00,North,39,20161229011,False,False,0.25881904510252074,0.9659258262890683,0.43388373911755823,-0.900968867902419,-0.5000000000000004,0.8660254037844384,0,0,1,0,0,51.0,56.0,54.160714285714285,116.5,False,train
2016-12-29 02:00:00,North,36,20161229021,False,False,0.49999999999999994,0.8660254037844387,0.43388373911755823,-0.900968867902419,-0.5000000000000004,0.8660254037844384,0,0,1,0,0,44.0,49.0,54.13095238095238,116.5,False,train
2016-12-29 03:00:00,North,31,20161229031,False,False,0.7071067811865476,0.7071067811865476,0.43388373911755823,-0.900968867902419,-0.5000000000000004,0.8660254037844384,0,0,1,0,0,40.0,42.0,54.11904761904762,116.5,False,train
2016-12-29 04:00:00,North,29,20161229041,False,False,0.8660254037844386,0.5000000000000001,0.43388373911755823,-0.900968867902419,-0.5000000000000004,0.8660254037844384,0,0,1,0,0,34.0,41.0,54.07738095238095,116.5,False,train
2016-12-29 05:00:00,North,28,20161229051,False,False,0.9659258262890683,0.25881904510252074,0.43388373911755823,-0.900968867902419,-0.5000000000000004,0.8660254037844384,0,0,1,0,0,30.0,38.0,54.029761904761905,116.5,False,train
2016-12-29 06:00:00,North,26,20161229061,False,False,1.0,6.123233995736766e-17,0.43388373911755823,-0.900968867902419,-0.5000000000000004,0.8660254037844384,0,0,1,0,0,33.0,37.0,54.00595238095238,116.5,False,train
2016-12-29 07:00:00,North,34,20161229071,False,False,0.9659258262890683,-0.25881904510252063,0.43388373911755823,-0.900968867902419,-0.5000000000000004,0.8660254037844384,0,0,1,0,0,39.0,41.0,53.99404761904762,116.5,False,train
2016-12-29 08:00:00,North,39,20161229081,False,False,0.8660254037844387,-0.4999999999999998,0.43388373911755823,-0.900968867902419,-0.5000000000000004,0.8660254037844384,0,0,1,0,0,45.0,46.0,53.98809523809524,116.5,False,train
2016-12-29 09:00:00,North,46,20161229091,False,False,0.7071067811865476,-0.7071067811865475,0.43388373911755823,-0.900968867902419,-0.5000000000000004,0.8660254037844384,0,0,1,0,0,51.0,58.0,53.94642857142857,116.5,False,train
2016-12-29 10:00:00,North,53,20161229101,False,False,0.49999999999999994,-0.8660254037844387,0.43388373911755823,-0.900968867902419,-0.5000000000000004,0.8660254037844384,0,0,1,0,0,57.0,76.0,53.833333333333336,116.5,False,train
2016-12-29 11:00:00,North,58,20161229111,False,False,0.258819045102521,-0.9659258262890682,0.43388373911755823,-0.900968867902419,-0.5000000000000004,0.8660254037844384,0,0,1,0,0,67.0,78.0,53.767857142857146,116.5,False,train
2016-12-29 12:00:00,North,76,20161229121,False,False,1.2246467991473532e-16,-1.0,0.43388373911755823,-0.900968867902419,-0.5000000000000004,0.8660254037844384,0,0,1,0,0,69.0,77.0,53.720238095238095,116.5,False,train
2016-12-29 13:00:00,North,60,20161229131,False,False,-0.2588190451025208,-0.9659258262890683,0.43388373911755823,-0.900968867902419,-0.5000000000000004,0.8660254037844384,0,0,1,0,0,61.0,73.0,53.648809523809526,116.5,False,train
2016-12-29 14:00:00,North,64,20161229141,False,False,-0.4999999999999997,-0.8660254037844388,0.43388373911755823,-0.900968867902419,-0.5000000000000004,0.8660254037844384,0,0,1,0,0,67.0,78.0,53.583333333333336,116.5,False,train
2016-12-29 15:00:00,North,71,20161229151,False,False,-0.7071067811865471,-0.7071067811865479,0.43388373911755823,-0.900968867902419,-0.5000000000000004,0.8660254037844384,0,0,1,0,0,69.0,75.0,53.54761904761905,116.5,False,train
2016-12-29 16:00:00,North,60,20161229161,False,False,-0.8660254037844385,-0.5000000000000004,0.43388373911755823,-0.900968867902419,-0.5000000000000004,0.8660254037844384,0,0,1,0,0,62.0,70.0,53.5,116.5,False,train
2016-12-29 17:00:00,North,62,20161229171,False,False,-0.9659258262890683,-0.25881904510252063,0.43388373911755823,-0.900968867902419,-0.5000000000000004,0.8660254037844384,0,0,1,0,0,64.0,67.0,53.482142857142854,116.5,False,train
2016-12-29 18:00:00,North,64,20161229181,False,False,-1.0,-1.8369701987210297e-16,0.43388373911755823,-0.900968867902419,-0.5000000000000004,0.8660254037844384,0,0,1,0,0,60.0,70.0,53.42261904761905,116.5,False,train
2016-12-29 19:00:00,North,64,20161229191,False,False,-0.9659258262890684,0.2588190451025203,0.43388373911755823,-0.900968867902419,-0.5000000000000004,0.8660254037844384,0,0,1,0,0,61.0,75.0,53.339285714285715,116.5,False,train
2016-12-29 20:00:00,North,63,20161229201,False,False,-0.8660254037844386,0.5000000000000001,0.43388373911755823,-0.900968867902419,-0.5000000000000004,0.8660254037844384,0,0,1,0,0,64.0,82.0,53.232142857142854,116.5,False,train
2016-12-29 21:00:00,North,65,20161229211,False,False,-0.7071067811865477,0.7071067811865474,0.43388373911755823,-0.900968867902419,-0.5000000000000004,0.8660254037844384,0,0,1,0,0,62.0,75.0,53.154761904761905,114.625,False,train
2016-12-29 22:00:00,North,61,20161229221,False,False,-0.5000000000000004,0.8660254037844384,0.43388373911755823,-0.900968867902419,-0.5000000000000004,0.8660254037844384,0,0,1,0,0,62.0,71.0,53.101190476190474,114.0,False,train
2016-12-29 23:00:00,North,55,20161229231,False,False,-0.25881904510252157,0.9659258262890681,0.43388373911755823,-0.900968867902419,-0.5000000000000004,0.8660254037844384,0,0,1,0,0,58.0,71.0,53.023809523809526,114.0,False,train
2016-12-30 00:00:00,North,51,20161230001,False,False,0.0,1.0,-0.433883739117558,-0.9009688679024191,-0.5000000000000004,0.8660254037844384,0,0,1,0,0,46.0,62.0,52.92857142857143,114.0,False,train
2016-12-30 01:00:00,North,43,20161230011,False,False,0.25881904510252074,0.9659258262890683,-0.433883739117558,-0.9009688679024191,-0.5000000000000004,0.8660254037844384,0,0,1,0,0,40.0,45.0,52.898809523809526,114.0,False,train
2016-12-30 02:00:00,North,36,20161230021,False,False,0.49999999999999994,0.8660254037844387,-0.433883739117558,-0.9009688679024191,-0.5000000000000004,0.8660254037844384,0,0,1,0,0,39.0,44.0,52.86904761904762,114.0,False,train
2016-12-30 03:00:00,North,31,20161230031,False,False,0.7071067811865476,0.7071067811865476,-0.433883739117558,-0.9009688679024191,-0.5000000000000004,0.8660254037844384,0,0,1,0,0,33.0,44.0,52.80357142857143,114.0,False,train
2016-12-30 04:00:00,North,32,20161230041,False,False,0.8660254037844386,0.5000000000000001,-0.433883739117558,-0.9009688679024191,-0.5000000000000004,0.8660254037844384,0,0,1,0,0,27.0,32.0,52.773809523809526,114.0,False,train
2016-12-30 05:00:00,North,27,20161230051,False,False,0.9659258262890683,0.25881904510252074,-0.433883739117558,-0.9009688679024191,-0.5000000000000004,0.8660254037844384,0,0,1,0,0,26.0,31.0,52.74404761904762,114.0,False,train
2016-12-30 06:00:00,North,25,20161230061,False,False,1.0,6.123233995736766e-17,-0.433883739117558,-0.9009688679024191,-0.5000000000000004,0.8660254037844384,0,0,1,0,0,31.0,35.0,52.720238095238095,114.0,False,train
2016-12-30 07:00:00,North,28,20161230071,False,False,0.9659258262890683,-0.25881904510252063,-0.433883739117558,-0.9009688679024191,-0.5000000000000004,0.8660254037844384,0,0,1,0,0,33.0,35.0,52.708333333333336,114.375,False,train
2016-12-30 08:00:00,North,35,20161230081,False,False,0.8660254037844387,-0.4999999999999998,-0.433883739117558,-0.9009688679024191,-0.5000000000000004,0.8660254037844384,0,0,1,0,0,38.0,41.0,52.69047619047619,115.5,False,train
2016-12-30 09:00:00,North,42,20161230091,False,False,0.7071067811865476,-0.7071067811865475,-0.433883739117558,-0.9009688679024191,-0.5000000000000004,0.8660254037844384,0,0,1,0,0,40.0,46.0,52.654761904761905,115.5,False,train
2016-12-30 10:00:00,North,54,20161230101,False,False,0.49999999999999994,-0.8660254037844387,-0.433883739117558,-0.9009688679024191,-0.5000000000000004,0.8660254037844384,0,0,1,0,0,51.0,59.0,52.607142857142854,115.5,False,train
2016-12-30 11:00:00,North,63,20161230111,False,False,0.258819045102521,-0.9659258262890682,-0.433883739117558,-0.9009688679024191,-0.5000000000000004,0.8660254037844384,0,0,1,0,0,54.0,69.0,52.517857142857146,115.5,False,train
2016-12-30 12:00:00,North,63,20161230121,False,False,1.2246467991473532e-16,-1.0,-0.433883739117558,-0.9009688679024191,-0.5000000000000004,0.8660254037844384,0,0,1,0,0,62.0,78.0,52.42261904761905,115.5,False,train
2016-12-30 13:00:00,North,55,20161230131,False,False,-0.2588190451025208,-0.9659258262890683,-0.433883739117558,-0.9009688679024191,-0.5000000000000004,0.8660254037844384,0,0,1,0,0,54.0,68.0,52.339285714285715,115.5,False,train
2016-12-30 14:00:00,North,59,20161230141,False,False,-0.4999999999999997,-0.8660254037844388,-0.433883739117558,-0.9009688679024191,-0.5000000000000004,0.8660254037844384,0,0,1,0,0,61.0,73.0,52.267857142857146,115.5,False,train
2016-12-30 15:00:00,North,60,20161230151,False,False,-0.7071067811865471,-0.7071067811865479,-0.433883739117558,-0.9009688679024191,-0.5000000000000004,0.8660254037844384,0,0,1,0,0,54.0,74.0,52.148809523809526,115.5,False,train
2016-12-30 16:00:00,North,53,20161230161,False,False,-0.8660254037844385,-0.5000000000000004,-0.433883739117558,-0.9009688679024191,-0.5000000000000004,0.8660254037844384,0,0,1,0,0,53.0,68.0,52.05952380952381,115.5,False,train
2016-12-30 17:00:00,North,45,20161230171,False,False,-0.9659258262890683,-0.25881904510252063,-0.433883739117558,-0.9009688679024191,-0.5000000000000004,0.8660254037844384,0,0,1,0,0,54.0,64.0,52.0,115.5,False,train
2016-12-30 18:00:00,North,55,20161230181,False,False,-1.0,-1.8369701987210297e-16,-0.433883739117558,-0.9009688679024191,-0.5000000000000004,0.8660254037844384,0,0,1,0,0,57.0,67.0,51.94047619047619,113.625,False,train
2016-12-30 19:00:00,North,61,20161230191,False,False,-0.9659258262890684,0.2588190451025203,-0.433883739117558,-0.9009688679024191,-0.5000000000000004,0.8660254037844384,0,0,1,0,0,56.0,73.0,51.839285714285715,113.0,False,train
2016-12-30 20:00:00,North,60,20161230201,False,False,-0.8660254037844386,0.5000000000000001,-0.433883739117558,-0.9009688679024191,-0.5000000000000004,0.8660254037844384,0,0,1,0,0,55.0,64.0,51.785714285714285,113.0,False,train
2016-12-30 21:00:00,North,56,20161230211,False,False,-0.7071067811865477,0.7071067811865474,-0.433883739117558,-0.9009688679024191,-0.5000000000000004,0.8660254037844384,0,0,1,0,0,56.0,64.0,51.73809523809524,113.0,False,train
2016-12-30 22:00:00,North,52,20161230221,False,False,-0.5000000000000004,0.8660254037844384,-0.433883739117558,-0.9009688679024191,-0.5000000000000004,0.8660254037844384,0,0,1,0,0,54.0,62.0,51.69047619047619,113.0,False,train
2016-12-30 23:00:00,North,48,20161230231,False,False,-0.25881904510252157,0.9659258262890681,-0.433883739117558,-0.9009688679024191,-0.5000000000000004,0.8660254037844384,0,0,1,0,0,49.0,55.0,51.654761904761905,113.0,False,train
2016-12-31 00:00:00,North,45,20161231001,False,False,0.0,1.0,-0.9749279121818236,-0.2225209339563146,-0.5000000000000004,0.8660254037844384,1,0,1,0,0,41.0,54.0,51.57738095238095,113.0,False,train
2016-12-31 01:00:00,North,35,20161231011,False,False,0.25881904510252074,0.9659258262890683,-0.9749279121818236,-0.2225209339563146,-0.5000000000000004,0.8660254037844384,1,0,1,0,0,36.0,48.0,51.50595238095238,113.0,False,train
2016-12-31 02:00:00,North,31,20161231021,False,False,0.49999999999999994,0.8660254037844387,-0.9749279121818236,-0.2225209339563146,-0.5000000000000004,0.8660254037844384,1,0,1,0,0,33.0,38.0,51.476190476190474,113.0,False,train
2016-12-31 03:00:00,North,33,20161231031,False,False,0.7071067811865476,0.7071067811865476,-0.9749279121818236,-0.2225209339563146,-0.5000000000000004,0.8660254037844384,1,0,1,0,0,30.0,35.0,51.44642857142857,113.0,False,train
2016-12-31 04:00:00,North,26,20161231041,False,False,0.8660254037844386,0.5000000000000001,-0.9749279121818236,-0.2225209339563146,-0.5000000000000004,0.8660254037844384,1,0,1,0,0,28.0,29.0,51.44047619047619,113.0,False,train
2016-12-31 05:00:00,North,26,20161231051,False,False,0.9659258262890683,0.25881904510252074,-0.9749279121818236,-0.2225209339563146,-0.5000000000000004,0.8660254037844384,1,0,1,0,0,26.0,27.0,51.43452380952381,113.0,False,train
2016-12-31 06:00:00,North,25,20161231061,False,False,1.0,6.123233995736766e-17,-0.9749279121818236,-0.2225209339563146,-0.5000000000000004,0.8660254037844384,1,0,1,0,0,26.0,29.0,51.416666666666664,113.0,False,train
2016-12-31 07:00:00,North,25,20161231071,False,False,0.9659258262890683,-0.25881904510252063,-0.9749279121818236,-0.2225209339563146,-0.5000000000000004,0.8660254037844384,1,0,1,0,0,22.0,27.0,51.38690476190476,113.0,False,train
2016-12-31 08:00:00,North,26,20161231081,False,False,0.8660254037844387,-0.4999999999999998,-0.9749279121818236,-0.2225209339563146,-0.5000000000000004,0.8660254037844384,1,0,1,0,0,22.0,31.0,51.333333333333336,113.0,False,train
2016-12-31 09:00:00,North,31,20161231091,False,False,0.7071067811865476,-0.7071067811865475,-0.9749279121818236,-0.2225209339563146,-0.5000000000000004,0.8660254037844384,1,0,1,0,0,27.0,34.0,51.291666666666664,113.0,False,train
2016-12-31 10:00:00,North,33,20161231101,False,False,0.49999999999999994,-0.8660254037844387,-0.9749279121818236,-0.2225209339563146,-0.5000000000000004,0.8660254037844384,1,0,1,0,0,43.0,39.0,51.31547619047619,113.0,False,train
2016-12-31 11:00:00,North,38,20161231111,False,False,0.258819045102521,-0.9659258262890682,-0.9749279121818236,-0.2225209339563146,-0.5000000000000004,0.8660254037844384,1,0,1,0,0,44.0,40.0,51.339285714285715,113.0,False,train
2016-12-31 12:00:00,North,38,20161231121,False,False,1.2246467991473532e-16,-1.0,-0.9749279121818236,-0.2225209339563146,-0.5000000000000004,0.8660254037844384,1,0,1,0,0,43.0,43.0,51.339285714285715,113.0,False,train
2016-12-31 13:00:00,North,33,20161231131,False,False,-0.2588190451025208,-0.9659258262890683,-0.9749279121818236,-0.2225209339563146,-0.5000000000000004,0.8660254037844384,1,0,1,0,0,38.0,37.0,51.345238095238095,113.0,False,train
2016-12-31 14:00:00,North,37,20161231141,False,False,-0.4999999999999997,-0.8660254037844388,-0.9749279121818236,-0.2225209339563146,-0.5000000000000004,0.8660254037844384,1,0,1,0,0,31.0,38.0,51.30357142857143,113.0,False,train
2016-12-31 15:00:00,North,31,20161231151,False,False,-0.7071067811865471,-0.7071067811865479,-0.9749279121818236,-0.2225209339563146,-0.5000000000000004,0.8660254037844384,1,0,1,0,0,31.0,40.0,51.25,113.375,False,train
2016-12-31 16:00:00,North,29,20161231161,False,False,-0.8660254037844385,-0.5000000000000004,-0.9749279121818236,-0.2225209339563146,-0.5000000000000004,0.8660254037844384,1,0,1,0,0,31.0,39.0,51.20238095238095,114.5,False,train
2016-12-31 17:00:00,North,29,20161231171,False,False,-0.9659258262890683,-0.25881904510252063,-0.9749279121818236,-0.2225209339563146,-0.5000000000000004,0.8660254037844384,1,0,1,0,0,34.0,43.0,51.148809523809526,114.5,False,train
2016-12-31 18:00:00,North,30,20161231181,False,False,-1.0,-1.8369701987210297e-16,-0.9749279121818236,-0.2225209339563146,-0.5000000000000004,0.8660254037844384,1,0,1,0,0,39.0,46.0,51.107142857142854,114.5,False,train
2016-12-31 19:00:00,North,33,20161231191,False,False,-0.9659258262890684,0.2588190451025203,-0.9749279121818236,-0.2225209339563146,-0.5000000000000004,0.8660254037844384,1,0,1,0,0,44.0,52.0,51.05952380952381,114.5,False,train
2016-12-31 20:00:00,North,37,20161231201,False,False,-0.8660254037844386,0.5000000000000001,-0.9749279121818236,-0.2225209339563146,-0.5000000000000004,0.8660254037844384,1,0,1,0,0,44.0,55.0,50.99404761904762,114.5,False,train
2016-12-31 21:00:00,North,32,20161231211,False,False,-0.7071067811865477,0.7071067811865474,-0.9749279121818236,-0.2225209339563146,-0.5000000000000004,0.8660254037844384,1,0,1,0,0,37.0,54.0,50.892857142857146,114.5,False,train
2016-12-31 22:00:00,North,33,20161231221,False,False,-0.5000000000000004,0.8660254037844384,-0.9749279121818236,-0.2225209339563146,-0.5000000000000004,0.8660254037844384,1,0,1,0,0,39.0,53.0,50.80952380952381,114.5,False,train
2016-12-31 23:00:00,North,32,20161231231,False,False,-0.25881904510252157,0.9659258262890681,-0.9749279121818236,-0.2225209339563146,-0.5000000000000004,0.8660254037844384,1,0,1,0,0,36.0,49.0,50.732142857142854,114.5,False,train
2017-01-01 00:00:00,North,27,20170101001,False,False,0.0,1.0,-0.7818314824680299,0.6234898018587334,0.0,1.0,1,0,1,0,0,33.0,38.0,50.70238095238095,114.5,False,test
2017-01-01 01:00:00,North,23,20170101011,False,False,0.25881904510252074,0.9659258262890683,-0.7818314824680299,0.6234898018587334,0.0,1.0,1,0,1,0,0,26.0,32.0,50.666666666666664,114.5,False,test
2017-01-01 02:00:00,North,17,20170101021,False,False,0.49999999999999994,0.8660254037844387,-0.7818314824680299,0.6234898018587334,0.0,1.0,1,0,1,0,0,26.0,29.0,50.648809523809526,114.5,False,test
2017-01-01 03:00:00,North,16,20170101031,False,False,0.7071067811865476,0.7071067811865476,-0.7818314824680299,0.6234898018587334,0.0,1.0,1,0,1,0,0,23.0,24.0,50.642857142857146,114.5,False,test
2017-01-01 04:00:00,North,16,20170101041,False,False,0.8660254037844386,0.5000000000000001,-0.7818314824680299,0.6234898018587334,0.0,1.0,1,0,1,0,0,20.0,22.0,50.63095238095238,114.5,False,test
2017-01-01 05:00:00,North,14,20170101051,False,False,0.9659258262890683,0.25881904510252074,-0.7818314824680299,0.6234898018587334,0.0,1.0,1,0,1,0,0,16.0,21.0,50.601190476190474,114.5,False,test
2017-01-01 06:00:00,North,14,20170101061,False,False,1.0,6.123233995736766e-17,-0.7818314824680299,0.6234898018587334,0.0,1.0,1,0,1,0,0,21.0,25.0,50.57738095238095,114.5,False,test
2017-01-01 07:00:00,North,18,20170101071,False,False,0.9659258262890683,-0.25881904510252063,-0.7818314824680299,0.6234898018587334,0.0,1.0,1,0,1,0,0,20.0,22.0,50.56547619047619,114.5,False,test
2017-01-01 08:00:00,North,20,20170101081,False,False,0.8660254037844387,-0.4999999999999998,-0.7818314824680299,0.6234898018587334,0.0,1.0,1,0,1,0,0,20.0,27.0,50.523809523809526,114.5,False,test
2017-01-01 09:00:00,North,22,20170101091,False,False,0.7071067811865476,-0.7071067811865475,-0.7818314824680299,0.6234898018587334,0.0,1.0,1,0,1,0,0,29.0,33.0,50.5,114.5,False,test
2017-01-01 10:00:00,North,21,20170101101,False,False,0.49999999999999994,-0.8660254037844387,-0.7818314824680299,0.6234898018587334,0.0,1.0,1,0,1,0,0,31.0,36.0,50.470238095238095,114.5,False,test
2017-01-01 11:00:00,North,24,20170101111,False,False,0.258819045102521,-0.9659258262890682,-0.7818314824680299,0.6234898018587334,0.0,1.0,1,0,1,0,0,33.0,43.0,50.410714285714285,114.5,False,test
2017-01-01 12:00:00,North,20,20170101121,False,False,1.2246467991473532e-16,-1.0,-0.7818314824680299,0.6234898018587334,0.0,1.0,1,0,1,0,0,33.0,39.0,50.375,114.5,False,test
2017-01-01 13:00:00,North,21,20170101131,False,False,-0.2588190451025208,-0.9659258262890683,-0.7818314824680299,0.6234898018587334,0.0,1.0,1,0,1,0,0,34.0,37.0,50.357142857142854,114.5,False,test
2017-01-01 14:00:00,North,26,20170101141,False,False,-0.4999999999999997,-0.8660254037844388,-0.7818314824680299,0.6234898018587334,0.0,1.0,1,0,1,0,0,33.0,37.0,50.333333333333336,114.5,False,test
2017-01-01 15:00:00,North,30,20170101151,False,False,-0.7071067811865471,-0.7071067811865479,-0.7818314824680299,0.6234898018587334,0.0,1.0,1,0,1,0,0,35.0,38.0,50.31547619047619,114.5,False,test
2017-01-01 16:00:00,North,32,20170101161,False,False,-0.8660254037844385,-0.5000000000000004,-0.7818314824680299,0.6234898018587334,0.0,1.0,1,0,1,0,0,33.0,40.0,50.273809523809526,114.5,False,test
2017-01-01 17:00:00,North,27,20170101171,False,False,-0.9659258262890683,-0.25881904510252063,-0.7818314824680299,0.6234898018587334,0.0,1.0,1,0,1,0,0,37.0,40.0,50.25595238095238,114.5,False,test
2017-01-01 18:00:00,North,34,20170101181,False,False,-1.0,-1.8369701987210297e-16,-0.7818314824680299,0.6234898018587334,0.0,1.0,1,0,1,0,0,38.0,49.0,50.19047619047619,114.5,False,test
2017-01-01 19:00:00,North,36,20170101191,False,False,-0.9659258262890684,0.2588190451025203,-0.7818314824680299,0.6234898018587334,0.0,1.0,1,0,1,0,0,39.0,57.0,50.083333333333336,114.875,False,test
2017-01-01 20:00:00,North,39,20170101201,False,False,-0.8660254037844386,0.5000000000000001,-0.7818314824680299,0.6234898018587334,0.0,1.0,1,0,1,0,0,39.0,53.0,50.0,116.0,False,test
2017-01-01 21:00:00,North,40,20170101211,False,False,-0.7071067811865477,0.7071067811865474,-0.7818314824680299,0.6234898018587334,0.0,1.0,1,0,1,0,0,38.0,51.0,49.92261904761905,116.0,False,test
2017-01-01 22:00:00,North,38,20170101221,False,False,-0.5000000000000004,0.8660254037844384,-0.7818314824680299,0.6234898018587334,0.0,1.0,1,0,1,0,0,34.0,50.0,49.82738095238095,116.0,False,test
2017-01-01 23:00:00,North,37,20170101231,False,False,-0.25881904510252157,0.9659258262890681,-0.7818314824680299,0.6234898018587334,0.0,1.0,1,0,1,0,0,19.0,54.0,49.61904761904762,116.0,False,test
2017-01-02 00:00:00,North,34,20170102001,False,False,0.0,1.0,0.0,1.0,0.0,1.0,0,0,1,0,0,35.0,44.0,49.56547619047619,116.0,False,test
2017-01-02 01:00:00,North,29,20170102011,False,False,0.25881904510252074,0.9659258262890683,0.0,1.0,0.0,1.0,0,0,1,0,0,24.0,38.0,49.482142857142854,116.0,False,test
2017-01-02 02:00:00,North,27,20170102021,False,False,0.49999999999999994,0.8660254037844387,0.0,1.0,0.0,1.0,0,0,1,0,0,27.0,34.0,49.44047619047619,116.0,False,test
2017-01-02 03:00:00,North,22,20170102031,False,False,0.7071067811865476,0.7071067811865476,0.0,1.0,0.0,1.0,0,0,1,0,0,25.0,33.0,49.392857142857146,116.0,False,test
2017-01-02 04:00:00,North,24,20170102041,False,False,0.8660254037844386,0.5000000000000001,0.0,1.0,0.0,1.0,0,0,1,0,0,23.0,29.0,49.357142857142854,116.0,False,test
2017-01-02 05:00:00,North,19,20170102051,False,False,0.9659258262890683,0.25881904510252074,0.0,1.0,0.0,1.0,0,0,1,0,0,24.0,28.0,49.333333333333336,116.0,False,test
2017-01-02 06:00:00,North,20,20170102061,False,False,1.0,6.123233995736766e-17,0.0,1.0,0.0,1.0,0,0,1,0,0,27.0,30.0,49.31547619047619,116.0,False,test
2017-01-02 07:00:00,North,22,20170102071,False,False,0.9659258262890683,-0.25881904510252063,0.0,1.0,0.0,1.0,0,0,1,0,0,31.0,35.0,49.291666666666664,116.0,False,test
2017-01-02 08:00:00,North,31,20170102081,False,False,0.8660254037844387,-0.4999999999999998,0.0,1.0,0.0,1.0,0,0,1,0,0,32.0,41.0,49.23809523809524,116.0,False,test
2017-01-02 09:00:00,North,38,20170102091,False,False,0.7071067811865476,-0.7071067811865475,0.0,1.0,0.0,1.0,0,0,1,0,0,44.0,45.0,49.232142857142854,116.0,False,test
2017-01-02 10:00:00,North,58,20170102101,False,False,0.49999999999999994,-0.8660254037844387,0.0,1.0,0.0,1.0,0,0,1,0,0,55.0,65.0,49.17261904761905,116.0,False,test
2017-01-02 11:00:00,North,63,20170102111,False,False,0.258819045102521,-0.9659258262890682,0.0,1.0,0.0,1.0,0,0,1,0,0,65.0,79.0,49.089285714285715,116.0,False,test
2017-01-02 12:00:00,North,65,20170102121,False,False,1.2246467991473532e-16,-1.0,0.0,1.0,0.0,1.0,0,0,1,0,0,64.0,91.0,48.92857142857143,114.125,False,test
2017-01-02 13:00:00,North,52,20170102131,False,False,-0.2588190451025208,-0.9659258262890683,0.0,1.0,0.0,1.0,0,0,1,0,0,58.0,84.0,48.773809523809526,113.5,False,test
2017-01-02 14:00:00,North,62,20170102141,False,False,-0.4999999999999997,-0.8660254037844388,0.0,1.0,0.0,1.0,0,0,1,0,0,65.0,85.0,48.654761904761905,113.5,False,test
2017-01-02 15:00:00,North,71,20170102151,False,False,-0.7071067811865471,-0.7071067811865479,0.0,1.0,0.0,1.0,0,0,1,0,0,68.0,88.0,48.535714285714285,113.5,False,test
2017-01-02 16:00:00,North,64,20170102161,False,False,-0.8660254037844385,-0.5000000000000004,0.0,1.0,0.0,1.0,0,0,1,0,0,56.0,76.0,48.416666666666664,113.5,False,test
2017-01-02 17:00:00,North,59,20170102171,False,False,-0.9659258262890683,-0.25881904510252063,0.0,1.0,0.0,1.0,0,0,1,0,0,62.0,71.0,48.36309523809524,113.5,False,test
2017-01-02 18:00:00,North,54,20170102181,False,False,-1.0,-1.8369701987210297e-16,0.0,1.0,0.0,1.0,0,0,1,0,0,55.0,79.0,48.220238095238095,113.5,False,test
2017-01-02 19:00:00,North,56,20170102191,False,False,-0.9659258262890684,0.2588190451025203,0.0,1.0,0.0,1.0,0,0,1,0,0,59.0,80.0,48.095238095238095,111.625,False,test
2017-01-02 20:00:00,North,54,20170102201,False,False,-0.8660254037844386,0.5000000000000001,0.0,1.0,0.0,1.0,0,0,1,0,0,52.0,81.0,47.92261904761905,111.0,False,test
2017-01-02 21:00:00,North,59,20170102211,False,False,-0.7071067811865477,0.7071067811865474,0.0,1.0,0.0,1.0,0,0,1,0,0,54.0,75.0,47.79761904761905,111.0,False,test
2017-01-02 22:00:00,North,67,20170102221,False,False,-0.5000000000000004,0.8660254037844384,0.0,1.0,0.0,1.0,0,0,1,0,0,51.0,70.0,47.68452380952381,111.0,False,test
2017-01-02 23:00:00,North,53,20170102231,False,False,-0.25881904510252157,0.9659258262890681,0.0,1.0,0.0,1.0,0,0,1,0,0,51.0,72.0,47.55952380952381,111.0,False,test
2017-01-03 00:00:00,North,49,20170103001,False,False,0.0,1.0,0.7818314824680298,0.6234898018587336,0.0,1.0,0,0,1,0,0,41.0,65.0,47.416666666666664,111.0,False,test
2017-01-03 01:00:00,North,38,20170103011,False,False,0.25881904510252074,0.9659258262890683,0.7818314824680298,0.6234898018587336,0.0,1.0,0,0,1,0,0,33.0,39.0,47.38095238095238,111.0,False,test
2017-01-03 02:00:00,North,33,20170103021,False,False,0.49999999999999994,0.8660254037844387,0.7818314824680298,0.6234898018587336,0.0,1.0,0,0,1,0,0,29.0,40.0,47.31547619047619,111.0,False,test
2017-01-03 03:00:00,North,31,20170103031,False,False,0.7071067811865476,0.7071067811865476,0.7818314824680298,0.6234898018587336,0.0,1.0,0,0,1,0,0,29.0,43.0,47.232142857142854,111.0,False,test
2017-01-03 04:00:00,North,25,20170103041,False,False,0.8660254037844386,0.5000000000000001,0.7818314824680298,0.6234898018587336,0.0,1.0,0,0,1,0,0,25.0,37.0,47.160714285714285,111.0,False,test
2017-01-03 05:00:00,North,25,20170103051,False,False,0.9659258262890683,0.25881904510252074,0.7818314824680298,0.6234898018587336,0.0,1.0,0,0,1,0,0,26.0,35.0,47.107142857142854,111.375,False,test
2017-01-03 06:00:00,North,34,20170103061,False,False,1.0,6.123233995736766e-17,0.7818314824680298,0.6234898018587336,0.0,1.0,0,0,1,0,0,29.0,39.0,47.04761904761905,112.5,False,test
2017-01-03 07:00:00,North,32,20170103071,False,False,0.9659258262890683,-0.25881904510252063,0.7818314824680298,0.6234898018587336,0.0,1.0,0,0,1,0,0,36.0,40.0,47.023809523809526,112.5,False,test
2017-01-03 08:00:00,North,43,20170103081,False,False,0.8660254037844387,-0.4999999999999998,0.7818314824680298,0.6234898018587336,0.0,1.0,0,0,1,0,0,39.0,45.0,46.98809523809524,112.5,False,test
2017-01-03 09:00:00,North,50,20170103091,False,False,0.7071067811865476,-0.7071067811865475,0.7818314824680298,0.6234898018587336,0.0,1.0,0,0,1,0,0,43.0,51.0,46.94047619047619,112.5,False,test
2017-01-03 10:00:00,North,63,20170103101,False,False,0.49999999999999994,-0.8660254037844387,0.7818314824680298,0.6234898018587336,0.0,1.0,0,0,1,0,0,53.0,63.0,46.88095238095238,112.5,False,test
2017-01-03 11:00:00,North,82,20170103111,False,False,0.258819045102521,-0.9659258262890682,0.7818314824680298,0.6234898018587336,0.0,1.0,0,0,1,0,0,51.0,71.0,46.76190476190476,112.5,False,test
2017-01-03 12:00:00,North,82,20170103121,False,False,1.2246467991473532e-16,-1.0,0.7818314824680298,0.6234898018587336,0.0,1.0,0,0,1,0,0,69.0,76.0,46.720238095238095,112.5,False,test
2017-01-03 13:00:00,North,67,20170103131,False,False,-0.2588190451025208,-0.9659258262890683,0.7818314824680298,0.6234898018587336,0.0,1.0,0,0,1,0,0,40.0,66.0,46.56547619047619,112.5,False,test
2017-01-03 14:00:00,North,80,20170103141,False,False,-0.4999999999999997,-0.8660254037844388,0.7818314824680298,0.6234898018587336,0.0,1.0,0,0,1,0,0,52.0,71.0,46.45238095238095,112.5,False,test
2017-01-03 15:00:00,North,79,20170103151,False,False,-0.7071067811865471,-0.7071067811865479,0.7818314824680298,0.6234898018587336,0.0,1.0,0,0,1,0,0,78.0,74.0,46.476190476190474,112.5,False,test
2017-01-03 16:00:00,North,77,20170103161,False,False,-0.8660254037844385,-0.5000000000000004,0.7818314824680298,0.6234898018587336,0.0,1.0,0,0,1,0,0,60.0,73.0,46.398809523809526,112.5,False,test
2017-01-03 17:00:00,North,73,20170103171,False,False,-0.9659258262890683,-0.25881904510252063,0.7818314824680298,0.6234898018587336,0.0,1.0,0,0,1,0,0,64.0,70.0,46.36309523809524,112.5,False,test
2017-01-03 18:00:00,North,76,20170103181,False,False,-1.0,-1.8369701987210297e-16,0.7818314824680298,0.6234898018587336,0.0,1.0,0,0,1,0,0,63.0,73.0,46.30357142857143,112.5,False,test
2017-01-03 19:00:00,North,77,20170103191,False,False,-0.9659258262890684,0.2588190451025203,0.7818314824680298,0.6234898018587336,0.0,1.0,0,0,1,0,0,64.0,69.0,46.273809523809526,112.5,False,test
2017-01-03 20:00:00,North,77,20170103201,False,False,-0.8660254037844386,0.5000000000000001,0.7818314824680298,0.6234898018587336,0.0,1.0,0,0,1,0,0,66.0,70.0,46.25,112.5,False,test
2017-01-03 21:00:00,North,83,20170103211,False,False,-0.7071067811865477,0.7071067811865474,0.7818314824680298,0.6234898018587336,0.0,1.0,0,0,1,0,0,66.0,75.0,46.19642857142857,112.5,False,test
2017-01-03 22:00:00,North,81,20170103221,False,False,-0.5000000000000004,0.8660254037844384,0.7818314824680298,0.6234898018587336,0.0,1.0,0,0,1,0,0,62.0,71.0,46.142857142857146,112.5,False,test
2017-01-03 23:00:00,North,67,20170103231,False,False,-0.25881904510252157,0.9659258262890681,0.7818314824680298,0.6234898018587336,0.0,1.0,0,0,1,0,0,57.0,62.0,46.11309523809524,112.5,False,test
2017-01-04 00:00:00,North,66,20170104001,False,False,0.0,1.0,0.9749279121818236,-0.22252093395631434,0.0,1.0,0,0,1,0,0,52.0,59.0,46.07142857142857,112.5,False,test
2017-01-04 01:00:00,North,51,20170104011,False,False,0.25881904510252074,0.9659258262890683,0.9749279121818236,-0.22252093395631434,0.0,1.0,0,0,1,0,0,39.0,52.0,45.99404761904762,112.5,False,test
2017-01-04 02:00:00,North,46,20170104021,False,False,0.49999999999999994,0.8660254037844387,0.9749279121818236,-0.22252093395631434,0.0,1.0,0,0,1,0,0,37.0,48.0,45.92857142857143,112.5,False,test
2017-01-04 03:00:00,North,41,20170104031,False,False,0.7071067811865476,0.7071067811865476,0.9749279121818236,-0.22252093395631434,0.0,1.0,0,0,1,0,0,36.0,41.0,45.898809523809526,112.5,False,test
2017-01-04 04:00:00,North,40,20170104041,False,False,0.8660254037844386,0.5000000000000001,0.9749279121818236,-0.22252093395631434,0.0,1.0,0,0,1,0,0,28.0,37.0,45.845238095238095,112.5,False,test
2017-01-04 05:00:00,North,32,20170104051,False,False,0.9659258262890683,0.25881904510252074,0.9749279121818236,-0.22252093395631434,0.0,1.0,0,0,1,0,0,25.0,35.0,45.785714285714285,112.5,False,test
2017-01-04 06:00:00,North,37,20170104061,False,False,1.0,6.123233995736766e-17,0.9749279121818236,-0.22252093395631434,0.0,1.0,0,0,1,0,0,29.0,33.0,45.76190476190476,112.5,False,test
2017-01-04 07:00:00,North,38,20170104071,False,False,0.9659258262890683,-0.25881904510252063,0.9749279121818236,-0.22252093395631434,0.0,1.0,0,0,1,0,0,31.0,38.0,45.720238095238095,112.5,False,test
2017-01-04 08:00:00,North,42,20170104081,False,False,0.8660254037844387,-0.4999999999999998,0.9749279121818236,-0.22252093395631434,0.0,1.0,0,0,1,0,0,40.0,44.0,45.69642857142857,112.5,False,test
2017-01-04 09:00:00,North,49,20170104091,False,False,0.7071067811865476,-0.7071067811865475,0.9749279121818236,-0.22252093395631434,0.0,1.0,0,0,1,0,0,46.0,50.0,45.67261904761905,112.5,False,test
2017-01-04 10:00:00,North,65,20170104101,False,False,0.49999999999999994,-0.8660254037844387,0.9749279121818236,-0.22252093395631434,0.0,1.0,0,0,1,0,0,55.0,61.0,45.63690476190476,112.5,False,test
2017-01-04 11:00:00,North,71,20170104111,False,False,0.258819045102521,-0.9659258262890682,0.9749279121818236,-0.22252093395631434,0.0,1.0,0,0,1,0,0,61.0,76.0,45.54761904761905,112.5,False,test
2017-01-04 12:00:00,North,78,20170104121,False,False,1.2246467991473532e-16,-1.0,0.9749279121818236,-0.22252093395631434,0.0,1.0,0,0,1,0,0,69.0,82.0,45.470238095238095,112.5,False,test
2017-01-04 13:00:00,North,69,20170104131,False,False,-0.2588190451025208,-0.9659258262890683,0.9749279121818236,-0.22252093395631434,0.0,1.0,0,0,1,0,0,55.0,76.0,45.345238095238095,112.5,False,test
2017-01-04 14:00:00,North,75,20170104141,False,False,-0.4999999999999997,-0.8660254037844388,0.9749279121818236,-0.22252093395631434,0.0,1.0,0,0,1,0,0,63.0,78.0,45.25595238095238,112.5,False,test
2017-01-04 15:00:00,North,78,20170104151,False,False,-0.7071067811865471,-0.7071067811865479,0.9749279121818236,-0.22252093395631434,0.0,1.0,0,0,1,0,0,67.0,79.0,45.18452380952381,112.5,False,test
2017-01-04 16:00:00,North,74,20170104161,False,False,-0.8660254037844385,-0.5000000000000004,0.9749279121818236,-0.22252093395631434,0.0,1.0,0,0,1,0,0,56.0,72.0,45.089285714285715,112.5,False,test
2017-01-04 17:00:00,North,69,20170104171,False,False,-0.9659258262890683,-0.25881904510252063,0.9749279121818236,-0.22252093395631434,0.0,1.0,0,0,1,0,0,56.0,70.0,45.00595238095238,112.5,False,test
2017-01-04 18:00:00,North,73,20170104181,False,False,-1.0,-1.8369701987210297e-16,0.9749279121818236,-0.22252093395631434,0.0,1.0,0,0,1,0,0,61.0,79.0,44.898809523809526,112.5,False,test
2017-01-04 19:00:00,North,79,20170104191,False,False,-0.9659258262890684,0.2588190451025203,0.9749279121818236,-0.22252093395631434,0.0,1.0,0,0,1,0,0,61.0,79.0,44.791666666666664,112.5,False,test
2017-01-04 20:00:00,North,78,20170104201,False,False,-0.8660254037844386,0.5000000000000001,0.9749279121818236,-0.22252093395631434,0.0,1.0,0,0,1,0,0,62.0,79.0,44.69047619047619,112.5,False,test
2017-01-04 21:00:00,North,71,20170104211,False,False,-0.7071067811865477,0.7071067811865474,0.9749279121818236,-0.22252093395631434,0.0,1.0,0,0,1,0,0,63.0,83.0,44.57142857142857,112.5,False,test
2017-01-04 22:00:00,North,73,20170104221,False,False,-0.5000000000000004,0.8660254037844384,0.9749279121818236,-0.22252093395631434,0.0,1.0,0,0,1,0,0,61.0,75.0,44.48809523809524,112.5,False,test
2017-01-04 23:00:00,North,62,20170104231,False,False,-0.25881904510252157,0.9659258262890681,0.9749279121818236,-0.22252093395631434,0.0,1.0,0,0,1,0,0,56.0,69.0,44.410714285714285,112.5,False,test
2017-01-05 00:00:00,North,61,20170105001,False,False,0.0,1.0,0.43388373911755823,-0.900968867902419,0.0,1.0,0,0,1,0,0,48.0,62.0,44.32738095238095,110.625,False,test
2017-01-05 01:00:00,North,50,20170105011,False,False,0.25881904510252074,0.9659258262890683,0.43388373911755823,-0.900968867902419,0.0,1.0,0,0,1,0,0,39.0,51.0,44.25595238095238,110.0,False,test
2017-01-05 02:00:00,North,45,20170105021,False,False,0.49999999999999994,0.8660254037844387,0.43388373911755823,-0.900968867902419,0.0,1.0,0,0,1,0,0,36.0,44.0,44.208333333333336,110.0,False,test
2017-01-05 03:00:00,North,43,20170105031,False,False,0.7071067811865476,0.7071067811865476,0.43388373911755823,-0.900968867902419,0.0,1.0,0,0,1,0,0,31.0,40.0,44.154761904761905,110.0,False,test
2017-01-05 04:00:00,North,32,20170105041,False,False,0.8660254037844386,0.5000000000000001,0.43388373911755823,-0.900968867902419,0.0,1.0,0,0,1,0,0,29.0,34.0,44.125,110.0,False,test
2017-01-05 05:00:00,North,31,20170105051,False,False,0.9659258262890683,0.25881904510252074,0.43388373911755823,-0.900968867902419,0.0,1.0,0,0,1,0,0,28.0,30.0,44.11309523809524,110.0,False,test
2017-01-05 06:00:00,North,35,20170105061,False,False,1.0,6.123233995736766e-17,0.43388373911755823,-0.900968867902419,0.0,1.0,0,0,1,0,0,26.0,33.0,44.07142857142857,110.0,False,test
2017-01-05 07:00:00,North,42,20170105071,False,False,0.9659258262890683,-0.25881904510252063,0.43388373911755823,-0.900968867902419,0.0,1.0,0,0,1,0,0,34.0,39.0,44.041666666666664,110.0,False,test
2017-01-05 08:00:00,North,40,20170105081,False,False,0.8660254037844387,-0.4999999999999998,0.43388373911755823,-0.900968867902419,0.0,1.0,0,0,1,0,0,39.0,45.0,44.00595238095238,110.0,False,test
2017-01-05 09:00:00,North,48,20170105091,False,False,0.7071067811865476,-0.7071067811865475,0.43388373911755823,-0.900968867902419,0.0,1.0,0,0,1,0,0,46.0,51.0,43.976190476190474,110.0,False,test
2017-01-05 10:00:00,North,64,20170105101,False,False,0.49999999999999994,-0.8660254037844387,0.43388373911755823,-0.900968867902419,0.0,1.0,0,0,1,0,0,53.0,57.0,43.95238095238095,110.0,False,test
2017-01-05 11:00:00,North,90,20170105111,False,False,0.258819045102521,-0.9659258262890682,0.43388373911755823,-0.900968867902419,0.0,1.0,0,0,1,0,0,58.0,67.0,43.898809523809526,110.0,False,test
2017-01-05 12:00:00,North,80,20170105121,False,False,1.2246467991473532e-16,-1.0,0.43388373911755823,-0.900968867902419,0.0,1.0,0,0,1,0,0,76.0,69.0,43.94047619047619,110.0,False,test
2017-01-05 13:00:00,North,70,20170105131,False,False,-0.2588190451025208,-0.9659258262890683,0.43388373911755823,-0.900968867902419,0.0,1.0,0,0,1,0,0,60.0,61.0,43.93452380952381,110.0,False,test
2017-01-05 14:00:00,North,82,20170105141,False,False,-0.4999999999999997,-0.8660254037844388,0.43388373911755823,-0.900968867902419,0.0,1.0,0,0,1,0,0,64.0,67.0,43.916666666666664,110.0,False,test
2017-01-05 15:00:00,North,80,20170105151,False,False,-0.7071067811865471,-0.7071067811865479,0.43388373911755823,-0.900968867902419,0.0,1.0,0,0,1,0,0,71.0,69.0,43.92857142857143,110.0,False,test
2017-01-05 16:00:00,North,80,20170105161,False,False,-0.8660254037844385,-0.5000000000000004,0.43388373911755823,-0.900968867902419,0.0,1.0,0,0,1,0,0,60.0,62.0,43.916666666666664,110.0,False,test
2017-01-05 17:00:00,North,77,20170105171,False,False,-0.9659258262890683,-0.25881904510252063,0.43388373911755823,-0.900968867902419,0.0,1.0,0,0,1,0,0,62.0,64.0,43.904761904761905,110.0,False,test
2017-01-05 18:00:00,North,73,20170105181,False,False,-1.0,-1.8369701987210297e-16,0.43388373911755823,-0.900968867902419,0.0,1.0,0,0,1,0,0,64.0,60.0,43.92857142857143,110.0,False,test
2017-01-05 19:00:00,North,77,20170105191,False,False,-0.9659258262890684,0.2588190451025203,0.43388373911755823,-0.900968867902419,0.0,1.0,0,0,1,0,0,64.0,61.0,43.94642857142857,110.0,False,test
2017-01-05 20:00:00,North,77,20170105201,False,False,-0.8660254037844386,0.5000000000000001,0.43388373911755823,-0.900968867902419,0.0,1.0,0,0,1,0,0,63.0,64.0,43.94047619047619,110.0,False,test
2017-01-05 21:00:00,North,74,20170105211,False,False,-0.7071067811865477,0.7071067811865474,0.43388373911755823,-0.900968867902419,0.0,1.0,0,0,1,0,0,65.0,62.0,43.958333333333336,110.0,False,test
2017-01-05 22:00:00,North,69,20170105221,False,False,-0.5000000000000004,0.8660254037844384,0.43388373911755823,-0.900968867902419,0.0,1.0,0,0,1,0,0,61.0,62.0,43.95238095238095,110.0,False,test
2017-01-05 23:00:00,North,64,20170105231,False,False,-0.25881904510252157,0.9659258262890681,0.43388373911755823,-0.900968867902419,0.0,1.0,0,0,1,0,0,55.0,58.0,43.93452380952381,110.0,False,test
2017-01-06 00:00:00,North,61,20170106001,False,False,0.0,1.0,-0.433883739117558,-0.9009688679024191,0.0,1.0,0,0,1,0,0,51.0,46.0,43.964285714285715,110.0,False,test
2017-01-06 01:00:00,North,51,20170106011,False,False,0.25881904510252074,0.9659258262890683,-0.433883739117558,-0.9009688679024191,0.0,1.0,0,0,1,0,0,43.0,40.0,43.982142857142854,110.0,False,test
2017-01-06 02:00:00,North,45,20170106021,False,False,0.49999999999999994,0.8660254037844387,-0.433883739117558,-0.9009688679024191,0.0,1.0,0,0,1,0,0,36.0,39.0,43.964285714285715,110.0,False,test
2017-01-06 03:00:00,North,39,20170106031,False,False,0.7071067811865476,0.7071067811865476,-0.433883739117558,-0.9009688679024191,0.0,1.0,0,0,1,0,0,31.0,33.0,43.95238095238095,110.0,False,test
2017-01-06 04:00:00,North,34,20170106041,False,False,0.8660254037844386,0.5000000000000001,-0.433883739117558,-0.9009688679024191,0.0,1.0,0,0,1,0,0,32.0,27.0,43.982142857142854,110.0,False,test
2017-01-06 05:00:00,North,32,20170106051,False,False,0.9659258262890683,0.25881904510252074,-0.433883739117558,-0.9009688679024191,0.0,1.0,0,0,1,0,0,27.0,26.0,43.98809523809524,110.0,False,test
2017-01-06 06:00:00,North,31,20170106061,False,False,1.0,6.123233995736766e-17,-0.433883739117558,-0.9009688679024191,0.0,1.0,0,0,1,0,0,25.0,31.0,43.95238095238095,110.0,False,test
2017-01-06 07:00:00,North,33,20170106071,False,False,0.9659258262890683,-0.25881904510252063,-0.433883739117558,-0.9009688679024191,0.0,1.0,0,0,1,0,0,28.0,33.0,43.92261904761905,110.0,False,test
2017-01-06 08:00:00,North,40,20170106081,False,False,0.8660254037844387,-0.4999999999999998,-0.433883739117558,-0.9009688679024191,0.0,1.0,0,0,1,0,0,35.0,38.0,43.904761904761905,110.0,False,test
2017-01-06 09:00:00,North,44,20170106091,False,False,0.7071067811865476,-0.7071067811865475,-0.433883739117558,-0.9009688679024191,0.0,1.0,0,0,1,0,0,42.0,40.0,43.916666666666664,110.0,False,test
2017-01-06 10:00:00,North,57,20170106101,False,False,0.49999999999999994,-0.8660254037844387,-0.433883739117558,-0.9009688679024191,0.0,1.0,0,0,1,0,0,54.0,51.0,43.93452380952381,110.0,False,test
2017-01-06 11:00:00,North,72,20170106111,False,False,0.258819045102521,-0.9659258262890682,-0.433883739117558,-0.9009688679024191,0.0,1.0,0,0,1,0,0,63.0,54.0,43.98809523809524,110.0,False,test
2017-01-06 12:00:00,North,73,20170106121,False,False,1.2246467991473532e-16,-1.0,-0.433883739117558,-0.9009688679024191,0.0,1.0,0,0,1,0,0,63.0,62.0,43.99404761904762,110.0,False,test
2017-01-06 13:00:00,North,62,20170106131,False,False,-0.2588190451025208,-0.9659258262890683,-0.433883739117558,-0.9009688679024191,0.0,1.0,0,0,1,0,0,55.0,54.0,44.0,110.0,False,test
2017-01-06 14:00:00,North,74,20170106141,False,False,-0.4999999999999997,-0.8660254037844388,-0.433883739117558,-0.9009688679024191,0.0,1.0,0,0,1,0,0,59.0,61.0,43.98809523809524,110.0,False,test
2017-01-06 15:00:00,North,71,20170106151,False,False,-0.7071067811865471,-0.7071067811865479,-0.433883739117558,-0.9009688679024191,0.0,1.0,0,0,1,0,0,60.0,54.0,44.023809523809526,110.0,False,test
2017-01-06 16:00:00,North,64,20170106161,False,False,-0.8660254037844385,-0.5000000000000004,-0.433883739117558,-0.9009688679024191,0.0,1.0,0,0,1,0,0,53.0,53.0,44.023809523809526,110.0,False,test
2017-01-06 17:00:00,North,63,20170106171,False,False,-0.9659258262890683,-0.25881904510252063,-0.433883739117558,-0.9009688679024191,0.0,1.0,0,0,1,0,0,45.0,54.0,43.970238095238095,110.0,False,test
2017-01-06 18:00:00,North,59,20170106181,False,False,-1.0,-1.8369701987210297e-16,-0.433883739117558,-0.9009688679024191,0.0,1.0,0,0,1,0,0,55.0,57.0,43.958333333333336,110.0,False,test
2017-01-06 19:00:00,North,65,20170106191,False,False,-0.9659258262890684,0.2588190451025203,-0.433883739117558,-0.9009688679024191,0.0,1.0,0,0,1,0,0,61.0,56.0,43.98809523809524,110.0,False,test
2017-01-06 20:00:00,North,67,20170106201,False,False,-0.8660254037844386,0.5000000000000001,-0.433883739117558,-0.9009688679024191,0.0,1.0,0,0,1,0,0,60.0,55.0,44.017857142857146,110.0,False,test
2017-01-06 21:00:00,North,69,20170106211,False,False,-0.7071067811865477,0.7071067811865474,-0.433883739117558,-0.9009688679024191,0.0,1.0,0,0,1,0,0,56.0,56.0,44.017857142857146,110.0,False,test
2017-01-06 22:00:00,North,64,20170106221,False,False,-0.5000000000000004,0.8660254037844384,-0.433883739117558,-0.9009688679024191,0.0,1.0,0,0,1,0,0,52.0,54.0,44.00595238095238,110.0,False,test
2017-01-06 23:00:00,North,57,20170106231,False,False,-0.25881904510252157,0.9659258262890681,-0.433883739117558,-0.9009688679024191,0.0,1.0,0,0,1,0,0,48.0,49.0,44.0,108.125,False,test
2017-01-07 00:00:00,North,50,20170107001,False,False,0.0,1.0,-0.9749279121818236,-0.2225209339563146,0.0,1.0,1,0,1,0,0,45.0,41.0,44.023809523809526,107.5,False,test
2017-01-07 01:00:00,North,49,20170107011,False,False,0.25881904510252074,0.9659258262890683,-0.9749279121818236,-0.2225209339563146,0.0,1.0,1,0,1,0,0,35.0,36.0,44.017857142857146,107.5,False,test
2017-01-07 02:00:00,North,38,20170107021,False,False,0.49999999999999994,0.8660254037844387,-0.9749279121818236,-0.2225209339563146,0.0,1.0,1,0,1,0,0,31.0,33.0,44.00595238095238,107.5,False,test
2017-01-07 03:00:00,North,33,20170107031,False,False,0.7071067811865476,0.7071067811865476,-0.9749279121818236,-0.2225209339563146,0.0,1.0,1,0,1,0,0,33.0,30.0,44.023809523809526,107.5,False,test
2017-01-07 04:00:00,North,31,20170107041,False,False,0.8660254037844386,0.5000000000000001,-0.9749279121818236,-0.2225209339563146,0.0,1.0,1,0,1,0,0,26.0,28.0,44.01190476190476,107.5,False,test
2017-01-07 05:00:00,North,27,20170107051,False,False,0.9659258262890683,0.25881904510252074,-0.9749279121818236,-0.2225209339563146,0.0,1.0,1,0,1,0,0,26.0,26.0,44.01190476190476,107.5,False,test
2017-01-07 06:00:00,North,25,20170107061,False,False,1.0,6.123233995736766e-17,-0.9749279121818236,-0.2225209339563146,0.0,1.0,1,0,1,0,0,25.0,26.0,44.00595238095238,107.5,False,test
2017-01-07 07:00:00,North,24,20170107071,False,False,0.9659258262890683,-0.25881904510252063,-0.9749279121818236,-0.2225209339563146,0.0,1.0,1,0,1,0,0,25.0,22.0,44.023809523809526,107.5,False,test
2017-01-07 08:00:00,North,29,20170107081,False,False,0.8660254037844387,-0.4999999999999998,-0.9749279121818236,-0.2225209339563146,0.0,1.0,1,0,1,0,0,26.0,22.0,44.04761904761905,107.5,False,test
2017-01-07 09:00:00,North,35,20170107091,False,False,0.7071067811865476,-0.7071067811865475,-0.9749279121818236,-0.2225209339563146,0.0,1.0,1,0,1,0,0,31.0,27.0,44.07142857142857,107.5,False,test
2017-01-07 10:00:00,North,43,20170107101,False,False,0.49999999999999994,-0.8660254037844387,-0.9749279121818236,-0.2225209339563146,0.0,1.0,1,0,1,0,0,33.0,43.0,44.01190476190476,107.5,False,test
2017-01-07 11:00:00,North,45,20170107111,False,False,0.258819045102521,-0.9659258262890682,-0.9749279121818236,-0.2225209339563146,0.0,1.0,1,0,1,0,0,38.0,44.0,43.976190476190474,107.5,False,test
2017-01-07 12:00:00,North,45,20170107121,False,False,1.2246467991473532e-16,-1.0,-0.9749279121818236,-0.2225209339563146,0.0,1.0,1,0,1,0,0,38.0,43.0,43.94642857142857,107.5,False,test
2017-01-07 13:00:00,North,42,20170107131,False,False,-0.2588190451025208,-0.9659258262890683,-0.9749279121818236,-0.2225209339563146,0.0,1.0,1,0,1,0,0,33.0,38.0,43.916666666666664,107.5,False,test
2017-01-07 14:00:00,North,39,20170107141,False,False,-0.4999999999999997,-0.8660254037844388,-0.9749279121818236,-0.2225209339563146,0.0,1.0,1,0,1,0,0,37.0,31.0,43.95238095238095,107.5,False,test
2017-01-07 15:00:00,North,38,20170107151,False,False,-0.7071067811865471,-0.7071067811865479,-0.9749279121818236,-0.2225209339563146,0.0,1.0,1,0,1,0,0,31.0,31.0,43.95238095238095,107.5,False,test
2017-01-07 16:00:00,North,41,20170107161,False,False,-0.8660254037844385,-0.5000000000000004,-0.9749279121818236,-0.2225209339563146,0.0,1.0,1,0,1,0,0,29.0,31.0,43.94047619047619,107.5,False,test
2017-01-07 17:00:00,North,41,20170107171,False,False,-0.9659258262890683,-0.25881904510252063,-0.9749279121818236,-0.2225209339563146,0.0,1.0,1,0,1,0,0,29.0,34.0,43.910714285714285,107.5,False,test
2017-01-07 18:00:00,North,47,20170107181,False,False,-1.0,-1.8369701987210297e-16,-0.9749279121818236,-0.2225209339563146,0.0,1.0,1,0,1,0,0,30.0,39.0,43.857142857142854,107.5,False,test
2017-01-07 19:00:00,North,51,20170107191,False,False,-0.9659258262890684,0.2588190451025203,-0.9749279121818236,-0.2225209339563146,0.0,1.0,1,0,1,0,0,33.0,44.0,43.791666666666664,107.5,False,test
2017-01-07 20:00:00,North,55,20170107201,False,False,-0.8660254037844386,0.5000000000000001,-0.9749279121818236,-0.2225209339563146,0.0,1.0,1,0,1,0,0,37.0,44.0,43.75,107.5,False,test
2017-01-07 21:00:00,North,52,20170107211,False,False,-0.7071067811865477,0.7071067811865474,-0.9749279121818236,-0.2225209339563146,0.0,1.0,1,0,1,0,0,32.0,37.0,43.720238095238095,107.5,False,test
2017-01-07 22:00:00,North,49,20170107221,False,False,-0.5000000000000004,0.8660254037844384,-0.9749279121818236,-0.2225209339563146,0.0,1.0,1,0,1,0,0,33.0,39.0,43.68452380952381,107.5,False,test
2017-01-07 23:00:00,North,50,20170107231,False,False,-0.25881904510252157,0.9659258262890681,-0.9749279121818236,-0.2225209339563146,0.0,1.0,1,0,1,0,0,32.0,36.0,43.660714285714285,107.5,False,test
2017-01-08 00:00:00,North,43,20170108001,False,False,0.0,1.0,-0.7818314824680299,0.6234898018587334,0.0,1.0,1,0,1,0,0,27.0,33.0,43.625,107.5,False,test
2017-01-08 01:00:00,North,33,20170108011,False,False,0.25881904510252074,0.9659258262890683,-0.7818314824680299,0.6234898018587334,0.0,1.0,1,0,1,0,0,23.0,26.0,43.607142857142854,107.5,False,test
2017-01-08 02:00:00,North,30,20170108021,False,False,0.49999999999999994,0.8660254037844387,-0.7818314824680299,0.6234898018587334,0.0,1.0,1,0,1,0,0,17.0,26.0,43.55357142857143,107.5,False,test
2017-01-08 03:00:00,North,26,20170108031,False,False,0.7071067811865476,0.7071067811865476,-0.7818314824680299,0.6234898018587334,0.0,1.0,1,0,1,0,0,16.0,23.0,43.51190476190476,107.5,False,test
2017-01-08 04:00:00,North,23,20170108041,False,False,0.8660254037844386,0.5000000000000001,-0.7818314824680299,0.6234898018587334,0.0,1.0,1,0,1,0,0,16.0,20.0,43.48809523809524,107.5,False,test
2017-01-08 05:00:00,North,24,20170108051,False,False,0.9659258262890683,0.25881904510252074,-0.7818314824680299,0.6234898018587334,0.0,1.0,1,0,1,0,0,14.0,16.0,43.476190476190474,107.5,False,test
2017-01-08 06:00:00,North,27,20170108061,False,False,1.0,6.123233995736766e-17,-0.7818314824680299,0.6234898018587334,0.0,1.0,1,0,1,0,0,14.0,21.0,43.43452380952381,107.5,False,test
2017-01-08 07:00:00,North,26,20170108071,False,False,0.9659258262890683,-0.25881904510252063,-0.7818314824680299,0.6234898018587334,0.0,1.0,1,0,1,0,0,18.0,20.0,43.42261904761905,107.5,False,test
2017-01-08 08:00:00,North,29,20170108081,False,False,0.8660254037844387,-0.4999999999999998,-0.7818314824680299,0.6234898018587334,0.0,1.0,1,0,1,0,0,20.0,20.0,43.42261904761905,107.5,False,test
2017-01-08 09:00:00,North,41,20170108091,False,False,0.7071067811865476,-0.7071067811865475,-0.7818314824680299,0.6234898018587334,0.0,1.0,1,0,1,0,0,22.0,29.0,43.38095238095238,107.5,False,test
2017-01-08 10:00:00,North,42,20170108101,False,False,0.49999999999999994,-0.8660254037844387,-0.7818314824680299,0.6234898018587334,0.0,1.0,1,0,1,0,0,21.0,31.0,43.32142857142857,107.5,False,test
2017-01-08 11:00:00,North,43,20170108111,False,False,0.258819045102521,-0.9659258262890682,-0.7818314824680299,0.6234898018587334,0.0,1.0,1,0,1,0,0,24.0,33.0,43.267857142857146,107.5,False,test
2017-01-08 12:00:00,North,66,20170108121,False,False,1.2246467991473532e-16,-1.0,-0.7818314824680299,0.6234898018587334,0.0,1.0,1,0,1,0,0,20.0,33.0,43.19047619047619,107.5,False,test
2017-01-08 13:00:00,North,58,20170108131,False,False,-0.2588190451025208,-0.9659258262890683,-0.7818314824680299,0.6234898018587334,0.0,1.0,1,0,1,0,0,21.0,34.0,43.11309523809524,108.125,False,test
2017-01-08 14:00:00,North,62,20170108141,False,False,-0.4999999999999997,-0.8660254037844388,-0.7818314824680299,0.6234898018587334,0.0,1.0,1,0,1,0,0,26.0,33.0,43.07142857142857,108.125,False,test
2017-01-08 15:00:00,North,64,20170108151,False,False,-0.7071067811865471,-0.7071067811865479,-0.7818314824680299,0.6234898018587334,0.0,1.0,1,0,1,0,0,30.0,35.0,43.041666666666664,108.125,False,test
2017-01-08 16:00:00,North,61,20170108161,False,False,-0.8660254037844385,-0.5000000000000004,-0.7818314824680299,0.6234898018587334,0.0,1.0,1,0,1,0,0,32.0,33.0,43.035714285714285,108.125,False,test
2017-01-08 17:00:00,North,62,20170108171,False,False,-0.9659258262890683,-0.25881904510252063,-0.7818314824680299,0.6234898018587334,0.0,1.0,1,0,1,0,0,27.0,37.0,42.976190476190474,108.125,False,test
2017-01-08 18:00:00,North,73,20170108181,False,False,-1.0,-1.8369701987210297e-16,-0.7818314824680299,0.6234898018587334,0.0,1.0,1,0,1,0,0,34.0,38.0,42.95238095238095,108.125,False,test
2017-01-08 19:00:00,North,84,20170108191,False,False,-0.9659258262890684,0.2588190451025203,-0.7818314824680299,0.6234898018587334,0.0,1.0,1,0,1,0,0,36.0,39.0,42.93452380952381,110.0,False,test
2017-01-08 20:00:00,North,84,20170108201,False,False,-0.8660254037844386,0.5000000000000001,-0.7818314824680299,0.6234898018587334,0.0,1.0,1,0,1,0,0,39.0,39.0,42.93452380952381,110.0,False,test
2017-01-08 21:00:00,North,78,20170108211,False,False,-0.7071067811865477,0.7071067811865474,-0.7818314824680299,0.6234898018587334,0.0,1.0,1,0,1,0,0,40.0,38.0,42.94642857142857,110.0,False,test
2017-01-08 22:00:00,North,77,20170108221,False,False,-0.5000000000000004,0.8660254037844384,-0.7818314824680299,0.6234898018587334,0.0,1.0,1,0,1,0,0,38.0,34.0,42.970238095238095,110.0,False,test
2017-01-08 23:00:00,North,75,20170108231,False,False,-0.25881904510252157,0.9659258262890681,-0.7818314824680299,0.6234898018587334,0.0,1.0,1,0,1,0,0,37.0,19.0,43.07738095238095,110.0,False,test
2016-12-19 00:00:00,South,10,20161219002,False,False,0.0,1.0,0.0,1.0,-0.5000000000000004,0.8660254037844384,0,0,0,1,0,13.0,16.0,15.369047619047619,27.0,False,train
2016-12-19 01:00:00,South,9,20161219012,False,False,0.25881904510252074,0.9659258262890683,0.0,1.0,-0.5000000000000004,0.8660254037844384,0,0,0,1,0,12.0,14.0,15.357142857142858,27.0,False,train
2016-12-19 02:00:00,South,13,20161219022,False,False,0.49999999999999994,0.8660254037844387,0.0,1.0,-0.5000000000000004,0.8660254037844384,0,0,0,1,0,12.0,11.0,15.363095238095237,27.0,False,train
2016-12-19 03:00:00,South,9,20161219032,False,False,0.7071067811865476,0.7071067811865476,0.0,1.0,-0.5000000000000004,0.8660254037844384,0,0,0,1,0,12.0,11.0,15.369047619047619,27.0,False,train
2016-12-19 04:00:00,South,6,20161219042,False,False,0.8660254037844386,0.5000000000000001,0.0,1.0,-0.5000000000000004,0.8660254037844384,0,0,0,1,0,10.0,12.0,15.357142857142858,27.0,False,train
2016-12-19 05:00:00,South,6,20161219052,False,False,0.9659258262890683,0.25881904510252074,0.0,1.0,-0.5000000000000004,0.8660254037844384,0,0,0,1,0,11.0,11.0,15.357142857142858,27.0,False,train
2016-12-19 06:00:00,South,7,20161219062,False,False,1.0,6.123233995736766e-17,0.0,1.0,-0.5000000000000004,0.8660254037844384,0,0,0,1,0,11.0,8.0,15.375,27.0,False,train
2016-12-19 07:00:00,South,8,20161219072,False,False,0.9659258262890683,-0.25881904510252063,0.0,1.0,-0.5000000000000004,0.8660254037844384,0,0,0,1,0,9.0,12.0,15.357142857142858,27.0,False,train
2016-12-19 08:00:00,South,9,20161219082,False,False,0.8660254037844387,-0.4999999999999998,0.0,1.0,-0.5000000000000004,0.8660254037844384,0,0,0,1,0,14.0,13.0,15.363095238095237,27.0,False,train
2016-12-19 09:00:00,South,12,20161219092,False,False,0.7071067811865476,-0.7071067811865475,0.0,1.0,-0.5000000000000004,0.8660254037844384,0,0,0,1,0,15.0,13.0,15.375,27.0,False,train
2016-12-19 10:00:00,South,13,20161219102,False,False,0.49999999999999994,-0.8660254037844387,0.0,1.0,-0.5000000000000004,0.8660254037844384,0,0,0,1,0,13.0,16.0,15.357142857142858,27.0,False,train
2016-12-19 11:00:00,South,14,20161219112,False,False,0.258819045102521,-0.9659258262890682,0.0,1.0,-0.5000000000000004,0.8660254037844384,0,0,0,1,0,15.0,16.0,15.351190476190476,27.0,False,train
2016-12-19 12:00:00,South,14,20161219122,False,False,1.2246467991473532e-16,-1.0,0.0,1.0,-0.5000000000000004,0.8660254037844384,0,0,0,1,0,15.0,19.0,15.327380952380953,27.0,False,train
2016-12-19 13:00:00,South,15,20161219132,False,False,-0.2588190451025208,-0.9659258262890683,0.0,1.0,-0.5000000000000004,0.8660254037844384,0,0,0,1,0,16.0,16.0,15.327380952380953,27.0,False,train
2016-12-19 14:00:00,South,22,20161219142,False,False,-0.4999999999999997,-0.8660254037844388,0.0,1.0,-0.5000000000000004,0.8660254037844384,0,0,0,1,0,17.0,18.0,15.321428571428571,27.0,False,train
2016-12-19 15:00:00,South,19,20161219152,False,False,-0.7071067811865471,-0.7071067811865479,0.0,1.0,-0.5000000000000004,0.8660254037844384,0,0,0,1,0,21.0,21.0,15.321428571428571,27.0,False,train
2016-12-19 16:00:00,South,18,20161219162,False,False,-0.8660254037844385,-0.5000000000000004,0.0,1.0,-0.5000000000000004,0.8660254037844384,0,0,0,1,0,17.0,23.0,15.285714285714286,27.0,False,train
2016-12-19 17:00:00,South,21,20161219172,False,False,-0.9659258262890683,-0.25881904510252063,0.0,1.0,-0.5000000000000004,0.8660254037844384,0,0,0,1,0,19.0,16.0,15.303571428571429,27.0,False,train
2016-12-19 18:00:00,South,16,20161219182,False,False,-1.0,-1.8369701987210297e-16,0.0,1.0,-0.5000000000000004,0.8660254037844384,0,0,0,1,0,20.0,26.0,15.267857142857142,27.0,False,train
2016-12-19 19:00:00,South,16,20161219192,False,False,-0.9659258262890684,0.2588190451025203,0.0,1.0,-0.5000000000000004,0.8660254037844384,0,0,0,1,0,20.0,25.0,15.238095238095237,27.0,False,train
2016-12-19 20:00:00,South,20,20161219202,False,False,-0.8660254037844386,0.5000000000000001,0.0,1.0,-0.5000000000000004,0.8660254037844384,0,0,0,1,0,18.0,26.0,15.19047619047619,27.0,False,train
2016-12-19 21:00:00,South,21,20161219212,False,False,-0.7071067811865477,0.7071067811865474,0.0,1.0,-0.5000000000000004,0.8660254037844384,0,0,0,1,0,22.0,27.0,15.160714285714286,27.0,False,train
2016-12-19 22:00:00,South,22,20161219222,False,False,-0.5000000000000004,0.8660254037844384,0.0,1.0,-0.5000000000000004,0.8660254037844384,0,0,0,1,0,19.0,25.0,15.125,27.0,False,train
2016-12-19 23:00:00,South,17,20161219232,False,False,-0.25881904510252157,0.9659258262890681,0.0,1.0,-0.5000000000000004,0.8660254037844384,0,0,0,1,0,15.0,21.0,15.089285714285714,27.0,False,train
2016-12-20 00:00:00,South,20,20161220002,False,False,0.0,1.0,0.7818314824680298,0.6234898018587336,-0.5000000000000004,0.8660254037844384,0,0,0,1,0,15.0,19.0,15.06547619047619,27.0,False,train
2016-12-20 01:00:00,South,10,20161220012,False,False,0.25881904510252074,0.9659258262890683,0.7818314824680298,0.6234898018587336,-0.5000000000000004,0.8660254037844384,0,0,0,1,0,16.0,21.0,15.035714285714286,27.0,False,train
2016-12-20 02:00:00,South,14,20161220022,False,False,0.49999999999999994,0.8660254037844387,0.7818314824680298,0.6234898018587336,-0.5000000000000004,0.8660254037844384,0,0,0,1,0,18.0,17.0,15.041666666666666,27.375,False,train
2016-12-20 03:00:00,South,13,20161220032,False,False,0.7071067811865476,0.7071067811865476,0.7818314824680298,0.6234898018587336,-0.5000000000000004,0.8660254037844384,0,0,0,1,0,17.0,19.0,15.029761904761905,27.375,False,train
2016-12-20 04:00:00,South,8,20161220042,False,False,0.8660254037844386,0.5000000000000001,0.7818314824680298,0.6234898018587336,-0.5000000000000004,0.8660254037844384,0,0,0,1,0,12.0,14.0,15.017857142857142,27.375,False,train
2016-12-20 05:00:00,South,13,20161220052,False,False,0.9659258262890683,0.25881904510252074,0.7818314824680298,0.6234898018587336,-0.5000000000000004,0.8660254037844384,0,0,0,1,0,10.0,11.0,15.011904761904763,28.5,False,train
2016-12-20 06:00:00,South,12,20161220062,False,False,1.0,6.123233995736766e-17,0.7818314824680298,0.6234898018587336,-0.5000000000000004,0.8660254037844384,0,0,0,1,0,15.0,13.0,15.023809523809524,27.375,False,train
2016-12-20 07:00:00,South,9,20161220072,False,False,0.9659258262890683,-0.25881904510252063,0.7818314824680298,0.6234898018587336,-0.5000000000000004,0.8660254037844384,0,0,0,1,0,10.0,14.0,15.0,27.375,False,train
2016-12-20 08:00:00,South,10,20161220082,False,False,0.8660254037844387,-0.4999999999999998,0.7818314824680298,0.6234898018587336,-0.5000000000000004,0.8660254037844384,0,0,0,1,0,14.0,16.0,14.988095238095237,28.5,False,train
2016-12-20 09:00:00,South,13,20161220092,False,False,0.7071067811865476,-0.7071067811865475,0.7818314824680298,0.6234898018587336,-0.5000000000000004,0.8660254037844384,0,0,0,1,0,15.0,17.0,14.976190476190476,28.5,False,train
2016-12-20 10:00:00,South,13,20161220102,False,False,0.49999999999999994,-0.8660254037844387,0.7818314824680298,0.6234898018587336,-0.5000000000000004,0.8660254037844384,0,0,0,1,0,13.0,17.0,14.952380952380953,28.5,False,train
2016-12-20 11:00:00,South,14,20161220112,False,False,0.258819045102521,-0.9659258262890682,0.7818314824680298,0.6234898018587336,-0.5000000000000004,0.8660254037844384,0,0,0,1,0,14.0,15.0,14.946428571428571,28.5,False,train
2016-12-20 12:00:00,South,20,20161220122,False,False,1.2246467991473532e-16,-1.0,0.7818314824680298,0.6234898018587336,-0.5000000000000004,0.8660254037844384,0,0,0,1,0,19.0,18.0,14.952380952380953,28.5,False,train
2016-12-20 13:00:00,South,17,20161220132,False,False,-0.2588190451025208,-0.9659258262890683,0.7818314824680298,0.6234898018587336,-0.5000000000000004,0.8660254037844384,0,0,0,1,0,15.0,16.0,14.946428571428571,28.5,False,train
2016-12-20 14:00:00,South,17,20161220142,False,False,-0.4999999999999997,-0.8660254037844388,0.7818314824680298,0.6234898018587336,-0.5000000000000004,0.8660254037844384,0,0,0,1,0,21.0,18.0,14.964285714285714,28.5,False,train
2016-12-20 15:00:00,South,16,20161220152,False,False,-0.7071067811865471,-0.7071067811865479,0.7818314824680298,0.6234898018587336,-0.5000000000000004,0.8660254037844384,0,0,0,1,0,20.0,20.0,14.964285714285714,28.5,False,train
2016-12-20 16:00:00,South,20,20161220162,False,False,-0.8660254037844385,-0.5000000000000004,0.7818314824680298,0.6234898018587336,-0.5000000000000004,0.8660254037844384,0,0,0,1,0,18.0,19.0,14.958333333333334,28.5,False,train
2016-12-20 17:00:00,South,17,20161220172,False,False,-0.9659258262890683,-0.25881904510252063,0.7818314824680298,0.6234898018587336,-0.5000000000000004,0.8660254037844384,0,0,0,1,0,19.0,22.0,14.94047619047619,28.5,False,train
2016-12-20 18:00:00,South,20,20161220182,False,False,-1.0,-1.8369701987210297e-16,0.7818314824680298,0.6234898018587336,-0.5000000000000004,0.8660254037844384,0,0,0,1,0,15.0,22.0,14.898809523809524,28.5,False,train
2016-12-20 19:00:00,South,18,20161220192,False,False,-0.9659258262890684,0.2588190451025203,0.7818314824680298,0.6234898018587336,-0.5000000000000004,0.8660254037844384,0,0,0,1,0,17.0,19.0,14.886904761904763,28.5,False,train
2016-12-20 20:00:00,South,19,20161220202,False,False,-0.8660254037844386,0.5000000000000001,0.7818314824680298,0.6234898018587336,-0.5000000000000004,0.8660254037844384,0,0,0,1,0,21.0,23.0,14.875,28.5,False,train
2016-12-20 21:00:00,South,19,20161220212,False,False,-0.7071067811865477,0.7071067811865474,0.7818314824680298,0.6234898018587336,-0.5000000000000004,0.8660254037844384,0,0,0,1,0,23.0,24.0,14.869047619047619,28.5,False,train
2016-12-20 22:00:00,South,20,20161220222,False,False,-0.5000000000000004,0.8660254037844384,0.7818314824680298,0.6234898018587336,-0.5000000000000004,0.8660254037844384,0,0,0,1,0,22.0,23.0,14.863095238095237,28.5,False,train
2016-12-20 23:00:00,South,16,20161220232,False,False,-0.25881904510252157,0.9659258262890681,0.7818314824680298,0.6234898018587336,-0.5000000000000004,0.8660254037844384,0,0,0,1,0,17.0,18.0,14.857142857142858,28.5,False,train
2016-12-21 00:00:00,South,17,20161221002,False,False,0.0,1.0,0.9749279121818236,-0.22252093395631434,-0.5000000000000004,0.8660254037844384,0,0,0,1,0,18.0,18.0,14.857142857142858,28.5,False,train
2016-12-21 01:00:00,South,15,20161221012,False,False,0.25881904510252074,0.9659258262890683,0.9749279121818236,-0.22252093395631434,-0.5000000000000004,0.8660254037844384,0,0,0,1,0,14.0,22.0,14.80952380952381,28.5,False,train
2016-12-21 02:00:00,South,12,20161221022,False,False,0.49999999999999994,0.8660254037844387,0.9749279121818236,-0.22252093395631434,-0.5000000000000004,0.8660254037844384,0,0,0,1,0,14.0,16.0,14.797619047619047,28.5,False,train
2016-12-21 03:00:00,South,13,20161221032,False,False,0.7071067811865476,0.7071067811865476,0.9749279121818236,-0.22252093395631434,-0.5000000000000004,0.8660254037844384,0,0,0,1,0,15.0,14.0,14.803571428571429,28.5,False,train
2016-12-21 04:00:00,South,14,20161221042,False,False,0.8660254037844386,0.5000000000000001,0.9749279121818236,-0.22252093395631434,-0.5000000000000004,0.8660254037844384,0,0,0,1,0,14.0,13.0,14.80952380952381,28.5,False,train
2016-12-21 05:00:00,South,11,20161221052,False,False,0.9659258262890683,0.25881904510252074,0.9749279121818236,-0.22252093395631434,-0.5000000000000004,0.8660254037844384,0,0,0,1,0,11.0,13.0,14.797619047619047,28.5,False,train
2016-12-21 06:00:00,South,8,20161221062,False,False,1.0,6.123233995736766e-17,0.9749279121818236,-0.22252093395631434,-0.5000000000000004,0.8660254037844384,0,0,0,1,0,12.0,9.0,14.81547619047619,28.5,False,train
2016-12-21 07:00:00,South,12,20161221072,False,False,0.9659258262890683,-0.25881904510252063,0.9749279121818236,-0.22252093395631434,-0.5000000000000004,0.8660254037844384,0,0,0,1,0,14.0,13.0,14.821428571428571,28.5,False,train
2016-12-21 08:00:00,South,12,20161221082,False,False,0.8660254037844387,-0.4999999999999998,0.9749279121818236,-0.22252093395631434,-0.5000000000000004,0.8660254037844384,0,0,0,1,0,13.0,16.0,14.803571428571429,28.5,False,train
2016-12-21 09:00:00,South,12,20161221092,False,False,0.7071067811865476,-0.7071067811865475,0.9749279121818236,-0.22252093395631434,-0.5000000000000004,0.8660254037844384,0,0,0,1,0,14.0,16.0,14.791666666666666,28.5,False,train
2016-12-21 10:00:00,South,11,20161221102,False,False,0.49999999999999994,-0.8660254037844387,0.9749279121818236,-0.22252093395631434,-0.5000000000000004,0.8660254037844384,0,0,0,1,0,13.0,19.0,14.755952380952381,28.5,False,train
2016-12-21 11:00:00,South,14,20161221112,False,False,0.258819045102521,-0.9659258262890682,0.9749279121818236,-0.22252093395631434,-0.5000000000000004,0.8660254037844384,0,0,0,1,0,18.0,17.0,14.761904761904763,28.5,False,train
2016-12-21 12:00:00,South,17,20161221122,False,False,1.2246467991473532e-16,-1.0,0.9749279121818236,-0.22252093395631434,-0.5000000000000004,0.8660254037844384,0,0,0,1,0,15.0,18.0,14.744047619047619,28.5,False,train
2016-12-21 13:00:00,South,15,20161221132,False,False,-0.2588190451025208,-0.9659258262890683,0.9749279121818236,-0.22252093395631434,-0.5000000000000004,0.8660254037844384,0,0,0,1,0,14.0,14.0,14.744047619047619,28.5,False,train
2016-12-21 14:00:00,South,22,20161221142,False,False,-0.4999999999999997,-0.8660254037844388,0.9749279121818236,-0.22252093395631434,-0.5000000000000004,0.8660254037844384,0,0,0,1,0,21.0,19.0,14.755952380952381,28.5,False,train
2016-12-21 15:00:00,South,17,20161221152,False,False,-0.7071067811865471,-0.7071067811865479,0.9749279121818236,-0.22252093395631434,-0.5000000000000004,0.8660254037844384,0,0,0,1,0,21.0,21.0,14.755952380952381,28.5,False,train
2016-12-21 16:00:00,South,17,20161221162,False,False,-0.8660254037844385,-0.5000000000000004,0.9749279121818236,-0.22252093395631434,-0.5000000000000004,0.8660254037844384,0,0,0,1,0,21.0,18.0,14.773809523809524,28.5,False,train
2016-12-21 17:00:00,South,19,20161221172,False,False,-0.9659258262890683,-0.25881904510252063,0.9749279121818236,-0.22252093395631434,-0.5000000000000004,0.8660254037844384,0,0,0,1,0,14.0,19.0,14.744047619047619,28.5,False,train
2016-12-21 18:00:00,South,15,20161221182,False,False,-1.0,-1.8369701987210297e-16,0.9749279121818236,-0.22252093395631434,-0.5000000000000004,0.8660254037844384,0,0,0,1,0,17.0,16.0,14.75,28.5,False,train
2016-12-21 19:00:00,South,16,20161221192,False,False,-0.9659258262890684,0.2588190451025203,0.9749279121818236,-0.22252093395631434,-0.5000000000000004,0.8660254037844384,0,0,0,1,0,21.0,21.0,14.75,28.5,False,train
2016-12-21 20:00:00,South,17,20161221202,False,False,-0.8660254037844386,0.5000000000000001,0.9749279121818236,-0.22252093395631434,-0.5000000000000004,0.8660254037844384,0,0,0,1,0,19.0,26.0,14.708333333333334,28.5,False,train
2016-12-21 21:00:00,South,20,20161221212,False,False,-0.7071067811865477,0.7071067811865474,0.9749279121818236,-0.22252093395631434,-0.5000000000000004,0.8660254037844384,0,0,0,1,0,19.0,22.0,14.69047619047619,28.5,False,train
2016-12-21 22:00:00,South,17,20161221222,False,False,-0.5000000000000004,0.8660254037844384,0.9749279121818236,-0.22252093395631434,-0.5000000000000004,0.8660254037844384,0,0,0,1,0,19.0,23.0,14.666666666666666,28.5,False,train
2016-12-21 23:00:00,South,14,20161221232,False,False,-0.25881904510252157,0.9659258262890681,0.9749279121818236,-0.22252093395631434,-0.5000000000000004,0.8660254037844384,0,0,0,1,0,18.0,21.0,14.648809523809524,28.5,False,train
2016-12-22 00:00:00,South,13,20161222002,False,False,0.0,1.0,0.43388373911755823,-0.900968867902419,-0.5000000000000004,0.8660254037844384,0,0,0,1,0,14.0,17.0,14.630952380952381,28.5,False,train
2016-12-22 01:00:00,South,12,20161222012,False,False,0.25881904510252074,0.9659258262890683,0.43388373911755823,-0.900968867902419,-0.5000000000000004,0.8660254037844384,0,0,0,1,0,15.0,17.0,14.619047619047619,28.5,False,train
2016-12-22 02:00:00,South,16,20161222022,False,False,0.49999999999999994,0.8660254037844387,0.43388373911755823,-0.900968867902419,-0.5000000000000004,0.8660254037844384,0,0,0,1,0,13.0,17.0,14.595238095238095,28.5,False,train
2016-12-22 03:00:00,South,10,20161222032,False,False,0.7071067811865476,0.7071067811865476,0.43388373911755823,-0.900968867902419,-0.5000000000000004,0.8660254037844384,0,0,0,1,0,14.0,15.0,14.589285714285714,28.5,False,train
2016-12-22 04:00:00,South,11,20161222042,False,False,0.8660254037844386,0.5000000000000001,0.43388373911755823,-0.900968867902419,-0.5000000000000004,0.8660254037844384,0,0,0,1,0,14.0,13.0,14.595238095238095,28.5,False,train
2016-12-22 05:00:00,South,9,20161222052,False,False,0.9659258262890683,0.25881904510252074,0.43388373911755823,-0.900968867902419,-0.5000000000000004,0.8660254037844384,0,0,0,1,0,10.0,13.0,14.577380952380953,28.5,False,train
2016-12-22 06:00:00,South,5,20161222062,False,False,1.0,6.123233995736766e-17,0.43388373911755823,-0.900968867902419,-0.5000000000000004,0.8660254037844384,0,0,0,1,0,13.0,10.0,14.595238095238095,28.5,False,train
2016-12-22 07:00:00,South,12,20161222072,False,False,0.9659258262890683,-0.25881904510252063,0.43388373911755823,-0.900968867902419,-0.5000000000000004,0.8660254037844384,0,0,0,1,0,11.0,12.0,14.589285714285714,28.5,False,train
2016-12-22 08:00:00,South,12,20161222082,False,False,0.8660254037844387,-0.4999999999999998,0.43388373911755823,-0.900968867902419,-0.5000000000000004,0.8660254037844384,0,0,0,1,0,9.0,11.0,14.577380952380953,28.5,False,train
2016-12-22 09:00:00,South,9,20161222092,False,False,0.7071067811865476,-0.7071067811865475,0.43388373911755823,-0.900968867902419,-0.5000000000000004,0.8660254037844384,0,0,0,1,0,12.0,14.0,14.56547619047619,28.5,False,train
2016-12-22 10:00:00,South,16,20161222102,False,False,0.49999999999999994,-0.8660254037844387,0.43388373911755823,-0.900968867902419,-0.5000000000000004,0.8660254037844384,0,0,0,1,0,16.0,19.0,14.547619047619047,28.5,False,train
2016-12-22 11:00:00,South,14,20161222112,False,False,0.258819045102521,-0.9659258262890682,0.43388373911755823,-0.900968867902419,-0.5000000000000004,0.8660254037844384,0,0,0,1,0,15.0,18.0,14.529761904761905,28.5,False,train
2016-12-22 12:00:00,South,17,20161222122,False,False,1.2246467991473532e-16,-1.0,0.43388373911755823,-0.900968867902419,-0.5000000000000004,0.8660254037844384,0,0,0,1,0,15.0,18.0,14.511904761904763,28.5,False,train
2016-12-22 13:00:00,South,15,20161222132,False,False,-0.2588190451025208,-0.9659258262890683,0.43388373911755823,-0.900968867902419,-0.5000000000000004,0.8660254037844384,0,0,0,1,0,9.0,19.0,14.452380952380953,28.5,False,train
2016-12-22 14:00:00,South,13,20161222142,False,False,-0.4999999999999997,-0.8660254037844388,0.43388373911755823,-0.900968867902419,-0.5000000000000004,0.8660254037844384,0,0,0,1,0,16.0,15.0,14.458333333333334,28.5,False,train
2016-12-22 15:00:00,South,14,20161222152,False,False,-0.7071067811865471,-0.7071067811865479,0.43388373911755823,-0.900968867902419,-0.5000000000000004,0.8660254037844384,0,0,0,1,0,20.0,20.0,14.458333333333334,28.5,False,train
2016-12-22 16:00:00,South,19,20161222162,False,False,-0.8660254037844385,-0.5000000000000004,0.43388373911755823,-0.900968867902419,-0.5000000000000004,0.8660254037844384,0,0,0,1,0,17.0,19.0,14.446428571428571,28.5,False,train
2016-12-22 17:00:00,South,14,20161222172,False,False,-0.9659258262890683,-0.25881904510252063,0.43388373911755823,-0.900968867902419,-0.5000000000000004,0.8660254037844384,0,0,0,1,0,20.0,20.0,14.446428571428571,28.5,False,train
2016-12-22 18:00:00,South,17,20161222182,False,False,-1.0,-1.8369701987210297e-16,0.43388373911755823,-0.900968867902419,-0.5000000000000004,0.8660254037844384,0,0,0,1,0,20.0,17.0,14.464285714285714,28.5,False,train
2016-12-22 19:00:00,South,15,20161222192,False,False,-0.9659258262890684,0.2588190451025203,0.43388373911755823,-0.900968867902419,-0.5000000000000004,0.8660254037844384,0,0,0,1,0,18.0,20.0,14.452380952380953,28.5,False,train
2016-12-22 20:00:00,South,20,20161222202,False,False,-0.8660254037844386,0.5000000000000001,0.43388373911755823,-0.900968867902419,-0.5000000000000004,0.8660254037844384,0,0,0,1,0,18.0,19.0,14.446428571428571,28.5,False,train
2016-12-22 21:00:00,South,15,20161222212,False,False,-0.7071067811865477,0.7071067811865474,0.43388373911755823,-0.900968867902419,-0.5000000000000004,0.8660254037844384,0,0,0,1,0,18.0,22.0,14.422619047619047,28.5,False,train
2016-12-22 22:00:00,South,16,20161222222,False,False,-0.5000000000000004,0.8660254037844384,0.43388373911755823,-0.900968867902419,-0.5000000000000004,0.8660254037844384,0,0,0,1,0,19.0,20.0,14.416666666666666,28.5,False,train
2016-12-22 23:00:00,South,16,20161222232,False,False,-0.25881904510252157,0.9659258262890681,0.43388373911755823,-0.900968867902419,-0.5000000000000004,0.8660254037844384,0,0,0,1,0,22.0,20.0,14.428571428571429,28.5,False,train
2016-12-23 00:00:00,South,10,20161223002,False,False,0.0,1.0,-0.433883739117558,-0.9009688679024191,-0.5000000000000004,0.8660254037844384,0,0,0,1,0,18.0,21.0,14.410714285714286,28.5,False,train
2016-12-23 01:00:00,South,10,20161223012,False,False,0.25881904510252074,0.9659258262890683,-0.433883739117558,-0.9009688679024191,-0.5000000000000004,0.8660254037844384,0,0,0,1,0,13.0,14.0,14.404761904761905,28.5,False,train
2016-12-23 02:00:00,South,10,20161223022,False,False,0.49999999999999994,0.8660254037844387,-0.433883739117558,-0.9009688679024191,-0.5000000000000004,0.8660254037844384,0,0,0,1,0,12.0,13.0,14.398809523809524,28.5,False,train
2016-12-23 03:00:00,South,10,20161223032,False,False,0.7071067811865476,0.7071067811865476,-0.433883739117558,-0.9009688679024191,-0.5000000000000004,0.8660254037844384,0,0,0,1,0,15.0,13.0,14.410714285714286,28.5,False,train
2016-12-23 04:00:00,South,6,20161223042,False,False,0.8660254037844386,0.5000000000000001,-0.433883739117558,-0.9009688679024191,-0.5000000000000004,0.8660254037844384,0,0,0,1,0,9.0,13.0,14.386904761904763,28.5,False,train
2016-12-23 05:00:00,South,9,20161223052,False,False,0.9659258262890683,0.25881904510252074,-0.433883739117558,-0.9009688679024191,-0.5000000000000004,0.8660254037844384,0,0,0,1,0,11.0,11.0,14.386904761904763,28.5,False,train
2016-12-23 06:00:00,South,6,20161223062,False,False,1.0,6.123233995736766e-17,-0.433883739117558,-0.9009688679024191,-0.5000000000000004,0.8660254037844384,0,0,0,1,0,11.0,9.0,14.398809523809524,28.5,False,train
2016-12-23 07:00:00,South,6,20161223072,False,False,0.9659258262890683,-0.25881904510252063,-0.433883739117558,-0.9009688679024191,-0.5000000000000004,0.8660254037844384,0,0,0,1,0,13.0,6.0,14.44047619047619,28.5,False,train
2016-12-23 08:00:00,South,9,20161223082,False,False,0.8660254037844387,-0.4999999999999998,-0.433883739117558,-0.9009688679024191,-0.5000000000000004,0.8660254037844384,0,0,0,1,0,14.0,13.0,14.446428571428571,28.5,False,train
2016-12-23 09:00:00,South,13,20161223092,False,False,0.7071067811865476,-0.7071067811865475,-0.433883739117558,-0.9009688679024191,-0.5000000000000004,0.8660254037844384,0,0,0,1,0,13.0,12.0,14.452380952380953,28.5,False,train
2016-12-23 10:00:00,South,12,20161223102,False,False,0.49999999999999994,-0.8660254037844387,-0.433883739117558,-0.9009688679024191,-0.5000000000000004,0.8660254037844384,0,0,0,1,0,11.0,12.0,14.446428571428571,28.5,False,train
2016-12-23 11:00:00,South,14,20161223112,False,False,0.258819045102521,-0.9659258262890682,-0.433883739117558,-0.9009688679024191,-0.5000000000000004,0.8660254037844384,0,0,0,1,0,13.0,15.0,14.43452380952381,28.5,False,train
2016-12-23 12:00:00,South,15,20161223122,False,False,1.2246467991473532e-16,-1.0,-0.433883739117558,-0.9009688679024191,-0.5000000000000004,0.8660254037844384,0,0,0,1,0,15.0,11.0,14.458333333333334,28.5,False,train
2016-12-23 13:00:00,South,11,20161223132,False,False,-0.2588190451025208,-0.9659258262890683,-0.433883739117558,-0.9009688679024191,-0.5000000000000004,0.8660254037844384,0,0,0,1,0,15.0,11.0,14.482142857142858,28.5,False,train
2016-12-23 14:00:00,South,9,20161223142,False,False,-0.4999999999999997,-0.8660254037844388,-0.433883739117558,-0.9009688679024191,-0.5000000000000004,0.8660254037844384,0,0,0,1,0,18.0,15.0,14.5,28.5,False,train
2016-12-23 15:00:00,South,15,20161223152,False,False,-0.7071067811865471,-0.7071067811865479,-0.433883739117558,-0.9009688679024191,-0.5000000000000004,0.8660254037844384,0,0,0,1,0,16.0,15.0,14.505952380952381,28.5,False,train
2016-12-23 16:00:00,South,15,20161223162,False,False,-0.8660254037844385,-0.5000000000000004,-0.433883739117558,-0.9009688679024191,-0.5000000000000004,0.8660254037844384,0,0,0,1,0,16.0,21.0,14.476190476190476,28.5,False,train
2016-12-23 17:00:00,South,14,20161223172,False,False,-0.9659258262890683,-0.25881904510252063,-0.433883739117558,-0.9009688679024191,-0.5000000000000004,0.8660254037844384,0,0,0,1,0,14.0,18.0,14.452380952380953,28.5,False,train
2016-12-23 18:00:00,South,12,20161223182,False,False,-1.0,-1.8369701987210297e-16,-0.433883739117558,-0.9009688679024191,-0.5000000000000004,0.8660254037844384,0,0,0,1,0,17.0,20.0,14.43452380952381,28.5,False,train
2016-12-23 19:00:00,South,11,20161223192,False,False,-0.9659258262890684,0.2588190451025203,-0.433883739117558,-0.9009688679024191,-0.5000000000000004,0.8660254037844384,0,0,0,1,0,19.0,16.0,14.452380952380953,28.5,False,train
2016-12-23 20:00:00,South,12,20161223202,False,False,-0.8660254037844386,0.5000000000000001,-0.433883739117558,-0.9009688679024191,-0.5000000000000004,0.8660254037844384,0,0,0,1,0,15.0,18.0,14.43452380952381,28.5,False,train
2016-12-23 21:00:00,South,14,20161223212,False,False,-0.7071067811865477,0.7071067811865474,-0.433883739117558,-0.9009688679024191,-0.5000000000000004,0.8660254037844384,0,0,0,1,0,18.0,19.0,14.428571428571429,28.5,False,train
2016-12-23 22:00:00,South,9,20161223222,False,False,-0.5000000000000004,0.8660254037844384,-0.433883739117558,-0.9009688679024191,-0.5000000000000004,0.8660254037844384,0,0,0,1,0,17.0,16.0,14.43452380952381,28.5,False,train
2016-12-23 23:00:00,South,12,20161223232,False,False,-0.25881904510252157,0.9659258262890681,-0.433883739117558,-0.9009688679024191,-0.5000000000000004,0.8660254037844384,0,0,0,1,0,14.0,19.0,14.404761904761905,28.5,False,train
2016-12-24 00:00:00,South,9,20161224002,False,False,0.0,1.0,-0.9749279121818236,-0.2225209339563146,-0.5000000000000004,0.8660254037844384,1,0,0,1,0,14.0,13.0,14.410714285714286,28.5,False,train
2016-12-24 01:00:00,South,12,20161224012,False,False,0.25881904510252074,0.9659258262890683,-0.9749279121818236,-0.2225209339563146,-0.5000000000000004,0.8660254037844384,1,0,0,1,0,14.0,15.0,14.404761904761905,28.5,False,train
2016-12-24 02:00:00,South,10,20161224022,False,False,0.49999999999999994,0.8660254037844387,-0.9749279121818236,-0.2225209339563146,-0.5000000000000004,0.8660254037844384,1,0,0,1,0,14.0,16.0,14.392857142857142,28.5,False,train
2016-12-24 03:00:00,South,9,20161224032,False,False,0.7071067811865476,0.7071067811865476,-0.9749279121818236,-0.2225209339563146,-0.5000000000000004,0.8660254037844384,1,0,0,1,0,11.0,13.0,14.380952380952381,28.5,False,train
2016-12-24 04:00:00,South,7,20161224042,False,False,0.8660254037844386,0.5000000000000001,-0.9749279121818236,-0.2225209339563146,-0.5000000000000004,0.8660254037844384,1,0,0,1,0,11.0,8.0,14.398809523809524,28.5,False,train
2016-12-24 05:00:00,South,7,20161224052,False,False,0.9659258262890683,0.25881904510252074,-0.9749279121818236,-0.2225209339563146,-0.5000000000000004,0.8660254037844384,1,0,0,1,0,9.0,8.0,14.404761904761905,28.5,False,train
2016-12-24 06:00:00,South,7,20161224062,False,False,1.0,6.123233995736766e-17,-0.9749279121818236,-0.2225209339563146,-0.5000000000000004,0.8660254037844384,1,0,0,1,0,7.0,11.0,14.380952380952381,28.5,False,train
2016-12-24 07:00:00,South,7,20161224072,False,False,0.9659258262890683,-0.25881904510252063,-0.9749279121818236,-0.2225209339563146,-0.5000000000000004,0.8660254037844384,1,0,0,1,0,5.0,9.0,14.357142857142858,28.5,False,train
2016-12-24 08:00:00,South,6,20161224082,False,False,0.8660254037844387,-0.4999999999999998,-0.9749279121818236,-0.2225209339563146,-0.5000000000000004,0.8660254037844384,1,0,0,1,0,10.0,10.0,14.357142857142858,28.5,False,train
2016-12-24 09:00:00,South,7,20161224092,False,False,0.7071067811865476,-0.7071067811865475,-0.9749279121818236,-0.2225209339563146,-0.5000000000000004,0.8660254037844384,1,0,0,1,0,5.0,10.0,14.327380952380953,28.5,False,train
2016-12-24 10:00:00,South,7,20161224102,False,False,0.49999999999999994,-0.8660254037844387,-0.9749279121818236,-0.2225209339563146,-0.5000000000000004,0.8660254037844384,1,0,0,1,0,13.0,7.0,14.363095238095237,28.5,False,train
2016-12-24 11:00:00,South,9,20161224112,False,False,0.258819045102521,-0.9659258262890682,-0.9749279121818236,-0.2225209339563146,-0.5000000000000004,0.8660254037844384,1,0,0,1,0,10.0,8.0,14.375,28.5,False,train
2016-12-24 12:00:00,South,7,20161224122,False,False,1.2246467991473532e-16,-1.0,-0.9749279121818236,-0.2225209339563146,-0.5000000000000004,0.8660254037844384,1,0,0,1,0,9.0,10.0,14.369047619047619,28.5,False,train
2016-12-24 13:00:00,South,6,20161224132,False,False,-0.2588190451025208,-0.9659258262890683,-0.9749279121818236,-0.2225209339563146,-0.5000000000000004,0.8660254037844384,1,0,0,1,0,8.0,10.0,14.357142857142858,28.5,False,train
2016-12-24 14:00:00,South,8,20161224142,False,False,-0.4999999999999997,-0.8660254037844388,-0.9749279121818236,-0.2225209339563146,-0.5000000000000004,0.8660254037844384,1,0,0,1,0,6.0,10.0,14.333333333333334,28.5,False,train
2016-12-24 15:00:00,South,6,20161224152,False,False,-0.7071067811865471,-0.7071067811865479,-0.9749279121818236,-0.2225209339563146,-0.5000000000000004,0.8660254037844384,1,0,0,1,0,10.0,12.0,14.321428571428571,28.5,False,train
2016-12-24 16:00:00,South,12,20161224162,False,False,-0.8660254037844385,-0.5000000000000004,-0.9749279121818236,-0.2225209339563146,-0.5000000000000004,0.8660254037844384,1,0,0,1,0,11.0,12.0,14.31547619047619,28.5,False,train
2016-12-24 17:00:00,South,11,20161224172,False,False,-0.9659258262890683,-0.25881904510252063,-0.9749279121818236,-0.2225209339563146,-0.5000000000000004,0.8660254037844384,1,0,0,1,0,14.0,13.0,14.321428571428571,28.5,False,train
2016-12-24 18:00:00,South,9,20161224182,False,False,-1.0,-1.8369701987210297e-16,-0.9749279121818236,-0.2225209339563146,-0.5000000000000004,0.8660254037844384,1,0,0,1,0,15.0,17.0,14.30952380952381,28.5,False,train
2016-12-24 19:00:00,South,9,20161224192,False,False,-0.9659258262890684,0.2588190451025203,-0.9749279121818236,-0.2225209339563146,-0.5000000000000004,0.8660254037844384,1,0,0,1,0,16.0,14.0,14.321428571428571,28.5,False,train
2016-12-24 20:00:00,South,11,20161224202,False,False,-0.8660254037844386,0.5000000000000001,-0.9749279121818236,-0.2225209339563146,-0.5000000000000004,0.8660254037844384,1,0,0,1,0,16.0,13.0,14.339285714285714,28.5,False,train
2016-12-24 21:00:00,South,10,20161224212,False,False,-0.7071067811865477,0.7071067811865474,-0.9749279121818236,-0.2225209339563146,-0.5000000000000004,0.8660254037844384,1,0,0,1,0,16.0,12.0,14.363095238095237,28.5,False,train
2016-12-24 22:00:00,South,13,20161224222,False,False,-0.5000000000000004,0.8660254037844384,-0.9749279121818236,-0.2225209339563146,-0.5000000000000004,0.8660254037844384,1,0,0,1,0,10.0,12.0,14.351190476190476,28.5,False,train
2016-12-24 23:00:00,South,8,20161224232,False,False,-0.25881904510252157,0.9659258262890681,-0.9749279121818236,-0.2225209339563146,-0.5000000000000004,0.8660254037844384,1,0,0,1,0,14.0,14.0,14.351190476190476,28.5,False,train
2016-12-25 00:00:00,South,7,20161225002,False,False,0.0,1.0,-0.7818314824680299,0.6234898018587334,-0.5000000000000004,0.8660254037844384,1,0,0,1,0,10.0,14.0,14.327380952380953,28.5,False,train
2016-12-25 01:00:00,South,8,20161225012,False,False,0.25881904510252074,0.9659258262890683,-0.7818314824680299,0.6234898018587334,-0.5000000000000004,0.8660254037844384,1,0,0,1,0,11.0,13.0,14.31547619047619,28.5,False,train
2016-12-25 02:00:00,South,5,20161225022,False,False,0.49999999999999994,0.8660254037844387,-0.7818314824680299,0.6234898018587334,-0.5000000000000004,0.8660254037844384,1,0,0,1,0,8.0,12.0,14.291666666666666,28.5,False,train
2016-12-25 03:00:00,South,5,20161225032,False,False,0.7071067811865476,0.7071067811865476,-0.7818314824680299,0.6234898018587334,-0.5000000000000004,0.8660254037844384,1,0,0,1,0,6.0,8.0,14.279761904761905,28.5,False,train
2016-12-25 04:00:00,South,6,20161225042,False,False,0.8660254037844386,0.5000000000000001,-0.7818314824680299,0.6234898018587334,-0.5000000000000004,0.8660254037844384,1,0,0,1,0,10.0,9.0,14.285714285714286,28.5,False,train
2016-12-25 05:00:00,South,4,20161225052,False,False,0.9659258262890683,0.25881904510252074,-0.7818314824680299,0.6234898018587334,-0.5000000000000004,0.8660254037844384,1,0,0,1,0,5.0,12.0,14.244047619047619,28.5,False,train
2016-12-25 06:00:00,South,4,20161225062,False,False,1.0,6.123233995736766e-17,-0.7818314824680299,0.6234898018587334,-0.5000000000000004,0.8660254037844384,1,0,0,1,0,8.0,10.0,14.232142857142858,28.5,False,train
2016-12-25 07:00:00,South,5,20161225072,False,False,0.9659258262890683,-0.25881904510252063,-0.7818314824680299,0.6234898018587334,-0.5000000000000004,0.8660254037844384,1,0,0,1,0,9.0,9.0,14.232142857142858,28.5,False,train
2016-12-25 08:00:00,South,7,20161225082,False,False,0.8660254037844387,-0.4999999999999998,-0.7818314824680299,0.6234898018587334,-0.5000000000000004,0.8660254037844384,1,0,0,1,0,5.0,10.0,14.202380952380953,28.5,False,train
2016-12-25 09:00:00,South,8,20161225092,False,False,0.7071067811865476,-0.7071067811865475,-0.7818314824680299,0.6234898018587334,-0.5000000000000004,0.8660254037844384,1,0,0,1,0,8.0,13.0,14.172619047619047,28.5,False,train
2016-12-25 10:00:00,South,5,20161225102,False,False,0.49999999999999994,-0.8660254037844387,-0.7818314824680299,0.6234898018587334,-0.5000000000000004,0.8660254037844384,1,0,0,1,0,8.0,12.0,14.148809523809524,28.5,False,train
2016-12-25 11:00:00,South,5,20161225112,False,False,0.258819045102521,-0.9659258262890682,-0.7818314824680299,0.6234898018587334,-0.5000000000000004,0.8660254037844384,1,0,0,1,0,10.0,13.0,14.130952380952381,28.5,False,train
2016-12-25 12:00:00,South,10,20161225122,False,False,1.2246467991473532e-16,-1.0,-0.7818314824680299,0.6234898018587334,-0.5000000000000004,0.8660254037844384,1,0,0,1,0,7.0,9.0,14.119047619047619,28.5,False,train
2016-12-25 13:00:00,South,8,20161225132,False,False,-0.2588190451025208,-0.9659258262890683,-0.7818314824680299,0.6234898018587334,-0.5000000000000004,0.8660254037844384,1,0,0,1,0,11.0,12.0,14.113095238095237,28.5,False,train
2016-12-25 14:00:00,South,6,20161225142,False,False,-0.4999999999999997,-0.8660254037844388,-0.7818314824680299,0.6234898018587334,-0.5000000000000004,0.8660254037844384,1,0,0,1,0,6.0,11.0,14.083333333333334,28.5,False,train
2016-12-25 15:00:00,South,8,20161225152,False,False,-0.7071067811865471,-0.7071067811865479,-0.7818314824680299,0.6234898018587334,-0.5000000000000004,0.8660254037844384,1,0,0,1,0,12.0,12.0,14.083333333333334,28.5,False,train
2016-12-25 16:00:00,South,10,20161225162,False,False,-0.8660254037844385,-0.5000000000000004,-0.7818314824680299,0.6234898018587334,-0.5000000000000004,0.8660254037844384,1,0,0,1,0,9.0,13.0,14.05952380952381,28.5,False,train
2016-12-25 17:00:00,South,10,20161225172,False,False,-0.9659258262890683,-0.25881904510252063,-0.7818314824680299,0.6234898018587334,-0.5000000000000004,0.8660254037844384,1,0,0,1,0,11.0,10.0,14.06547619047619,28.5,False,train
2016-12-25 18:00:00,South,12,20161225182,False,False,-1.0,-1.8369701987210297e-16,-0.7818314824680299,0.6234898018587334,-0.5000000000000004,0.8660254037844384,1,0,0,1,0,11.0,12.0,14.05952380952381,28.5,False,train
2016-12-25 19:00:00,South,8,20161225192,False,False,-0.9659258262890684,0.2588190451025203,-0.7818314824680299,0.6234898018587334,-0.5000000000000004,0.8660254037844384,1,0,0,1,0,13.0,12.0,14.06547619047619,28.5,False,train
2016-12-25 20:00:00,South,6,20161225202,False,False,-0.8660254037844386,0.5000000000000001,-0.7818314824680299,0.6234898018587334,-0.5000000000000004,0.8660254037844384,1,0,0,1,0,9.0,10.0,14.05952380952381,28.5,False,train
2016-12-25 21:00:00,South,8,20161225212,False,False,-0.7071067811865477,0.7071067811865474,-0.7818314824680299,0.6234898018587334,-0.5000000000000004,0.8660254037844384,1,0,0,1,0,12.0,16.0,14.035714285714286,28.5,False,train
2016-12-25 22:00:00,South,7,20161225222,False,False,-0.5000000000000004,0.8660254037844384,-0.7818314824680299,0.6234898018587334,-0.5000000000000004,0.8660254037844384,1,0,0,1,0,13.0,15.0,14.023809523809524,28.5,False,train
2016-12-25 23:00:00,South,9,20161225232,False,False,-0.25881904510252157,0.9659258262890681,-0.7818314824680299,0.6234898018587334,-0.5000000000000004,0.8660254037844384,1,0,0,1,0,15.0,10.0,14.053571428571429,28.5,False,train
2016-12-26 00:00:00,South,8,20161226002,False,False,0.0,1.0,0.0,1.0,-0.5000000000000004,0.8660254037844384,0,0,0,1,0,10.0,13.0,14.035714285714286,28.5,False,train
2016-12-26 01:00:00,South,5,20161226012,False,False,0.25881904510252074,0.9659258262890683,0.0,1.0,-0.5000000000000004,0.8660254037844384,0,0,0,1,0,9.0,12.0,14.017857142857142,28.5,False,train
2016-12-26 02:00:00,South,5,20161226022,False,False,0.49999999999999994,0.8660254037844387,0.0,1.0,-0.5000000000000004,0.8660254037844384,0,0,0,1,0,13.0,12.0,14.023809523809524,28.5,False,train
2016-12-26 03:00:00,South,3,20161226032,False,False,0.7071067811865476,0.7071067811865476,0.0,1.0,-0.5000000000000004,0.8660254037844384,0,0,0,1,0,9.0,12.0,14.005952380952381,28.5,False,train
2016-12-26 04:00:00,South,4,20161226042,False,False,0.8660254037844386,0.5000000000000001,0.0,1.0,-0.5000000000000004,0.8660254037844384,0,0,0,1,0,6.0,10.0,13.982142857142858,28.5,False,train
2016-12-26 05:00:00,South,8,20161226052,False,False,0.9659258262890683,0.25881904510252074,0.0,1.0,-0.5000000000000004,0.8660254037844384,0,0,0,1,0,6.0,11.0,13.952380952380953,28.5,False,train
2016-12-26 06:00:00,South,7,20161226062,False,False,1.0,6.123233995736766e-17,0.0,1.0,-0.5000000000000004,0.8660254037844384,0,0,0,1,0,7.0,11.0,13.928571428571429,28.5,False,train
2016-12-26 07:00:00,South,8,20161226072,False,False,0.9659258262890683,-0.25881904510252063,0.0,1.0,-0.5000000000000004,0.8660254037844384,0,0,0,1,0,8.0,9.0,13.922619047619047,28.5,False,train
2016-12-26 08:00:00,South,8,20161226082,False,False,0.8660254037844387,-0.4999999999999998,0.0,1.0,-0.5000000000000004,0.8660254037844384,0,0,0,1,0,9.0,14.0,13.892857142857142,28.5,False,train
2016-12-26 09:00:00,South,11,20161226092,False,False,0.7071067811865476,-0.7071067811865475,0.0,1.0,-0.5000000000000004,0.8660254037844384,0,0,0,1,0,12.0,15.0,13.875,28.5,False,train
2016-12-26 10:00:00,South,13,20161226102,False,False,0.49999999999999994,-0.8660254037844387,0.0,1.0,-0.5000000000000004,0.8660254037844384,0,0,0,1,0,13.0,13.0,13.875,28.5,False,train
2016-12-26 11:00:00,South,14,20161226112,False,False,0.258819045102521,-0.9659258262890682,0.0,1.0,-0.5000000000000004,0.8660254037844384,0,0,0,1,0,14.0,15.0,13.869047619047619,28.5,False,train
2016-12-26 12:00:00,South,13,20161226122,False,False,1.2246467991473532e-16,-1.0,0.0,1.0,-0.5000000000000004,0.8660254037844384,0,0,0,1,0,14.0,15.0,13.863095238095237,28.5,False,train
2016-12-26 13:00:00,South,14,20161226132,False,False,-0.2588190451025208,-0.9659258262890683,0.0,1.0,-0.5000000000000004,0.8660254037844384,0,0,0,1,0,15.0,16.0,13.857142857142858,28.5,False,train
2016-12-26 14:00:00,South,17,20161226142,False,False,-0.4999999999999997,-0.8660254037844388,0.0,1.0,-0.5000000000000004,0.8660254037844384,0,0,0,1,0,22.0,17.0,13.886904761904763,28.5,False,train
2016-12-26 15:00:00,South,12,20161226152,False,False,-0.7071067811865471,-0.7071067811865479,0.0,1.0,-0.5000000000000004,0.8660254037844384,0,0,0,1,0,19.0,21.0,13.875,28.5,False,train
2016-12-26 16:00:00,South,14,20161226162,False,False,-0.8660254037844385,-0.5000000000000004,0.0,1.0,-0.5000000000000004,0.8660254037844384,0,0,0,1,0,18.0,17.0,13.880952380952381,28.5,False,train
2016-12-26 17:00:00,South,12,20161226172,False,False,-0.9659258262890683,-0.25881904510252063,0.0,1.0,-0.5000000000000004,0.8660254037844384,0,0,0,1,0,21.0,19.0,13.892857142857142,28.5,False,train
2016-12-26 18:00:00,South,11,20161226182,False,False,-1.0,-1.8369701987210297e-16,0.0,1.0,-0.5000000000000004,0.8660254037844384,0,0,0,1,0,16.0,20.0,13.869047619047619,28.5,False,train
2016-12-26 19:00:00,South,11,20161226192,False,False,-0.9659258262890684,0.2588190451025203,0.0,1.0,-0.5000000000000004,0.8660254037844384,0,0,0,1,0,16.0,20.0,13.845238095238095,26.625,False,train
2016-12-26 20:00:00,South,12,20161226202,False,False,-0.8660254037844386,0.5000000000000001,0.0,1.0,-0.5000000000000004,0.8660254037844384,0,0,0,1,0,20.0,18.0,13.857142857142858,26.0,False,train
2016-12-26 21:00:00,South,10,20161226212,False,False,-0.7071067811865477,0.7071067811865474,0.0,1.0,-0.5000000000000004,0.8660254037844384,0,0,0,1,0,21.0,22.0,13.851190476190476,26.0,False,train
2016-12-26 22:00:00,South,10,20161226222,False,False,-0.5000000000000004,0.8660254037844384,0.0,1.0,-0.5000000000000004,0.8660254037844384,0,0,0,1,0,22.0,19.0,13.869047619047619,26.0,False,train
2016-12-26 23:00:00,South,9,20161226232,False,False,-0.25881904510252157,0.9659258262890681,0.0,1.0,-0.5000000000000004,0.8660254037844384,0,0,0,1,0,17.0,15.0,13.880952380952381,26.0,False,train
2016-12-27 00:00:00,South,8,20161227002,False,False,0.0,1.0,0.7818314824680298,0.6234898018587336,-0.5000000000000004,0.8660254037844384,0,0,0,1,0,20.0,15.0,13.910714285714286,26.0,False,train
2016-12-27 01:00:00,South,11,20161227012,False,False,0.25881904510252074,0.9659258262890683,0.7818314824680298,0.6234898018587336,-0.5000000000000004,0.8660254037844384,0,0,0,1,0,10.0,16.0,13.875,26.0,False,train
2016-12-27 02:00:00,South,7,20161227022,False,False,0.49999999999999994,0.8660254037844387,0.7818314824680298,0.6234898018587336,-0.5000000000000004,0.8660254037844384,0,0,0,1,0,14.0,18.0,13.851190476190476,26.0,False,train
2016-12-27 03:00:00,South,7,20161227032,False,False,0.7071067811865476,0.7071067811865476,0.7818314824680298,0.6234898018587336,-0.5000000000000004,0.8660254037844384,0,0,0,1,0,13.0,17.0,13.827380952380953,26.375,False,train
2016-12-27 04:00:00,South,3,20161227042,False,False,0.8660254037844386,0.5000000000000001,0.7818314824680298,0.6234898018587336,-0.5000000000000004,0.8660254037844384,0,0,0,1,0,8.0,12.0,13.803571428571429,27.5,False,train
2016-12-27 05:00:00,South,5,20161227052,False,False,0.9659258262890683,0.25881904510252074,0.7818314824680298,0.6234898018587336,-0.5000000000000004,0.8660254037844384,0,0,0,1,0,13.0,10.0,13.821428571428571,27.5,False,train
2016-12-27 06:00:00,South,10,20161227062,False,False,1.0,6.123233995736766e-17,0.7818314824680298,0.6234898018587336,-0.5000000000000004,0.8660254037844384,0,0,0,1,0,12.0,15.0,13.803571428571429,27.5,False,train
2016-12-27 07:00:00,South,9,20161227072,False,False,0.9659258262890683,-0.25881904510252063,0.7818314824680298,0.6234898018587336,-0.5000000000000004,0.8660254037844384,0,0,0,1,0,9.0,10.0,13.797619047619047,27.5,False,train
2016-12-27 08:00:00,South,11,20161227082,False,False,0.8660254037844387,-0.4999999999999998,0.7818314824680298,0.6234898018587336,-0.5000000000000004,0.8660254037844384,0,0,0,1,0,10.0,14.0,13.773809523809524,27.5,False,train
2016-12-27 09:00:00,South,9,20161227092,False,False,0.7071067811865476,-0.7071067811865475,0.7818314824680298,0.6234898018587336,-0.5000000000000004,0.8660254037844384,0,0,0,1,0,13.0,15.0,13.761904761904763,27.5,False,train
2016-12-27 10:00:00,South,13,20161227102,False,False,0.49999999999999994,-0.8660254037844387,0.7818314824680298,0.6234898018587336,-0.5000000000000004,0.8660254037844384,0,0,0,1,0,13.0,13.0,13.761904761904763,27.5,False,train
2016-12-27 11:00:00,South,15,20161227112,False,False,0.258819045102521,-0.9659258262890682,0.7818314824680298,0.6234898018587336,-0.5000000000000004,0.8660254037844384,0,0,0,1,0,14.0,14.0,13.761904761904763,27.5,False,train
2016-12-27 12:00:00,South,15,20161227122,False,False,1.2246467991473532e-16,-1.0,0.7818314824680298,0.6234898018587336,-0.5000000000000004,0.8660254037844384,0,0,0,1,0,20.0,19.0,13.767857142857142,27.5,False,train
2016-12-27 13:00:00,South,15,20161227132,False,False,-0.2588190451025208,-0.9659258262890683,0.7818314824680298,0.6234898018587336,-0.5000000000000004,0.8660254037844384,0,0,0,1,0,17.0,15.0,13.779761904761905,27.5,False,train
2016-12-27 14:00:00,South,15,20161227142,False,False,-0.4999999999999997,-0.8660254037844388,0.7818314824680298,0.6234898018587336,-0.5000000000000004,0.8660254037844384,0,0,0,1,0,17.0,21.0,13.755952380952381,27.5,False,train
2016-12-27 15:00:00,South,16,20161227152,False,False,-0.7071067811865471,-0.7071067811865479,0.7818314824680298,0.6234898018587336,-0.5000000000000004,0.8660254037844384,0,0,0,1,0,16.0,20.0,13.732142857142858,27.5,False,train
2016-12-27 16:00:00,South,17,20161227162,False,False,-0.8660254037844385,-0.5000000000000004,0.7818314824680298,0.6234898018587336,-0.5000000000000004,0.8660254037844384,0,0,0,1,0,20.0,18.0,13.744047619047619,27.5,False,train
2016-12-27 17:00:00,South,16,20161227172,False,False,-0.9659258262890683,-0.25881904510252063,0.7818314824680298,0.6234898018587336,-0.5000000000000004,0.8660254037844384,0,0,0,1,0,17.0,19.0,13.732142857142858,27.5,False,train
2016-12-27 18:00:00,South,16,20161227182,False,False,-1.0,-1.8369701987210297e-16,0.7818314824680298,0.6234898018587336,-0.5000000000000004,0.8660254037844384,0,0,0,1,0,20.0,15.0,13.761904761904763,27.5,False,train
2016-12-27 19:00:00,South,17,20161227192,False,False,-0.9659258262890684,0.2588190451025203,0.7818314824680298,0.6234898018587336,-0.5000000000000004,0.8660254037844384,0,0,0,1,0,18.0,17.0,13.767857142857142,27.5,False,train
2016-12-27 20:00:00,South,16,20161227202,False,False,-0.8660254037844386,0.5000000000000001,0.7818314824680298,0.6234898018587336,-0.5000000000000004,0.8660254037844384,0,0,0,1,0,19.0,21.0,13.755952380952381,27.5,False,train
2016-12-27 21:00:00,South,15,20161227212,False,False,-0.7071067811865477,0.7071067811865474,0.7818314824680298,0.6234898018587336,-0.5000000000000004,0.8660254037844384,0,0,0,1,0,19.0,23.0,13.732142857142858,27.5,False,train
2016-12-27 22:00:00,South,18,20161227222,False,False,-0.5000000000000004,0.8660254037844384,0.7818314824680298,0.6234898018587336,-0.5000000000000004,0.8660254037844384,0,0,0,1,0,20.0,22.0,13.720238095238095,27.5,False,train
2016-12-27 23:00:00,South,13,20161227232,False,False,-0.25881904510252157,0.9659258262890681,0.7818314824680298,0.6234898018587336,-0.5000000000000004,0.8660254037844384,0,0,0,1,0,16.0,17.0,13.714285714285714,27.5,False,train
2016-12-28 00:00:00,South,10,20161228002,False,False,0.0,1.0,0.9749279121818236,-0.22252093395631434,-0.5000000000000004,0.8660254037844384,0,0,0,1,0,17.0,18.0,13.708333333333334,27.5,False,train
2016-12-28 01:00:00,South,11,20161228012,False,False,0.25881904510252074,0.9659258262890683,0.9749279121818236,-0.22252093395631434,-0.5000000000000004,0.8660254037844384,0,0,0,1,0,15.0,14.0,13.714285714285714,27.5,False,train
2016-12-28 02:00:00,South,13,20161228022,False,False,0.49999999999999994,0.8660254037844387,0.9749279121818236,-0.22252093395631434,-0.5000000000000004,0.8660254037844384,0,0,0,1,0,12.0,14.0,13.702380952380953,27.5,False,train
2016-12-28 03:00:00,South,8,20161228032,False,False,0.7071067811865476,0.7071067811865476,0.9749279121818236,-0.22252093395631434,-0.5000000000000004,0.8660254037844384,0,0,0,1,0,13.0,15.0,13.69047619047619,27.5,False,train
2016-12-28 04:00:00,South,10,20161228042,False,False,0.8660254037844386,0.5000000000000001,0.9749279121818236,-0.22252093395631434,-0.5000000000000004,0.8660254037844384,0,0,0,1,0,14.0,14.0,13.69047619047619,27.5,False,train
2016-12-28 05:00:00,South,9,20161228052,False,False,0.9659258262890683,0.25881904510252074,0.9749279121818236,-0.22252093395631434,-0.5000000000000004,0.8660254037844384,0,0,0,1,0,11.0,11.0,13.69047619047619,27.5,False,train
2016-12-28 06:00:00,South,8,20161228062,False,False,1.0,6.123233995736766e-17,0.9749279121818236,-0.22252093395631434,-0.5000000000000004,0.8660254037844384,0,0,0,1,0,8.0,12.0,13.666666666666666,27.5,False,train
2016-12-28 07:00:00,South,9,20161228072,False,False,0.9659258262890683,-0.25881904510252063,0.9749279121818236,-0.22252093395631434,-0.5000000000000004,0.8660254037844384,0,0,0,1,0,12.0,14.0,13.654761904761905,27.5,False,train
2016-12-28 08:00:00,South,9,20161228082,False,False,0.8660254037844387,-0.4999999999999998,0.9749279121818236,-0.22252093395631434,-0.5000000000000004,0.8660254037844384,0,0,0,1,0,12.0,13.0,13.648809523809524,27.5,False,train
2016-12-28 09:00:00,South,8,20161228092,False,False,0.7071067811865476,-0.7071067811865475,0.9749279121818236,-0.22252093395631434,-0.5000000000000004,0.8660254037844384,0,0,0,1,0,12.0,14.0,13.636904761904763,27.5,False,train
2016-12-28 10:00:00,South,13,20161228102,False,False,0.49999999999999994,-0.8660254037844387,0.9749279121818236,-0.22252093395631434,-0.5000000000000004,0.8660254037844384,0,0,0,1,0,11.0,13.0,13.625,27.5,False,train
2016-12-28 11:00:00,South,13,20161228112,False,False,0.258819045102521,-0.9659258262890682,0.9749279121818236,-0.22252093395631434,-0.5000000000000004,0.8660254037844384,0,0,0,1,0,14.0,18.0,13.601190476190476,27.5,False,train
2016-12-28 12:00:00,South,14,20161228122,False,False,1.2246467991473532e-16,-1.0,0.9749279121818236,-0.22252093395631434,-0.5000000000000004,0.8660254037844384,0,0,0,1,0,17.0,15.0,13.613095238095237,27.5,False,train
2016-12-28 13:00:00,South,12,20161228132,False,False,-0.2588190451025208,-0.9659258262890683,0.9749279121818236,-0.22252093395631434,-0.5000000000000004,0.8660254037844384,0,0,0,1,0,15.0,14.0,13.619047619047619,27.5,False,train
2016-12-28 14:00:00,South,12,20161228142,False,False,-0.4999999999999997,-0.8660254037844388,0.9749279121818236,-0.22252093395631434,-0.5000000000000004,0.8660254037844384,0,0,0,1,0,22.0,21.0,13.625,27.5,False,train
2016-12-28 15:00:00,South,13,20161228152,False,False,-0.7071067811865471,-0.7071067811865479,0.9749279121818236,-0.22252093395631434,-0.5000000000000004,0.8660254037844384,0,0,0,1,0,17.0,21.0,13.601190476190476,27.5,False,train
2016-12-28 16:00:00,South,15,20161228162,False,False,-0.8660254037844385,-0.5000000000000004,0.9749279121818236,-0.22252093395631434,-0.5000000000000004,0.8660254037844384,0,0,0,1,0,17.0,21.0,13.577380952380953,27.5,False,train
2016-12-28 17:00:00,South,15,20161228172,False,False,-0.9659258262890683,-0.25881904510252063,0.9749279121818236,-0.22252093395631434,-0.5000000000000004,0.8660254037844384,0,0,0,1,0,19.0,14.0,13.607142857142858,27.5,False,train
2016-12-28 18:00:00,South,19,20161228182,False,False,-1.0,-1.8369701987210297e-16,0.9749279121818236,-0.22252093395631434,-0.5000000000000004,0.8660254037844384,0,0,0,1,0,15.0,17.0,13.595238095238095,27.5,False,train
2016-12-28 19:00:00,South,18,20161228192,False,False,-0.9659258262890684,0.2588190451025203,0.9749279121818236,-0.22252093395631434,-0.5000000000000004,0.8660254037844384,0,0,0,1,0,16.0,21.0,13.56547619047619,27.5,False,train
2016-12-28 20:00:00,South,17,20161228202,False,False,-0.8660254037844386,0.5000000000000001,0.9749279121818236,-0.22252093395631434,-0.5000000000000004,0.8660254037844384,0,0,0,1,0,17.0,19.0,13.553571428571429,27.5,False,train
2016-12-28 21:00:00,South,15,20161228212,False,False,-0.7071067811865477,0.7071067811865474,0.9749279121818236,-0.22252093395631434,-0.5000000000000004,0.8660254037844384,0,0,0,1,0,20.0,19.0,13.55952380952381,27.5,False,train
2016-12-28 22:00:00,South,14,20161228222,False,False,-0.5000000000000004,0.8660254037844384,0.9749279121818236,-0.22252093395631434,-0.5000000000000004,0.8660254037844384,0,0,0,1,0,17.0,19.0,13.547619047619047,27.5,False,train
2016-12-28 23:00:00,South,17,20161228232,False,False,-0.25881904510252157,0.9659258262890681,0.9749279121818236,-0.22252093395631434,-0.5000000000000004,0.8660254037844384,0,0,0,1,0,14.0,18.0,13.523809523809524,27.5,False,train
2016-12-29 00:00:00,South,15,20161229002,False,False,0.0,1.0,0.43388373911755823,-0.900968867902419,-0.5000000000000004,0.8660254037844384,0,0,0,1,0,13.0,14.0,13.517857142857142,27.5,False,train
2016-12-29 01:00:00,South,11,20161229012,False,False,0.25881904510252074,0.9659258262890683,0.43388373911755823,-0.900968867902419,-0.5000000000000004,0.8660254037844384,0,0,0,1,0,12.0,15.0,13.5,27.5,False,train
2016-12-29 02:00:00,South,14,20161229022,False,False,0.49999999999999994,0.8660254037844387,0.43388373911755823,-0.900968867902419,-0.5000000000000004,0.8660254037844384,0,0,0,1,0,16.0,13.0,13.517857142857142,27.5,False,train
2016-12-29 03:00:00,South,12,20161229032,False,False,0.7071067811865476,0.7071067811865476,0.43388373911755823,-0.900968867902419,-0.5000000000000004,0.8660254037844384,0,0,0,1,0,10.0,14.0,13.494047619047619,27.5,False,train
2016-12-29 04:00:00,South,11,20161229042,False,False,0.8660254037844386,0.5000000000000001,0.43388373911755823,-0.900968867902419,-0.5000000000000004,0.8660254037844384,0,0,0,1,0,11.0,14.0,13.476190476190476,27.5,False,train
2016-12-29 05:00:00,South,11,20161229052,False,False,0.9659258262890683,0.25881904510252074,0.43388373911755823,-0.900968867902419,-0.5000000000000004,0.8660254037844384,0,0,0,1,0,9.0,10.0,13.470238095238095,27.5,False,train
2016-12-29 06:00:00,South,7,20161229062,False,False,1.0,6.123233995736766e-17,0.43388373911755823,-0.900968867902419,-0.5000000000000004,0.8660254037844384,0,0,0,1,0,5.0,13.0,13.422619047619047,27.5,False,train
2016-12-29 07:00:00,South,9,20161229072,False,False,0.9659258262890683,-0.25881904510252063,0.43388373911755823,-0.900968867902419,-0.5000000000000004,0.8660254037844384,0,0,0,1,0,12.0,11.0,13.428571428571429,27.5,False,train
2016-12-29 08:00:00,South,11,20161229082,False,False,0.8660254037844387,-0.4999999999999998,0.43388373911755823,-0.900968867902419,-0.5000000000000004,0.8660254037844384,0,0,0,1,0,12.0,9.0,13.446428571428571,27.5,False,train
2016-12-29 09:00:00,South,11,20161229092,False,False,0.7071067811865476,-0.7071067811865475,0.43388373911755823,-0.900968867902419,-0.5000000000000004,0.8660254037844384,0,0,0,1,0,9.0,12.0,13.428571428571429,27.5,False,train
2016-12-29 10:00:00,South,17,20161229102,False,False,0.49999999999999994,-0.8660254037844387,0.43388373911755823,-0.900968867902419,-0.5000000000000004,0.8660254037844384,0,0,0,1,0,16.0,16.0,13.428571428571429,27.5,False,train
2016-12-29 11:00:00,South,12,20161229112,False,False,0.258819045102521,-0.9659258262890682,0.43388373911755823,-0.900968867902419,-0.5000000000000004,0.8660254037844384,0,0,0,1,0,14.0,15.0,13.422619047619047,27.5,False,train
2016-12-29 12:00:00,South,15,20161229122,False,False,1.2246467991473532e-16,-1.0,0.43388373911755823,-0.900968867902419,-0.5000000000000004,0.8660254037844384,0,0,0,1,0,17.0,15.0,13.43452380952381,27.5,False,train
2016-12-29 13:00:00,South,14,20161229132,False,False,-0.2588190451025208,-0.9659258262890683,0.43388373911755823,-0.900968867902419,-0.5000000000000004,0.8660254037844384,0,0,0,1,0,15.0,9.0,13.470238095238095,27.5,False,train
2016-12-29 14:00:00,South,13,20161229142,False,False,-0.4999999999999997,-0.8660254037844388,0.43388373911755823,-0.900968867902419,-0.5000000000000004,0.8660254037844384,0,0,0,1,0,13.0,16.0,13.452380952380953,27.5,False,train
2016-12-29 15:00:00,South,20,20161229152,False,False,-0.7071067811865471,-0.7071067811865479,0.43388373911755823,-0.900968867902419,-0.5000000000000004,0.8660254037844384,0,0,0,1,0,14.0,20.0,13.416666666666666,27.5,False,train
2016-12-29 16:00:00,South,14,20161229162,False,False,-0.8660254037844385,-0.5000000000000004,0.43388373911755823,-0.900968867902419,-0.5000000000000004,0.8660254037844384,0,0,0,1,0,19.0,17.0,13.428571428571429,27.5,False,train
2016-12-29 17:00:00,South,13,20161229172,False,False,-0.9659258262890683,-0.25881904510252063,0.43388373911755823,-0.900968867902419,-0.5000000000000004,0.8660254037844384,0,0,0,1,0,14.0,20.0,13.392857142857142,27.5,False,train
2016-12-29 18:00:00,South,17,20161229182,False,False,-1.0,-1.8369701987210297e-16,0.43388373911755823,-0.900968867902419,-0.5000000000000004,0.8660254037844384,0,0,0,1,0,17.0,20.0,13.375,27.5,False,train
2016-12-29 19:00:00,South,17,20161229192,False,False,-0.9659258262890684,0.2588190451025203,0.43388373911755823,-0.900968867902419,-0.5000000000000004,0.8660254037844384,0,0,0,1,0,15.0,18.0,13.357142857142858,27.5,False,train
2016-12-29 20:00:00,South,17,20161229202,False,False,-0.8660254037844386,0.5000000000000001,0.43388373911755823,-0.900968867902419,-0.5000000000000004,0.8660254037844384,0,0,0,1,0,20.0,18.0,13.369047619047619,27.5,False,train
2016-12-29 21:00:00,South,14,20161229212,False,False,-0.7071067811865477,0.7071067811865474,0.43388373911755823,-0.900968867902419,-0.5000000000000004,0.8660254037844384,0,0,0,1,0,15.0,18.0,13.351190476190476,27.5,False,train
2016-12-29 22:00:00,South,14,20161229222,False,False,-0.5000000000000004,0.8660254037844384,0.43388373911755823,-0.900968867902419,-0.5000000000000004,0.8660254037844384,0,0,0,1,0,16.0,19.0,13.333333333333334,27.5,False,train
2016-12-29 23:00:00,South,10,20161229232,False,False,-0.25881904510252157,0.9659258262890681,0.43388373911755823,-0.900968867902419,-0.5000000000000004,0.8660254037844384,0,0,0,1,0,16.0,22.0,13.297619047619047,27.5,False,train
2016-12-30 00:00:00,South,12,20161230002,False,False,0.0,1.0,-0.433883739117558,-0.9009688679024191,-0.5000000000000004,0.8660254037844384,0,0,0,1,0,10.0,18.0,13.25,27.5,False,train
2016-12-30 01:00:00,South,14,20161230012,False,False,0.25881904510252074,0.9659258262890683,-0.433883739117558,-0.9009688679024191,-0.5000000000000004,0.8660254037844384,0,0,0,1,0,10.0,13.0,13.232142857142858,27.5,False,train
2016-12-30 02:00:00,South,12,20161230022,False,False,0.49999999999999994,0.8660254037844387,-0.433883739117558,-0.9009688679024191,-0.5000000000000004,0.8660254037844384,0,0,0,1,0,10.0,12.0,13.220238095238095,27.5,False,train
2016-12-30 03:00:00,South,8,20161230032,False,False,0.7071067811865476,0.7071067811865476,-0.433883739117558,-0.9009688679024191,-0.5000000000000004,0.8660254037844384,0,0,0,1,0,10.0,15.0,13.19047619047619,27.5,False,train
2016-12-30 04:00:00,South,8,20161230042,False,False,0.8660254037844386,0.5000000000000001,-0.433883739117558,-0.9009688679024191,-0.5000000000000004,0.8660254037844384,0,0,0,1,0,6.0,9.0,13.172619047619047,25.625,False,train
2016-12-30 05:00:00,South,6,20161230052,False,False,0.9659258262890683,0.25881904510252074,-0.433883739117558,-0.9009688679024191,-0.5000000000000004,0.8660254037844384,0,0,0,1,0,9.0,11.0,13.160714285714286,25.625,False,train
2016-12-30 06:00:00,South,5,20161230062,False,False,1.0,6.123233995736766e-17,-0.433883739117558,-0.9009688679024191,-0.5000000000000004,0.8660254037844384,0,0,0,1,0,6.0,11.0,13.130952380952381,25.625,False,train
2016-12-30 07:00:00,South,10,20161230072,False,False,0.9659258262890683,-0.25881904510252063,-0.433883739117558,-0.9009688679024191,-0.5000000000000004,0.8660254037844384,0,0,0,1,0,6.0,13.0,13.089285714285714,25.625,False,train
2016-12-30 08:00:00,South,10,20161230082,False,False,0.8660254037844387,-0.4999999999999998,-0.433883739117558,-0.9009688679024191,-0.5000000000000004,0.8660254037844384,0,0,0,1,0,9.0,14.0,13.05952380952381,25.625,False,train
2016-12-30 09:00:00,South,12,20161230092,False,False,0.7071067811865476,-0.7071067811865475,-0.433883739117558,-0.9009688679024191,-0.5000000000000004,0.8660254037844384,0,0,0,1,0,13.0,13.0,13.05952380952381,25.625,False,train
2016-12-30 10:00:00,South,9,20161230102,False,False,0.49999999999999994,-0.8660254037844387,-0.433883739117558,-0.9009688679024191,-0.5000000000000004,0.8660254037844384,0,0,0,1,0,12.0,11.0,13.06547619047619,25.625,False,train
2016-12-30 11:00:00,South,12,20161230112,False,False,0.258819045102521,-0.9659258262890682,-0.433883739117558,-0.9009688679024191,-0.5000000000000004,0.8660254037844384,0,0,0,1,0,14.0,13.0,13.071428571428571,25.625,False,train
2016-12-30 12:00:00,South,13,20161230122,False,False,1.2246467991473532e-16,-1.0,-0.433883739117558,-0.9009688679024191,-0.5000000000000004,0.8660254037844384,0,0,0,1,0,15.0,15.0,13.071428571428571,25.625,False,train
2016-12-30 13:00:00,South,13,20161230132,False,False,-0.2588190451025208,-0.9659258262890683,-0.433883739117558,-0.9009688679024191,-0.5000000000000004,0.8660254037844384,0,0,0,1,0,11.0,15.0,13.047619047619047,25.0,False,train
2016-12-30 14:00:00,South,14,20161230142,False,False,-0.4999999999999997,-0.8660254037844388,-0.433883739117558,-0.9009688679024191,-0.5000000000000004,0.8660254037844384,0,0,0,1,0,9.0,18.0,12.994047619047619,25.0,False,train
2016-12-30 15:00:00,South,15,20161230152,False,False,-0.7071067811865471,-0.7071067811865479,-0.433883739117558,-0.9009688679024191,-0.5000000000000004,0.8660254037844384,0,0,0,1,0,15.0,16.0,12.988095238095237,25.0,False,train
2016-12-30 16:00:00,South,14,20161230162,False,False,-0.8660254037844385,-0.5000000000000004,-0.433883739117558,-0.9009688679024191,-0.5000000000000004,0.8660254037844384,0,0,0,1,0,15.0,16.0,12.982142857142858,25.0,False,train
2016-12-30 17:00:00,South,15,20161230172,False,False,-0.9659258262890683,-0.25881904510252063,-0.433883739117558,-0.9009688679024191,-0.5000000000000004,0.8660254037844384,0,0,0,1,0,14.0,14.0,12.982142857142858,25.0,False,train
2016-12-30 18:00:00,South,10,20161230182,False,False,-1.0,-1.8369701987210297e-16,-0.433883739117558,-0.9009688679024191,-0.5000000000000004,0.8660254037844384,0,0,0,1,0,12.0,17.0,12.952380952380953,25.0,False,train
2016-12-30 19:00:00,South,10,20161230192,False,False,-0.9659258262890684,0.2588190451025203,-0.433883739117558,-0.9009688679024191,-0.5000000000000004,0.8660254037844384,0,0,0,1,0,11.0,19.0,12.904761904761905,25.0,False,train
2016-12-30 20:00:00,South,11,20161230202,False,False,-0.8660254037844386,0.5000000000000001,-0.433883739117558,-0.9009688679024191,-0.5000000000000004,0.8660254037844384,0,0,0,1,0,12.0,15.0,12.886904761904763,25.0,False,train
2016-12-30 21:00:00,South,10,20161230212,False,False,-0.7071067811865477,0.7071067811865474,-0.433883739117558,-0.9009688679024191,-0.5000000000000004,0.8660254037844384,0,0,0,1,0,14.0,18.0,12.863095238095237,25.0,False,train
2016-12-30 22:00:00,South,12,20161230222,False,False,-0.5000000000000004,0.8660254037844384,-0.433883739117558,-0.9009688679024191,-0.5000000000000004,0.8660254037844384,0,0,0,1,0,9.0,17.0,12.81547619047619,25.0,False,train
2016-12-30 23:00:00,South,12,20161230232,False,False,-0.25881904510252157,0.9659258262890681,-0.433883739117558,-0.9009688679024191,-0.5000000000000004,0.8660254037844384,0,0,0,1,0,12.0,14.0,12.803571428571429,25.0,False,train
2016-12-31 00:00:00,South,11,20161231002,False,False,0.0,1.0,-0.9749279121818236,-0.2225209339563146,-0.5000000000000004,0.8660254037844384,1,0,0,1,0,9.0,14.0,12.773809523809524,25.0,False,train
2016-12-31 01:00:00,South,8,20161231012,False,False,0.25881904510252074,0.9659258262890683,-0.9749279121818236,-0.2225209339563146,-0.5000000000000004,0.8660254037844384,1,0,0,1,0,12.0,14.0,12.761904761904763,25.0,False,train
2016-12-31 02:00:00,South,12,20161231022,False,False,0.49999999999999994,0.8660254037844387,-0.9749279121818236,-0.2225209339563146,-0.5000000000000004,0.8660254037844384,1,0,0,1,0,10.0,14.0,12.738095238095237,25.0,False,train
2016-12-31 03:00:00,South,8,20161231032,False,False,0.7071067811865476,0.7071067811865476,-0.9749279121818236,-0.2225209339563146,-0.5000000000000004,0.8660254037844384,1,0,0,1,0,9.0,11.0,12.726190476190476,25.0,False,train
2016-12-31 04:00:00,South,8,20161231042,False,False,0.8660254037844386,0.5000000000000001,-0.9749279121818236,-0.2225209339563146,-0.5000000000000004,0.8660254037844384,1,0,0,1,0,7.0,11.0,12.702380952380953,25.0,False,train
2016-12-31 05:00:00,South,7,20161231052,False,False,0.9659258262890683,0.25881904510252074,-0.9749279121818236,-0.2225209339563146,-0.5000000000000004,0.8660254037844384,1,0,0,1,0,7.0,9.0,12.69047619047619,25.0,False,train
2016-12-31 06:00:00,South,8,20161231062,False,False,1.0,6.123233995736766e-17,-0.9749279121818236,-0.2225209339563146,-0.5000000000000004,0.8660254037844384,1,0,0,1,0,7.0,7.0,12.69047619047619,25.0,False,train
2016-12-31 07:00:00,South,7,20161231072,False,False,0.9659258262890683,-0.25881904510252063,-0.9749279121818236,-0.2225209339563146,-0.5000000000000004,0.8660254037844384,1,0,0,1,0,7.0,5.0,12.702380952380953,25.0,False,train
2016-12-31 08:00:00,South,5,20161231082,False,False,0.8660254037844387,-0.4999999999999998,-0.9749279121818236,-0.2225209339563146,-0.5000000000000004,0.8660254037844384,1,0,0,1,0,6.0,10.0,12.678571428571429,25.0,False,train
2016-12-31 09:00:00,South,10,20161231092,False,False,0.7071067811865476,-0.7071067811865475,-0.9749279121818236,-0.2225209339563146,-0.5000000000000004,0.8660254037844384,1,0,0,1,0,7.0,5.0,12.69047619047619,25.0,False,train
2016-12-31 10:00:00,South,9,20161231102,False,False,0.49999999999999994,-0.8660254037844387,-0.9749279121818236,-0.2225209339563146,-0.5000000000000004,0.8660254037844384,1,0,0,1,0,7.0,13.0,12.654761904761905,25.0,False,train
2016-12-31 11:00:00,South,10,20161231112,False,False,0.258819045102521,-0.9659258262890682,-0.9749279121818236,-0.2225209339563146,-0.5000000000000004,0.8660254037844384,1,0,0,1,0,9.0,10.0,12.648809523809524,25.0,False,train
2016-12-31 12:00:00,South,7,20161231122,False,False,1.2246467991473532e-16,-1.0,-0.9749279121818236,-0.2225209339563146,-0.5000000000000004,0.8660254037844384,1,0,0,1,0,7.0,9.0,12.636904761904763,25.0,False,train
2016-12-31 13:00:00,South,10,20161231132,False,False,-0.2588190451025208,-0.9659258262890683,-0.9749279121818236,-0.2225209339563146,-0.5000000000000004,0.8660254037844384,1,0,0,1,0,6.0,8.0,12.625,25.0,False,train
2016-12-31 14:00:00,South,7,20161231142,False,False,-0.4999999999999997,-0.8660254037844388,-0.9749279121818236,-0.2225209339563146,-0.5000000000000004,0.8660254037844384,1,0,0,1,0,8.0,6.0,12.636904761904763,25.0,False,train
2016-12-31 15:00:00,South,7,20161231152,False,False,-0.7071067811865471,-0.7071067811865479,-0.9749279121818236,-0.2225209339563146,-0.5000000000000004,0.8660254037844384,1,0,0,1,0,6.0,10.0,12.613095238095237,25.0,False,train
2016-12-31 16:00:00,South,9,20161231162,False,False,-0.8660254037844385,-0.5000000000000004,-0.9749279121818236,-0.2225209339563146,-0.5000000000000004,0.8660254037844384,1,0,0,1,0,12.0,11.0,12.619047619047619,25.0,False,train
2016-12-31 17:00:00,South,11,20161231172,False,False,-0.9659258262890683,-0.25881904510252063,-0.9749279121818236,-0.2225209339563146,-0.5000000000000004,0.8660254037844384,1,0,0,1,0,11.0,14.0,12.601190476190476,25.0,False,train
2016-12-31 18:00:00,South,10,20161231182,False,False,-1.0,-1.8369701987210297e-16,-0.9749279121818236,-0.2225209339563146,-0.5000000000000004,0.8660254037844384,1,0,0,1,0,9.0,15.0,12.56547619047619,25.0,False,train
2016-12-31 19:00:00,South,11,20161231192,False,False,-0.9659258262890684,0.2588190451025203,-0.9749279121818236,-0.2225209339563146,-0.5000000000000004,0.8660254037844384,1,0,0,1,0,9.0,16.0,12.523809523809524,25.0,False,train
2016-12-31 20:00:00,South,7,20161231202,False,False,-0.8660254037844386,0.5000000000000001,-0.9749279121818236,-0.2225209339563146,-0.5000000000000004,0.8660254037844384,1,0,0,1,0,11.0,16.0,12.494047619047619,25.0,False,train
2016-12-31 21:00:00,South,12,20161231212,False,False,-0.7071067811865477,0.7071067811865474,-0.9749279121818236,-0.2225209339563146,-0.5000000000000004,0.8660254037844384,1,0,0,1,0,10.0,16.0,12.458333333333334,25.0,False,train
2016-12-31 22:00:00,South,10,20161231222,False,False,-0.5000000000000004,0.8660254037844384,-0.9749279121818236,-0.2225209339563146,-0.5000000000000004,0.8660254037844384,1,0,0,1,0,13.0,10.0,12.476190476190476,25.0,False,train
2016-12-31 23:00:00,South,9,20161231232,False,False,-0.25881904510252157,0.9659258262890681,-0.9749279121818236,-0.2225209339563146,-0.5000000000000004,0.8660254037844384,1,0,0,1,0,8.0,14.0,12.44047619047619,25.0,False,train
2017-01-01 00:00:00,South,7,20170101002,False,False,0.0,1.0,-0.7818314824680299,0.6234898018587334,0.0,1.0,1,0,0,1,0,7.0,10.0,12.422619047619047,25.0,False,test
2017-01-01 01:00:00,South,9,20170101012,False,False,0.25881904510252074,0.9659258262890683,-0.7818314824680299,0.6234898018587334,0.0,1.0,1,0,0,1,0,8.0,11.0,12.404761904761905,25.0,False,test
2017-01-01 02:00:00,South,4,20170101022,False,False,0.49999999999999994,0.8660254037844387,-0.7818314824680299,0.6234898018587334,0.0,1.0,1,0,0,1,0,5.0,8.0,12.386904761904763,25.0,False,test
2017-01-01 03:00:00,South,4,20170101032,False,False,0.7071067811865476,0.7071067811865476,-0.7818314824680299,0.6234898018587334,0.0,1.0,1,0,0,1,0,5.0,6.0,12.380952380952381,25.0,False,test
2017-01-01 04:00:00,South,6,20170101042,False,False,0.8660254037844386,0.5000000000000001,-0.7818314824680299,0.6234898018587334,0.0,1.0,1,0,0,1,0,6.0,10.0,12.357142857142858,25.0,False,test
2017-01-01 05:00:00,South,2,20170101052,False,False,0.9659258262890683,0.25881904510252074,-0.7818314824680299,0.6234898018587334,0.0,1.0,1,0,0,1,0,4.0,5.0,12.351190476190476,25.0,False,test
2017-01-01 06:00:00,South,5,20170101062,False,False,1.0,6.123233995736766e-17,-0.7818314824680299,0.6234898018587334,0.0,1.0,1,0,0,1,0,4.0,8.0,12.327380952380953,25.0,False,test
2017-01-01 07:00:00,South,3,20170101072,False,False,0.9659258262890683,-0.25881904510252063,-0.7818314824680299,0.6234898018587334,0.0,1.0,1,0,0,1,0,5.0,9.0,12.303571428571429,25.0,False,test
2017-01-01 08:00:00,South,7,20170101082,False,False,0.8660254037844387,-0.4999999999999998,-0.7818314824680299,0.6234898018587334,0.0,1.0,1,0,0,1,0,7.0,5.0,12.31547619047619,25.0,False,test
2017-01-01 09:00:00,South,8,20170101092,False,False,0.7071067811865476,-0.7071067811865475,-0.7818314824680299,0.6234898018587334,0.0,1.0,1,0,0,1,0,8.0,8.0,12.31547619047619,25.0,False,test
2017-01-01 10:00:00,South,4,20170101102,False,False,0.49999999999999994,-0.8660254037844387,-0.7818314824680299,0.6234898018587334,0.0,1.0,1,0,0,1,0,5.0,8.0,12.297619047619047,25.0,False,test
2017-01-01 11:00:00,South,8,20170101112,False,False,0.258819045102521,-0.9659258262890682,-0.7818314824680299,0.6234898018587334,0.0,1.0,1,0,0,1,0,5.0,10.0,12.267857142857142,25.0,False,test
2017-01-01 12:00:00,South,6,20170101122,False,False,1.2246467991473532e-16,-1.0,-0.7818314824680299,0.6234898018587334,0.0,1.0,1,0,0,1,0,10.0,7.0,12.285714285714286,25.0,False,test
2017-01-01 13:00:00,South,6,20170101132,False,False,-0.2588190451025208,-0.9659258262890683,-0.7818314824680299,0.6234898018587334,0.0,1.0,1,0,0,1,0,8.0,11.0,12.267857142857142,25.0,False,test
2017-01-01 14:00:00,South,7,20170101142,False,False,-0.4999999999999997,-0.8660254037844388,-0.7818314824680299,0.6234898018587334,0.0,1.0,1,0,0,1,0,6.0,6.0,12.267857142857142,25.0,False,test
2017-01-01 15:00:00,South,7,20170101152,False,False,-0.7071067811865471,-0.7071067811865479,-0.7818314824680299,0.6234898018587334,0.0,1.0,1,0,0,1,0,8.0,12.0,12.244047619047619,25.0,False,test
2017-01-01 16:00:00,South,8,20170101162,False,False,-0.8660254037844385,-0.5000000000000004,-0.7818314824680299,0.6234898018587334,0.0,1.0,1,0,0,1,0,10.0,9.0,12.25,25.0,False,test
2017-01-01 17:00:00,South,9,20170101172,False,False,-0.9659258262890683,-0.25881904510252063,-0.7818314824680299,0.6234898018587334,0.0,1.0,1,0,0,1,0,10.0,11.0,12.244047619047619,25.0,False,test
2017-01-01 18:00:00,South,9,20170101182,False,False,-1.0,-1.8369701987210297e-16,-0.7818314824680299,0.6234898018587334,0.0,1.0,1,0,0,1,0,12.0,11.0,12.25,25.0,False,test
2017-01-01 19:00:00,South,7,20170101192,False,False,-0.9659258262890684,0.2588190451025203,-0.7818314824680299,0.6234898018587334,0.0,1.0,1,0,0,1,0,8.0,13.0,12.220238095238095,25.0,False,test
2017-01-01 20:00:00,South,11,20170101202,False,False,-0.8660254037844386,0.5000000000000001,-0.7818314824680299,0.6234898018587334,0.0,1.0,1,0,0,1,0,6.0,9.0,12.202380952380953,25.0,False,test
2017-01-01 21:00:00,South,11,20170101212,False,False,-0.7071067811865477,0.7071067811865474,-0.7818314824680299,0.6234898018587334,0.0,1.0,1,0,0,1,0,8.0,12.0,12.178571428571429,25.0,False,test
2017-01-01 22:00:00,South,9,20170101222,False,False,-0.5000000000000004,0.8660254037844384,-0.7818314824680299,0.6234898018587334,0.0,1.0,1,0,0,1,0,7.0,13.0,12.142857142857142,25.0,False,test
2017-01-01 23:00:00,South,9,20170101232,False,False,-0.25881904510252157,0.9659258262890681,-0.7818314824680299,0.6234898018587334,0.0,1.0,1,0,0,1,0,9.0,15.0,12.107142857142858,25.0,False,test
2017-01-02 00:00:00,South,8,20170102002,False,False,0.0,1.0,0.0,1.0,0.0,1.0,0,0,0,1,0,8.0,10.0,12.095238095238095,25.0,False,test
2017-01-02 01:00:00,South,9,20170102012,False,False,0.25881904510252074,0.9659258262890683,0.0,1.0,0.0,1.0,0,0,0,1,0,5.0,9.0,12.071428571428571,25.0,False,test
2017-01-02 02:00:00,South,8,20170102022,False,False,0.49999999999999994,0.8660254037844387,0.0,1.0,0.0,1.0,0,0,0,1,0,5.0,13.0,12.023809523809524,25.0,False,test
2017-01-02 03:00:00,South,9,20170102032,False,False,0.7071067811865476,0.7071067811865476,0.0,1.0,0.0,1.0,0,0,0,1,0,3.0,9.0,11.988095238095237,25.0,False,test
2017-01-02 04:00:00,South,7,20170102042,False,False,0.8660254037844386,0.5000000000000001,0.0,1.0,0.0,1.0,0,0,0,1,0,4.0,6.0,11.976190476190476,25.0,False,test
2017-01-02 05:00:00,South,6,20170102052,False,False,0.9659258262890683,0.25881904510252074,0.0,1.0,0.0,1.0,0,0,0,1,0,8.0,6.0,11.988095238095237,25.0,False,test
2017-01-02 06:00:00,South,6,20170102062,False,False,1.0,6.123233995736766e-17,0.0,1.0,0.0,1.0,0,0,0,1,0,7.0,7.0,11.988095238095237,25.0,False,test
2017-01-02 07:00:00,South,10,20170102072,False,False,0.9659258262890683,-0.25881904510252063,0.0,1.0,0.0,1.0,0,0,0,1,0,8.0,8.0,11.988095238095237,25.0,False,test
2017-01-02 08:00:00,South,10,20170102082,False,False,0.8660254037844387,-0.4999999999999998,0.0,1.0,0.0,1.0,0,0,0,1,0,8.0,9.0,11.982142857142858,25.0,False,test
2017-01-02 09:00:00,South,11,20170102092,False,False,0.7071067811865476,-0.7071067811865475,0.0,1.0,0.0,1.0,0,0,0,1,0,11.0,12.0,11.976190476190476,25.0,False,test
2017-01-02 10:00:00,South,9,20170102102,False,False,0.49999999999999994,-0.8660254037844387,0.0,1.0,0.0,1.0,0,0,0,1,0,13.0,13.0,11.976190476190476,25.0,False,test
2017-01-02 11:00:00,South,15,20170102112,False,False,0.258819045102521,-0.9659258262890682,0.0,1.0,0.0,1.0,0,0,0,1,0,14.0,14.0,11.976190476190476,25.0,False,test
2017-01-02 12:00:00,South,16,20170102122,False,False,1.2246467991473532e-16,-1.0,0.0,1.0,0.0,1.0,0,0,0,1,0,13.0,14.0,11.970238095238095,25.0,False,test
2017-01-02 13:00:00,South,11,20170102132,False,False,-0.2588190451025208,-0.9659258262890683,0.0,1.0,0.0,1.0,0,0,0,1,0,14.0,15.0,11.964285714285714,25.0,False,test
2017-01-02 14:00:00,South,15,20170102142,False,False,-0.4999999999999997,-0.8660254037844388,0.0,1.0,0.0,1.0,0,0,0,1,0,17.0,22.0,11.93452380952381,25.0,False,test
2017-01-02 15:00:00,South,19,20170102152,False,False,-0.7071067811865471,-0.7071067811865479,0.0,1.0,0.0,1.0,0,0,0,1,0,12.0,19.0,11.892857142857142,25.0,False,test
2017-01-02 16:00:00,South,17,20170102162,False,False,-0.8660254037844385,-0.5000000000000004,0.0,1.0,0.0,1.0,0,0,0,1,0,14.0,18.0,11.869047619047619,25.0,False,test
2017-01-02 17:00:00,South,14,20170102172,False,False,-0.9659258262890683,-0.25881904510252063,0.0,1.0,0.0,1.0,0,0,0,1,0,12.0,21.0,11.81547619047619,25.0,False,test
2017-01-02 18:00:00,South,13,20170102182,False,False,-1.0,-1.8369701987210297e-16,0.0,1.0,0.0,1.0,0,0,0,1,0,11.0,16.0,11.785714285714286,25.0,False,test
2017-01-02 19:00:00,South,13,20170102192,False,False,-0.9659258262890684,0.2588190451025203,0.0,1.0,0.0,1.0,0,0,0,1,0,11.0,16.0,11.755952380952381,25.0,False,test
2017-01-02 20:00:00,South,12,20170102202,False,False,-0.8660254037844386,0.5000000000000001,0.0,1.0,0.0,1.0,0,0,0,1,0,12.0,20.0,11.708333333333334,25.0,False,test
2017-01-02 21:00:00,South,14,20170102212,False,False,-0.7071067811865477,0.7071067811865474,0.0,1.0,0.0,1.0,0,0,0,1,0,10.0,21.0,11.642857142857142,25.0,False,test
2017-01-02 22:00:00,South,11,20170102222,False,False,-0.5000000000000004,0.8660254037844384,0.0,1.0,0.0,1.0,0,0,0,1,0,10.0,22.0,11.571428571428571,25.0,False,test
2017-01-02 23:00:00,South,14,20170102232,False,False,-0.25881904510252157,0.9659258262890681,0.0,1.0,0.0,1.0,0,0,0,1,0,9.0,17.0,11.523809523809524,25.0,False,test
2017-01-03 00:00:00,South,13,20170103002,False,False,0.0,1.0,0.7818314824680298,0.6234898018587336,0.0,1.0,0,0,0,1,0,8.0,20.0,11.452380952380953,25.0,False,test
2017-01-03 01:00:00,South,10,20170103012,False,False,0.25881904510252074,0.9659258262890683,0.7818314824680298,0.6234898018587336,0.0,1.0,0,0,0,1,0,11.0,10.0,11.458333333333334,25.0,False,test
2017-01-03 02:00:00,South,8,20170103022,False,False,0.49999999999999994,0.8660254037844387,0.7818314824680298,0.6234898018587336,0.0,1.0,0,0,0,1,0,7.0,14.0,11.416666666666666,25.0,False,test
2017-01-03 03:00:00,South,11,20170103032,False,False,0.7071067811865476,0.7071067811865476,0.7818314824680298,0.6234898018587336,0.0,1.0,0,0,0,1,0,7.0,13.0,11.380952380952381,25.0,False,test
2017-01-03 04:00:00,South,7,20170103042,False,False,0.8660254037844386,0.5000000000000001,0.7818314824680298,0.6234898018587336,0.0,1.0,0,0,0,1,0,3.0,8.0,11.351190476190476,25.0,False,test
2017-01-03 05:00:00,South,8,20170103052,False,False,0.9659258262890683,0.25881904510252074,0.7818314824680298,0.6234898018587336,0.0,1.0,0,0,0,1,0,5.0,13.0,11.303571428571429,25.375,False,test
2017-01-03 06:00:00,South,8,20170103062,False,False,1.0,6.123233995736766e-17,0.7818314824680298,0.6234898018587336,0.0,1.0,0,0,0,1,0,10.0,12.0,11.291666666666666,26.5,False,test
2017-01-03 07:00:00,South,7,20170103072,False,False,0.9659258262890683,-0.25881904510252063,0.7818314824680298,0.6234898018587336,0.0,1.0,0,0,0,1,0,9.0,9.0,11.291666666666666,26.5,False,test
2017-01-03 08:00:00,South,11,20170103082,False,False,0.8660254037844387,-0.4999999999999998,0.7818314824680298,0.6234898018587336,0.0,1.0,0,0,0,1,0,11.0,10.0,11.297619047619047,26.5,False,test
2017-01-03 09:00:00,South,11,20170103092,False,False,0.7071067811865476,-0.7071067811865475,0.7818314824680298,0.6234898018587336,0.0,1.0,0,0,0,1,0,9.0,13.0,11.273809523809524,26.5,False,test
2017-01-03 10:00:00,South,16,20170103102,False,False,0.49999999999999994,-0.8660254037844387,0.7818314824680298,0.6234898018587336,0.0,1.0,0,0,0,1,0,13.0,13.0,11.273809523809524,26.5,False,test
2017-01-03 11:00:00,South,16,20170103112,False,False,0.258819045102521,-0.9659258262890682,0.7818314824680298,0.6234898018587336,0.0,1.0,0,0,0,1,0,15.0,14.0,11.279761904761905,26.5,False,test
2017-01-03 12:00:00,South,16,20170103122,False,False,1.2246467991473532e-16,-1.0,0.7818314824680298,0.6234898018587336,0.0,1.0,0,0,0,1,0,15.0,20.0,11.25,26.5,False,test
2017-01-03 13:00:00,South,13,20170103132,False,False,-0.2588190451025208,-0.9659258262890683,0.7818314824680298,0.6234898018587336,0.0,1.0,0,0,0,1,0,15.0,17.0,11.238095238095237,26.5,False,test
2017-01-03 14:00:00,South,19,20170103142,False,False,-0.4999999999999997,-0.8660254037844388,0.7818314824680298,0.6234898018587336,0.0,1.0,0,0,0,1,0,15.0,17.0,11.226190476190476,26.5,False,test
2017-01-03 15:00:00,South,19,20170103152,False,False,-0.7071067811865471,-0.7071067811865479,0.7818314824680298,0.6234898018587336,0.0,1.0,0,0,0,1,0,16.0,16.0,11.226190476190476,26.5,False,test
2017-01-03 16:00:00,South,22,20170103162,False,False,-0.8660254037844385,-0.5000000000000004,0.7818314824680298,0.6234898018587336,0.0,1.0,0,0,0,1,0,17.0,20.0,11.208333333333334,26.5,False,test
2017-01-03 17:00:00,South,20,20170103172,False,False,-0.9659258262890683,-0.25881904510252063,0.7818314824680298,0.6234898018587336,0.0,1.0,0,0,0,1,0,16.0,17.0,11.202380952380953,26.5,False,test
2017-01-03 18:00:00,South,16,20170103182,False,False,-1.0,-1.8369701987210297e-16,0.7818314824680298,0.6234898018587336,0.0,1.0,0,0,0,1,0,16.0,20.0,11.178571428571429,26.5,False,test
2017-01-03 19:00:00,South,19,20170103192,False,False,-0.9659258262890684,0.2588190451025203,0.7818314824680298,0.6234898018587336,0.0,1.0,0,0,0,1,0,17.0,18.0,11.172619047619047,26.5,False,test
2017-01-03 20:00:00,South,20,20170103202,False,False,-0.8660254037844386,0.5000000000000001,0.7818314824680298,0.6234898018587336,0.0,1.0,0,0,0,1,0,16.0,19.0,11.154761904761905,26.5,False,test
2017-01-03 21:00:00,South,19,20170103212,False,False,-0.7071067811865477,0.7071067811865474,0.7818314824680298,0.6234898018587336,0.0,1.0,0,0,0,1,0,15.0,19.0,11.130952380952381,26.5,False,test
2017-01-03 22:00:00,South,20,20170103222,False,False,-0.5000000000000004,0.8660254037844384,0.7818314824680298,0.6234898018587336,0.0,1.0,0,0,0,1,0,18.0,20.0,11.119047619047619,26.5,False,test
2017-01-03 23:00:00,South,16,20170103232,False,False,-0.25881904510252157,0.9659258262890681,0.7818314824680298,0.6234898018587336,0.0,1.0,0,0,0,1,0,13.0,16.0,11.101190476190476,26.5,False,test
2017-01-04 00:00:00,South,13,20170104002,False,False,0.0,1.0,0.9749279121818236,-0.22252093395631434,0.0,1.0,0,0,0,1,0,10.0,17.0,11.05952380952381,26.5,False,test
2017-01-04 01:00:00,South,11,20170104012,False,False,0.25881904510252074,0.9659258262890683,0.9749279121818236,-0.22252093395631434,0.0,1.0,0,0,0,1,0,11.0,15.0,11.035714285714286,26.5,False,test
2017-01-04 02:00:00,South,11,20170104022,False,False,0.49999999999999994,0.8660254037844387,0.9749279121818236,-0.22252093395631434,0.0,1.0,0,0,0,1,0,13.0,12.0,11.041666666666666,26.5,False,test
2017-01-04 03:00:00,South,14,20170104032,False,False,0.7071067811865476,0.7071067811865476,0.9749279121818236,-0.22252093395631434,0.0,1.0,0,0,0,1,0,8.0,13.0,11.011904761904763,26.5,False,test
2017-01-04 04:00:00,South,12,20170104042,False,False,0.8660254037844386,0.5000000000000001,0.9749279121818236,-0.22252093395631434,0.0,1.0,0,0,0,1,0,10.0,14.0,10.988095238095237,26.5,False,test
2017-01-04 05:00:00,South,9,20170104052,False,False,0.9659258262890683,0.25881904510252074,0.9749279121818236,-0.22252093395631434,0.0,1.0,0,0,0,1,0,9.0,11.0,10.976190476190476,26.5,False,test
2017-01-04 06:00:00,South,10,20170104062,False,False,1.0,6.123233995736766e-17,0.9749279121818236,-0.22252093395631434,0.0,1.0,0,0,0,1,0,8.0,8.0,10.976190476190476,26.5,False,test
2017-01-04 07:00:00,South,9,20170104072,False,False,0.9659258262890683,-0.25881904510252063,0.9749279121818236,-0.22252093395631434,0.0,1.0,0,0,0,1,0,9.0,12.0,10.958333333333334,26.5,False,test
2017-01-04 08:00:00,South,10,20170104082,False,False,0.8660254037844387,-0.4999999999999998,0.9749279121818236,-0.22252093395631434,0.0,1.0,0,0,0,1,0,9.0,12.0,10.94047619047619,26.5,False,test
2017-01-04 09:00:00,South,14,20170104092,False,False,0.7071067811865476,-0.7071067811865475,0.9749279121818236,-0.22252093395631434,0.0,1.0,0,0,0,1,0,8.0,12.0,10.916666666666666,26.5,False,test
2017-01-04 10:00:00,South,13,20170104102,False,False,0.49999999999999994,-0.8660254037844387,0.9749279121818236,-0.22252093395631434,0.0,1.0,0,0,0,1,0,13.0,11.0,10.928571428571429,26.5,False,test
2017-01-04 11:00:00,South,18,20170104112,False,False,0.258819045102521,-0.9659258262890682,0.9749279121818236,-0.22252093395631434,0.0,1.0,0,0,0,1,0,13.0,14.0,10.922619047619047,26.5,False,test
2017-01-04 12:00:00,South,17,20170104122,False,False,1.2246467991473532e-16,-1.0,0.9749279121818236,-0.22252093395631434,0.0,1.0,0,0,0,1,0,14.0,17.0,10.904761904761905,26.5,False,test
2017-01-04 13:00:00,South,13,20170104132,False,False,-0.2588190451025208,-0.9659258262890683,0.9749279121818236,-0.22252093395631434,0.0,1.0,0,0,0,1,0,12.0,15.0,10.886904761904763,26.5,False,test
2017-01-04 14:00:00,South,22,20170104142,False,False,-0.4999999999999997,-0.8660254037844388,0.9749279121818236,-0.22252093395631434,0.0,1.0,0,0,0,1,0,12.0,22.0,10.827380952380953,26.5,False,test
2017-01-04 15:00:00,South,22,20170104152,False,False,-0.7071067811865471,-0.7071067811865479,0.9749279121818236,-0.22252093395631434,0.0,1.0,0,0,0,1,0,13.0,17.0,10.803571428571429,26.5,False,test
2017-01-04 16:00:00,South,22,20170104162,False,False,-0.8660254037844385,-0.5000000000000004,0.9749279121818236,-0.22252093395631434,0.0,1.0,0,0,0,1,0,15.0,17.0,10.791666666666666,26.5,False,test
2017-01-04 17:00:00,South,17,20170104172,False,False,-0.9659258262890683,-0.25881904510252063,0.9749279121818236,-0.22252093395631434,0.0,1.0,0,0,0,1,0,15.0,19.0,10.767857142857142,26.5,False,test
2017-01-04 18:00:00,South,21,20170104182,False,False,-1.0,-1.8369701987210297e-16,0.9749279121818236,-0.22252093395631434,0.0,1.0,0,0,0,1,0,19.0,15.0,10.791666666666666,26.5,False,test
2017-01-04 19:00:00,South,19,20170104192,False,False,-0.9659258262890684,0.2588190451025203,0.9749279121818236,-0.22252093395631434,0.0,1.0,0,0,0,1,0,18.0,16.0,10.803571428571429,26.5,False,test
2017-01-04 20:00:00,South,16,20170104202,False,False,-0.8660254037844386,0.5000000000000001,0.9749279121818236,-0.22252093395631434,0.0,1.0,0,0,0,1,0,17.0,17.0,10.803571428571429,26.5,False,test
2017-01-04 21:00:00,South,18,20170104212,False,False,-0.7071067811865477,0.7071067811865474,0.9749279121818236,-0.22252093395631434,0.0,1.0,0,0,0,1,0,15.0,20.0,10.773809523809524,26.5,False,test
2017-01-04 22:00:00,South,19,20170104222,False,False,-0.5000000000000004,0.8660254037844384,0.9749279121818236,-0.22252093395631434,0.0,1.0,0,0,0,1,0,14.0,17.0,10.755952380952381,26.5,False,test
2017-01-04 23:00:00,South,17,20170104232,False,False,-0.25881904510252157,0.9659258262890681,0.9749279121818236,-0.22252093395631434,0.0,1.0,0,0,0,1,0,17.0,14.0,10.773809523809524,26.5,False,test
2017-01-05 00:00:00,South,16,20170105002,False,False,0.0,1.0,0.43388373911755823,-0.900968867902419,0.0,1.0,0,0,0,1,0,15.0,13.0,10.785714285714286,26.5,False,test
2017-01-05 01:00:00,South,14,20170105012,False,False,0.25881904510252074,0.9659258262890683,0.43388373911755823,-0.900968867902419,0.0,1.0,0,0,0,1,0,11.0,12.0,10.779761904761905,26.5,False,test
2017-01-05 02:00:00,South,14,20170105022,False,False,0.49999999999999994,0.8660254037844387,0.43388373911755823,-0.900968867902419,0.0,1.0,0,0,0,1,0,14.0,16.0,10.767857142857142,26.5,False,test
2017-01-05 03:00:00,South,9,20170105032,False,False,0.7071067811865476,0.7071067811865476,0.43388373911755823,-0.900968867902419,0.0,1.0,0,0,0,1,0,12.0,10.0,10.779761904761905,24.625,False,test
2017-01-05 04:00:00,South,12,20170105042,False,False,0.8660254037844386,0.5000000000000001,0.43388373911755823,-0.900968867902419,0.0,1.0,0,0,0,1,0,11.0,11.0,10.779761904761905,24.625,False,test
2017-01-05 05:00:00,South,12,20170105052,False,False,0.9659258262890683,0.25881904510252074,0.43388373911755823,-0.900968867902419,0.0,1.0,0,0,0,1,0,11.0,9.0,10.791666666666666,24.625,False,test
2017-01-05 06:00:00,South,8,20170105062,False,False,1.0,6.123233995736766e-17,0.43388373911755823,-0.900968867902419,0.0,1.0,0,0,0,1,0,7.0,5.0,10.803571428571429,24.625,False,test
2017-01-05 07:00:00,South,7,20170105072,False,False,0.9659258262890683,-0.25881904510252063,0.43388373911755823,-0.900968867902419,0.0,1.0,0,0,0,1,0,9.0,12.0,10.785714285714286,24.625,False,test
2017-01-05 08:00:00,South,10,20170105082,False,False,0.8660254037844387,-0.4999999999999998,0.43388373911755823,-0.900968867902419,0.0,1.0,0,0,0,1,0,11.0,12.0,10.779761904761905,24.625,False,test
2017-01-05 09:00:00,South,12,20170105092,False,False,0.7071067811865476,-0.7071067811865475,0.43388373911755823,-0.900968867902419,0.0,1.0,0,0,0,1,0,11.0,9.0,10.791666666666666,24.625,False,test
2017-01-05 10:00:00,South,14,20170105102,False,False,0.49999999999999994,-0.8660254037844387,0.43388373911755823,-0.900968867902419,0.0,1.0,0,0,0,1,0,17.0,16.0,10.797619047619047,24.625,False,test
2017-01-05 11:00:00,South,13,20170105112,False,False,0.258819045102521,-0.9659258262890682,0.43388373911755823,-0.900968867902419,0.0,1.0,0,0,0,1,0,12.0,14.0,10.785714285714286,24.0,False,test
2017-01-05 12:00:00,South,15,20170105122,False,False,1.2246467991473532e-16,-1.0,0.43388373911755823,-0.900968867902419,0.0,1.0,0,0,0,1,0,15.0,17.0,10.773809523809524,24.0,False,test
2017-01-05 13:00:00,South,18,20170105132,False,False,-0.2588190451025208,-0.9659258262890683,0.43388373911755823,-0.900968867902419,0.0,1.0,0,0,0,1,0,14.0,15.0,10.767857142857142,24.0,False,test
2017-01-05 14:00:00,South,16,20170105142,False,False,-0.4999999999999997,-0.8660254037844388,0.43388373911755823,-0.900968867902419,0.0,1.0,0,0,0,1,0,13.0,13.0,10.767857142857142,24.0,False,test
2017-01-05 15:00:00,South,18,20170105152,False,False,-0.7071067811865471,-0.7071067811865479,0.43388373911755823,-0.900968867902419,0.0,1.0,0,0,0,1,0,20.0,14.0,10.803571428571429,24.0,False,test
2017-01-05 16:00:00,South,18,20170105162,False,False,-0.8660254037844385,-0.5000000000000004,0.43388373911755823,-0.900968867902419,0.0,1.0,0,0,0,1,0,14.0,19.0,10.773809523809524,24.0,False,test
2017-01-05 17:00:00,South,16,20170105172,False,False,-0.9659258262890683,-0.25881904510252063,0.43388373911755823,-0.900968867902419,0.0,1.0,0,0,0,1,0,13.0,14.0,10.767857142857142,24.0,False,test
2017-01-05 18:00:00,South,20,20170105182,False,False,-1.0,-1.8369701987210297e-16,0.43388373911755823,-0.900968867902419,0.0,1.0,0,0,0,1,0,17.0,17.0,10.767857142857142,24.0,False,test
2017-01-05 19:00:00,South,18,20170105192,False,False,-0.9659258262890684,0.2588190451025203,0.43388373911755823,-0.900968867902419,0.0,1.0,0,0,0,1,0,17.0,15.0,10.779761904761905,24.0,False,test
2017-01-05 20:00:00,South,24,20170105202,False,False,-0.8660254037844386,0.5000000000000001,0.43388373911755823,-0.900968867902419,0.0,1.0,0,0,0,1,0,17.0,20.0,10.761904761904763,24.0,False,test
2017-01-05 21:00:00,South,21,20170105212,False,False,-0.7071067811865477,0.7071067811865474,0.43388373911755823,-0.900968867902419,0.0,1.0,0,0,0,1,0,14.0,15.0,10.755952380952381,24.0,False,test
2017-01-05 22:00:00,South,17,20170105222,False,False,-0.5000000000000004,0.8660254037844384,0.43388373911755823,-0.900968867902419,0.0,1.0,0,0,0,1,0,14.0,16.0,10.744047619047619,24.0,False,test
2017-01-05 23:00:00,South,18,20170105232,False,False,-0.25881904510252157,0.9659258262890681,0.43388373911755823,-0.900968867902419,0.0,1.0,0,0,0,1,0,10.0,16.0,10.708333333333334,24.0,False,test
2017-01-06 00:00:00,South,13,20170106002,False,False,0.0,1.0,-0.433883739117558,-0.9009688679024191,0.0,1.0,0,0,0,1,0,12.0,10.0,10.720238095238095,24.0,False,test
2017-01-06 01:00:00,South,17,20170106012,False,False,0.25881904510252074,0.9659258262890683,-0.433883739117558,-0.9009688679024191,0.0,1.0,0,0,0,1,0,14.0,10.0,10.744047619047619,24.0,False,test
2017-01-06 02:00:00,South,11,20170106022,False,False,0.49999999999999994,0.8660254037844387,-0.433883739117558,-0.9009688679024191,0.0,1.0,0,0,0,1,0,12.0,10.0,10.755952380952381,24.0,False,test
2017-01-06 03:00:00,South,10,20170106032,False,False,0.7071067811865476,0.7071067811865476,-0.433883739117558,-0.9009688679024191,0.0,1.0,0,0,0,1,0,8.0,10.0,10.744047619047619,24.0,False,test
2017-01-06 04:00:00,South,11,20170106042,False,False,0.8660254037844386,0.5000000000000001,-0.433883739117558,-0.9009688679024191,0.0,1.0,0,0,0,1,0,8.0,6.0,10.755952380952381,24.0,False,test
2017-01-06 05:00:00,South,8,20170106052,False,False,0.9659258262890683,0.25881904510252074,-0.433883739117558,-0.9009688679024191,0.0,1.0,0,0,0,1,0,6.0,9.0,10.738095238095237,24.0,False,test
2017-01-06 06:00:00,South,8,20170106062,False,False,1.0,6.123233995736766e-17,-0.433883739117558,-0.9009688679024191,0.0,1.0,0,0,0,1,0,5.0,6.0,10.732142857142858,24.0,False,test
2017-01-06 07:00:00,South,6,20170106072,False,False,0.9659258262890683,-0.25881904510252063,-0.433883739117558,-0.9009688679024191,0.0,1.0,0,0,0,1,0,10.0,6.0,10.755952380952381,24.0,False,test
2017-01-06 08:00:00,South,12,20170106082,False,False,0.8660254037844387,-0.4999999999999998,-0.433883739117558,-0.9009688679024191,0.0,1.0,0,0,0,1,0,10.0,9.0,10.761904761904763,24.0,False,test
2017-01-06 09:00:00,South,11,20170106092,False,False,0.7071067811865476,-0.7071067811865475,-0.433883739117558,-0.9009688679024191,0.0,1.0,0,0,0,1,0,12.0,13.0,10.755952380952381,24.0,False,test
2017-01-06 10:00:00,South,10,20170106102,False,False,0.49999999999999994,-0.8660254037844387,-0.433883739117558,-0.9009688679024191,0.0,1.0,0,0,0,1,0,9.0,12.0,10.738095238095237,24.0,False,test
2017-01-06 11:00:00,South,17,20170106112,False,False,0.258819045102521,-0.9659258262890682,-0.433883739117558,-0.9009688679024191,0.0,1.0,0,0,0,1,0,12.0,14.0,10.726190476190476,24.0,False,test
2017-01-06 12:00:00,South,17,20170106122,False,False,1.2246467991473532e-16,-1.0,-0.433883739117558,-0.9009688679024191,0.0,1.0,0,0,0,1,0,13.0,15.0,10.714285714285714,24.0,False,test
2017-01-06 13:00:00,South,17,20170106132,False,False,-0.2588190451025208,-0.9659258262890683,-0.433883739117558,-0.9009688679024191,0.0,1.0,0,0,0,1,0,13.0,11.0,10.726190476190476,24.625,False,test
2017-01-06 14:00:00,South,19,20170106142,False,False,-0.4999999999999997,-0.8660254037844388,-0.433883739117558,-0.9009688679024191,0.0,1.0,0,0,0,1,0,14.0,9.0,10.755952380952381,26.5,False,test
2017-01-06 15:00:00,South,17,20170106152,False,False,-0.7071067811865471,-0.7071067811865479,-0.433883739117558,-0.9009688679024191,0.0,1.0,0,0,0,1,0,15.0,15.0,10.755952380952381,26.5,False,test
2017-01-06 16:00:00,South,18,20170106162,False,False,-0.8660254037844385,-0.5000000000000004,-0.433883739117558,-0.9009688679024191,0.0,1.0,0,0,0,1,0,14.0,15.0,10.75,26.5,False,test
2017-01-06 17:00:00,South,22,20170106172,False,False,-0.9659258262890683,-0.25881904510252063,-0.433883739117558,-0.9009688679024191,0.0,1.0,0,0,0,1,0,15.0,14.0,10.755952380952381,26.5,False,test
2017-01-06 18:00:00,South,20,20170106182,False,False,-1.0,-1.8369701987210297e-16,-0.433883739117558,-0.9009688679024191,0.0,1.0,0,0,0,1,0,10.0,12.0,10.744047619047619,26.5,False,test
2017-01-06 19:00:00,South,20,20170106192,False,False,-0.9659258262890684,0.2588190451025203,-0.433883739117558,-0.9009688679024191,0.0,1.0,0,0,0,1,0,10.0,11.0,10.738095238095237,26.5,False,test
2017-01-06 20:00:00,South,19,20170106202,False,False,-0.8660254037844386,0.5000000000000001,-0.433883739117558,-0.9009688679024191,0.0,1.0,0,0,0,1,0,11.0,12.0,10.732142857142858,26.5,False,test
2017-01-06 21:00:00,South,18,20170106212,False,False,-0.7071067811865477,0.7071067811865474,-0.433883739117558,-0.9009688679024191,0.0,1.0,0,0,0,1,0,10.0,14.0,10.708333333333334,26.5,False,test
2017-01-06 22:00:00,South,19,20170106222,False,False,-0.5000000000000004,0.8660254037844384,-0.433883739117558,-0.9009688679024191,0.0,1.0,0,0,0,1,0,12.0,9.0,10.726190476190476,26.5,False,test
2017-01-06 23:00:00,South,21,20170106232,False,False,-0.25881904510252157,0.9659258262890681,-0.433883739117558,-0.9009688679024191,0.0,1.0,0,0,0,1,0,12.0,12.0,10.726190476190476,26.5,False,test
2017-01-07 00:00:00,South,14,20170107002,False,False,0.0,1.0,-0.9749279121818236,-0.2225209339563146,0.0,1.0,1,0,0,1,0,11.0,9.0,10.738095238095237,26.5,False,test
2017-01-07 01:00:00,South,14,20170107012,False,False,0.25881904510252074,0.9659258262890683,-0.9749279121818236,-0.2225209339563146,0.0,1.0,1,0,0,1,0,8.0,12.0,10.714285714285714,26.5,False,test
2017-01-07 02:00:00,South,14,20170107022,False,False,0.49999999999999994,0.8660254037844387,-0.9749279121818236,-0.2225209339563146,0.0,1.0,1,0,0,1,0,12.0,10.0,10.726190476190476,26.5,False,test
2017-01-07 03:00:00,South,10,20170107032,False,False,0.7071067811865476,0.7071067811865476,-0.9749279121818236,-0.2225209339563146,0.0,1.0,1,0,0,1,0,8.0,9.0,10.720238095238095,26.5,False,test
2017-01-07 04:00:00,South,9,20170107042,False,False,0.8660254037844386,0.5000000000000001,-0.9749279121818236,-0.2225209339563146,0.0,1.0,1,0,0,1,0,8.0,7.0,10.726190476190476,26.5,False,test
2017-01-07 05:00:00,South,8,20170107052,False,False,0.9659258262890683,0.25881904510252074,-0.9749279121818236,-0.2225209339563146,0.0,1.0,1,0,0,1,0,7.0,7.0,10.726190476190476,26.5,False,test
2017-01-07 06:00:00,South,8,20170107062,False,False,1.0,6.123233995736766e-17,-0.9749279121818236,-0.2225209339563146,0.0,1.0,1,0,0,1,0,8.0,7.0,10.732142857142858,26.5,False,test
2017-01-07 07:00:00,South,8,20170107072,False,False,0.9659258262890683,-0.25881904510252063,-0.9749279121818236,-0.2225209339563146,0.0,1.0,1,0,0,1,0,7.0,7.0,10.732142857142858,26.5,False,test
2017-01-07 08:00:00,South,10,20170107082,False,False,0.8660254037844387,-0.4999999999999998,-0.9749279121818236,-0.2225209339563146,0.0,1.0,1,0,0,1,0,5.0,6.0,10.726190476190476,26.5,False,test
2017-01-07 09:00:00,South,7,20170107092,False,False,0.7071067811865476,-0.7071067811865475,-0.9749279121818236,-0.2225209339563146,0.0,1.0,1,0,0,1,0,10.0,7.0,10.744047619047619,26.5,False,test
2017-01-07 10:00:00,South,11,20170107102,False,False,0.49999999999999994,-0.8660254037844387,-0.9749279121818236,-0.2225209339563146,0.0,1.0,1,0,0,1,0,9.0,7.0,10.755952380952381,26.5,False,test
2017-01-07 11:00:00,South,9,20170107112,False,False,0.258819045102521,-0.9659258262890682,-0.9749279121818236,-0.2225209339563146,0.0,1.0,1,0,0,1,0,10.0,9.0,10.761904761904763,26.5,False,test
2017-01-07 12:00:00,South,9,20170107122,False,False,1.2246467991473532e-16,-1.0,-0.9749279121818236,-0.2225209339563146,0.0,1.0,1,0,0,1,0,7.0,7.0,10.761904761904763,26.5,False,test
2017-01-07 13:00:00,South,11,20170107132,False,False,-0.2588190451025208,-0.9659258262890683,-0.9749279121818236,-0.2225209339563146,0.0,1.0,1,0,0,1,0,10.0,6.0,10.785714285714286,26.5,False,test
2017-01-07 14:00:00,South,13,20170107142,False,False,-0.4999999999999997,-0.8660254037844388,-0.9749279121818236,-0.2225209339563146,0.0,1.0,1,0,0,1,0,7.0,8.0,10.779761904761905,26.5,False,test
2017-01-07 15:00:00,South,11,20170107152,False,False,-0.7071067811865471,-0.7071067811865479,-0.9749279121818236,-0.2225209339563146,0.0,1.0,1,0,0,1,0,7.0,6.0,10.785714285714286,26.5,False,test
2017-01-07 16:00:00,South,17,20170107162,False,False,-0.8660254037844385,-0.5000000000000004,-0.9749279121818236,-0.2225209339563146,0.0,1.0,1,0,0,1,0,9.0,12.0,10.767857142857142,26.5,False,test
2017-01-07 17:00:00,South,18,20170107172,False,False,-0.9659258262890683,-0.25881904510252063,-0.9749279121818236,-0.2225209339563146,0.0,1.0,1,0,0,1,0,11.0,11.0,10.767857142857142,26.5,False,test
2017-01-07 18:00:00,South,13,20170107182,False,False,-1.0,-1.8369701987210297e-16,-0.9749279121818236,-0.2225209339563146,0.0,1.0,1,0,0,1,0,10.0,9.0,10.773809523809524,26.5,False,test
2017-01-07 19:00:00,South,16,20170107192,False,False,-0.9659258262890684,0.2588190451025203,-0.9749279121818236,-0.2225209339563146,0.0,1.0,1,0,0,1,0,11.0,9.0,10.785714285714286,26.5,False,test
2017-01-07 20:00:00,South,12,20170107202,False,False,-0.8660254037844386,0.5000000000000001,-0.9749279121818236,-0.2225209339563146,0.0,1.0,1,0,0,1,0,7.0,11.0,10.761904761904763,26.5,False,test
2017-01-07 21:00:00,South,12,20170107212,False,False,-0.7071067811865477,0.7071067811865474,-0.9749279121818236,-0.2225209339563146,0.0,1.0,1,0,0,1,0,12.0,10.0,10.773809523809524,26.5,False,test
2017-01-07 22:00:00,South,14,20170107222,False,False,-0.5000000000000004,0.8660254037844384,-0.9749279121818236,-0.2225209339563146,0.0,1.0,1,0,0,1,0,10.0,13.0,10.755952380952381,26.5,False,test
2017-01-07 23:00:00,South,11,20170107232,False,False,-0.25881904510252157,0.9659258262890681,-0.9749279121818236,-0.2225209339563146,0.0,1.0,1,0,0,1,0,9.0,8.0,10.761904761904763,26.5,False,test
2017-01-08 00:00:00,South,12,20170108002,False,False,0.0,1.0,-0.7818314824680299,0.6234898018587334,0.0,1.0,1,0,0,1,0,7.0,7.0,10.761904761904763,26.5,False,test
2017-01-08 01:00:00,South,12,20170108012,False,False,0.25881904510252074,0.9659258262890683,-0.7818314824680299,0.6234898018587334,0.0,1.0,1,0,0,1,0,9.0,8.0,10.767857142857142,26.5,False,test
2017-01-08 02:00:00,South,10,20170108022,False,False,0.49999999999999994,0.8660254037844387,-0.7818314824680299,0.6234898018587334,0.0,1.0,1,0,0,1,0,4.0,5.0,10.761904761904763,26.5,False,test
2017-01-08 03:00:00,South,10,20170108032,False,False,0.7071067811865476,0.7071067811865476,-0.7818314824680299,0.6234898018587334,0.0,1.0,1,0,0,1,0,4.0,5.0,10.755952380952381,26.5,False,test
2017-01-08 04:00:00,South,8,20170108042,False,False,0.8660254037844386,0.5000000000000001,-0.7818314824680299,0.6234898018587334,0.0,1.0,1,0,0,1,0,6.0,6.0,10.755952380952381,26.5,False,test
2017-01-08 05:00:00,South,9,20170108052,False,False,0.9659258262890683,0.25881904510252074,-0.7818314824680299,0.6234898018587334,0.0,1.0,1,0,0,1,0,2.0,4.0,10.744047619047619,26.5,False,test
2017-01-08 06:00:00,South,5,20170108062,False,False,1.0,6.123233995736766e-17,-0.7818314824680299,0.6234898018587334,0.0,1.0,1,0,0,1,0,5.0,4.0,10.75,26.5,False,test
2017-01-08 07:00:00,South,7,20170108072,False,False,0.9659258262890683,-0.25881904510252063,-0.7818314824680299,0.6234898018587334,0.0,1.0,1,0,0,1,0,3.0,5.0,10.738095238095237,26.5,False,test
2017-01-08 08:00:00,South,7,20170108082,False,False,0.8660254037844387,-0.4999999999999998,-0.7818314824680299,0.6234898018587334,0.0,1.0,1,0,0,1,0,7.0,7.0,10.738095238095237,26.5,False,test
2017-01-08 09:00:00,South,17,20170108092,False,False,0.7071067811865476,-0.7071067811865475,-0.7818314824680299,0.6234898018587334,0.0,1.0,1,0,0,1,0,8.0,8.0,10.738095238095237,26.5,False,test
2017-01-08 10:00:00,South,18,20170108102,False,False,0.49999999999999994,-0.8660254037844387,-0.7818314824680299,0.6234898018587334,0.0,1.0,1,0,0,1,0,4.0,5.0,10.732142857142858,26.5,False,test
2017-01-08 11:00:00,South,13,20170108112,False,False,0.258819045102521,-0.9659258262890682,-0.7818314824680299,0.6234898018587334,0.0,1.0,1,0,0,1,0,8.0,5.0,10.75,26.5,False,test
2017-01-08 12:00:00,South,15,20170108122,False,False,1.2246467991473532e-16,-1.0,-0.7818314824680299,0.6234898018587334,0.0,1.0,1,0,0,1,0,6.0,10.0,10.726190476190476,26.5,False,test
2017-01-08 13:00:00,South,11,20170108132,False,False,-0.2588190451025208,-0.9659258262890683,-0.7818314824680299,0.6234898018587334,0.0,1.0,1,0,0,1,0,6.0,8.0,10.714285714285714,26.5,False,test
2017-01-08 14:00:00,South,15,20170108142,False,False,-0.4999999999999997,-0.8660254037844388,-0.7818314824680299,0.6234898018587334,0.0,1.0,1,0,0,1,0,7.0,6.0,10.720238095238095,26.5,False,test
2017-01-08 15:00:00,South,12,20170108152,False,False,-0.7071067811865471,-0.7071067811865479,-0.7818314824680299,0.6234898018587334,0.0,1.0,1,0,0,1,0,7.0,8.0,10.714285714285714,26.5,False,test
2017-01-08 16:00:00,South,15,20170108162,False,False,-0.8660254037844385,-0.5000000000000004,-0.7818314824680299,0.6234898018587334,0.0,1.0,1,0,0,1,0,8.0,10.0,10.702380952380953,26.5,False,test
2017-01-08 17:00:00,South,15,20170108172,False,False,-0.9659258262890683,-0.25881904510252063,-0.7818314824680299,0.6234898018587334,0.0,1.0,1,0,0,1,0,9.0,10.0,10.696428571428571,26.5,False,test
2017-01-08 18:00:00,South,12,20170108182,False,False,-1.0,-1.8369701987210297e-16,-0.7818314824680299,0.6234898018587334,0.0,1.0,1,0,0,1,0,9.0,12.0,10.678571428571429,26.5,False,test
2017-01-08 19:00:00,South,14,20170108192,False,False,-0.9659258262890684,0.2588190451025203,-0.7818314824680299,0.6234898018587334,0.0,1.0,1,0,0,1,0,7.0,8.0,10.672619047619047,26.5,False,test
2017-01-08 20:00:00,South,16,20170108202,False,False,-0.8660254037844386,0.5000000000000001,-0.7818314824680299,0.6234898018587334,0.0,1.0,1,0,0,1,0,11.0,6.0,10.702380952380953,26.5,False,test
2017-01-08 21:00:00,South,16,20170108212,False,False,-0.7071067811865477,0.7071067811865474,-0.7818314824680299,0.6234898018587334,0.0,1.0,1,0,0,1,0,11.0,8.0,10.720238095238095,26.5,False,test
2017-01-08 22:00:00,South,15,20170108222,False,False,-0.5000000000000004,0.8660254037844384,-0.7818314824680299,0.6234898018587334,0.0,1.0,1,0,0,1,0,9.0,7.0,10.732142857142858,26.5,False,test
2017-01-08 23:00:00,South,11,20170108232,False,False,-0.25881904510252157,0.9659258262890681,-0.7818314824680299,0.6234898018587334,0.0,1.0,1,0,0,1,0,9.0,9.0,10.732142857142858,26.5,False,test
2016-12-19 00:00:00,West,8,20161219400,False,True,0.0,1.0,0.0,1.0,-0.5000000000000004,0.8660254037844384,0,0,0,0,1,9.0,1.0,7.142857142857143,17.5,False,train
2016-12-19 01:00:00,West,8,20161219401,False,True,0.25881904510252074,0.9659258262890683,0.0,1.0,-0.5000000000000004,0.8660254037844384,0,0,0,0,1,2.0,9.0,7.101190476190476,17.5,False,train
2016-12-19 02:00:00,West,2,20161219402,False,True,0.49999999999999994,0.8660254037844387,0.0,1.0,-0.5000000000000004,0.8660254037844384,0,0,0,0,1,1.0,5.0,7.0773809523809526,17.5,False,train
2016-12-19 03:00:00,West,1,20161219403,False,True,0.7071067811865476,0.7071067811865476,0.0,1.0,-0.5000000000000004,0.8660254037844384,0,0,0,0,1,5.0,4.0,7.083333333333333,17.5,False,train
2016-12-19 04:00:00,West,3,20161219404,False,True,0.8660254037844386,0.5000000000000001,0.0,1.0,-0.5000000000000004,0.8660254037844384,0,0,0,0,1,2.0,5.0,7.065476190476191,17.5,False,train
2016-12-19 05:00:00,West,7,20161219405,False,True,0.9659258262890683,0.25881904510252074,0.0,1.0,-0.5000000000000004,0.8660254037844384,0,0,0,0,1,4.0,7.0,7.0476190476190474,17.5,False,train
2016-12-19 06:00:00,West,8,20161219406,False,True,1.0,6.123233995736766e-17,0.0,1.0,-0.5000000000000004,0.8660254037844384,0,0,0,0,1,4.0,1.0,7.065476190476191,17.5,False,train
2016-12-19 07:00:00,West,8,20161219407,False,True,0.9659258262890683,-0.25881904510252063,0.0,1.0,-0.5000000000000004,0.8660254037844384,0,0,0,0,1,8.0,5.0,7.083333333333333,17.5,False,train
2016-12-19 08:00:00,West,5,20161219408,False,True,0.8660254037844387,-0.4999999999999998,0.0,1.0,-0.5000000000000004,0.8660254037844384,0,0,0,0,1,6.0,2.0,7.107142857142857,17.5,False,train
2016-12-19 09:00:00,West,2,20161219409,False,True,0.7071067811865476,-0.7071067811865475,0.0,1.0,-0.5000000000000004,0.8660254037844384,0,0,0,0,1,7.0,8.0,7.101190476190476,17.5,False,train
2016-12-19 10:00:00,West,1,20161219410,False,True,0.49999999999999994,-0.8660254037844387,0.0,1.0,-0.5000000000000004,0.8660254037844384,0,0,0,0,1,11.0,9.0,7.113095238095238,17.5,False,train
2016-12-19 11:00:00,West,7,20161219411,False,True,0.258819045102521,-0.9659258262890682,0.0,1.0,-0.5000000000000004,0.8660254037844384,0,0,0,0,1,11.0,12.0,7.107142857142857,17.5,False,train
2016-12-19 12:00:00,West,10,20161219412,False,True,1.2246467991473532e-16,-1.0,0.0,1.0,-0.5000000000000004,0.8660254037844384,0,0,0,0,1,9.0,8.0,7.113095238095238,17.5,False,train
2016-12-19 13:00:00,West,14,20161219413,False,True,-0.2588190451025208,-0.9659258262890683,0.0,1.0,-0.5000000000000004,0.8660254037844384,0,0,0,0,1,13.0,2.0,7.178571428571429,17.5,False,train
2016-12-19 14:00:00,West,13,20161219414,False,True,-0.4999999999999997,-0.8660254037844388,0.0,1.0,-0.5000000000000004,0.8660254037844384,0,0,0,0,1,5.0,8.0,7.160714285714286,17.5,False,train
2016-12-19 15:00:00,West,11,20161219415,False,True,-0.7071067811865471,-0.7071067811865479,0.0,1.0,-0.5000000000000004,0.8660254037844384,0,0,0,0,1,11.0,11.0,7.160714285714286,17.5,False,train
2016-12-19 16:00:00,West,6,20161219416,False,True,-0.8660254037844385,-0.5000000000000004,0.0,1.0,-0.5000000000000004,0.8660254037844384,0,0,0,0,1,4.0,13.0,7.107142857142857,17.5,False,train
2016-12-19 17:00:00,West,6,20161219417,False,True,-0.9659258262890683,-0.25881904510252063,0.0,1.0,-0.5000000000000004,0.8660254037844384,0,0,0,0,1,10.0,5.0,7.136904761904762,17.5,False,train
2016-12-19 18:00:00,West,10,20161219418,False,True,-1.0,-1.8369701987210297e-16,0.0,1.0,-0.5000000000000004,0.8660254037844384,0,0,0,0,1,9.0,12.0,7.119047619047619,17.5,False,train
2016-12-19 19:00:00,West,12,20161219419,False,True,-0.9659258262890684,0.2588190451025203,0.0,1.0,-0.5000000000000004,0.8660254037844384,0,0,0,0,1,15.0,7.0,7.166666666666667,17.5,False,train
2016-12-19 20:00:00,West,11,20161219420,False,True,-0.8660254037844386,0.5000000000000001,0.0,1.0,-0.5000000000000004,0.8660254037844384,0,0,0,0,1,3.0,11.0,7.119047619047619,17.5,False,train
2016-12-19 21:00:00,West,5,20161219421,False,True,-0.7071067811865477,0.7071067811865474,0.0,1.0,-0.5000000000000004,0.8660254037844384,0,0,0,0,1,7.0,7.0,7.119047619047619,17.5,False,train
2016-12-19 22:00:00,West,11,20161219422,False,True,-0.5000000000000004,0.8660254037844384,0.0,1.0,-0.5000000000000004,0.8660254037844384,0,0,0,0,1,12.0,10.0,7.130952380952381,17.5,False,train
2016-12-19 23:00:00,West,10,20161219423,False,True,-0.25881904510252157,0.9659258262890681,0.0,1.0,-0.5000000000000004,0.8660254037844384,0,0,0,0,1,10.0,12.0,7.119047619047619,17.5,False,train
2016-12-20 00:00:00,West,4,20161220400,False,True,0.0,1.0,0.7818314824680298,0.6234898018587336,-0.5000000000000004,0.8660254037844384,0,0,0,0,1,8.0,4.0,7.142857142857143,17.5,False,train
2016-12-20 01:00:00,West,4,20161220401,False,True,0.25881904510252074,0.9659258262890683,0.7818314824680298,0.6234898018587336,-0.5000000000000004,0.8660254037844384,0,0,0,0,1,4.0,5.0,7.136904761904762,17.5,False,train
2016-12-20 02:00:00,West,7,20161220402,False,True,0.49999999999999994,0.8660254037844387,0.7818314824680298,0.6234898018587336,-0.5000000000000004,0.8660254037844384,0,0,0,0,1,4.0,6.0,7.125,17.5,False,train
2016-12-20 03:00:00,West,4,20161220403,False,True,0.7071067811865476,0.7071067811865476,0.7818314824680298,0.6234898018587336,-0.5000000000000004,0.8660254037844384,0,0,0,0,1,7.0,9.0,7.113095238095238,17.5,False,train
2016-12-20 04:00:00,West,7,20161220404,False,True,0.8660254037844386,0.5000000000000001,0.7818314824680298,0.6234898018587336,-0.5000000000000004,0.8660254037844384,0,0,0,0,1,4.0,3.0,7.119047619047619,17.5,False,train
2016-12-20 05:00:00,West,5,20161220405,False,True,0.9659258262890683,0.25881904510252074,0.7818314824680298,0.6234898018587336,-0.5000000000000004,0.8660254037844384,0,0,0,0,1,5.0,8.0,7.101190476190476,17.5,False,train
2016-12-20 06:00:00,West,4,20161220406,False,True,1.0,6.123233995736766e-17,0.7818314824680298,0.6234898018587336,-0.5000000000000004,0.8660254037844384,0,0,0,0,1,4.0,8.0,7.0773809523809526,17.5,False,train
2016-12-20 07:00:00,West,5,20161220407,False,True,0.9659258262890683,-0.25881904510252063,0.7818314824680298,0.6234898018587336,-0.5000000000000004,0.8660254037844384,0,0,0,0,1,3.0,5.0,7.065476190476191,17.5,False,train
2016-12-20 08:00:00,West,6,20161220408,False,True,0.8660254037844387,-0.4999999999999998,0.7818314824680298,0.6234898018587336,-0.5000000000000004,0.8660254037844384,0,0,0,0,1,8.0,5.0,7.083333333333333,17.5,False,train
2016-12-20 09:00:00,West,5,20161220409,False,True,0.7071067811865476,-0.7071067811865475,0.7818314824680298,0.6234898018587336,-0.5000000000000004,0.8660254037844384,0,0,0,0,1,8.0,5.0,7.101190476190476,17.5,False,train
2016-12-20 10:00:00,West,5,20161220410,False,True,0.49999999999999994,-0.8660254037844387,0.7818314824680298,0.6234898018587336,-0.5000000000000004,0.8660254037844384,0,0,0,0,1,17.0,8.0,7.154761904761905,17.5,False,train
2016-12-20 11:00:00,West,13,20161220411,False,True,0.258819045102521,-0.9659258262890682,0.7818314824680298,0.6234898018587336,-0.5000000000000004,0.8660254037844384,0,0,0,0,1,6.0,4.0,7.166666666666667,17.5,False,train
2016-12-20 12:00:00,West,15,20161220412,False,True,1.2246467991473532e-16,-1.0,0.7818314824680298,0.6234898018587336,-0.5000000000000004,0.8660254037844384,0,0,0,0,1,15.0,11.0,7.190476190476191,17.5,False,train
2016-12-20 13:00:00,West,12,20161220413,False,True,-0.2588190451025208,-0.9659258262890683,0.7818314824680298,0.6234898018587336,-0.5000000000000004,0.8660254037844384,0,0,0,0,1,5.0,15.0,7.130952380952381,17.5,False,train
2016-12-20 14:00:00,West,16,20161220414,False,True,-0.4999999999999997,-0.8660254037844388,0.7818314824680298,0.6234898018587336,-0.5000000000000004,0.8660254037844384,0,0,0,0,1,11.0,8.0,7.148809523809524,17.5,False,train
2016-12-20 15:00:00,West,8,20161220415,False,True,-0.7071067811865471,-0.7071067811865479,0.7818314824680298,0.6234898018587336,-0.5000000000000004,0.8660254037844384,0,0,0,0,1,14.0,9.0,7.178571428571429,17.5,False,train
2016-12-20 16:00:00,West,16,20161220416,False,True,-0.8660254037844385,-0.5000000000000004,0.7818314824680298,0.6234898018587336,-0.5000000000000004,0.8660254037844384,0,0,0,0,1,2.0,3.0,7.1726190476190474,17.5,False,train
2016-12-20 17:00:00,West,6,20161220417,False,True,-0.9659258262890683,-0.25881904510252063,0.7818314824680298,0.6234898018587336,-0.5000000000000004,0.8660254037844384,0,0,0,0,1,9.0,11.0,7.160714285714286,17.5,False,train
2016-12-20 18:00:00,West,6,20161220418,False,True,-1.0,-1.8369701987210297e-16,0.7818314824680298,0.6234898018587336,-0.5000000000000004,0.8660254037844384,0,0,0,0,1,7.0,10.0,7.142857142857143,17.5,False,train
2016-12-20 19:00:00,West,3,20161220419,False,True,-0.9659258262890684,0.2588190451025203,0.7818314824680298,0.6234898018587336,-0.5000000000000004,0.8660254037844384,0,0,0,0,1,7.0,10.0,7.125,17.5,False,train
2016-12-20 20:00:00,West,8,20161220420,False,True,-0.8660254037844386,0.5000000000000001,0.7818314824680298,0.6234898018587336,-0.5000000000000004,0.8660254037844384,0,0,0,0,1,11.0,9.0,7.136904761904762,17.5,False,train
2016-12-20 21:00:00,West,7,20161220421,False,True,-0.7071067811865477,0.7071067811865474,0.7818314824680298,0.6234898018587336,-0.5000000000000004,0.8660254037844384,0,0,0,0,1,13.0,8.0,7.166666666666667,17.5,False,train
2016-12-20 22:00:00,West,12,20161220422,False,True,-0.5000000000000004,0.8660254037844384,0.7818314824680298,0.6234898018587336,-0.5000000000000004,0.8660254037844384,0,0,0,0,1,9.0,11.0,7.154761904761905,17.5,False,train
2016-12-20 23:00:00,West,10,20161220423,False,True,-0.25881904510252157,0.9659258262890681,0.7818314824680298,0.6234898018587336,-0.5000000000000004,0.8660254037844384,0,0,0,0,1,10.0,9.0,7.160714285714286,17.5,False,train
2016-12-21 00:00:00,West,4,20161221400,False,True,0.0,1.0,0.9749279121818236,-0.22252093395631434,-0.5000000000000004,0.8660254037844384,0,0,0,0,1,8.0,8.0,7.160714285714286,17.5,False,train
2016-12-21 01:00:00,West,5,20161221401,False,True,0.25881904510252074,0.9659258262890683,0.9749279121818236,-0.22252093395631434,-0.5000000000000004,0.8660254037844384,0,0,0,0,1,6.0,6.0,7.160714285714286,17.5,False,train
2016-12-21 02:00:00,West,4,20161221402,False,True,0.49999999999999994,0.8660254037844387,0.9749279121818236,-0.22252093395631434,-0.5000000000000004,0.8660254037844384,0,0,0,0,1,3.0,7.0,7.136904761904762,17.5,False,train
2016-12-21 03:00:00,West,1,20161221403,False,True,0.7071067811865476,0.7071067811865476,0.9749279121818236,-0.22252093395631434,-0.5000000000000004,0.8660254037844384,0,0,0,0,1,7.0,6.0,7.142857142857143,17.5,False,train
2016-12-21 04:00:00,West,2,20161221404,False,True,0.8660254037844386,0.5000000000000001,0.9749279121818236,-0.22252093395631434,-0.5000000000000004,0.8660254037844384,0,0,0,0,1,5.0,4.0,7.148809523809524,17.5,False,train
2016-12-21 05:00:00,West,3,20161221405,False,True,0.9659258262890683,0.25881904510252074,0.9749279121818236,-0.22252093395631434,-0.5000000000000004,0.8660254037844384,0,0,0,0,1,5.0,7.0,7.136904761904762,17.5,False,train
2016-12-21 06:00:00,West,7,20161221406,False,True,1.0,6.123233995736766e-17,0.9749279121818236,-0.22252093395631434,-0.5000000000000004,0.8660254037844384,0,0,0,0,1,3.0,5.0,7.125,17.5,False,train
2016-12-21 07:00:00,West,5,20161221407,False,True,0.9659258262890683,-0.25881904510252063,0.9749279121818236,-0.22252093395631434,-0.5000000000000004,0.8660254037844384,0,0,0,0,1,4.0,7.0,7.107142857142857,17.5,False,train
2016-12-21 08:00:00,West,7,20161221408,False,True,0.8660254037844387,-0.4999999999999998,0.9749279121818236,-0.22252093395631434,-0.5000000000000004,0.8660254037844384,0,0,0,0,1,5.0,7.0,7.095238095238095,17.5,False,train
2016-12-21 09:00:00,West,3,20161221409,False,True,0.7071067811865476,-0.7071067811865475,0.9749279121818236,-0.22252093395631434,-0.5000000000000004,0.8660254037844384,0,0,0,0,1,3.0,2.0,7.101190476190476,17.5,False,train
2016-12-21 10:00:00,West,12,20161221410,False,True,0.49999999999999994,-0.8660254037844387,0.9749279121818236,-0.22252093395631434,-0.5000000000000004,0.8660254037844384,0,0,0,0,1,3.0,13.0,7.041666666666667,17.5,False,train
2016-12-21 11:00:00,West,14,20161221411,False,True,0.258819045102521,-0.9659258262890682,0.9749279121818236,-0.22252093395631434,-0.5000000000000004,0.8660254037844384,0,0,0,0,1,7.0,10.0,7.023809523809524,17.5,False,train
2016-12-21 12:00:00,West,2,20161221412,False,True,1.2246467991473532e-16,-1.0,0.9749279121818236,-0.22252093395631434,-0.5000000000000004,0.8660254037844384,0,0,0,0,1,13.0,11.0,7.035714285714286,17.5,False,train
2016-12-21 13:00:00,West,7,20161221413,False,True,-0.2588190451025208,-0.9659258262890683,0.9749279121818236,-0.22252093395631434,-0.5000000000000004,0.8660254037844384,0,0,0,0,1,7.0,10.0,7.017857142857143,17.5,False,train
2016-12-21 14:00:00,West,12,20161221414,False,True,-0.4999999999999997,-0.8660254037844388,0.9749279121818236,-0.22252093395631434,-0.5000000000000004,0.8660254037844384,0,0,0,0,1,6.0,8.0,7.005952380952381,17.5,False,train
2016-12-21 15:00:00,West,12,20161221415,False,True,-0.7071067811865471,-0.7071067811865479,0.9749279121818236,-0.22252093395631434,-0.5000000000000004,0.8660254037844384,0,0,0,0,1,7.0,11.0,6.982142857142857,17.5,False,train
2016-12-21 16:00:00,West,7,20161221416,False,True,-0.8660254037844385,-0.5000000000000004,0.9749279121818236,-0.22252093395631434,-0.5000000000000004,0.8660254037844384,0,0,0,0,1,8.0,7.0,6.988095238095238,17.5,False,train
2016-12-21 17:00:00,West,8,20161221417,False,True,-0.9659258262890683,-0.25881904510252063,0.9749279121818236,-0.22252093395631434,-0.5000000000000004,0.8660254037844384,0,0,0,0,1,8.0,14.0,6.9523809523809526,17.5,False,train
2016-12-21 18:00:00,West,7,20161221418,False,True,-1.0,-1.8369701987210297e-16,0.9749279121818236,-0.22252093395631434,-0.5000000000000004,0.8660254037844384,0,0,0,0,1,17.0,9.0,7.0,17.5,False,train
2016-12-21 19:00:00,West,10,20161221419,False,True,-0.9659258262890684,0.2588190451025203,0.9749279121818236,-0.22252093395631434,-0.5000000000000004,0.8660254037844384,0,0,0,0,1,13.0,8.0,7.029761904761905,17.5,False,train
2016-12-21 20:00:00,West,14,20161221420,False,True,-0.8660254037844386,0.5000000000000001,0.9749279121818236,-0.22252093395631434,-0.5000000000000004,0.8660254037844384,0,0,0,0,1,13.0,6.0,7.071428571428571,17.5,False,train
2016-12-21 21:00:00,West,6,20161221421,False,True,-0.7071067811865477,0.7071067811865474,0.9749279121818236,-0.22252093395631434,-0.5000000000000004,0.8660254037844384,0,0,0,0,1,13.0,10.0,7.089285714285714,17.5,False,train
2016-12-21 22:00:00,West,13,20161221422,False,True,-0.5000000000000004,0.8660254037844384,0.9749279121818236,-0.22252093395631434,-0.5000000000000004,0.8660254037844384,0,0,0,0,1,6.0,10.0,7.065476190476191,17.5,False,train
2016-12-21 23:00:00,West,6,20161221423,False,True,-0.25881904510252157,0.9659258262890681,0.9749279121818236,-0.22252093395631434,-0.5000000000000004,0.8660254037844384,0,0,0,0,1,4.0,10.0,7.029761904761905,17.5,False,train
2016-12-22 00:00:00,West,5,20161222400,False,True,0.0,1.0,0.43388373911755823,-0.900968867902419,-0.5000000000000004,0.8660254037844384,0,0,0,0,1,4.0,4.0,7.029761904761905,17.5,False,train
2016-12-22 01:00:00,West,8,20161222401,False,True,0.25881904510252074,0.9659258262890683,0.43388373911755823,-0.900968867902419,-0.5000000000000004,0.8660254037844384,0,0,0,0,1,9.0,2.0,7.071428571428571,17.5,False,train
2016-12-22 02:00:00,West,7,20161222402,False,True,0.49999999999999994,0.8660254037844387,0.43388373911755823,-0.900968867902419,-0.5000000000000004,0.8660254037844384,0,0,0,0,1,4.0,7.0,7.053571428571429,17.5,False,train
2016-12-22 03:00:00,West,6,20161222403,False,True,0.7071067811865476,0.7071067811865476,0.43388373911755823,-0.900968867902419,-0.5000000000000004,0.8660254037844384,0,0,0,0,1,2.0,8.0,7.017857142857143,17.5,False,train
2016-12-22 04:00:00,West,2,20161222404,False,True,0.8660254037844386,0.5000000000000001,0.43388373911755823,-0.900968867902419,-0.5000000000000004,0.8660254037844384,0,0,0,0,1,3.0,2.0,7.023809523809524,17.5,False,train
2016-12-22 05:00:00,West,4,20161222405,False,True,0.9659258262890683,0.25881904510252074,0.43388373911755823,-0.900968867902419,-0.5000000000000004,0.8660254037844384,0,0,0,0,1,4.0,7.0,7.005952380952381,17.5,False,train
2016-12-22 06:00:00,West,6,20161222406,False,True,1.0,6.123233995736766e-17,0.43388373911755823,-0.900968867902419,-0.5000000000000004,0.8660254037844384,0,0,0,0,1,5.0,5.0,7.005952380952381,17.5,False,train
2016-12-22 07:00:00,West,5,20161222407,False,True,0.9659258262890683,-0.25881904510252063,0.43388373911755823,-0.900968867902419,-0.5000000000000004,0.8660254037844384,0,0,0,0,1,5.0,5.0,7.005952380952381,17.5,False,train
2016-12-22 08:00:00,West,3,20161222408,False,True,0.8660254037844387,-0.4999999999999998,0.43388373911755823,-0.900968867902419,-0.5000000000000004,0.8660254037844384,0,0,0,0,1,4.0,5.0,7.0,17.5,False,train
2016-12-22 09:00:00,West,8,20161222409,False,True,0.7071067811865476,-0.7071067811865475,0.43388373911755823,-0.900968867902419,-0.5000000000000004,0.8660254037844384,0,0,0,0,1,9.0,3.0,7.035714285714286,17.5,False,train
2016-12-22 10:00:00,West,6,20161222410,False,True,0.49999999999999994,-0.8660254037844387,0.43388373911755823,-0.900968867902419,-0.5000000000000004,0.8660254037844384,0,0,0,0,1,6.0,12.0,7.0,17.5,False,train
2016-12-22 11:00:00,West,17,20161222411,False,True,0.258819045102521,-0.9659258262890682,0.43388373911755823,-0.900968867902419,-0.5000000000000004,0.8660254037844384,0,0,0,0,1,9.0,7.0,7.011904761904762,15.625,True,train
2016-12-22 12:00:00,West,18,20161222412,True,True,1.2246467991473532e-16,-1.0,0.43388373911755823,-0.900968867902419,-0.5000000000000004,0.8660254037844384,0,0,0,0,1,14.0,8.0,7.0476190476190474,15.625,True,train
2016-12-22 13:00:00,West,12,20161222413,False,True,-0.2588190451025208,-0.9659258262890683,0.43388373911755823,-0.900968867902419,-0.5000000000000004,0.8660254037844384,0,0,0,0,1,7.0,13.0,7.011904761904762,15.625,False,train
2016-12-22 14:00:00,West,16,20161222414,False,True,-0.4999999999999997,-0.8660254037844388,0.43388373911755823,-0.900968867902419,-0.5000000000000004,0.8660254037844384,0,0,0,0,1,8.0,2.0,7.0476190476190474,17.5,False,train
2016-12-22 15:00:00,West,11,20161222415,False,True,-0.7071067811865471,-0.7071067811865479,0.43388373911755823,-0.900968867902419,-0.5000000000000004,0.8660254037844384,0,0,0,0,1,13.0,4.0,7.101190476190476,17.5,False,train
2016-12-22 16:00:00,West,13,20161222416,False,True,-0.8660254037844385,-0.5000000000000004,0.43388373911755823,-0.900968867902419,-0.5000000000000004,0.8660254037844384,0,0,0,0,1,6.0,10.0,7.0773809523809526,17.5,False,train
2016-12-22 17:00:00,West,16,20161222417,False,True,-0.9659258262890683,-0.25881904510252063,0.43388373911755823,-0.900968867902419,-0.5000000000000004,0.8660254037844384,0,0,0,0,1,8.0,11.0,7.059523809523809,17.5,False,train
2016-12-22 18:00:00,West,10,20161222418,False,True,-1.0,-1.8369701987210297e-16,0.43388373911755823,-0.900968867902419,-0.5000000000000004,0.8660254037844384,0,0,0,0,1,11.0,11.0,7.059523809523809,17.5,False,train
2016-12-22 19:00:00,West,9,20161222419,False,True,-0.9659258262890684,0.2588190451025203,0.43388373911755823,-0.900968867902419,-0.5000000000000004,0.8660254037844384,0,0,0,0,1,18.0,8.0,7.119047619047619,17.5,False,train
2016-12-22 20:00:00,West,3,20161222420,False,True,-0.8660254037844386,0.5000000000000001,0.43388373911755823,-0.900968867902419,-0.5000000000000004,0.8660254037844384,0,0,0,0,1,12.0,20.0,7.071428571428571,17.5,False,train
2016-12-22 21:00:00,West,9,20161222421,False,True,-0.7071067811865477,0.7071067811865474,0.43388373911755823,-0.900968867902419,-0.5000000000000004,0.8660254037844384,0,0,0,0,1,11.0,8.0,7.089285714285714,17.5,False,train
2016-12-22 22:00:00,West,13,20161222422,False,True,-0.5000000000000004,0.8660254037844384,0.43388373911755823,-0.900968867902419,-0.5000000000000004,0.8660254037844384,0,0,0,0,1,12.0,9.0,7.107142857142857,15.625,False,train
2016-12-22 23:00:00,West,13,20161222423,False,True,-0.25881904510252157,0.9659258262890681,0.43388373911755823,-0.900968867902419,-0.5000000000000004,0.8660254037844384,0,0,0,0,1,5.0,6.0,7.101190476190476,17.5,False,train
2016-12-23 00:00:00,West,8,20161223400,False,True,0.0,1.0,-0.433883739117558,-0.9009688679024191,-0.5000000000000004,0.8660254037844384,0,0,0,0,1,7.0,7.0,7.101190476190476,17.5,False,train
2016-12-23 01:00:00,West,4,20161223401,False,True,0.25881904510252074,0.9659258262890683,-0.433883739117558,-0.9009688679024191,-0.5000000000000004,0.8660254037844384,0,0,0,0,1,6.0,7.0,7.095238095238095,15.625,False,train
2016-12-23 02:00:00,West,1,20161223402,False,True,0.49999999999999994,0.8660254037844387,-0.433883739117558,-0.9009688679024191,-0.5000000000000004,0.8660254037844384,0,0,0,0,1,6.0,7.0,7.089285714285714,15.625,False,train
2016-12-23 03:00:00,West,3,20161223403,False,True,0.7071067811865476,0.7071067811865476,-0.433883739117558,-0.9009688679024191,-0.5000000000000004,0.8660254037844384,0,0,0,0,1,5.0,2.0,7.107142857142857,15.625,False,train
2016-12-23 04:00:00,West,3,20161223404,False,True,0.8660254037844386,0.5000000000000001,-0.433883739117558,-0.9009688679024191,-0.5000000000000004,0.8660254037844384,0,0,0,0,1,4.0,4.0,7.107142857142857,16.0,False,train
2016-12-23 05:00:00,West,3,20161223405,False,True,0.9659258262890683,0.25881904510252074,-0.433883739117558,-0.9009688679024191,-0.5000000000000004,0.8660254037844384,0,0,0,0,1,3.0,5.0,7.095238095238095,17.125,False,train
2016-12-23 06:00:00,West,5,20161223406,False,True,1.0,6.123233995736766e-17,-0.433883739117558,-0.9009688679024191,-0.5000000000000004,0.8660254037844384,0,0,0,0,1,4.0,5.0,7.089285714285714,17.125,False,train
2016-12-23 07:00:00,West,8,20161223407,False,True,0.9659258262890683,-0.25881904510252063,-0.433883739117558,-0.9009688679024191,-0.5000000000000004,0.8660254037844384,0,0,0,0,1,2.0,5.0,7.071428571428571,16.0,False,train
2016-12-23 08:00:00,West,6,20161223408,False,True,0.8660254037844387,-0.4999999999999998,-0.433883739117558,-0.9009688679024191,-0.5000000000000004,0.8660254037844384,0,0,0,0,1,5.0,6.0,7.065476190476191,16.0,False,train
2016-12-23 09:00:00,West,6,20161223409,False,True,0.7071067811865476,-0.7071067811865475,-0.433883739117558,-0.9009688679024191,-0.5000000000000004,0.8660254037844384,0,0,0,0,1,10.0,4.0,7.101190476190476,16.0,False,train
2016-12-23 10:00:00,West,7,20161223410,False,True,0.49999999999999994,-0.8660254037844387,-0.433883739117558,-0.9009688679024191,-0.5000000000000004,0.8660254037844384,0,0,0,0,1,9.0,13.0,7.0773809523809526,16.0,False,train
2016-12-23 11:00:00,West,10,20161223411,False,True,0.258819045102521,-0.9659258262890682,-0.433883739117558,-0.9009688679024191,-0.5000000000000004,0.8660254037844384,0,0,0,0,1,9.0,13.0,7.053571428571429,15.625,False,train
2016-12-23 12:00:00,West,7,20161223412,False,True,1.2246467991473532e-16,-1.0,-0.433883739117558,-0.9009688679024191,-0.5000000000000004,0.8660254037844384,0,0,0,0,1,18.0,5.0,7.130952380952381,17.5,False,train
2016-12-23 13:00:00,West,9,20161223413,False,True,-0.2588190451025208,-0.9659258262890683,-0.433883739117558,-0.9009688679024191,-0.5000000000000004,0.8660254037844384,0,0,0,0,1,4.0,5.0,7.125,17.5,False,train
2016-12-23 14:00:00,West,11,20161223414,False,True,-0.4999999999999997,-0.8660254037844388,-0.433883739117558,-0.9009688679024191,-0.5000000000000004,0.8660254037844384,0,0,0,0,1,5.0,5.0,7.125,15.625,False,train
2016-12-23 15:00:00,West,10,20161223415,False,True,-0.7071067811865471,-0.7071067811865479,-0.433883739117558,-0.9009688679024191,-0.5000000000000004,0.8660254037844384,0,0,0,0,1,16.0,12.0,7.148809523809524,17.5,False,train
2016-12-23 16:00:00,West,11,20161223416,False,True,-0.8660254037844385,-0.5000000000000004,-0.433883739117558,-0.9009688679024191,-0.5000000000000004,0.8660254037844384,0,0,0,0,1,9.0,4.0,7.178571428571429,17.5,False,train
2016-12-23 17:00:00,West,11,20161223417,False,True,-0.9659258262890683,-0.25881904510252063,-0.433883739117558,-0.9009688679024191,-0.5000000000000004,0.8660254037844384,0,0,0,0,1,8.0,8.0,7.178571428571429,17.5,False,train
2016-12-23 18:00:00,West,2,20161223418,False,True,-1.0,-1.8369701987210297e-16,-0.433883739117558,-0.9009688679024191,-0.5000000000000004,0.8660254037844384,0,0,0,0,1,4.0,10.0,7.142857142857143,17.5,False,train
2016-12-23 19:00:00,West,11,20161223419,False,True,-0.9659258262890684,0.2588190451025203,-0.433883739117558,-0.9009688679024191,-0.5000000000000004,0.8660254037844384,0,0,0,0,1,11.0,9.0,7.154761904761905,17.5,False,train
2016-12-23 20:00:00,West,7,20161223420,False,True,-0.8660254037844386,0.5000000000000001,-0.433883739117558,-0.9009688679024191,-0.5000000000000004,0.8660254037844384,0,0,0,0,1,11.0,10.0,7.160714285714286,17.5,False,train
2016-12-23 21:00:00,West,5,20161223421,False,True,-0.7071067811865477,0.7071067811865474,-0.433883739117558,-0.9009688679024191,-0.5000000000000004,0.8660254037844384,0,0,0,0,1,5.0,5.0,7.160714285714286,17.5,False,train
2016-12-23 22:00:00,West,5,20161223422,False,True,-0.5000000000000004,0.8660254037844384,-0.433883739117558,-0.9009688679024191,-0.5000000000000004,0.8660254037844384,0,0,0,0,1,8.0,11.0,7.142857142857143,17.5,False,train
2016-12-23 23:00:00,West,10,20161223423,False,True,-0.25881904510252157,0.9659258262890681,-0.433883739117558,-0.9009688679024191,-0.5000000000000004,0.8660254037844384,0,0,0,0,1,7.0,6.0,7.148809523809524,17.5,False,train
2016-12-24 00:00:00,West,6,20161224400,False,True,0.0,1.0,-0.9749279121818236,-0.2225209339563146,-0.5000000000000004,0.8660254037844384,1,0,0,0,1,7.0,5.0,7.160714285714286,17.5,False,train
2016-12-24 01:00:00,West,2,20161224401,False,True,0.25881904510252074,0.9659258262890683,-0.9749279121818236,-0.2225209339563146,-0.5000000000000004,0.8660254037844384,1,0,0,0,1,3.0,6.0,7.142857142857143,17.5,False,train
2016-12-24 02:00:00,West,5,20161224402,False,True,0.49999999999999994,0.8660254037844387,-0.9749279121818236,-0.2225209339563146,-0.5000000000000004,0.8660254037844384,1,0,0,0,1,7.0,5.0,7.154761904761905,17.5,False,train
2016-12-24 03:00:00,West,2,20161224403,False,True,0.7071067811865476,0.7071067811865476,-0.9749279121818236,-0.2225209339563146,-0.5000000000000004,0.8660254037844384,1,0,0,0,1,5.0,4.0,7.160714285714286,17.5,False,train
2016-12-24 04:00:00,West,4,20161224404,False,True,0.8660254037844386,0.5000000000000001,-0.9749279121818236,-0.2225209339563146,-0.5000000000000004,0.8660254037844384,1,0,0,0,1,3.0,2.0,7.166666666666667,17.5,False,train
2016-12-24 05:00:00,West,4,20161224405,False,True,0.9659258262890683,0.25881904510252074,-0.9749279121818236,-0.2225209339563146,-0.5000000000000004,0.8660254037844384,1,0,0,0,1,3.0,3.0,7.166666666666667,17.5,False,train
2016-12-24 06:00:00,West,5,20161224406,False,True,1.0,6.123233995736766e-17,-0.9749279121818236,-0.2225209339563146,-0.5000000000000004,0.8660254037844384,1,0,0,0,1,4.0,4.0,7.166666666666667,17.875,False,train
2016-12-24 07:00:00,West,7,20161224407,False,True,0.9659258262890683,-0.25881904510252063,-0.9749279121818236,-0.2225209339563146,-0.5000000000000004,0.8660254037844384,1,0,0,0,1,3.0,2.0,7.1726190476190474,17.5,False,train
2016-12-24 08:00:00,West,2,20161224408,False,True,0.8660254037844387,-0.4999999999999998,-0.9749279121818236,-0.2225209339563146,-0.5000000000000004,0.8660254037844384,1,0,0,0,1,4.0,4.0,7.1726190476190474,17.5,False,train
2016-12-24 09:00:00,West,6,20161224409,False,True,0.7071067811865476,-0.7071067811865475,-0.9749279121818236,-0.2225209339563146,-0.5000000000000004,0.8660254037844384,1,0,0,0,1,5.0,7.0,7.160714285714286,17.5,False,train
2016-12-24 10:00:00,West,6,20161224410,False,True,0.49999999999999994,-0.8660254037844387,-0.9749279121818236,-0.2225209339563146,-0.5000000000000004,0.8660254037844384,1,0,0,0,1,12.0,3.0,7.214285714285714,17.5,False,train
2016-12-24 11:00:00,West,10,20161224411,False,True,0.258819045102521,-0.9659258262890682,-0.9749279121818236,-0.2225209339563146,-0.5000000000000004,0.8660254037844384,1,0,0,0,1,11.0,12.0,7.208333333333333,17.5,False,train
2016-12-24 12:00:00,West,10,20161224412,False,True,1.2246467991473532e-16,-1.0,-0.9749279121818236,-0.2225209339563146,-0.5000000000000004,0.8660254037844384,1,0,0,0,1,13.0,14.0,7.2023809523809526,17.5,False,train
2016-12-24 13:00:00,West,7,20161224413,False,True,-0.2588190451025208,-0.9659258262890683,-0.9749279121818236,-0.2225209339563146,-0.5000000000000004,0.8660254037844384,1,0,0,0,1,9.0,4.0,7.232142857142857,17.5,False,train
2016-12-24 14:00:00,West,7,20161224414,False,True,-0.4999999999999997,-0.8660254037844388,-0.9749279121818236,-0.2225209339563146,-0.5000000000000004,0.8660254037844384,1,0,0,0,1,5.0,13.0,7.184523809523809,17.5,False,train
2016-12-24 15:00:00,West,5,20161224415,False,True,-0.7071067811865471,-0.7071067811865479,-0.9749279121818236,-0.2225209339563146,-0.5000000000000004,0.8660254037844384,1,0,0,0,1,8.0,8.0,7.184523809523809,17.5,False,train
2016-12-24 16:00:00,West,11,20161224416,False,True,-0.8660254037844385,-0.5000000000000004,-0.9749279121818236,-0.2225209339563146,-0.5000000000000004,0.8660254037844384,1,0,0,0,1,11.0,9.0,7.196428571428571,17.5,False,train
2016-12-24 17:00:00,West,10,20161224417,False,True,-0.9659258262890683,-0.25881904510252063,-0.9749279121818236,-0.2225209339563146,-0.5000000000000004,0.8660254037844384,1,0,0,0,1,4.0,7.0,7.178571428571429,17.5,False,train
2016-12-24 18:00:00,West,10,20161224418,False,True,-1.0,-1.8369701987210297e-16,-0.9749279121818236,-0.2225209339563146,-0.5000000000000004,0.8660254037844384,1,0,0,0,1,10.0,10.0,7.178571428571429,17.5,False,train
2016-12-24 19:00:00,West,7,20161224419,False,True,-0.9659258262890684,0.2588190451025203,-0.9749279121818236,-0.2225209339563146,-0.5000000000000004,0.8660254037844384,1,0,0,0,1,15.0,9.0,7.214285714285714,17.5,False,train
2016-12-24 20:00:00,West,6,20161224420,False,True,-0.8660254037844386,0.5000000000000001,-0.9749279121818236,-0.2225209339563146,-0.5000000000000004,0.8660254037844384,1,0,0,0,1,12.0,6.0,7.25,17.5,False,train
2016-12-24 21:00:00,West,4,20161224421,False,True,-0.7071067811865477,0.7071067811865474,-0.9749279121818236,-0.2225209339563146,-0.5000000000000004,0.8660254037844384,1,0,0,0,1,12.0,4.0,7.2976190476190474,17.5,False,train
2016-12-24 22:00:00,West,9,20161224422,False,True,-0.5000000000000004,0.8660254037844384,-0.9749279121818236,-0.2225209339563146,-0.5000000000000004,0.8660254037844384,1,0,0,0,1,9.0,3.0,7.333333333333333,17.5,False,train
2016-12-24 23:00:00,West,4,20161224423,False,True,-0.25881904510252157,0.9659258262890681,-0.9749279121818236,-0.2225209339563146,-0.5000000000000004,0.8660254037844384,1,0,0,0,1,10.0,8.0,7.345238095238095,17.5,False,train
2016-12-25 00:00:00,West,10,20161225400,False,True,0.0,1.0,-0.7818314824680299,0.6234898018587334,-0.5000000000000004,0.8660254037844384,1,0,0,0,1,4.0,7.0,7.3273809523809526,17.5,False,train
2016-12-25 01:00:00,West,2,20161225401,False,True,0.25881904510252074,0.9659258262890683,-0.7818314824680299,0.6234898018587334,-0.5000000000000004,0.8660254037844384,1,0,0,0,1,6.0,6.0,7.3273809523809526,17.5,False,train
2016-12-25 02:00:00,West,4,20161225402,False,True,0.49999999999999994,0.8660254037844387,-0.7818314824680299,0.6234898018587334,-0.5000000000000004,0.8660254037844384,1,0,0,0,1,5.0,4.0,7.333333333333333,17.875,False,train
2016-12-25 03:00:00,West,6,20161225403,False,True,0.7071067811865476,0.7071067811865476,-0.7818314824680299,0.6234898018587334,-0.5000000000000004,0.8660254037844384,1,0,0,0,1,4.0,2.0,7.345238095238095,17.875,False,train
2016-12-25 04:00:00,West,4,20161225404,False,True,0.8660254037844386,0.5000000000000001,-0.7818314824680299,0.6234898018587334,-0.5000000000000004,0.8660254037844384,1,0,0,0,1,5.0,2.0,7.363095238095238,17.5,False,train
2016-12-25 05:00:00,West,3,20161225405,False,True,0.9659258262890683,0.25881904510252074,-0.7818314824680299,0.6234898018587334,-0.5000000000000004,0.8660254037844384,1,0,0,0,1,2.0,5.0,7.345238095238095,17.5,False,train
2016-12-25 06:00:00,West,2,20161225406,False,True,1.0,6.123233995736766e-17,-0.7818314824680299,0.6234898018587334,-0.5000000000000004,0.8660254037844384,1,0,0,0,1,3.0,3.0,7.345238095238095,17.5,False,train
2016-12-25 07:00:00,West,2,20161225407,False,True,0.9659258262890683,-0.25881904510252063,-0.7818314824680299,0.6234898018587334,-0.5000000000000004,0.8660254037844384,1,0,0,0,1,4.0,4.0,7.345238095238095,17.5,False,train
2016-12-25 08:00:00,West,6,20161225408,False,True,0.8660254037844387,-0.4999999999999998,-0.7818314824680299,0.6234898018587334,-0.5000000000000004,0.8660254037844384,1,0,0,0,1,3.0,2.0,7.351190476190476,17.5,False,train
2016-12-25 09:00:00,West,8,20161225409,False,True,0.7071067811865476,-0.7071067811865475,-0.7818314824680299,0.6234898018587334,-0.5000000000000004,0.8660254037844384,1,0,0,0,1,6.0,6.0,7.351190476190476,17.5,False,train
2016-12-25 10:00:00,West,5,20161225410,False,True,0.49999999999999994,-0.8660254037844387,-0.7818314824680299,0.6234898018587334,-0.5000000000000004,0.8660254037844384,1,0,0,0,1,2.0,5.0,7.333333333333333,17.5,False,train
2016-12-25 11:00:00,West,4,20161225411,False,True,0.258819045102521,-0.9659258262890682,-0.7818314824680299,0.6234898018587334,-0.5000000000000004,0.8660254037844384,1,0,0,0,1,10.0,10.0,7.333333333333333,17.5,False,train
2016-12-25 12:00:00,West,1,20161225412,False,True,1.2246467991473532e-16,-1.0,-0.7818314824680299,0.6234898018587334,-0.5000000000000004,0.8660254037844384,1,0,0,0,1,9.0,11.0,7.321428571428571,17.875,False,train
2016-12-25 13:00:00,West,4,20161225413,False,True,-0.2588190451025208,-0.9659258262890683,-0.7818314824680299,0.6234898018587334,-0.5000000000000004,0.8660254037844384,1,0,0,0,1,6.0,6.0,7.321428571428571,19.0,False,train
2016-12-25 14:00:00,West,7,20161225414,False,True,-0.4999999999999997,-0.8660254037844388,-0.7818314824680299,0.6234898018587334,-0.5000000000000004,0.8660254037844384,1,0,0,0,1,5.0,7.0,7.309523809523809,19.0,False,train
2016-12-25 15:00:00,West,13,20161225415,False,True,-0.7071067811865471,-0.7071067811865479,-0.7818314824680299,0.6234898018587334,-0.5000000000000004,0.8660254037844384,1,0,0,0,1,7.0,6.0,7.315476190476191,19.0,False,train
2016-12-25 16:00:00,West,9,20161225416,False,True,-0.8660254037844385,-0.5000000000000004,-0.7818314824680299,0.6234898018587334,-0.5000000000000004,0.8660254037844384,1,0,0,0,1,9.0,3.0,7.351190476190476,19.0,False,train
2016-12-25 17:00:00,West,8,20161225417,False,True,-0.9659258262890683,-0.25881904510252063,-0.7818314824680299,0.6234898018587334,-0.5000000000000004,0.8660254037844384,1,0,0,0,1,9.0,5.0,7.375,19.0,False,train
2016-12-25 18:00:00,West,6,20161225418,False,True,-1.0,-1.8369701987210297e-16,-0.7818314824680299,0.6234898018587334,-0.5000000000000004,0.8660254037844384,1,0,0,0,1,5.0,8.0,7.357142857142857,19.0,False,train
2016-12-25 19:00:00,West,6,20161225419,False,True,-0.9659258262890684,0.2588190451025203,-0.7818314824680299,0.6234898018587334,-0.5000000000000004,0.8660254037844384,1,0,0,0,1,5.0,8.0,7.339285714285714,19.0,False,train
2016-12-25 20:00:00,West,12,20161225420,False,True,-0.8660254037844386,0.5000000000000001,-0.7818314824680299,0.6234898018587334,-0.5000000000000004,0.8660254037844384,1,0,0,0,1,9.0,8.0,7.345238095238095,19.0,False,train
2016-12-25 21:00:00,West,7,20161225421,False,True,-0.7071067811865477,0.7071067811865474,-0.7818314824680299,0.6234898018587334,-0.5000000000000004,0.8660254037844384,1,0,0,0,1,5.0,6.0,7.339285714285714,17.875,False,train
2016-12-25 22:00:00,West,1,20161225422,False,True,-0.5000000000000004,0.8660254037844384,-0.7818314824680299,0.6234898018587334,-0.5000000000000004,0.8660254037844384,1,0,0,0,1,7.0,10.0,7.321428571428571,17.875,False,train
2016-12-25 23:00:00,West,5,20161225423,False,True,-0.25881904510252157,0.9659258262890681,-0.7818314824680299,0.6234898018587334,-0.5000000000000004,0.8660254037844384,1,0,0,0,1,7.0,7.0,7.321428571428571,19.0,False,train
2016-12-26 00:00:00,West,5,20161226400,False,True,0.0,1.0,0.0,1.0,-0.5000000000000004,0.8660254037844384,0,0,0,0,1,8.0,9.0,7.315476190476191,19.0,False,train
2016-12-26 01:00:00,West,5,20161226401,False,True,0.25881904510252074,0.9659258262890683,0.0,1.0,-0.5000000000000004,0.8660254037844384,0,0,0,0,1,8.0,2.0,7.351190476190476,19.0,False,train
2016-12-26 02:00:00,West,6,20161226402,False,True,0.49999999999999994,0.8660254037844387,0.0,1.0,-0.5000000000000004,0.8660254037844384,0,0,0,0,1,2.0,1.0,7.357142857142857,17.875,False,train
2016-12-26 03:00:00,West,4,20161226403,False,True,0.7071067811865476,0.7071067811865476,0.0,1.0,-0.5000000000000004,0.8660254037844384,0,0,0,0,1,1.0,5.0,7.333333333333333,17.875,False,train
2016-12-26 04:00:00,West,4,20161226404,False,True,0.8660254037844386,0.5000000000000001,0.0,1.0,-0.5000000000000004,0.8660254037844384,0,0,0,0,1,3.0,2.0,7.339285714285714,17.875,False,train
2016-12-26 05:00:00,West,6,20161226405,False,True,0.9659258262890683,0.25881904510252074,0.0,1.0,-0.5000000000000004,0.8660254037844384,0,0,0,0,1,7.0,4.0,7.357142857142857,17.875,False,train
2016-12-26 06:00:00,West,3,20161226406,False,True,1.0,6.123233995736766e-17,0.0,1.0,-0.5000000000000004,0.8660254037844384,0,0,0,0,1,8.0,4.0,7.380952380952381,17.5,False,train
2016-12-26 07:00:00,West,8,20161226407,False,True,0.9659258262890683,-0.25881904510252063,0.0,1.0,-0.5000000000000004,0.8660254037844384,0,0,0,0,1,8.0,8.0,7.380952380952381,17.875,False,train
2016-12-26 08:00:00,West,4,20161226408,False,True,0.8660254037844387,-0.4999999999999998,0.0,1.0,-0.5000000000000004,0.8660254037844384,0,0,0,0,1,5.0,6.0,7.375,17.5,False,train
2016-12-26 09:00:00,West,7,20161226409,False,True,0.7071067811865476,-0.7071067811865475,0.0,1.0,-0.5000000000000004,0.8660254037844384,0,0,0,0,1,2.0,7.0,7.345238095238095,17.5,False,train
2016-12-26 10:00:00,West,7,20161226410,False,True,0.49999999999999994,-0.8660254037844387,0.0,1.0,-0.5000000000000004,0.8660254037844384,0,0,0,0,1,1.0,11.0,7.285714285714286,17.5,False,train
2016-12-26 11:00:00,West,10,20161226411,False,True,0.258819045102521,-0.9659258262890682,0.0,1.0,-0.5000000000000004,0.8660254037844384,0,0,0,0,1,7.0,11.0,7.261904761904762,17.5,False,train
2016-12-26 12:00:00,West,12,20161226412,False,True,1.2246467991473532e-16,-1.0,0.0,1.0,-0.5000000000000004,0.8660254037844384,0,0,0,0,1,10.0,9.0,7.267857142857143,17.5,False,train
2016-12-26 13:00:00,West,11,20161226413,False,True,-0.2588190451025208,-0.9659258262890683,0.0,1.0,-0.5000000000000004,0.8660254037844384,0,0,0,0,1,14.0,13.0,7.273809523809524,17.5,False,train
2016-12-26 14:00:00,West,7,20161226414,False,True,-0.4999999999999997,-0.8660254037844388,0.0,1.0,-0.5000000000000004,0.8660254037844384,0,0,0,0,1,13.0,5.0,7.321428571428571,17.5,False,train
2016-12-26 15:00:00,West,5,20161226415,False,True,-0.7071067811865471,-0.7071067811865479,0.0,1.0,-0.5000000000000004,0.8660254037844384,0,0,0,0,1,11.0,11.0,7.321428571428571,17.5,False,train
2016-12-26 16:00:00,West,19,20161226416,True,True,-0.8660254037844385,-0.5000000000000004,0.0,1.0,-0.5000000000000004,0.8660254037844384,0,0,0,0,1,6.0,4.0,7.333333333333333,17.5,True,train
2016-12-26 17:00:00,West,8,20161226417,False,True,-0.9659258262890683,-0.25881904510252063,0.0,1.0,-0.5000000000000004,0.8660254037844384,0,0,0,0,1,6.0,10.0,7.309523809523809,17.5,False,train
2016-12-26 18:00:00,West,11,20161226418,False,True,-1.0,-1.8369701987210297e-16,0.0,1.0,-0.5000000000000004,0.8660254037844384,0,0,0,0,1,10.0,9.0,7.315476190476191,17.5,False,train
2016-12-26 19:00:00,West,3,20161226419,False,True,-0.9659258262890684,0.2588190451025203,0.0,1.0,-0.5000000000000004,0.8660254037844384,0,0,0,0,1,12.0,15.0,7.2976190476190474,17.5,False,train
2016-12-26 20:00:00,West,8,20161226420,False,True,-0.8660254037844386,0.5000000000000001,0.0,1.0,-0.5000000000000004,0.8660254037844384,0,0,0,0,1,11.0,3.0,7.345238095238095,17.5,False,train
2016-12-26 21:00:00,West,8,20161226421,False,True,-0.7071067811865477,0.7071067811865474,0.0,1.0,-0.5000000000000004,0.8660254037844384,0,0,0,0,1,5.0,7.0,7.333333333333333,17.5,False,train
2016-12-26 22:00:00,West,11,20161226422,False,True,-0.5000000000000004,0.8660254037844384,0.0,1.0,-0.5000000000000004,0.8660254037844384,0,0,0,0,1,11.0,12.0,7.3273809523809526,17.5,False,train
2016-12-26 23:00:00,West,1,20161226423,False,True,-0.25881904510252157,0.9659258262890681,0.0,1.0,-0.5000000000000004,0.8660254037844384,0,0,0,0,1,10.0,10.0,7.3273809523809526,17.5,False,train
2016-12-27 00:00:00,West,8,20161227400,False,True,0.0,1.0,0.7818314824680298,0.6234898018587336,-0.5000000000000004,0.8660254037844384,0,0,0,0,1,4.0,8.0,7.303571428571429,17.875,False,train
2016-12-27 01:00:00,West,3,20161227401,False,True,0.25881904510252074,0.9659258262890683,0.7818314824680298,0.6234898018587336,-0.5000000000000004,0.8660254037844384,0,0,0,0,1,4.0,4.0,7.303571428571429,17.875,False,train
2016-12-27 02:00:00,West,6,20161227402,False,True,0.49999999999999994,0.8660254037844387,0.7818314824680298,0.6234898018587336,-0.5000000000000004,0.8660254037844384,0,0,0,0,1,7.0,4.0,7.321428571428571,19.0,False,train
2016-12-27 03:00:00,West,3,20161227403,False,True,0.7071067811865476,0.7071067811865476,0.7818314824680298,0.6234898018587336,-0.5000000000000004,0.8660254037844384,0,0,0,0,1,4.0,7.0,7.303571428571429,19.0,False,train
2016-12-27 04:00:00,West,3,20161227404,False,True,0.8660254037844386,0.5000000000000001,0.7818314824680298,0.6234898018587336,-0.5000000000000004,0.8660254037844384,0,0,0,0,1,7.0,4.0,7.321428571428571,19.0,False,train
2016-12-27 05:00:00,West,4,20161227405,False,True,0.9659258262890683,0.25881904510252074,0.7818314824680298,0.6234898018587336,-0.5000000000000004,0.8660254037844384,0,0,0,0,1,5.0,5.0,7.321428571428571,19.0,False,train
2016-12-27 06:00:00,West,3,20161227406,False,True,1.0,6.123233995736766e-17,0.7818314824680298,0.6234898018587336,-0.5000000000000004,0.8660254037844384,0,0,0,0,1,4.0,4.0,7.321428571428571,19.0,False,train
2016-12-27 07:00:00,West,4,20161227407,False,True,0.9659258262890683,-0.25881904510252063,0.7818314824680298,0.6234898018587336,-0.5000000000000004,0.8660254037844384,0,0,0,0,1,5.0,3.0,7.333333333333333,19.0,False,train
2016-12-27 08:00:00,West,3,20161227408,False,True,0.8660254037844387,-0.4999999999999998,0.7818314824680298,0.6234898018587336,-0.5000000000000004,0.8660254037844384,0,0,0,0,1,6.0,8.0,7.321428571428571,19.0,False,train
2016-12-27 09:00:00,West,2,20161227409,False,True,0.7071067811865476,-0.7071067811865475,0.7818314824680298,0.6234898018587336,-0.5000000000000004,0.8660254037844384,0,0,0,0,1,5.0,8.0,7.303571428571429,19.0,False,train
2016-12-27 10:00:00,West,12,20161227410,False,True,0.49999999999999994,-0.8660254037844387,0.7818314824680298,0.6234898018587336,-0.5000000000000004,0.8660254037844384,0,0,0,0,1,5.0,17.0,7.232142857142857,19.0,False,train
2016-12-27 11:00:00,West,5,20161227411,False,True,0.258819045102521,-0.9659258262890682,0.7818314824680298,0.6234898018587336,-0.5000000000000004,0.8660254037844384,0,0,0,0,1,13.0,6.0,7.273809523809524,19.0,False,train
2016-12-27 12:00:00,West,10,20161227412,False,True,1.2246467991473532e-16,-1.0,0.7818314824680298,0.6234898018587336,-0.5000000000000004,0.8660254037844384,0,0,0,0,1,15.0,15.0,7.273809523809524,19.0,False,train
2016-12-27 13:00:00,West,12,20161227413,False,True,-0.2588190451025208,-0.9659258262890683,0.7818314824680298,0.6234898018587336,-0.5000000000000004,0.8660254037844384,0,0,0,0,1,12.0,5.0,7.315476190476191,19.0,False,train
2016-12-27 14:00:00,West,8,20161227414,False,True,-0.4999999999999997,-0.8660254037844388,0.7818314824680298,0.6234898018587336,-0.5000000000000004,0.8660254037844384,0,0,0,0,1,16.0,11.0,7.345238095238095,19.0,False,train
2016-12-27 15:00:00,West,7,20161227415,False,True,-0.7071067811865471,-0.7071067811865479,0.7818314824680298,0.6234898018587336,-0.5000000000000004,0.8660254037844384,0,0,0,0,1,8.0,14.0,7.309523809523809,19.0,False,train
2016-12-27 16:00:00,West,11,20161227416,False,True,-0.8660254037844385,-0.5000000000000004,0.7818314824680298,0.6234898018587336,-0.5000000000000004,0.8660254037844384,0,0,0,0,1,16.0,2.0,7.392857142857143,19.0,False,train
2016-12-27 17:00:00,West,14,20161227417,False,True,-0.9659258262890683,-0.25881904510252063,0.7818314824680298,0.6234898018587336,-0.5000000000000004,0.8660254037844384,0,0,0,0,1,6.0,9.0,7.375,19.0,False,train
2016-12-27 18:00:00,West,5,20161227418,False,True,-1.0,-1.8369701987210297e-16,0.7818314824680298,0.6234898018587336,-0.5000000000000004,0.8660254037844384,0,0,0,0,1,6.0,7.0,7.369047619047619,19.0,False,train
2016-12-27 19:00:00,West,9,20161227419,False,True,-0.9659258262890684,0.2588190451025203,0.7818314824680298,0.6234898018587336,-0.5000000000000004,0.8660254037844384,0,0,0,0,1,3.0,7.0,7.345238095238095,19.0,False,train
2016-12-27 20:00:00,West,3,20161227420,False,True,-0.8660254037844386,0.5000000000000001,0.7818314824680298,0.6234898018587336,-0.5000000000000004,0.8660254037844384,0,0,0,0,1,8.0,11.0,7.3273809523809526,19.0,False,train
2016-12-27 21:00:00,West,8,20161227421,False,True,-0.7071067811865477,0.7071067811865474,0.7818314824680298,0.6234898018587336,-0.5000000000000004,0.8660254037844384,0,0,0,0,1,7.0,13.0,7.291666666666667,19.0,False,train
2016-12-27 22:00:00,West,10,20161227422,False,True,-0.5000000000000004,0.8660254037844384,0.7818314824680298,0.6234898018587336,-0.5000000000000004,0.8660254037844384,0,0,0,0,1,12.0,9.0,7.309523809523809,19.0,False,train
2016-12-27 23:00:00,West,6,20161227423,False,True,-0.25881904510252157,0.9659258262890681,0.7818314824680298,0.6234898018587336,-0.5000000000000004,0.8660254037844384,0,0,0,0,1,10.0,10.0,7.309523809523809,19.0,False,train
2016-12-28 00:00:00,West,6,20161228400,False,True,0.0,1.0,0.9749279121818236,-0.22252093395631434,-0.5000000000000004,0.8660254037844384,0,0,0,0,1,4.0,8.0,7.285714285714286,19.0,False,train
2016-12-28 01:00:00,West,3,20161228401,False,True,0.25881904510252074,0.9659258262890683,0.9749279121818236,-0.22252093395631434,-0.5000000000000004,0.8660254037844384,0,0,0,0,1,5.0,6.0,7.279761904761905,19.0,False,train
2016-12-28 02:00:00,West,5,20161228402,False,True,0.49999999999999994,0.8660254037844387,0.9749279121818236,-0.22252093395631434,-0.5000000000000004,0.8660254037844384,0,0,0,0,1,4.0,3.0,7.285714285714286,19.0,False,train
2016-12-28 03:00:00,West,6,20161228403,False,True,0.7071067811865476,0.7071067811865476,0.9749279121818236,-0.22252093395631434,-0.5000000000000004,0.8660254037844384,0,0,0,0,1,1.0,7.0,7.25,19.0,False,train
2016-12-28 04:00:00,West,2,20161228404,False,True,0.8660254037844386,0.5000000000000001,0.9749279121818236,-0.22252093395631434,-0.5000000000000004,0.8660254037844384,0,0,0,0,1,2.0,5.0,7.232142857142857,19.0,False,train
2016-12-28 05:00:00,West,3,20161228405,False,True,0.9659258262890683,0.25881904510252074,0.9749279121818236,-0.22252093395631434,-0.5000000000000004,0.8660254037844384,0,0,0,0,1,3.0,5.0,7.220238095238095,19.0,False,train
2016-12-28 06:00:00,West,5,20161228406,False,True,1.0,6.123233995736766e-17,0.9749279121818236,-0.22252093395631434,-0.5000000000000004,0.8660254037844384,0,0,0,0,1,7.0,3.0,7.244047619047619,19.0,False,train
2016-12-28 07:00:00,West,7,20161228407,False,True,0.9659258262890683,-0.25881904510252063,0.9749279121818236,-0.22252093395631434,-0.5000000000000004,0.8660254037844384,0,0,0,0,1,5.0,4.0,7.25,19.0,False,train
2016-12-28 08:00:00,West,2,20161228408,False,True,0.8660254037844387,-0.4999999999999998,0.9749279121818236,-0.22252093395631434,-0.5000000000000004,0.8660254037844384,0,0,0,0,1,7.0,5.0,7.261904761904762,19.0,False,train
2016-12-28 09:00:00,West,6,20161228409,False,True,0.7071067811865476,-0.7071067811865475,0.9749279121818236,-0.22252093395631434,-0.5000000000000004,0.8660254037844384,0,0,0,0,1,3.0,3.0,7.261904761904762,19.0,False,train
2016-12-28 10:00:00,West,9,20161228410,False,True,0.49999999999999994,-0.8660254037844387,0.9749279121818236,-0.22252093395631434,-0.5000000000000004,0.8660254037844384,0,0,0,0,1,12.0,3.0,7.315476190476191,19.0,False,train
2016-12-28 11:00:00,West,9,20161228411,False,True,0.258819045102521,-0.9659258262890682,0.9749279121818236,-0.22252093395631434,-0.5000000000000004,0.8660254037844384,0,0,0,0,1,14.0,7.0,7.357142857142857,19.0,False,train
2016-12-28 12:00:00,West,1,20161228412,False,True,1.2246467991473532e-16,-1.0,0.9749279121818236,-0.22252093395631434,-0.5000000000000004,0.8660254037844384,0,0,0,0,1,2.0,13.0,7.291666666666667,19.0,False,train
2016-12-28 13:00:00,West,11,20161228413,False,True,-0.2588190451025208,-0.9659258262890683,0.9749279121818236,-0.22252093395631434,-0.5000000000000004,0.8660254037844384,0,0,0,0,1,7.0,7.0,7.291666666666667,19.0,False,train
2016-12-28 14:00:00,West,16,20161228414,False,True,-0.4999999999999997,-0.8660254037844388,0.9749279121818236,-0.22252093395631434,-0.5000000000000004,0.8660254037844384,0,0,0,0,1,12.0,6.0,7.3273809523809526,19.0,False,train
2016-12-28 15:00:00,West,10,20161228415,False,True,-0.7071067811865471,-0.7071067811865479,0.9749279121818236,-0.22252093395631434,-0.5000000000000004,0.8660254037844384,0,0,0,0,1,12.0,7.0,7.357142857142857,19.0,False,train
2016-12-28 16:00:00,West,6,20161228416,False,True,-0.8660254037844385,-0.5000000000000004,0.9749279121818236,-0.22252093395631434,-0.5000000000000004,0.8660254037844384,0,0,0,0,1,7.0,8.0,7.351190476190476,19.0,False,train
2016-12-28 17:00:00,West,8,20161228417,False,True,-0.9659258262890683,-0.25881904510252063,0.9749279121818236,-0.22252093395631434,-0.5000000000000004,0.8660254037844384,0,0,0,0,1,8.0,8.0,7.351190476190476,19.0,False,train
2016-12-28 18:00:00,West,15,20161228418,False,True,-1.0,-1.8369701987210297e-16,0.9749279121818236,-0.22252093395631434,-0.5000000000000004,0.8660254037844384,0,0,0,0,1,7.0,17.0,7.291666666666667,19.0,False,train
2016-12-28 19:00:00,West,13,20161228419,False,True,-0.9659258262890684,0.2588190451025203,0.9749279121818236,-0.22252093395631434,-0.5000000000000004,0.8660254037844384,0,0,0,0,1,10.0,13.0,7.273809523809524,19.0,False,train
2016-12-28 20:00:00,West,12,20161228420,False,True,-0.8660254037844386,0.5000000000000001,0.9749279121818236,-0.22252093395631434,-0.5000000000000004,0.8660254037844384,0,0,0,0,1,14.0,13.0,7.279761904761905,19.0,False,train
2016-12-28 21:00:00,West,10,20161228421,False,True,-0.7071067811865477,0.7071067811865474,0.9749279121818236,-0.22252093395631434,-0.5000000000000004,0.8660254037844384,0,0,0,0,1,6.0,13.0,7.238095238095238,19.0,False,train
2016-12-28 22:00:00,West,7,20161228422,False,True,-0.5000000000000004,0.8660254037844384,0.9749279121818236,-0.22252093395631434,-0.5000000000000004,0.8660254037844384,0,0,0,0,1,13.0,6.0,7.279761904761905,19.0,False,train
2016-12-28 23:00:00,West,8,20161228423,False,True,-0.25881904510252157,0.9659258262890681,0.9749279121818236,-0.22252093395631434,-0.5000000000000004,0.8660254037844384,0,0,0,0,1,6.0,4.0,7.291666666666667,19.0,False,train
2016-12-29 00:00:00,West,7,20161229400,False,True,0.0,1.0,0.43388373911755823,-0.900968867902419,-0.5000000000000004,0.8660254037844384,0,0,0,0,1,5.0,4.0,7.2976190476190474,19.0,False,train
2016-12-29 01:00:00,West,8,20161229401,False,True,0.25881904510252074,0.9659258262890683,0.43388373911755823,-0.900968867902419,-0.5000000000000004,0.8660254037844384,0,0,0,0,1,8.0,9.0,7.291666666666667,19.0,False,train
2016-12-29 02:00:00,West,8,20161229402,False,True,0.49999999999999994,0.8660254037844387,0.43388373911755823,-0.900968867902419,-0.5000000000000004,0.8660254037844384,0,0,0,0,1,7.0,4.0,7.309523809523809,19.0,False,train
2016-12-29 03:00:00,West,7,20161229403,False,True,0.7071067811865476,0.7071067811865476,0.43388373911755823,-0.900968867902419,-0.5000000000000004,0.8660254037844384,0,0,0,0,1,6.0,2.0,7.333333333333333,19.0,False,train
2016-12-29 04:00:00,West,2,20161229404,False,True,0.8660254037844386,0.5000000000000001,0.43388373911755823,-0.900968867902419,-0.5000000000000004,0.8660254037844384,0,0,0,0,1,2.0,3.0,7.3273809523809526,19.0,False,train
2016-12-29 05:00:00,West,5,20161229405,False,True,0.9659258262890683,0.25881904510252074,0.43388373911755823,-0.900968867902419,-0.5000000000000004,0.8660254037844384,0,0,0,0,1,4.0,4.0,7.3273809523809526,19.0,False,train
2016-12-29 06:00:00,West,6,20161229406,False,True,1.0,6.123233995736766e-17,0.43388373911755823,-0.900968867902419,-0.5000000000000004,0.8660254037844384,0,0,0,0,1,6.0,5.0,7.333333333333333,19.0,False,train
2016-12-29 07:00:00,West,6,20161229407,False,True,0.9659258262890683,-0.25881904510252063,0.43388373911755823,-0.900968867902419,-0.5000000000000004,0.8660254037844384,0,0,0,0,1,5.0,5.0,7.333333333333333,19.0,False,train
2016-12-29 08:00:00,West,4,20161229408,False,True,0.8660254037844387,-0.4999999999999998,0.43388373911755823,-0.900968867902419,-0.5000000000000004,0.8660254037844384,0,0,0,0,1,3.0,4.0,7.3273809523809526,19.0,False,train
2016-12-29 09:00:00,West,15,20161229409,False,True,0.7071067811865476,-0.7071067811865475,0.43388373911755823,-0.900968867902419,-0.5000000000000004,0.8660254037844384,0,0,0,0,1,8.0,9.0,7.321428571428571,19.0,False,train
2016-12-29 10:00:00,West,4,20161229410,False,True,0.49999999999999994,-0.8660254037844387,0.43388373911755823,-0.900968867902419,-0.5000000000000004,0.8660254037844384,0,0,0,0,1,6.0,6.0,7.321428571428571,19.0,False,train
2016-12-29 11:00:00,West,6,20161229411,False,True,0.258819045102521,-0.9659258262890682,0.43388373911755823,-0.900968867902419,-0.5000000000000004,0.8660254037844384,0,0,0,0,1,17.0,9.0,7.369047619047619,19.0,False,train
2016-12-29 12:00:00,West,12,20161229412,False,True,1.2246467991473532e-16,-1.0,0.43388373911755823,-0.900968867902419,-0.5000000000000004,0.8660254037844384,0,0,0,0,1,18.0,14.0,7.392857142857143,19.0,False,train
2016-12-29 13:00:00,West,18,20161229413,True,True,-0.2588190451025208,-0.9659258262890683,0.43388373911755823,-0.900968867902419,-0.5000000000000004,0.8660254037844384,0,0,0,0,1,12.0,7.0,7.4226190476190474,19.0,False,train
2016-12-29 14:00:00,West,7,20161229414,False,True,-0.4999999999999997,-0.8660254037844388,0.43388373911755823,-0.900968867902419,-0.5000000000000004,0.8660254037844384,0,0,0,0,1,16.0,8.0,7.470238095238095,19.0,False,train
2016-12-29 15:00:00,West,9,20161229415,False,True,-0.7071067811865471,-0.7071067811865479,0.43388373911755823,-0.900968867902419,-0.5000000000000004,0.8660254037844384,0,0,0,0,1,11.0,13.0,7.458333333333333,19.0,False,train
2016-12-29 16:00:00,West,14,20161229416,False,True,-0.8660254037844385,-0.5000000000000004,0.43388373911755823,-0.900968867902419,-0.5000000000000004,0.8660254037844384,0,0,0,0,1,13.0,6.0,7.5,19.0,False,train
2016-12-29 17:00:00,West,10,20161229417,False,True,-0.9659258262890683,-0.25881904510252063,0.43388373911755823,-0.900968867902419,-0.5000000000000004,0.8660254037844384,0,0,0,0,1,16.0,8.0,7.5476190476190474,19.0,False,train
2016-12-29 18:00:00,West,8,20161229418,False,True,-1.0,-1.8369701987210297e-16,0.43388373911755823,-0.900968867902419,-0.5000000000000004,0.8660254037844384,0,0,0,0,1,10.0,11.0,7.541666666666667,19.0,False,train
2016-12-29 19:00:00,West,12,20161229419,False,True,-0.9659258262890684,0.2588190451025203,0.43388373911755823,-0.900968867902419,-0.5000000000000004,0.8660254037844384,0,0,0,0,1,9.0,18.0,7.488095238095238,19.0,False,train
2016-12-29 20:00:00,West,11,20161229420,False,True,-0.8660254037844386,0.5000000000000001,0.43388373911755823,-0.900968867902419,-0.5000000000000004,0.8660254037844384,0,0,0,0,1,3.0,12.0,7.434523809523809,19.0,False,train
2016-12-29 21:00:00,West,13,20161229421,False,True,-0.7071067811865477,0.7071067811865474,0.43388373911755823,-0.900968867902419,-0.5000000000000004,0.8660254037844384,0,0,0,0,1,9.0,11.0,7.4226190476190474,19.0,False,train
2016-12-29 22:00:00,West,15,20161229422,False,True,-0.5000000000000004,0.8660254037844384,0.43388373911755823,-0.900968867902419,-0.5000000000000004,0.8660254037844384,0,0,0,0,1,13.0,12.0,7.428571428571429,19.0,False,train
2016-12-29 23:00:00,West,10,20161229423,False,True,-0.25881904510252157,0.9659258262890681,0.43388373911755823,-0.900968867902419,-0.5000000000000004,0.8660254037844384,0,0,0,0,1,13.0,5.0,7.476190476190476,19.0,False,train
2016-12-30 00:00:00,West,8,20161230400,False,True,0.0,1.0,-0.433883739117558,-0.9009688679024191,-0.5000000000000004,0.8660254037844384,0,0,0,0,1,8.0,7.0,7.482142857142857,19.0,False,train
2016-12-30 01:00:00,West,6,20161230401,False,True,0.25881904510252074,0.9659258262890683,-0.433883739117558,-0.9009688679024191,-0.5000000000000004,0.8660254037844384,0,0,0,0,1,4.0,6.0,7.470238095238095,19.0,False,train
2016-12-30 02:00:00,West,6,20161230402,False,True,0.49999999999999994,0.8660254037844387,-0.433883739117558,-0.9009688679024191,-0.5000000000000004,0.8660254037844384,0,0,0,0,1,1.0,6.0,7.440476190476191,19.0,False,train
2016-12-30 03:00:00,West,4,20161230403,False,True,0.7071067811865476,0.7071067811865476,-0.433883739117558,-0.9009688679024191,-0.5000000000000004,0.8660254037844384,0,0,0,0,1,3.0,5.0,7.428571428571429,19.0,False,train
2016-12-30 04:00:00,West,4,20161230404,False,True,0.8660254037844386,0.5000000000000001,-0.433883739117558,-0.9009688679024191,-0.5000000000000004,0.8660254037844384,0,0,0,0,1,3.0,4.0,7.4226190476190474,19.0,False,train
2016-12-30 05:00:00,West,6,20161230405,False,True,0.9659258262890683,0.25881904510252074,-0.433883739117558,-0.9009688679024191,-0.5000000000000004,0.8660254037844384,0,0,0,0,1,3.0,3.0,7.4226190476190474,19.0,False,train
2016-12-30 06:00:00,West,7,20161230406,False,True,1.0,6.123233995736766e-17,-0.433883739117558,-0.9009688679024191,-0.5000000000000004,0.8660254037844384,0,0,0,0,1,5.0,4.0,7.428571428571429,19.0,False,train
2016-12-30 07:00:00,West,2,20161230407,False,True,0.9659258262890683,-0.25881904510252063,-0.433883739117558,-0.9009688679024191,-0.5000000000000004,0.8660254037844384,0,0,0,0,1,8.0,2.0,7.464285714285714,19.0,False,train
2016-12-30 08:00:00,West,5,20161230408,False,True,0.8660254037844387,-0.4999999999999998,-0.433883739117558,-0.9009688679024191,-0.5000000000000004,0.8660254037844384,0,0,0,0,1,6.0,5.0,7.470238095238095,19.0,False,train
2016-12-30 09:00:00,West,5,20161230409,False,True,0.7071067811865476,-0.7071067811865475,-0.433883739117558,-0.9009688679024191,-0.5000000000000004,0.8660254037844384,0,0,0,0,1,6.0,10.0,7.446428571428571,19.0,False,train
2016-12-30 10:00:00,West,7,20161230410,False,True,0.49999999999999994,-0.8660254037844387,-0.433883739117558,-0.9009688679024191,-0.5000000000000004,0.8660254037844384,0,0,0,0,1,7.0,9.0,7.434523809523809,19.0,False,train
2016-12-30 11:00:00,West,11,20161230411,False,True,0.258819045102521,-0.9659258262890682,-0.433883739117558,-0.9009688679024191,-0.5000000000000004,0.8660254037844384,0,0,0,0,1,10.0,9.0,7.440476190476191,19.0,False,train
2016-12-30 12:00:00,West,13,20161230412,False,True,1.2246467991473532e-16,-1.0,-0.433883739117558,-0.9009688679024191,-0.5000000000000004,0.8660254037844384,0,0,0,0,1,7.0,18.0,7.375,19.0,False,train
2016-12-30 13:00:00,West,8,20161230413,False,True,-0.2588190451025208,-0.9659258262890683,-0.433883739117558,-0.9009688679024191,-0.5000000000000004,0.8660254037844384,0,0,0,0,1,9.0,4.0,7.404761904761905,19.0,False,train
2016-12-30 14:00:00,West,2,20161230414,False,True,-0.4999999999999997,-0.8660254037844388,-0.433883739117558,-0.9009688679024191,-0.5000000000000004,0.8660254037844384,0,0,0,0,1,11.0,5.0,7.440476190476191,19.0,False,train
2016-12-30 15:00:00,West,6,20161230415,False,True,-0.7071067811865471,-0.7071067811865479,-0.433883739117558,-0.9009688679024191,-0.5000000000000004,0.8660254037844384,0,0,0,0,1,10.0,16.0,7.404761904761905,19.0,False,train
2016-12-30 16:00:00,West,12,20161230416,False,True,-0.8660254037844385,-0.5000000000000004,-0.433883739117558,-0.9009688679024191,-0.5000000000000004,0.8660254037844384,0,0,0,0,1,11.0,9.0,7.416666666666667,19.0,False,train
2016-12-30 17:00:00,West,1,20161230417,False,True,-0.9659258262890683,-0.25881904510252063,-0.433883739117558,-0.9009688679024191,-0.5000000000000004,0.8660254037844384,0,0,0,0,1,11.0,8.0,7.434523809523809,19.0,False,train
2016-12-30 18:00:00,West,13,20161230418,False,True,-1.0,-1.8369701987210297e-16,-0.433883739117558,-0.9009688679024191,-0.5000000000000004,0.8660254037844384,0,0,0,0,1,2.0,4.0,7.4226190476190474,19.0,False,train
2016-12-30 19:00:00,West,11,20161230419,False,True,-0.9659258262890684,0.2588190451025203,-0.433883739117558,-0.9009688679024191,-0.5000000000000004,0.8660254037844384,0,0,0,0,1,11.0,11.0,7.4226190476190474,19.0,False,train
2016-12-30 20:00:00,West,14,20161230420,False,True,-0.8660254037844386,0.5000000000000001,-0.433883739117558,-0.9009688679024191,-0.5000000000000004,0.8660254037844384,0,0,0,0,1,7.0,11.0,7.398809523809524,19.0,False,train
2016-12-30 21:00:00,West,8,20161230421,False,True,-0.7071067811865477,0.7071067811865474,-0.433883739117558,-0.9009688679024191,-0.5000000000000004,0.8660254037844384,0,0,0,0,1,5.0,5.0,7.398809523809524,19.0,False,train
2016-12-30 22:00:00,West,2,20161230422,False,True,-0.5000000000000004,0.8660254037844384,-0.433883739117558,-0.9009688679024191,-0.5000000000000004,0.8660254037844384,0,0,0,0,1,5.0,8.0,7.380952380952381,19.0,False,train
2016-12-30 23:00:00,West,10,20161230423,False,True,-0.25881904510252157,0.9659258262890681,-0.433883739117558,-0.9009688679024191,-0.5000000000000004,0.8660254037844384,0,0,0,0,1,10.0,7.0,7.398809523809524,19.0,False,train
2016-12-31 00:00:00,West,9,20161231400,False,True,0.0,1.0,-0.9749279121818236,-0.2225209339563146,-0.5000000000000004,0.8660254037844384,1,0,0,0,1,6.0,7.0,7.392857142857143,19.0,False,train
2016-12-31 01:00:00,West,7,20161231401,False,True,0.25881904510252074,0.9659258262890683,-0.9749279121818236,-0.2225209339563146,-0.5000000000000004,0.8660254037844384,1,0,0,0,1,2.0,3.0,7.386904761904762,19.0,False,train
2016-12-31 02:00:00,West,3,20161231402,False,True,0.49999999999999994,0.8660254037844387,-0.9749279121818236,-0.2225209339563146,-0.5000000000000004,0.8660254037844384,1,0,0,0,1,5.0,7.0,7.375,19.0,False,train
2016-12-31 03:00:00,West,4,20161231403,False,True,0.7071067811865476,0.7071067811865476,-0.9749279121818236,-0.2225209339563146,-0.5000000000000004,0.8660254037844384,1,0,0,0,1,2.0,5.0,7.357142857142857,19.0,False,train
2016-12-31 04:00:00,West,3,20161231404,False,True,0.8660254037844386,0.5000000000000001,-0.9749279121818236,-0.2225209339563146,-0.5000000000000004,0.8660254037844384,1,0,0,0,1,4.0,3.0,7.363095238095238,19.0,False,train
2016-12-31 05:00:00,West,2,20161231405,False,True,0.9659258262890683,0.25881904510252074,-0.9749279121818236,-0.2225209339563146,-0.5000000000000004,0.8660254037844384,1,0,0,0,1,4.0,3.0,7.369047619047619,19.0,False,train
2016-12-31 06:00:00,West,5,20161231406,False,True,1.0,6.123233995736766e-17,-0.9749279121818236,-0.2225209339563146,-0.5000000000000004,0.8660254037844384,1,0,0,0,1,5.0,4.0,7.375,19.0,False,train
2016-12-31 07:00:00,West,2,20161231407,False,True,0.9659258262890683,-0.25881904510252063,-0.9749279121818236,-0.2225209339563146,-0.5000000000000004,0.8660254037844384,1,0,0,0,1,7.0,3.0,7.398809523809524,19.0,False,train
2016-12-31 08:00:00,West,3,20161231408,False,True,0.8660254037844387,-0.4999999999999998,-0.9749279121818236,-0.2225209339563146,-0.5000000000000004,0.8660254037844384,1,0,0,0,1,2.0,4.0,7.386904761904762,19.0,False,train
2016-12-31 09:00:00,West,3,20161231409,False,True,0.7071067811865476,-0.7071067811865475,-0.9749279121818236,-0.2225209339563146,-0.5000000000000004,0.8660254037844384,1,0,0,0,1,6.0,5.0,7.392857142857143,19.0,False,train
2016-12-31 10:00:00,West,3,20161231410,False,True,0.49999999999999994,-0.8660254037844387,-0.9749279121818236,-0.2225209339563146,-0.5000000000000004,0.8660254037844384,1,0,0,0,1,6.0,12.0,7.357142857142857,19.0,False,train
2016-12-31 11:00:00,West,9,20161231411,False,True,0.258819045102521,-0.9659258262890682,-0.9749279121818236,-0.2225209339563146,-0.5000000000000004,0.8660254037844384,1,0,0,0,1,10.0,11.0,7.351190476190476,19.0,False,train
2016-12-31 12:00:00,West,14,20161231412,False,True,1.2246467991473532e-16,-1.0,-0.9749279121818236,-0.2225209339563146,-0.5000000000000004,0.8660254037844384,1,0,0,0,1,10.0,13.0,7.333333333333333,19.0,False,train
2016-12-31 13:00:00,West,7,20161231413,False,True,-0.2588190451025208,-0.9659258262890683,-0.9749279121818236,-0.2225209339563146,-0.5000000000000004,0.8660254037844384,1,0,0,0,1,7.0,9.0,7.321428571428571,19.0,False,train
2016-12-31 14:00:00,West,3,20161231414,False,True,-0.4999999999999997,-0.8660254037844388,-0.9749279121818236,-0.2225209339563146,-0.5000000000000004,0.8660254037844384,1,0,0,0,1,7.0,5.0,7.333333333333333,19.0,False,train
2016-12-31 15:00:00,West,11,20161231415,False,True,-0.7071067811865471,-0.7071067811865479,-0.9749279121818236,-0.2225209339563146,-0.5000000000000004,0.8660254037844384,1,0,0,0,1,5.0,8.0,7.315476190476191,19.0,False,train
2016-12-31 16:00:00,West,14,20161231416,False,True,-0.8660254037844385,-0.5000000000000004,-0.9749279121818236,-0.2225209339563146,-0.5000000000000004,0.8660254037844384,1,0,0,0,1,11.0,11.0,7.315476190476191,19.0,False,train
2016-12-31 17:00:00,West,6,20161231417,False,True,-0.9659258262890683,-0.25881904510252063,-0.9749279121818236,-0.2225209339563146,-0.5000000000000004,0.8660254037844384,1,0,0,0,1,10.0,4.0,7.351190476190476,19.0,False,train
2016-12-31 18:00:00,West,6,20161231418,False,True,-1.0,-1.8369701987210297e-16,-0.9749279121818236,-0.2225209339563146,-0.5000000000000004,0.8660254037844384,1,0,0,0,1,10.0,10.0,7.351190476190476,19.0,False,train
2016-12-31 19:00:00,West,10,20161231419,False,True,-0.9659258262890684,0.2588190451025203,-0.9749279121818236,-0.2225209339563146,-0.5000000000000004,0.8660254037844384,1,0,0,0,1,7.0,15.0,7.303571428571429,19.0,False,train
2016-12-31 20:00:00,West,13,20161231420,False,True,-0.8660254037844386,0.5000000000000001,-0.9749279121818236,-0.2225209339563146,-0.5000000000000004,0.8660254037844384,1,0,0,0,1,6.0,12.0,7.267857142857143,19.0,False,train
2016-12-31 21:00:00,West,6,20161231421,False,True,-0.7071067811865477,0.7071067811865474,-0.9749279121818236,-0.2225209339563146,-0.5000000000000004,0.8660254037844384,1,0,0,0,1,4.0,12.0,7.220238095238095,19.0,False,train
2016-12-31 22:00:00,West,4,20161231422,False,True,-0.5000000000000004,0.8660254037844384,-0.9749279121818236,-0.2225209339563146,-0.5000000000000004,0.8660254037844384,1,0,0,0,1,9.0,9.0,7.220238095238095,19.0,False,train
2016-12-31 23:00:00,West,9,20161231423,False,True,-0.25881904510252157,0.9659258262890681,-0.9749279121818236,-0.2225209339563146,-0.5000000000000004,0.8660254037844384,1,0,0,0,1,4.0,10.0,7.184523809523809,19.0,False,train
2017-01-01 00:00:00,West,3,20170101004,False,False,0.0,1.0,-0.7818314824680299,0.6234898018587334,0.0,1.0,1,0,0,0,1,10.0,4.0,7.220238095238095,19.0,False,test
2017-01-01 01:00:00,West,1,20170101014,False,False,0.25881904510252074,0.9659258262890683,-0.7818314824680299,0.6234898018587334,0.0,1.0,1,0,0,0,1,2.0,6.0,7.196428571428571,19.0,False,test
2017-01-01 02:00:00,West,4,20170101024,False,False,0.49999999999999994,0.8660254037844387,-0.7818314824680299,0.6234898018587334,0.0,1.0,1,0,0,0,1,4.0,5.0,7.190476190476191,19.0,False,test
2017-01-01 03:00:00,West,4,20170101034,False,False,0.7071067811865476,0.7071067811865476,-0.7818314824680299,0.6234898018587334,0.0,1.0,1,0,0,0,1,6.0,4.0,7.2023809523809526,19.0,False,test
2017-01-01 04:00:00,West,2,20170101044,False,False,0.8660254037844386,0.5000000000000001,-0.7818314824680299,0.6234898018587334,0.0,1.0,1,0,0,0,1,4.0,5.0,7.196428571428571,19.0,False,test
2017-01-01 05:00:00,West,1,20170101054,False,False,0.9659258262890683,0.25881904510252074,-0.7818314824680299,0.6234898018587334,0.0,1.0,1,0,0,0,1,3.0,2.0,7.2023809523809526,19.0,False,test
2017-01-01 06:00:00,West,1,20170101064,False,False,1.0,6.123233995736766e-17,-0.7818314824680299,0.6234898018587334,0.0,1.0,1,0,0,0,1,2.0,3.0,7.196428571428571,19.0,False,test
2017-01-01 07:00:00,West,4,20170101074,False,False,0.9659258262890683,-0.25881904510252063,-0.7818314824680299,0.6234898018587334,0.0,1.0,1,0,0,0,1,2.0,4.0,7.184523809523809,19.0,False,test
2017-01-01 08:00:00,West,4,20170101084,False,False,0.8660254037844387,-0.4999999999999998,-0.7818314824680299,0.6234898018587334,0.0,1.0,1,0,0,0,1,6.0,3.0,7.2023809523809526,19.0,False,test
2017-01-01 09:00:00,West,2,20170101094,False,False,0.7071067811865476,-0.7071067811865475,-0.7818314824680299,0.6234898018587334,0.0,1.0,1,0,0,0,1,8.0,6.0,7.214285714285714,19.0,False,test
2017-01-01 10:00:00,West,2,20170101104,False,False,0.49999999999999994,-0.8660254037844387,-0.7818314824680299,0.6234898018587334,0.0,1.0,1,0,0,0,1,5.0,2.0,7.232142857142857,19.0,False,test
2017-01-01 11:00:00,West,5,20170101114,False,False,0.258819045102521,-0.9659258262890682,-0.7818314824680299,0.6234898018587334,0.0,1.0,1,0,0,0,1,4.0,10.0,7.196428571428571,19.0,False,test
2017-01-01 12:00:00,West,4,20170101124,False,False,1.2246467991473532e-16,-1.0,-0.7818314824680299,0.6234898018587334,0.0,1.0,1,0,0,0,1,1.0,9.0,7.148809523809524,19.0,False,test
2017-01-01 13:00:00,West,6,20170101134,False,False,-0.2588190451025208,-0.9659258262890683,-0.7818314824680299,0.6234898018587334,0.0,1.0,1,0,0,0,1,4.0,6.0,7.136904761904762,19.0,False,test
2017-01-01 14:00:00,West,4,20170101144,False,False,-0.4999999999999997,-0.8660254037844388,-0.7818314824680299,0.6234898018587334,0.0,1.0,1,0,0,0,1,7.0,5.0,7.148809523809524,19.0,False,test
2017-01-01 15:00:00,West,3,20170101154,False,False,-0.7071067811865471,-0.7071067811865479,-0.7818314824680299,0.6234898018587334,0.0,1.0,1,0,0,0,1,13.0,7.0,7.184523809523809,19.0,False,test
2017-01-01 16:00:00,West,6,20170101164,False,False,-0.8660254037844385,-0.5000000000000004,-0.7818314824680299,0.6234898018587334,0.0,1.0,1,0,0,0,1,9.0,9.0,7.184523809523809,19.0,False,test
2017-01-01 17:00:00,West,6,20170101174,False,False,-0.9659258262890683,-0.25881904510252063,-0.7818314824680299,0.6234898018587334,0.0,1.0,1,0,0,0,1,8.0,9.0,7.178571428571429,19.0,False,test
2017-01-01 18:00:00,West,2,20170101184,False,False,-1.0,-1.8369701987210297e-16,-0.7818314824680299,0.6234898018587334,0.0,1.0,1,0,0,0,1,6.0,5.0,7.184523809523809,19.0,False,test
2017-01-01 19:00:00,West,3,20170101194,False,False,-0.9659258262890684,0.2588190451025203,-0.7818314824680299,0.6234898018587334,0.0,1.0,1,0,0,0,1,6.0,5.0,7.190476190476191,19.0,False,test
2017-01-01 20:00:00,West,8,20170101204,False,False,-0.8660254037844386,0.5000000000000001,-0.7818314824680299,0.6234898018587334,0.0,1.0,1,0,0,0,1,12.0,9.0,7.208333333333333,19.0,False,test
2017-01-01 21:00:00,West,6,20170101214,False,False,-0.7071067811865477,0.7071067811865474,-0.7818314824680299,0.6234898018587334,0.0,1.0,1,0,0,0,1,7.0,5.0,7.220238095238095,19.0,False,test
2017-01-01 22:00:00,West,4,20170101224,False,False,-0.5000000000000004,0.8660254037844384,-0.7818314824680299,0.6234898018587334,0.0,1.0,1,0,0,0,1,1.0,7.0,7.184523809523809,19.0,False,test
2017-01-01 23:00:00,West,8,20170101234,False,False,-0.25881904510252157,0.9659258262890681,-0.7818314824680299,0.6234898018587334,0.0,1.0,1,0,0,0,1,5.0,7.0,7.1726190476190474,19.0,False,test
2017-01-02 00:00:00,West,7,20170102004,False,False,0.0,1.0,0.0,1.0,0.0,1.0,0,0,0,0,1,5.0,8.0,7.154761904761905,19.0,False,test
2017-01-02 01:00:00,West,5,20170102014,False,False,0.25881904510252074,0.9659258262890683,0.0,1.0,0.0,1.0,0,0,0,0,1,5.0,8.0,7.136904761904762,19.0,False,test
2017-01-02 02:00:00,West,3,20170102024,False,False,0.49999999999999994,0.8660254037844387,0.0,1.0,0.0,1.0,0,0,0,0,1,6.0,2.0,7.160714285714286,19.0,False,test
2017-01-02 03:00:00,West,5,20170102034,False,False,0.7071067811865476,0.7071067811865476,0.0,1.0,0.0,1.0,0,0,0,0,1,4.0,1.0,7.178571428571429,19.0,False,test
2017-01-02 04:00:00,West,2,20170102044,False,False,0.8660254037844386,0.5000000000000001,0.0,1.0,0.0,1.0,0,0,0,0,1,4.0,3.0,7.184523809523809,19.0,False,test
2017-01-02 05:00:00,West,5,20170102054,False,False,0.9659258262890683,0.25881904510252074,0.0,1.0,0.0,1.0,0,0,0,0,1,6.0,7.0,7.178571428571429,19.0,False,test
2017-01-02 06:00:00,West,4,20170102064,False,False,1.0,6.123233995736766e-17,0.0,1.0,0.0,1.0,0,0,0,0,1,3.0,8.0,7.148809523809524,19.0,False,test
2017-01-02 07:00:00,West,3,20170102074,False,False,0.9659258262890683,-0.25881904510252063,0.0,1.0,0.0,1.0,0,0,0,0,1,8.0,8.0,7.148809523809524,19.0,False,test
2017-01-02 08:00:00,West,3,20170102084,False,False,0.8660254037844387,-0.4999999999999998,0.0,1.0,0.0,1.0,0,0,0,0,1,4.0,5.0,7.142857142857143,19.0,False,test
2017-01-02 09:00:00,West,5,20170102094,False,False,0.7071067811865476,-0.7071067811865475,0.0,1.0,0.0,1.0,0,0,0,0,1,7.0,2.0,7.1726190476190474,19.0,False,test
2017-01-02 10:00:00,West,10,20170102104,False,False,0.49999999999999994,-0.8660254037844387,0.0,1.0,0.0,1.0,0,0,0,0,1,7.0,1.0,7.208333333333333,19.0,False,test
2017-01-02 11:00:00,West,8,20170102114,False,False,0.258819045102521,-0.9659258262890682,0.0,1.0,0.0,1.0,0,0,0,0,1,10.0,7.0,7.226190476190476,19.0,False,test
2017-01-02 12:00:00,West,8,20170102124,False,False,1.2246467991473532e-16,-1.0,0.0,1.0,0.0,1.0,0,0,0,0,1,12.0,10.0,7.238095238095238,19.0,False,test
2017-01-02 13:00:00,West,6,20170102134,False,False,-0.2588190451025208,-0.9659258262890683,0.0,1.0,0.0,1.0,0,0,0,0,1,11.0,14.0,7.220238095238095,19.0,False,test
2017-01-02 14:00:00,West,10,20170102144,False,False,-0.4999999999999997,-0.8660254037844388,0.0,1.0,0.0,1.0,0,0,0,0,1,7.0,13.0,7.184523809523809,19.0,False,test
2017-01-02 15:00:00,West,13,20170102154,False,False,-0.7071067811865471,-0.7071067811865479,0.0,1.0,0.0,1.0,0,0,0,0,1,5.0,11.0,7.148809523809524,19.0,False,test
2017-01-02 16:00:00,West,14,20170102164,False,False,-0.8660254037844385,-0.5000000000000004,0.0,1.0,0.0,1.0,0,0,0,0,1,19.0,6.0,7.226190476190476,19.0,False,test
2017-01-02 17:00:00,West,10,20170102174,False,False,-0.9659258262890683,-0.25881904510252063,0.0,1.0,0.0,1.0,0,0,0,0,1,8.0,6.0,7.238095238095238,19.0,False,test
2017-01-02 18:00:00,West,7,20170102184,False,False,-1.0,-1.8369701987210297e-16,0.0,1.0,0.0,1.0,0,0,0,0,1,11.0,10.0,7.244047619047619,19.0,False,test
2017-01-02 19:00:00,West,10,20170102194,False,False,-0.9659258262890684,0.2588190451025203,0.0,1.0,0.0,1.0,0,0,0,0,1,3.0,12.0,7.190476190476191,19.0,False,test
2017-01-02 20:00:00,West,7,20170102204,False,False,-0.8660254037844386,0.5000000000000001,0.0,1.0,0.0,1.0,0,0,0,0,1,8.0,11.0,7.1726190476190474,19.0,False,test
2017-01-02 21:00:00,West,7,20170102214,False,False,-0.7071067811865477,0.7071067811865474,0.0,1.0,0.0,1.0,0,0,0,0,1,8.0,5.0,7.190476190476191,19.0,False,test
2017-01-02 22:00:00,West,17,20170102224,False,False,-0.5000000000000004,0.8660254037844384,0.0,1.0,0.0,1.0,0,0,0,0,1,11.0,11.0,7.190476190476191,19.0,False,test
2017-01-02 23:00:00,West,13,20170102234,False,False,-0.25881904510252157,0.9659258262890681,0.0,1.0,0.0,1.0,0,0,0,0,1,1.0,10.0,7.136904761904762,19.0,False,test
2017-01-03 00:00:00,West,9,20170103004,False,False,0.0,1.0,0.7818314824680298,0.6234898018587336,0.0,1.0,0,0,0,0,1,8.0,4.0,7.160714285714286,19.0,False,test
2017-01-03 01:00:00,West,5,20170103014,False,False,0.25881904510252074,0.9659258262890683,0.7818314824680298,0.6234898018587336,0.0,1.0,0,0,0,0,1,3.0,4.0,7.154761904761905,19.0,False,test
2017-01-03 02:00:00,West,6,20170103024,False,False,0.49999999999999994,0.8660254037844387,0.7818314824680298,0.6234898018587336,0.0,1.0,0,0,0,0,1,6.0,7.0,7.148809523809524,19.0,False,test
2017-01-03 03:00:00,West,8,20170103034,False,False,0.7071067811865476,0.7071067811865476,0.7818314824680298,0.6234898018587336,0.0,1.0,0,0,0,0,1,3.0,4.0,7.142857142857143,19.0,False,test
2017-01-03 04:00:00,West,4,20170103044,False,False,0.8660254037844386,0.5000000000000001,0.7818314824680298,0.6234898018587336,0.0,1.0,0,0,0,0,1,3.0,7.0,7.119047619047619,19.0,False,test
2017-01-03 05:00:00,West,3,20170103054,False,False,0.9659258262890683,0.25881904510252074,0.7818314824680298,0.6234898018587336,0.0,1.0,0,0,0,0,1,4.0,5.0,7.113095238095238,19.0,False,test
2017-01-03 06:00:00,West,5,20170103064,False,False,1.0,6.123233995736766e-17,0.7818314824680298,0.6234898018587336,0.0,1.0,0,0,0,0,1,3.0,4.0,7.107142857142857,19.0,False,test
2017-01-03 07:00:00,West,3,20170103074,False,False,0.9659258262890683,-0.25881904510252063,0.7818314824680298,0.6234898018587336,0.0,1.0,0,0,0,0,1,4.0,5.0,7.101190476190476,19.0,False,test
2017-01-03 08:00:00,West,8,20170103084,False,False,0.8660254037844387,-0.4999999999999998,0.7818314824680298,0.6234898018587336,0.0,1.0,0,0,0,0,1,3.0,6.0,7.083333333333333,19.0,False,test
2017-01-03 09:00:00,West,7,20170103094,False,False,0.7071067811865476,-0.7071067811865475,0.7818314824680298,0.6234898018587336,0.0,1.0,0,0,0,0,1,2.0,5.0,7.065476190476191,19.0,False,test
2017-01-03 10:00:00,West,10,20170103104,False,False,0.49999999999999994,-0.8660254037844387,0.7818314824680298,0.6234898018587336,0.0,1.0,0,0,0,0,1,12.0,5.0,7.107142857142857,19.0,False,test
2017-01-03 11:00:00,West,11,20170103114,False,False,0.258819045102521,-0.9659258262890682,0.7818314824680298,0.6234898018587336,0.0,1.0,0,0,0,0,1,5.0,13.0,7.059523809523809,19.0,False,test
2017-01-03 12:00:00,West,16,20170103124,False,False,1.2246467991473532e-16,-1.0,0.7818314824680298,0.6234898018587336,0.0,1.0,0,0,0,0,1,10.0,15.0,7.029761904761905,19.0,False,test
2017-01-03 13:00:00,West,13,20170103134,False,False,-0.2588190451025208,-0.9659258262890683,0.7818314824680298,0.6234898018587336,0.0,1.0,0,0,0,0,1,12.0,12.0,7.029761904761905,19.0,False,test
2017-01-03 14:00:00,West,12,20170103144,False,False,-0.4999999999999997,-0.8660254037844388,0.7818314824680298,0.6234898018587336,0.0,1.0,0,0,0,0,1,8.0,16.0,6.982142857142857,19.0,False,test
2017-01-03 15:00:00,West,16,20170103154,False,False,-0.7071067811865471,-0.7071067811865479,0.7818314824680298,0.6234898018587336,0.0,1.0,0,0,0,0,1,7.0,8.0,6.976190476190476,19.0,False,test
2017-01-03 16:00:00,West,11,20170103164,False,False,-0.8660254037844385,-0.5000000000000004,0.7818314824680298,0.6234898018587336,0.0,1.0,0,0,0,0,1,11.0,16.0,6.946428571428571,19.0,False,test
2017-01-03 17:00:00,West,12,20170103174,False,False,-0.9659258262890683,-0.25881904510252063,0.7818314824680298,0.6234898018587336,0.0,1.0,0,0,0,0,1,14.0,6.0,6.994047619047619,19.0,False,test
2017-01-03 18:00:00,West,15,20170103184,False,False,-1.0,-1.8369701987210297e-16,0.7818314824680298,0.6234898018587336,0.0,1.0,0,0,0,0,1,5.0,6.0,6.988095238095238,19.0,False,test
2017-01-03 19:00:00,West,15,20170103194,False,False,-0.9659258262890684,0.2588190451025203,0.7818314824680298,0.6234898018587336,0.0,1.0,0,0,0,0,1,9.0,3.0,7.023809523809524,19.0,False,test
2017-01-03 20:00:00,West,10,20170103204,False,False,-0.8660254037844386,0.5000000000000001,0.7818314824680298,0.6234898018587336,0.0,1.0,0,0,0,0,1,3.0,8.0,6.994047619047619,19.0,False,test
2017-01-03 21:00:00,West,10,20170103214,False,False,-0.7071067811865477,0.7071067811865474,0.7818314824680298,0.6234898018587336,0.0,1.0,0,0,0,0,1,8.0,7.0,7.0,19.0,False,test
2017-01-03 22:00:00,West,11,20170103224,False,False,-0.5000000000000004,0.8660254037844384,0.7818314824680298,0.6234898018587336,0.0,1.0,0,0,0,0,1,10.0,12.0,6.988095238095238,19.0,False,test
2017-01-03 23:00:00,West,9,20170103234,False,False,-0.25881904510252157,0.9659258262890681,0.7818314824680298,0.6234898018587336,0.0,1.0,0,0,0,0,1,6.0,10.0,6.964285714285714,19.0,False,test
2017-01-04 00:00:00,West,11,20170104004,False,False,0.0,1.0,0.9749279121818236,-0.22252093395631434,0.0,1.0,0,0,0,0,1,6.0,4.0,6.976190476190476,19.0,False,test
2017-01-04 01:00:00,West,6,20170104014,False,False,0.25881904510252074,0.9659258262890683,0.9749279121818236,-0.22252093395631434,0.0,1.0,0,0,0,0,1,3.0,5.0,6.964285714285714,19.0,False,test
2017-01-04 02:00:00,West,8,20170104024,False,False,0.49999999999999994,0.8660254037844387,0.9749279121818236,-0.22252093395631434,0.0,1.0,0,0,0,0,1,5.0,4.0,6.970238095238095,19.0,False,test
2017-01-04 03:00:00,West,2,20170104034,False,False,0.7071067811865476,0.7071067811865476,0.9749279121818236,-0.22252093395631434,0.0,1.0,0,0,0,0,1,6.0,1.0,7.0,19.0,False,test
2017-01-04 04:00:00,West,2,20170104044,False,False,0.8660254037844386,0.5000000000000001,0.9749279121818236,-0.22252093395631434,0.0,1.0,0,0,0,0,1,2.0,2.0,7.0,19.0,False,test
2017-01-04 05:00:00,West,3,20170104054,False,False,0.9659258262890683,0.25881904510252074,0.9749279121818236,-0.22252093395631434,0.0,1.0,0,0,0,0,1,3.0,3.0,7.0,19.0,False,test
2017-01-04 06:00:00,West,2,20170104064,False,False,1.0,6.123233995736766e-17,0.9749279121818236,-0.22252093395631434,0.0,1.0,0,0,0,0,1,5.0,7.0,6.988095238095238,19.0,False,test
2017-01-04 07:00:00,West,2,20170104074,False,False,0.9659258262890683,-0.25881904510252063,0.9749279121818236,-0.22252093395631434,0.0,1.0,0,0,0,0,1,7.0,5.0,7.0,19.0,False,test
2017-01-04 08:00:00,West,6,20170104084,False,False,0.8660254037844387,-0.4999999999999998,0.9749279121818236,-0.22252093395631434,0.0,1.0,0,0,0,0,1,2.0,7.0,6.970238095238095,19.0,False,test
2017-01-04 09:00:00,West,4,20170104094,False,False,0.7071067811865476,-0.7071067811865475,0.9749279121818236,-0.22252093395631434,0.0,1.0,0,0,0,0,1,6.0,3.0,6.988095238095238,19.0,False,test
2017-01-04 10:00:00,West,8,20170104104,False,False,0.49999999999999994,-0.8660254037844387,0.9749279121818236,-0.22252093395631434,0.0,1.0,0,0,0,0,1,9.0,12.0,6.970238095238095,19.0,False,test
2017-01-04 11:00:00,West,9,20170104114,False,False,0.258819045102521,-0.9659258262890682,0.9749279121818236,-0.22252093395631434,0.0,1.0,0,0,0,0,1,9.0,14.0,6.940476190476191,19.0,False,test
2017-01-04 12:00:00,West,8,20170104124,False,False,1.2246467991473532e-16,-1.0,0.9749279121818236,-0.22252093395631434,0.0,1.0,0,0,0,0,1,1.0,2.0,6.934523809523809,19.0,False,test
2017-01-04 13:00:00,West,11,20170104134,False,False,-0.2588190451025208,-0.9659258262890683,0.9749279121818236,-0.22252093395631434,0.0,1.0,0,0,0,0,1,11.0,7.0,6.958333333333333,19.0,False,test
2017-01-04 14:00:00,West,8,20170104144,False,False,-0.4999999999999997,-0.8660254037844388,0.9749279121818236,-0.22252093395631434,0.0,1.0,0,0,0,0,1,16.0,12.0,6.982142857142857,19.0,False,test
2017-01-04 15:00:00,West,9,20170104154,False,False,-0.7071067811865471,-0.7071067811865479,0.9749279121818236,-0.22252093395631434,0.0,1.0,0,0,0,0,1,10.0,12.0,6.970238095238095,19.0,False,test
2017-01-04 16:00:00,West,11,20170104164,False,False,-0.8660254037844385,-0.5000000000000004,0.9749279121818236,-0.22252093395631434,0.0,1.0,0,0,0,0,1,6.0,7.0,6.964285714285714,19.0,False,test
2017-01-04 17:00:00,West,12,20170104174,False,False,-0.9659258262890683,-0.25881904510252063,0.9749279121818236,-0.22252093395631434,0.0,1.0,0,0,0,0,1,8.0,8.0,6.964285714285714,19.0,False,test
2017-01-04 18:00:00,West,9,20170104184,False,False,-1.0,-1.8369701987210297e-16,0.9749279121818236,-0.22252093395631434,0.0,1.0,0,0,0,0,1,15.0,7.0,7.011904761904762,19.0,False,test
2017-01-04 19:00:00,West,7,20170104194,False,False,-0.9659258262890684,0.2588190451025203,0.9749279121818236,-0.22252093395631434,0.0,1.0,0,0,0,0,1,13.0,10.0,7.029761904761905,19.0,False,test
2017-01-04 20:00:00,West,11,20170104204,False,False,-0.8660254037844386,0.5000000000000001,0.9749279121818236,-0.22252093395631434,0.0,1.0,0,0,0,0,1,12.0,14.0,7.017857142857143,19.0,False,test
2017-01-04 21:00:00,West,17,20170104214,False,False,-0.7071067811865477,0.7071067811865474,0.9749279121818236,-0.22252093395631434,0.0,1.0,0,0,0,0,1,10.0,6.0,7.041666666666667,19.0,False,test
2017-01-04 22:00:00,West,14,20170104224,False,False,-0.5000000000000004,0.8660254037844384,0.9749279121818236,-0.22252093395631434,0.0,1.0,0,0,0,0,1,7.0,13.0,7.005952380952381,19.0,False,test
2017-01-04 23:00:00,West,12,20170104234,False,False,-0.25881904510252157,0.9659258262890681,0.9749279121818236,-0.22252093395631434,0.0,1.0,0,0,0,0,1,8.0,6.0,7.017857142857143,19.0,False,test
2017-01-05 00:00:00,West,15,20170105004,False,False,0.0,1.0,0.43388373911755823,-0.900968867902419,0.0,1.0,0,0,0,0,1,7.0,5.0,7.029761904761905,19.0,False,test
2017-01-05 01:00:00,West,12,20170105014,False,False,0.25881904510252074,0.9659258262890683,0.43388373911755823,-0.900968867902419,0.0,1.0,0,0,0,0,1,8.0,8.0,7.029761904761905,19.0,False,test
2017-01-05 02:00:00,West,8,20170105024,False,False,0.49999999999999994,0.8660254037844387,0.43388373911755823,-0.900968867902419,0.0,1.0,0,0,0,0,1,8.0,7.0,7.035714285714286,19.0,False,test
2017-01-05 03:00:00,West,6,20170105034,False,False,0.7071067811865476,0.7071067811865476,0.43388373911755823,-0.900968867902419,0.0,1.0,0,0,0,0,1,7.0,6.0,7.041666666666667,19.0,False,test
2017-01-05 04:00:00,West,1,20170105044,False,False,0.8660254037844386,0.5000000000000001,0.43388373911755823,-0.900968867902419,0.0,1.0,0,0,0,0,1,2.0,2.0,7.041666666666667,19.0,False,test
2017-01-05 05:00:00,West,6,20170105054,False,False,0.9659258262890683,0.25881904510252074,0.43388373911755823,-0.900968867902419,0.0,1.0,0,0,0,0,1,5.0,4.0,7.0476190476190474,19.0,False,test
2017-01-05 06:00:00,West,7,20170105064,False,False,1.0,6.123233995736766e-17,0.43388373911755823,-0.900968867902419,0.0,1.0,0,0,0,0,1,6.0,6.0,7.0476190476190474,19.0,False,test
2017-01-05 07:00:00,West,3,20170105074,False,False,0.9659258262890683,-0.25881904510252063,0.43388373911755823,-0.900968867902419,0.0,1.0,0,0,0,0,1,6.0,5.0,7.053571428571429,19.0,False,test
2017-01-05 08:00:00,West,9,20170105084,False,False,0.8660254037844387,-0.4999999999999998,0.43388373911755823,-0.900968867902419,0.0,1.0,0,0,0,0,1,4.0,3.0,7.059523809523809,19.0,False,test
2017-01-05 09:00:00,West,7,20170105094,False,False,0.7071067811865476,-0.7071067811865475,0.43388373911755823,-0.900968867902419,0.0,1.0,0,0,0,0,1,15.0,8.0,7.101190476190476,19.0,False,test
2017-01-05 10:00:00,West,14,20170105104,False,False,0.49999999999999994,-0.8660254037844387,0.43388373911755823,-0.900968867902419,0.0,1.0,0,0,0,0,1,4.0,6.0,7.089285714285714,19.0,False,test
2017-01-05 11:00:00,West,14,20170105114,False,False,0.258819045102521,-0.9659258262890682,0.43388373911755823,-0.900968867902419,0.0,1.0,0,0,0,0,1,6.0,17.0,7.023809523809524,19.0,False,test
2017-01-05 12:00:00,West,13,20170105124,False,False,1.2246467991473532e-16,-1.0,0.43388373911755823,-0.900968867902419,0.0,1.0,0,0,0,0,1,12.0,18.0,6.988095238095238,19.0,False,test
2017-01-05 13:00:00,West,15,20170105134,False,False,-0.2588190451025208,-0.9659258262890683,0.43388373911755823,-0.900968867902419,0.0,1.0,0,0,0,0,1,18.0,12.0,7.023809523809524,19.0,False,test
2017-01-05 14:00:00,West,13,20170105144,False,False,-0.4999999999999997,-0.8660254037844388,0.43388373911755823,-0.900968867902419,0.0,1.0,0,0,0,0,1,7.0,16.0,6.970238095238095,19.0,False,test
2017-01-05 15:00:00,West,10,20170105154,False,False,-0.7071067811865471,-0.7071067811865479,0.43388373911755823,-0.900968867902419,0.0,1.0,0,0,0,0,1,9.0,11.0,6.958333333333333,19.0,False,test
2017-01-05 16:00:00,West,11,20170105164,False,False,-0.8660254037844385,-0.5000000000000004,0.43388373911755823,-0.900968867902419,0.0,1.0,0,0,0,0,1,14.0,13.0,6.964285714285714,19.0,False,test
2017-01-05 17:00:00,West,7,20170105174,False,False,-0.9659258262890683,-0.25881904510252063,0.43388373911755823,-0.900968867902419,0.0,1.0,0,0,0,0,1,10.0,16.0,6.928571428571429,19.0,False,test
2017-01-05 18:00:00,West,9,20170105184,False,False,-1.0,-1.8369701987210297e-16,0.43388373911755823,-0.900968867902419,0.0,1.0,0,0,0,0,1,8.0,10.0,6.916666666666667,19.0,False,test
2017-01-05 19:00:00,West,12,20170105194,False,False,-0.9659258262890684,0.2588190451025203,0.43388373911755823,-0.900968867902419,0.0,1.0,0,0,0,0,1,12.0,9.0,6.934523809523809,19.0,False,test
2017-01-05 20:00:00,West,10,20170105204,False,False,-0.8660254037844386,0.5000000000000001,0.43388373911755823,-0.900968867902419,0.0,1.0,0,0,0,0,1,11.0,3.0,6.982142857142857,19.0,False,test
2017-01-05 21:00:00,West,10,20170105214,False,False,-0.7071067811865477,0.7071067811865474,0.43388373911755823,-0.900968867902419,0.0,1.0,0,0,0,0,1,13.0,9.0,7.005952380952381,19.0,False,test
2017-01-05 22:00:00,West,11,20170105224,False,False,-0.5000000000000004,0.8660254037844384,0.43388373911755823,-0.900968867902419,0.0,1.0,0,0,0,0,1,15.0,13.0,7.017857142857143,19.0,False,test
2017-01-05 23:00:00,West,11,20170105234,False,False,-0.25881904510252157,0.9659258262890681,0.43388373911755823,-0.900968867902419,0.0,1.0,0,0,0,0,1,10.0,13.0,7.0,19.0,False,test
2017-01-06 00:00:00,West,6,20170106004,False,False,0.0,1.0,-0.433883739117558,-0.9009688679024191,0.0,1.0,0,0,0,0,1,8.0,8.0,7.0,19.0,False,test
2017-01-06 01:00:00,West,6,20170106014,False,False,0.25881904510252074,0.9659258262890683,-0.433883739117558,-0.9009688679024191,0.0,1.0,0,0,0,0,1,6.0,4.0,7.011904761904762,19.0,False,test
2017-01-06 02:00:00,West,2,20170106024,False,False,0.49999999999999994,0.8660254037844387,-0.433883739117558,-0.9009688679024191,0.0,1.0,0,0,0,0,1,6.0,1.0,7.041666666666667,19.0,False,test
2017-01-06 03:00:00,West,7,20170106034,False,False,0.7071067811865476,0.7071067811865476,-0.433883739117558,-0.9009688679024191,0.0,1.0,0,0,0,0,1,4.0,3.0,7.0476190476190474,19.0,False,test
2017-01-06 04:00:00,West,7,20170106044,False,False,0.8660254037844386,0.5000000000000001,-0.433883739117558,-0.9009688679024191,0.0,1.0,0,0,0,0,1,4.0,3.0,7.053571428571429,19.0,False,test
2017-01-06 05:00:00,West,3,20170106054,False,False,0.9659258262890683,0.25881904510252074,-0.433883739117558,-0.9009688679024191,0.0,1.0,0,0,0,0,1,6.0,3.0,7.071428571428571,19.0,False,test
2017-01-06 06:00:00,West,3,20170106064,False,False,1.0,6.123233995736766e-17,-0.433883739117558,-0.9009688679024191,0.0,1.0,0,0,0,0,1,7.0,5.0,7.083333333333333,19.0,False,test
2017-01-06 07:00:00,West,2,20170106074,False,False,0.9659258262890683,-0.25881904510252063,-0.433883739117558,-0.9009688679024191,0.0,1.0,0,0,0,0,1,2.0,8.0,7.0476190476190474,19.0,False,test
2017-01-06 08:00:00,West,6,20170106084,False,False,0.8660254037844387,-0.4999999999999998,-0.433883739117558,-0.9009688679024191,0.0,1.0,0,0,0,0,1,5.0,6.0,7.041666666666667,19.0,False,test
2017-01-06 09:00:00,West,5,20170106094,False,False,0.7071067811865476,-0.7071067811865475,-0.433883739117558,-0.9009688679024191,0.0,1.0,0,0,0,0,1,5.0,6.0,7.035714285714286,19.0,False,test
2017-01-06 10:00:00,West,8,20170106104,False,False,0.49999999999999994,-0.8660254037844387,-0.433883739117558,-0.9009688679024191,0.0,1.0,0,0,0,0,1,7.0,7.0,7.035714285714286,19.0,False,test
2017-01-06 11:00:00,West,5,20170106114,False,False,0.258819045102521,-0.9659258262890682,-0.433883739117558,-0.9009688679024191,0.0,1.0,0,0,0,0,1,11.0,10.0,7.041666666666667,19.0,False,test
2017-01-06 12:00:00,West,10,20170106124,False,False,1.2246467991473532e-16,-1.0,-0.433883739117558,-0.9009688679024191,0.0,1.0,0,0,0,0,1,13.0,7.0,7.0773809523809526,19.0,False,test
2017-01-06 13:00:00,West,15,20170106134,False,False,-0.2588190451025208,-0.9659258262890683,-0.433883739117558,-0.9009688679024191,0.0,1.0,0,0,0,0,1,8.0,9.0,7.071428571428571,19.0,False,test
2017-01-06 14:00:00,West,12,20170106144,False,False,-0.4999999999999997,-0.8660254037844388,-0.433883739117558,-0.9009688679024191,0.0,1.0,0,0,0,0,1,2.0,11.0,7.017857142857143,19.0,False,test
2017-01-06 15:00:00,West,12,20170106154,False,False,-0.7071067811865471,-0.7071067811865479,-0.433883739117558,-0.9009688679024191,0.0,1.0,0,0,0,0,1,6.0,10.0,6.994047619047619,19.0,False,test
2017-01-06 16:00:00,West,13,20170106164,False,False,-0.8660254037844385,-0.5000000000000004,-0.433883739117558,-0.9009688679024191,0.0,1.0,0,0,0,0,1,12.0,11.0,7.0,19.0,False,test
2017-01-06 17:00:00,West,7,20170106174,False,False,-0.9659258262890683,-0.25881904510252063,-0.433883739117558,-0.9009688679024191,0.0,1.0,0,0,0,0,1,1.0,11.0,6.940476190476191,19.0,False,test
2017-01-06 18:00:00,West,12,20170106184,False,False,-1.0,-1.8369701987210297e-16,-0.433883739117558,-0.9009688679024191,0.0,1.0,0,0,0,0,1,13.0,2.0,7.005952380952381,19.0,False,test
2017-01-06 19:00:00,West,9,20170106194,False,False,-0.9659258262890684,0.2588190451025203,-0.433883739117558,-0.9009688679024191,0.0,1.0,0,0,0,0,1,11.0,11.0,7.005952380952381,19.0,False,test
2017-01-06 20:00:00,West,10,20170106204,False,False,-0.8660254037844386,0.5000000000000001,-0.433883739117558,-0.9009688679024191,0.0,1.0,0,0,0,0,1,14.0,7.0,7.0476190476190474,19.0,False,test
2017-01-06 21:00:00,West,5,20170106214,False,False,-0.7071067811865477,0.7071067811865474,-0.433883739117558,-0.9009688679024191,0.0,1.0,0,0,0,0,1,8.0,5.0,7.065476190476191,19.0,False,test
2017-01-06 22:00:00,West,13,20170106224,False,False,-0.5000000000000004,0.8660254037844384,-0.433883739117558,-0.9009688679024191,0.0,1.0,0,0,0,0,1,2.0,5.0,7.0476190476190474,19.0,False,test
2017-01-06 23:00:00,West,7,20170106234,False,False,-0.25881904510252157,0.9659258262890681,-0.433883739117558,-0.9009688679024191,0.0,1.0,0,0,0,0,1,10.0,10.0,7.0476190476190474,19.0,False,test
2017-01-07 00:00:00,West,11,20170107004,False,False,0.0,1.0,-0.9749279121818236,-0.2225209339563146,0.0,1.0,1,0,0,0,1,9.0,6.0,7.065476190476191,19.0,False,test
2017-01-07 01:00:00,West,4,20170107014,False,False,0.25881904510252074,0.9659258262890683,-0.9749279121818236,-0.2225209339563146,0.0,1.0,1,0,0,0,1,7.0,2.0,7.095238095238095,19.0,False,test
2017-01-07 02:00:00,West,4,20170107024,False,False,0.49999999999999994,0.8660254037844387,-0.9749279121818236,-0.2225209339563146,0.0,1.0,1,0,0,0,1,3.0,5.0,7.083333333333333,19.0,False,test
2017-01-07 03:00:00,West,4,20170107034,False,False,0.7071067811865476,0.7071067811865476,-0.9749279121818236,-0.2225209339563146,0.0,1.0,1,0,0,0,1,4.0,2.0,7.095238095238095,19.0,False,test
2017-01-07 04:00:00,West,3,20170107044,False,False,0.8660254037844386,0.5000000000000001,-0.9749279121818236,-0.2225209339563146,0.0,1.0,1,0,0,0,1,3.0,4.0,7.089285714285714,19.0,False,test
2017-01-07 05:00:00,West,3,20170107054,False,False,0.9659258262890683,0.25881904510252074,-0.9749279121818236,-0.2225209339563146,0.0,1.0,1,0,0,0,1,2.0,4.0,7.0773809523809526,19.0,False,test
2017-01-07 06:00:00,West,5,20170107064,False,False,1.0,6.123233995736766e-17,-0.9749279121818236,-0.2225209339563146,0.0,1.0,1,0,0,0,1,5.0,5.0,7.0773809523809526,19.0,False,test
2017-01-07 07:00:00,West,5,20170107074,False,False,0.9659258262890683,-0.25881904510252063,-0.9749279121818236,-0.2225209339563146,0.0,1.0,1,0,0,0,1,2.0,7.0,7.0476190476190474,19.0,False,test
2017-01-07 08:00:00,West,4,20170107084,False,False,0.8660254037844387,-0.4999999999999998,-0.9749279121818236,-0.2225209339563146,0.0,1.0,1,0,0,0,1,3.0,2.0,7.053571428571429,19.0,False,test
2017-01-07 09:00:00,West,6,20170107094,False,False,0.7071067811865476,-0.7071067811865475,-0.9749279121818236,-0.2225209339563146,0.0,1.0,1,0,0,0,1,3.0,6.0,7.035714285714286,19.0,False,test
2017-01-07 10:00:00,West,7,20170107104,False,False,0.49999999999999994,-0.8660254037844387,-0.9749279121818236,-0.2225209339563146,0.0,1.0,1,0,0,0,1,3.0,6.0,7.017857142857143,19.0,False,test
2017-01-07 11:00:00,West,7,20170107114,False,False,0.258819045102521,-0.9659258262890682,-0.9749279121818236,-0.2225209339563146,0.0,1.0,1,0,0,0,1,9.0,10.0,7.011904761904762,19.0,False,test
2017-01-07 12:00:00,West,8,20170107124,False,False,1.2246467991473532e-16,-1.0,-0.9749279121818236,-0.2225209339563146,0.0,1.0,1,0,0,0,1,14.0,10.0,7.035714285714286,19.0,False,test
2017-01-07 13:00:00,West,8,20170107134,False,False,-0.2588190451025208,-0.9659258262890683,-0.9749279121818236,-0.2225209339563146,0.0,1.0,1,0,0,0,1,7.0,7.0,7.035714285714286,19.0,False,test
2017-01-07 14:00:00,West,8,20170107144,False,False,-0.4999999999999997,-0.8660254037844388,-0.9749279121818236,-0.2225209339563146,0.0,1.0,1,0,0,0,1,3.0,7.0,7.011904761904762,19.0,False,test
2017-01-07 15:00:00,West,7,20170107154,False,False,-0.7071067811865471,-0.7071067811865479,-0.9749279121818236,-0.2225209339563146,0.0,1.0,1,0,0,0,1,11.0,5.0,7.0476190476190474,19.0,False,test
2017-01-07 16:00:00,West,5,20170107164,False,False,-0.8660254037844385,-0.5000000000000004,-0.9749279121818236,-0.2225209339563146,0.0,1.0,1,0,0,0,1,14.0,11.0,7.065476190476191,19.0,False,test
2017-01-07 17:00:00,West,11,20170107174,False,False,-0.9659258262890683,-0.25881904510252063,-0.9749279121818236,-0.2225209339563146,0.0,1.0,1,0,0,0,1,6.0,10.0,7.041666666666667,19.0,False,test
2017-01-07 18:00:00,West,10,20170107184,False,False,-1.0,-1.8369701987210297e-16,-0.9749279121818236,-0.2225209339563146,0.0,1.0,1,0,0,0,1,6.0,10.0,7.017857142857143,19.0,False,test
2017-01-07 19:00:00,West,14,20170107194,False,False,-0.9659258262890684,0.2588190451025203,-0.9749279121818236,-0.2225209339563146,0.0,1.0,1,0,0,0,1,10.0,7.0,7.035714285714286,19.0,False,test
2017-01-07 20:00:00,West,12,20170107204,False,False,-0.8660254037844386,0.5000000000000001,-0.9749279121818236,-0.2225209339563146,0.0,1.0,1,0,0,0,1,13.0,6.0,7.0773809523809526,19.0,False,test
2017-01-07 21:00:00,West,15,20170107214,False,False,-0.7071067811865477,0.7071067811865474,-0.9749279121818236,-0.2225209339563146,0.0,1.0,1,0,0,0,1,6.0,4.0,7.089285714285714,19.0,False,test
2017-01-07 22:00:00,West,11,20170107224,False,False,-0.5000000000000004,0.8660254037844384,-0.9749279121818236,-0.2225209339563146,0.0,1.0,1,0,0,0,1,4.0,9.0,7.059523809523809,19.0,False,test
2017-01-07 23:00:00,West,11,20170107234,False,False,-0.25881904510252157,0.9659258262890681,-0.9749279121818236,-0.2225209339563146,0.0,1.0,1,0,0,0,1,9.0,4.0,7.089285714285714,19.0,False,test
2017-01-08 00:00:00,West,8,20170108004,False,False,0.0,1.0,-0.7818314824680299,0.6234898018587334,0.0,1.0,1,0,0,0,1,3.0,10.0,7.0476190476190474,19.0,False,test
2017-01-08 01:00:00,West,8,20170108014,False,False,0.25881904510252074,0.9659258262890683,-0.7818314824680299,0.6234898018587334,0.0,1.0,1,0,0,0,1,1.0,2.0,7.041666666666667,19.0,False,test
2017-01-08 02:00:00,West,4,20170108024,False,False,0.49999999999999994,0.8660254037844387,-0.7818314824680299,0.6234898018587334,0.0,1.0,1,0,0,0,1,4.0,4.0,7.041666666666667,19.0,False,test
2017-01-08 03:00:00,West,4,20170108034,False,False,0.7071067811865476,0.7071067811865476,-0.7818314824680299,0.6234898018587334,0.0,1.0,1,0,0,0,1,4.0,6.0,7.029761904761905,19.0,False,test
2017-01-08 04:00:00,West,2,20170108044,False,False,0.8660254037844386,0.5000000000000001,-0.7818314824680299,0.6234898018587334,0.0,1.0,1,0,0,0,1,2.0,4.0,7.017857142857143,19.0,False,test
2017-01-08 05:00:00,West,3,20170108054,False,False,0.9659258262890683,0.25881904510252074,-0.7818314824680299,0.6234898018587334,0.0,1.0,1,0,0,0,1,1.0,3.0,7.005952380952381,19.0,False,test
2017-01-08 06:00:00,West,4,20170108064,False,False,1.0,6.123233995736766e-17,-0.7818314824680299,0.6234898018587334,0.0,1.0,1,0,0,0,1,1.0,2.0,7.0,19.0,False,test
2017-01-08 07:00:00,West,3,20170108074,False,False,0.9659258262890683,-0.25881904510252063,-0.7818314824680299,0.6234898018587334,0.0,1.0,1,0,0,0,1,4.0,2.0,7.011904761904762,19.0,False,test
2017-01-08 08:00:00,West,6,20170108084,False,False,0.8660254037844387,-0.4999999999999998,-0.7818314824680299,0.6234898018587334,0.0,1.0,1,0,0,0,1,4.0,6.0,7.0,19.0,False,test
2017-01-08 09:00:00,West,6,20170108094,False,False,0.7071067811865476,-0.7071067811865475,-0.7818314824680299,0.6234898018587334,0.0,1.0,1,0,0,0,1,2.0,8.0,6.964285714285714,19.0,False,test
2017-01-08 10:00:00,West,4,20170108104,False,False,0.49999999999999994,-0.8660254037844387,-0.7818314824680299,0.6234898018587334,0.0,1.0,1,0,0,0,1,2.0,5.0,6.946428571428571,19.0,False,test
2017-01-08 11:00:00,West,6,20170108114,False,False,0.258819045102521,-0.9659258262890682,-0.7818314824680299,0.6234898018587334,0.0,1.0,1,0,0,0,1,5.0,4.0,6.9523809523809526,19.0,False,test
2017-01-08 12:00:00,West,9,20170108124,False,False,1.2246467991473532e-16,-1.0,-0.7818314824680299,0.6234898018587334,0.0,1.0,1,0,0,0,1,4.0,1.0,6.970238095238095,19.0,False,test
2017-01-08 13:00:00,West,9,20170108134,False,False,-0.2588190451025208,-0.9659258262890683,-0.7818314824680299,0.6234898018587334,0.0,1.0,1,0,0,0,1,6.0,4.0,6.982142857142857,19.0,False,test
2017-01-08 14:00:00,West,7,20170108144,False,False,-0.4999999999999997,-0.8660254037844388,-0.7818314824680299,0.6234898018587334,0.0,1.0,1,0,0,0,1,4.0,7.0,6.964285714285714,19.0,False,test
2017-01-08 15:00:00,West,10,20170108154,False,False,-0.7071067811865471,-0.7071067811865479,-0.7818314824680299,0.6234898018587334,0.0,1.0,1,0,0,0,1,3.0,13.0,6.904761904761905,19.0,False,test
2017-01-08 16:00:00,West,9,20170108164,False,False,-0.8660254037844385,-0.5000000000000004,-0.7818314824680299,0.6234898018587334,0.0,1.0,1,0,0,0,1,6.0,9.0,6.886904761904762,19.0,False,test
2017-01-08 17:00:00,West,7,20170108174,False,False,-0.9659258262890683,-0.25881904510252063,-0.7818314824680299,0.6234898018587334,0.0,1.0,1,0,0,0,1,6.0,8.0,6.875,19.0,False,test
2017-01-08 18:00:00,West,7,20170108184,False,False,-1.0,-1.8369701987210297e-16,-0.7818314824680299,0.6234898018587334,0.0,1.0,1,0,0,0,1,2.0,6.0,6.851190476190476,19.0,False,test
2017-01-08 19:00:00,West,8,20170108194,False,False,-0.9659258262890684,0.2588190451025203,-0.7818314824680299,0.6234898018587334,0.0,1.0,1,0,0,0,1,3.0,6.0,6.833333333333333,19.0,False,test
2017-01-08 20:00:00,West,9,20170108204,False,False,-0.8660254037844386,0.5000000000000001,-0.7818314824680299,0.6234898018587334,0.0,1.0,1,0,0,0,1,8.0,12.0,6.809523809523809,19.0,False,test
2017-01-08 21:00:00,West,7,20170108214,False,False,-0.7071067811865477,0.7071067811865474,-0.7818314824680299,0.6234898018587334,0.0,1.0,1,0,0,0,1,6.0,7.0,6.803571428571429,19.0,False,test
2017-01-08 22:00:00,West,9,20170108224,False,False,-0.5000000000000004,0.8660254037844384,-0.7818314824680299,0.6234898018587334,0.0,1.0,1,0,0,0,1,4.0,1.0,6.821428571428571,19.0,False,test
2017-01-08 23:00:00,West,9,20170108234,False,False,-0.25881904510252157,0.9659258262890681,-0.7818314824680299,0.6234898018587334,0.0,1.0,1,0,0,0,1,8.0,5.0,6.839285714285714,19.0,False,test
